ISO-10303-21;
HEADER;
FILE_DESCRIPTION(('Open CASCADE Model'),'2;1');
FILE_NAME('Open CASCADE Shape Model','2026-08-15T04:28:28',('Author'),(
    'Open CASCADE'),'Open CASCADE STEP processor 7.9','Open CASCADE 7.9'
  ,'Unknown');
FILE_SCHEMA((
'AP242_MANAGED_MODEL_BASED_3D_ENGINEERING_MIM_LF {1 0 10303 442 1 1 4 }'
    ));
ENDSEC;
DATA;
#1 = APPLICATION_PROTOCOL_DEFINITION('international standard',
  'ap242_managed_model_based_3d_engineering',2013,#2);
#2 = APPLICATION_CONTEXT('Managed model based 3d engineering');
#3 = SHAPE_DEFINITION_REPRESENTATION(#4,#10);
#4 = PRODUCT_DEFINITION_SHAPE('','',#5);
#5 = PRODUCT_DEFINITION('design','',#6,#9);
#6 = PRODUCT_DEFINITION_FORMATION('','',#7);
#7 = PRODUCT('Open CASCADE STEP translator 7.9 1',
  'Open CASCADE STEP translator 7.9 1','',(#8));
#8 = PRODUCT_CONTEXT('',#2,'mechanical');
#9 = PRODUCT_DEFINITION_CONTEXT('part definition',#2,'design');
#10 = ADVANCED_BREP_SHAPE_REPRESENTATION('',(#11,#15),#2870);
#11 = AXIS2_PLACEMENT_3D('',#12,#13,#14);
#12 = CARTESIAN_POINT('',(0.,0.,0.));
#13 = DIRECTION('',(0.,0.,1.));
#14 = DIRECTION('',(1.,0.,-0.));
#15 = BREP_WITH_VOIDS('',#16,(#2298));
#16 = CLOSED_SHELL('',(#17,#660,#715,#750,#981,#985,#1020,#1075,#1110,
    #1802,#1837,#1887,#1916,#1973,#2008,#2287,#2291));
#17 = ADVANCED_FACE('',(#18,#393),#31,.T.);
#18 = FACE_BOUND('',#19,.F.);
#19 = EDGE_LOOP('',(#20,#54,#77,#150,#215,#238,#265,#266,#392));
#20 = ORIENTED_EDGE('',*,*,#21,.F.);
#21 = EDGE_CURVE('',#22,#22,#24,.T.);
#22 = VERTEX_POINT('',#23);
#23 = CARTESIAN_POINT('',(3.015E-02,0.,0.));
#24 = SURFACE_CURVE('',#25,(#30,#42),.PCURVE_S1.);
#25 = CIRCLE('',#26,3.015E-02);
#26 = AXIS2_PLACEMENT_3D('',#27,#28,#29);
#27 = CARTESIAN_POINT('',(0.,0.,0.));
#28 = DIRECTION('',(0.,0.,1.));
#29 = DIRECTION('',(1.,0.,0.));
#30 = PCURVE('',#31,#36);
#31 = CYLINDRICAL_SURFACE('',#32,3.015E-02);
#32 = AXIS2_PLACEMENT_3D('',#33,#34,#35);
#33 = CARTESIAN_POINT('',(0.,0.,0.));
#34 = DIRECTION('',(-0.,-0.,-1.));
#35 = DIRECTION('',(1.,0.,0.));
#36 = DEFINITIONAL_REPRESENTATION('',(#37),#41);
#37 = LINE('',#38,#39);
#38 = CARTESIAN_POINT('',(-0.,0.));
#39 = VECTOR('',#40,1.);
#40 = DIRECTION('',(-1.,0.));
#41 = ( GEOMETRIC_REPRESENTATION_CONTEXT(2) 
PARAMETRIC_REPRESENTATION_CONTEXT() REPRESENTATION_CONTEXT('2D SPACE',''
  ) );
#42 = PCURVE('',#43,#48);
#43 = PLANE('',#44);
#44 = AXIS2_PLACEMENT_3D('',#45,#46,#47);
#45 = CARTESIAN_POINT('',(-1.517489493674E-18,7.89793188911E-19,0.));
#46 = DIRECTION('',(0.,0.,1.));
#47 = DIRECTION('',(1.,0.,-0.));
#48 = DEFINITIONAL_REPRESENTATION('',(#49),#53);
#49 = CIRCLE('',#50,3.015E-02);
#50 = AXIS2_PLACEMENT_2D('',#51,#52);
#51 = CARTESIAN_POINT('',(1.517489493674E-18,-7.89793188911E-19));
#52 = DIRECTION('',(1.,0.));
#53 = ( GEOMETRIC_REPRESENTATION_CONTEXT(2) 
PARAMETRIC_REPRESENTATION_CONTEXT() REPRESENTATION_CONTEXT('2D SPACE',''
  ) );
#54 = ORIENTED_EDGE('',*,*,#55,.T.);
#55 = EDGE_CURVE('',#22,#56,#58,.T.);
#56 = VERTEX_POINT('',#57);
#57 = CARTESIAN_POINT('',(3.015E-02,0.,1.23));
#58 = SEAM_CURVE('',#59,(#63,#70),.PCURVE_S1.);
#59 = LINE('',#60,#61);
#60 = CARTESIAN_POINT('',(3.015E-02,0.,0.));
#61 = VECTOR('',#62,1.);
#62 = DIRECTION('',(0.,0.,1.));
#63 = PCURVE('',#31,#64);
#64 = DEFINITIONAL_REPRESENTATION('',(#65),#69);
#65 = LINE('',#66,#67);
#66 = CARTESIAN_POINT('',(-6.28318530718,0.));
#67 = VECTOR('',#68,1.);
#68 = DIRECTION('',(-0.,-1.));
#69 = ( GEOMETRIC_REPRESENTATION_CONTEXT(2) 
PARAMETRIC_REPRESENTATION_CONTEXT() REPRESENTATION_CONTEXT('2D SPACE',''
  ) );
#70 = PCURVE('',#31,#71);
#71 = DEFINITIONAL_REPRESENTATION('',(#72),#76);
#72 = LINE('',#73,#74);
#73 = CARTESIAN_POINT('',(-0.,0.));
#74 = VECTOR('',#75,1.);
#75 = DIRECTION('',(-0.,-1.));
#76 = ( GEOMETRIC_REPRESENTATION_CONTEXT(2) 
PARAMETRIC_REPRESENTATION_CONTEXT() REPRESENTATION_CONTEXT('2D SPACE',''
  ) );
#77 = ORIENTED_EDGE('',*,*,#78,.T.);
#78 = EDGE_CURVE('',#56,#79,#81,.T.);
#79 = VERTEX_POINT('',#80);
#80 = CARTESIAN_POINT('',(2.256152698733E-02,2.E-02,1.25));
#81 = SURFACE_CURVE('',#82,(#101,#123),.PCURVE_S1.);
#82 = B_SPLINE_CURVE_WITH_KNOTS('',5,(#83,#84,#85,#86,#87,#88,#89,#90,
    #91,#92,#93,#94,#95,#96,#97,#98,#99,#100),.UNSPECIFIED.,.F.,.F.,(6,4
    ,4,4,6),(0.,0.203161097016,0.473925984413,0.80239947703,1.),
  .UNSPECIFIED.);
#83 = CARTESIAN_POINT('',(3.015E-02,-1.836970198721E-18,1.23));
#84 = CARTESIAN_POINT('',(3.015E-02,1.191822854857E-03,1.23));
#85 = CARTESIAN_POINT('',(3.00911118992E-02,2.380425520405E-03,
    1.23008877523));
#86 = CARTESIAN_POINT('',(2.997395560289E-02,3.564116033302E-03,
    1.230265387643));
#87 = CARTESIAN_POINT('',(2.979874768122E-02,4.735144111389E-03,
    1.230531687931));
#88 = CARTESIAN_POINT('',(2.926725308253E-02,7.407698973043E-03,
    1.231353873162));
#89 = CARTESIAN_POINT('',(2.887087352981E-02,8.886566034924E-03,
    1.231975480887));
#90 = CARTESIAN_POINT('',(2.838816694458E-02,1.031816789845E-02,
    1.232750150012));
#91 = CARTESIAN_POINT('',(2.783225186091E-02,1.16763917601E-02,
    1.233678314679));
#92 = CARTESIAN_POINT('',(2.65061443737E-02,1.44677714073E-02,
    1.23604616725));
#93 = CARTESIAN_POINT('',(2.571282370865E-02,1.586171859831E-02,
    1.237557944667));
#94 = CARTESIAN_POINT('',(2.489362831808E-02,1.708800167445E-02,
    1.239283377476));
#95 = CARTESIAN_POINT('',(2.413425438544E-02,1.809605676849E-02,
    1.24120002834));
#96 = CARTESIAN_POINT('',(2.318116005205E-02,1.928690109872E-02,
    1.244541872728));
#97 = CARTESIAN_POINT('',(2.288137526567E-02,1.963957792231E-02,
    1.245862383739));
#98 = CARTESIAN_POINT('',(2.26686449892E-02,1.987905084057E-02,
    1.247224415749));
#99 = CARTESIAN_POINT('',(2.256152698733E-02,2.E-02,1.248609183943));
#100 = CARTESIAN_POINT('',(2.256152698733E-02,2.E-02,1.25));
#101 = PCURVE('',#31,#102);
#102 = DEFINITIONAL_REPRESENTATION('',(#103),#122);
#103 = B_SPLINE_CURVE_WITH_KNOTS('',5,(#104,#105,#106,#107,#108,#109,
    #110,#111,#112,#113,#114,#115,#116,#117,#118,#119,#120,#121),
  .UNSPECIFIED.,.F.,.F.,(6,4,4,4,6),(0.,0.203161097016,0.473925984413,
    0.80239947703,1.),.UNSPECIFIED.);
#104 = CARTESIAN_POINT('',(0.,-1.23));
#105 = CARTESIAN_POINT('',(-3.952977959724E-02,-1.23));
#106 = CARTESIAN_POINT('',(-7.895316941726E-02,-1.23008877523));
#107 = CARTESIAN_POINT('',(-0.118340064404,-1.230265387643));
#108 = CARTESIAN_POINT('',(-0.157567198008,-1.230531687931));
#109 = CARTESIAN_POINT('',(-0.247945039597,-1.231353873162));
#110 = CARTESIAN_POINT('',(-0.298618966727,-1.231975480887));
#111 = CARTESIAN_POINT('',(-0.348592364483,-1.232750150012));
#112 = CARTESIAN_POINT('',(-0.397193101952,-1.233678314679));
#113 = CARTESIAN_POINT('',(-0.499692800163,-1.23604616725));
#114 = CARTESIAN_POINT('',(-0.552739567732,-1.237557944667));
#115 = CARTESIAN_POINT('',(-0.601523373763,-1.239283377476));
#116 = CARTESIAN_POINT('',(-0.64336771143,-1.24120002834));
#117 = CARTESIAN_POINT('',(-0.693957646401,-1.244541872728));
#118 = CARTESIAN_POINT('',(-0.709303286755,-1.245862383739));
#119 = CARTESIAN_POINT('',(-0.719927992365,-1.247224415749));
#120 = CARTESIAN_POINT('',(-0.725286575573,-1.248609183943));
#121 = CARTESIAN_POINT('',(-0.725286575573,-1.25));
#122 = ( GEOMETRIC_REPRESENTATION_CONTEXT(2) 
PARAMETRIC_REPRESENTATION_CONTEXT() REPRESENTATION_CONTEXT('2D SPACE',''
  ) );
#123 = PCURVE('',#124,#129);
#124 = CYLINDRICAL_SURFACE('',#125,2.E-02);
#125 = AXIS2_PLACEMENT_3D('',#126,#127,#128);
#126 = CARTESIAN_POINT('',(-0.275,0.,1.25));
#127 = DIRECTION('',(-1.,-0.,-0.));
#128 = DIRECTION('',(0.,1.,0.));
#129 = DEFINITIONAL_REPRESENTATION('',(#130),#149);
#130 = B_SPLINE_CURVE_WITH_KNOTS('',5,(#131,#132,#133,#134,#135,#136,
    #137,#138,#139,#140,#141,#142,#143,#144,#145,#146,#147,#148),
  .UNSPECIFIED.,.F.,.F.,(6,4,4,4,6),(0.,0.203161097016,0.473925984413,
    0.80239947703,1.),.UNSPECIFIED.);
#131 = CARTESIAN_POINT('',(-4.712388980385,-0.30515));
#132 = CARTESIAN_POINT('',(-4.771980123128,-0.30515));
#133 = CARTESIAN_POINT('',(-4.831411641764,-0.305091111899));
#134 = CARTESIAN_POINT('',(-4.891030929307,-0.304973955603));
#135 = CARTESIAN_POINT('',(-4.950907725138,-0.304798747681));
#136 = CARTESIAN_POINT('',(-5.090715969196,-0.304267253083));
#137 = CARTESIAN_POINT('',(-5.170533765639,-0.30387087353));
#138 = CARTESIAN_POINT('',(-5.251379358584,-0.303388166945));
#139 = CARTESIAN_POINT('',(-5.333182415842,-0.302832251861));
#140 = CARTESIAN_POINT('',(-5.516202402003,-0.301506144374));
#141 = CARTESIAN_POINT('',(-5.618245570414,-0.300712823709));
#142 = CARTESIAN_POINT('',(-5.72292568257,-0.299893628318));
#143 = CARTESIAN_POINT('',(-5.83011435898,-0.299134254385));
#144 = CARTESIAN_POINT('',(-6.007498364273,-0.298181160052));
#145 = CARTESIAN_POINT('',(-6.075610639934,-0.297881375266));
#146 = CARTESIAN_POINT('',(-6.14440396092,-0.297668644989));
#147 = CARTESIAN_POINT('',(-6.21364450434,-0.297561526987));
#148 = CARTESIAN_POINT('',(-6.28318530718,-0.297561526987));
#149 = ( GEOMETRIC_REPRESENTATION_CONTEXT(2) 
PARAMETRIC_REPRESENTATION_CONTEXT() REPRESENTATION_CONTEXT('2D SPACE',''
  ) );
#150 = ORIENTED_EDGE('',*,*,#151,.T.);
#151 = EDGE_CURVE('',#79,#152,#154,.T.);
#152 = VERTEX_POINT('',#153);
#153 = CARTESIAN_POINT('',(3.015E-02,0.,1.27));
#154 = SURFACE_CURVE('',#155,(#173,#194),.PCURVE_S1.);
#155 = B_SPLINE_CURVE_WITH_KNOTS('',6,(#156,#157,#158,#159,#160,#161,
    #162,#163,#164,#165,#166,#167,#168,#169,#170,#171,#172),
  .UNSPECIFIED.,.F.,.F.,(7,5,5,7),(0.,0.439650019108,0.734040962136,1.),
  .UNSPECIFIED.);
#156 = CARTESIAN_POINT('',(2.256152698733E-02,2.E-02,1.25));
#157 = CARTESIAN_POINT('',(2.256152698733E-02,2.E-02,1.252631204032));
#158 = CARTESIAN_POINT('',(2.292974829113E-02,1.958430759156E-02,
    1.255166185263));
#159 = CARTESIAN_POINT('',(2.361577034823E-02,1.881188124805E-02,
    1.257572494742));
#160 = CARTESIAN_POINT('',(2.449650676188E-02,1.769925866869E-02,
    1.259813068336));
#161 = CARTESIAN_POINT('',(2.541785674593E-02,1.631024960724E-02,
    1.261794700395));
#162 = CARTESIAN_POINT('',(2.685206266316E-02,1.37610084956E-02,
    1.26459242606));
#163 = CARTESIAN_POINT('',(2.741506987275E-02,1.264889094881E-02,
    1.265607900037));
#164 = CARTESIAN_POINT('',(2.794200696782E-02,1.146219514419E-02,
    1.266508397215));
#165 = CARTESIAN_POINT('',(2.841727691119E-02,1.021751576676E-02,
    1.267290949883));
#166 = CARTESIAN_POINT('',(2.883150836981E-02,8.926275833814E-03,
    1.267955873389));
#167 = CARTESIAN_POINT('',(2.949387707956E-02,6.379188686187E-03,
    1.269000347561));
#168 = CARTESIAN_POINT('',(2.975354711128E-02,5.134650799089E-03,
    1.269400274722));
#169 = CARTESIAN_POINT('',(2.995110232783E-02,3.864021594752E-03,
    1.269700153515));
#170 = CARTESIAN_POINT('',(3.008350703303E-02,2.58096599455E-03,
    1.269899761753));
#171 = CARTESIAN_POINT('',(3.015E-02,1.294466854368E-03,1.27));
#172 = CARTESIAN_POINT('',(3.015E-02,3.061616997868E-18,1.27));
#173 = PCURVE('',#31,#174);
#174 = DEFINITIONAL_REPRESENTATION('',(#175),#193);
#175 = B_SPLINE_CURVE_WITH_KNOTS('',6,(#176,#177,#178,#179,#180,#181,
    #182,#183,#184,#185,#186,#187,#188,#189,#190,#191,#192),
  .UNSPECIFIED.,.F.,.F.,(7,5,5,7),(0.,0.439650019108,0.734040962136,1.),
  .UNSPECIFIED.);
#176 = CARTESIAN_POINT('',(-0.725286575573,-1.25));
#177 = CARTESIAN_POINT('',(-0.725286575573,-1.252631204032));
#178 = CARTESIAN_POINT('',(-0.706875376741,-1.255166185263));
#179 = CARTESIAN_POINT('',(-0.672570266193,-1.257572494742));
#180 = CARTESIAN_POINT('',(-0.625701183434,-1.259813068336));
#181 = CARTESIAN_POINT('',(-0.570572697796,-1.261794700395));
#182 = CARTESIAN_POINT('',(-0.47355804537,-1.26459242606));
#183 = CARTESIAN_POINT('',(-0.432255903516,-1.265607900037));
#184 = CARTESIAN_POINT('',(-0.389272638577,-1.266508397215));
#185 = CARTESIAN_POINT('',(-0.34518176018,-1.267290949883));
#186 = CARTESIAN_POINT('',(-0.300274100078,-1.267955873389));
#187 = CARTESIAN_POINT('',(-0.212983796238,-1.269000347561));
#188 = CARTESIAN_POINT('',(-0.17086836112,-1.269400274722));
#189 = CARTESIAN_POINT('',(-0.128300278844,-1.269700153515));
#190 = CARTESIAN_POINT('',(-8.560492458864E-02,-1.269899761753));
#191 = CARTESIAN_POINT('',(-4.293422402547E-02,-1.27));
#192 = CARTESIAN_POINT('',(0.,-1.27));
#193 = ( GEOMETRIC_REPRESENTATION_CONTEXT(2) 
PARAMETRIC_REPRESENTATION_CONTEXT() REPRESENTATION_CONTEXT('2D SPACE',''
  ) );
#194 = PCURVE('',#124,#195);
#195 = DEFINITIONAL_REPRESENTATION('',(#196),#214);
#196 = B_SPLINE_CURVE_WITH_KNOTS('',6,(#197,#198,#199,#200,#201,#202,
    #203,#204,#205,#206,#207,#208,#209,#210,#211,#212,#213),
  .UNSPECIFIED.,.F.,.F.,(7,5,5,7),(0.,0.439650019108,0.734040962136,1.),
  .UNSPECIFIED.);
#197 = CARTESIAN_POINT('',(0.,-0.297561526987));
#198 = CARTESIAN_POINT('',(-0.131560201591,-0.297561526987));
#199 = CARTESIAN_POINT('',(-0.258316604728,-0.297929748291));
#200 = CARTESIAN_POINT('',(-0.382697927705,-0.298615770348));
#201 = CARTESIAN_POINT('',(-0.505597674226,-0.299496506762));
#202 = CARTESIAN_POINT('',(-0.625610501234,-0.300417856746));
#203 = CARTESIAN_POINT('',(-0.814858348926,-0.301852062663));
#204 = CARTESIAN_POINT('',(-0.889834401847,-0.302415069873));
#205 = CARTESIAN_POINT('',(-0.963881192147,-0.302942006968));
#206 = CARTESIAN_POINT('',(-1.036974680858,-0.303417276911));
#207 = CARTESIAN_POINT('',(-1.109327383828,-0.30383150837));
#208 = CARTESIAN_POINT('',(-1.246973481063,-0.30449387708));
#209 = CARTESIAN_POINT('',(-1.312128894931,-0.304753547111));
#210 = CARTESIAN_POINT('',(-1.37711394594,-0.304951102328));
#211 = CARTESIAN_POINT('',(-1.4417456984,-0.305083507033));
#212 = CARTESIAN_POINT('',(-1.506072984077,-0.30515));
#213 = CARTESIAN_POINT('',(-1.570796326795,-0.30515));
#214 = ( GEOMETRIC_REPRESENTATION_CONTEXT(2) 
PARAMETRIC_REPRESENTATION_CONTEXT() REPRESENTATION_CONTEXT('2D SPACE',''
  ) );
#215 = ORIENTED_EDGE('',*,*,#216,.T.);
#216 = EDGE_CURVE('',#152,#217,#219,.T.);
#217 = VERTEX_POINT('',#218);
#218 = CARTESIAN_POINT('',(3.015E-02,0.,2.5));
#219 = SEAM_CURVE('',#220,(#224,#231),.PCURVE_S1.);
#220 = LINE('',#221,#222);
#221 = CARTESIAN_POINT('',(3.015E-02,0.,0.));
#222 = VECTOR('',#223,1.);
#223 = DIRECTION('',(0.,0.,1.));
#224 = PCURVE('',#31,#225);
#225 = DEFINITIONAL_REPRESENTATION('',(#226),#230);
#226 = LINE('',#227,#228);
#227 = CARTESIAN_POINT('',(-6.28318530718,0.));
#228 = VECTOR('',#229,1.);
#229 = DIRECTION('',(-0.,-1.));
#230 = ( GEOMETRIC_REPRESENTATION_CONTEXT(2) 
PARAMETRIC_REPRESENTATION_CONTEXT() REPRESENTATION_CONTEXT('2D SPACE',''
  ) );
#231 = PCURVE('',#31,#232);
#232 = DEFINITIONAL_REPRESENTATION('',(#233),#237);
#233 = LINE('',#234,#235);
#234 = CARTESIAN_POINT('',(-0.,0.));
#235 = VECTOR('',#236,1.);
#236 = DIRECTION('',(-0.,-1.));
#237 = ( GEOMETRIC_REPRESENTATION_CONTEXT(2) 
PARAMETRIC_REPRESENTATION_CONTEXT() REPRESENTATION_CONTEXT('2D SPACE',''
  ) );
#238 = ORIENTED_EDGE('',*,*,#239,.T.);
#239 = EDGE_CURVE('',#217,#217,#240,.T.);
#240 = SURFACE_CURVE('',#241,(#246,#253),.PCURVE_S1.);
#241 = CIRCLE('',#242,3.015E-02);
#242 = AXIS2_PLACEMENT_3D('',#243,#244,#245);
#243 = CARTESIAN_POINT('',(0.,0.,2.5));
#244 = DIRECTION('',(0.,0.,1.));
#245 = DIRECTION('',(1.,0.,0.));
#246 = PCURVE('',#31,#247);
#247 = DEFINITIONAL_REPRESENTATION('',(#248),#252);
#248 = LINE('',#249,#250);
#249 = CARTESIAN_POINT('',(-0.,-2.5));
#250 = VECTOR('',#251,1.);
#251 = DIRECTION('',(-1.,0.));
#252 = ( GEOMETRIC_REPRESENTATION_CONTEXT(2) 
PARAMETRIC_REPRESENTATION_CONTEXT() REPRESENTATION_CONTEXT('2D SPACE',''
  ) );
#253 = PCURVE('',#254,#259);
#254 = PLANE('',#255);
#255 = AXIS2_PLACEMENT_3D('',#256,#257,#258);
#256 = CARTESIAN_POINT('',(-1.517489493674E-18,7.89793188911E-19,2.5));
#257 = DIRECTION('',(0.,0.,1.));
#258 = DIRECTION('',(1.,0.,-0.));
#259 = DEFINITIONAL_REPRESENTATION('',(#260),#264);
#260 = CIRCLE('',#261,3.015E-02);
#261 = AXIS2_PLACEMENT_2D('',#262,#263);
#262 = CARTESIAN_POINT('',(1.517489493674E-18,-7.89793188911E-19));
#263 = DIRECTION('',(1.,0.));
#264 = ( GEOMETRIC_REPRESENTATION_CONTEXT(2) 
PARAMETRIC_REPRESENTATION_CONTEXT() REPRESENTATION_CONTEXT('2D SPACE',''
  ) );
#265 = ORIENTED_EDGE('',*,*,#216,.F.);
#266 = ORIENTED_EDGE('',*,*,#267,.T.);
#267 = EDGE_CURVE('',#152,#56,#268,.T.);
#268 = SURFACE_CURVE('',#269,(#308,#350),.PCURVE_S1.);
#269 = B_SPLINE_CURVE_WITH_KNOTS('',5,(#270,#271,#272,#273,#274,#275,
    #276,#277,#278,#279,#280,#281,#282,#283,#284,#285,#286,#287,#288,
    #289,#290,#291,#292,#293,#294,#295,#296,#297,#298,#299,#300,#301,
    #302,#303,#304,#305,#306,#307),.UNSPECIFIED.,.F.,.F.,(6,4,4,4,4,4,4,
    4,4,6),(0.,0.101747337605,0.237352071049,0.401858484002,
    0.500820969392,0.57481472089,0.616956631829,0.722136117244,
    0.86811740266,1.),.UNSPECIFIED.);
#270 = CARTESIAN_POINT('',(3.015E-02,0.,1.27));
#271 = CARTESIAN_POINT('',(3.015E-02,-1.191822854894E-03,1.27));
#272 = CARTESIAN_POINT('',(3.009111189919E-02,-2.380425520379E-03,
    1.26991122477));
#273 = CARTESIAN_POINT('',(2.997395560291E-02,-3.564116033256E-03,
    1.269734612357));
#274 = CARTESIAN_POINT('',(2.979874768121E-02,-4.735144111446E-03,
    1.269468312069));
#275 = CARTESIAN_POINT('',(2.926725308257E-02,-7.407698972827E-03,
    1.268646126838));
#276 = CARTESIAN_POINT('',(2.887087352967E-02,-8.886566035407E-03,
    1.268024519113));
#277 = CARTESIAN_POINT('',(2.838816694474E-02,-1.031816789802E-02,
    1.267249849989));
#278 = CARTESIAN_POINT('',(2.783225186084E-02,-1.167639176025E-02,
    1.266321685321));
#279 = CARTESIAN_POINT('',(2.650614437429E-02,-1.446777140607E-02,
    1.263953832751));
#280 = CARTESIAN_POINT('',(2.571282370794E-02,-1.586171859986E-02,
    1.262442055332));
#281 = CARTESIAN_POINT('',(2.489362831802E-02,-1.708800167425E-02,
    1.260716622523));
#282 = CARTESIAN_POINT('',(2.413425438576E-02,-1.809605676809E-02,
    1.258799971661));
#283 = CARTESIAN_POINT('',(2.318116005205E-02,-1.928690109872E-02,
    1.255458127272));
#284 = CARTESIAN_POINT('',(2.288137526567E-02,-1.963957792231E-02,
    1.254137616261));
#285 = CARTESIAN_POINT('',(2.26686449892E-02,-1.987905084057E-02,
    1.252775584251));
#286 = CARTESIAN_POINT('',(2.256152698733E-02,-2.E-02,1.251390816057));
#287 = CARTESIAN_POINT('',(2.256152698733E-02,-2.E-02,1.248960093845));
#288 = CARTESIAN_POINT('',(2.262149660064E-02,-1.993250683158E-02,
    1.247921917853));
#289 = CARTESIAN_POINT('',(2.274085962858E-02,-1.979760169326E-02,
    1.246893508671));
#290 = CARTESIAN_POINT('',(2.29139596492E-02,-1.959812366071E-02,
    1.245883919285));
#291 = CARTESIAN_POINT('',(2.325313638902E-02,-1.919247152314E-02,
    1.244344677482));
#292 = CARTESIAN_POINT('',(2.339029630079E-02,-1.902606240263E-02,
    1.243795040971));
#293 = CARTESIAN_POINT('',(2.353989117041E-02,-1.884118546121E-02,
    1.243255121735));
#294 = CARTESIAN_POINT('',(2.370014287715E-02,-1.863872982676E-02,
    1.242725817539));
#295 = CARTESIAN_POINT('',(2.42909430034E-02,-1.787314354107E-02,
    1.240916000389));
#296 = CARTESIAN_POINT('',(2.476706208948E-02,-1.722388819359E-02,
    1.239696857994));
#297 = CARTESIAN_POINT('',(2.527097301885E-02,-1.648443349568E-02,
    1.238556252608));
#298 = CARTESIAN_POINT('',(2.577955283652E-02,-1.566734991413E-02,
    1.237499733951));
#299 = CARTESIAN_POINT('',(2.696710181069E-02,-1.355653121599E-02,
    1.235183165456));
#300 = CARTESIAN_POINT('',(2.763905390367E-02,-1.21950708155E-02,
    1.233996567217));
#301 = CARTESIAN_POINT('',(2.824496003198E-02,-1.07293194728E-02,
    1.232986638353));
#302 = CARTESIAN_POINT('',(2.876191066984E-02,-9.193908354024E-03,
    1.232153873643));
#303 = CARTESIAN_POINT('',(2.955675312149E-02,-6.137403777075E-03,
    1.230900504637));
#304 = CARTESIAN_POINT('',(2.985194410627E-02,-4.633274309501E-03,
    1.230449335598));
#305 = CARTESIAN_POINT('',(3.005026054947E-02,-3.094768879887E-03,
    1.230150357371));
#306 = CARTESIAN_POINT('',(3.015E-02,-1.55336022491E-03,1.23));
#307 = CARTESIAN_POINT('',(3.015E-02,-6.938893903907E-18,1.23));
#308 = PCURVE('',#31,#309);
#309 = DEFINITIONAL_REPRESENTATION('',(#310),#349);
#310 = B_SPLINE_CURVE_WITH_KNOTS('',5,(#311,#312,#313,#314,#315,#316,
    #317,#318,#319,#320,#321,#322,#323,#324,#325,#326,#327,#328,#329,
    #330,#331,#332,#333,#334,#335,#336,#337,#338,#339,#340,#341,#342,
    #343,#344,#345,#346,#347,#348),.UNSPECIFIED.,.F.,.F.,(6,4,4,4,4,4,4,
    4,4,6),(0.,0.101747337605,0.237352071049,0.401858484002,
    0.500820969392,0.57481472089,0.616956631829,0.722136117244,
    0.86811740266,1.),.UNSPECIFIED.);
#311 = CARTESIAN_POINT('',(-6.28318530718,-1.27));
#312 = CARTESIAN_POINT('',(-6.243655527581,-1.27));
#313 = CARTESIAN_POINT('',(-6.204232137763,-1.26991122477));
#314 = CARTESIAN_POINT('',(-6.164845242777,-1.269734612357));
#315 = CARTESIAN_POINT('',(-6.12561810917,-1.269468312069));
#316 = CARTESIAN_POINT('',(-6.03524026759,-1.268646126838));
#317 = CARTESIAN_POINT('',(-5.984566340436,-1.268024519113));
#318 = CARTESIAN_POINT('',(-5.934592942712,-1.267249849989));
#319 = CARTESIAN_POINT('',(-5.885992205222,-1.266321685321));
#320 = CARTESIAN_POINT('',(-5.783492507062,-1.263953832751));
#321 = CARTESIAN_POINT('',(-5.730445739391,-1.262442055332));
#322 = CARTESIAN_POINT('',(-5.681661933421,-1.260716622523));
#323 = CARTESIAN_POINT('',(-5.639817595767,-1.258799971661));
#324 = CARTESIAN_POINT('',(-5.589227660779,-1.255458127272));
#325 = CARTESIAN_POINT('',(-5.573882020424,-1.254137616261));
#326 = CARTESIAN_POINT('',(-5.563257314815,-1.252775584251));
#327 = CARTESIAN_POINT('',(-5.557898731606,-1.251390816057));
#328 = CARTESIAN_POINT('',(-5.557898731606,-1.248960093845));
#329 = CARTESIAN_POINT('',(-5.560893744564,-1.247921917853));
#330 = CARTESIAN_POINT('',(-5.566867489398,-1.246893508671));
#331 = CARTESIAN_POINT('',(-5.575626579458,-1.245883919285));
#332 = CARTESIAN_POINT('',(-5.593164456025,-1.244344677482));
#333 = CARTESIAN_POINT('',(-5.600316866041,-1.243795040971));
#334 = CARTESIAN_POINT('',(-5.608204206509,-1.243255121735));
#335 = CARTESIAN_POINT('',(-5.616767538618,-1.242725817539));
#336 = CARTESIAN_POINT('',(-5.648841847329,-1.240916000389));
#337 = CARTESIAN_POINT('',(-5.675538003499,-1.239696857994));
#338 = CARTESIAN_POINT('',(-5.705189150026,-1.238556252608));
#339 = CARTESIAN_POINT('',(-5.737078984882,-1.237499733951));
#340 = CARTESIAN_POINT('',(-5.817408907931,-1.235183165456));
#341 = CARTESIAN_POINT('',(-5.86768965152,-1.233996567217));
#342 = CARTESIAN_POINT('',(-5.920135685687,-1.232986638353));
#343 = CARTESIAN_POINT('',(-5.973739269648,-1.232153873643));
#344 = CARTESIAN_POINT('',(-6.078487634249,-1.230900504637));
#345 = CARTESIAN_POINT('',(-6.129231601986,-1.230449335598));
#346 = CARTESIAN_POINT('',(-6.180538454689,-1.230150357371));
#347 = CARTESIAN_POINT('',(-6.23166423836,-1.23));
#348 = CARTESIAN_POINT('',(-6.28318530718,-1.23));
#349 = ( GEOMETRIC_REPRESENTATION_CONTEXT(2) 
PARAMETRIC_REPRESENTATION_CONTEXT() REPRESENTATION_CONTEXT('2D SPACE',''
  ) );
#350 = PCURVE('',#124,#351);
#351 = DEFINITIONAL_REPRESENTATION('',(#352),#391);
#352 = B_SPLINE_CURVE_WITH_KNOTS('',5,(#353,#354,#355,#356,#357,#358,
    #359,#360,#361,#362,#363,#364,#365,#366,#367,#368,#369,#370,#371,
    #372,#373,#374,#375,#376,#377,#378,#379,#380,#381,#382,#383,#384,
    #385,#386,#387,#388,#389,#390),.UNSPECIFIED.,.F.,.F.,(6,4,4,4,4,4,4,
    4,4,6),(0.,0.101747337605,0.237352071049,0.401858484002,
    0.500820969392,0.57481472089,0.616956631829,0.722136117244,
    0.86811740266,1.),.UNSPECIFIED.);
#353 = CARTESIAN_POINT('',(-1.570796326795,-0.30515));
#354 = CARTESIAN_POINT('',(-1.63038746954,-0.30515));
#355 = CARTESIAN_POINT('',(-1.689818988173,-0.305091111899));
#356 = CARTESIAN_POINT('',(-1.749438275715,-0.304973955603));
#357 = CARTESIAN_POINT('',(-1.809315071551,-0.304798747681));
#358 = CARTESIAN_POINT('',(-1.949123315595,-0.304267253083));
#359 = CARTESIAN_POINT('',(-2.028941112076,-0.30387087353));
#360 = CARTESIAN_POINT('',(-2.109786704968,-0.303388166945));
#361 = CARTESIAN_POINT('',(-2.191589762262,-0.302832251861));
#362 = CARTESIAN_POINT('',(-2.374609748333,-0.301506144374));
#363 = CARTESIAN_POINT('',(-2.476652916913,-0.300712823708));
#364 = CARTESIAN_POINT('',(-2.581333029007,-0.299893628318));
#365 = CARTESIAN_POINT('',(-2.688521705331,-0.299134254386));
#366 = CARTESIAN_POINT('',(-2.865905710683,-0.298181160052));
#367 = CARTESIAN_POINT('',(-2.934017986344,-0.297881375266));
#368 = CARTESIAN_POINT('',(-3.00281130733,-0.297668644989));
#369 = CARTESIAN_POINT('',(-3.07205185075,-0.297561526987));
#370 = CARTESIAN_POINT('',(-3.193587961347,-0.297561526987));
#371 = CARTESIAN_POINT('',(-3.245492973174,-0.297621496601));
#372 = CARTESIAN_POINT('',(-3.297213192406,-0.297740859629));
#373 = CARTESIAN_POINT('',(-3.348564650471,-0.297913959649));
#374 = CARTESIAN_POINT('',(-3.428154520787,-0.298253136389));
#375 = CARTESIAN_POINT('',(-3.456849302837,-0.298390296301));
#376 = CARTESIAN_POINT('',(-3.485359938433,-0.29853989117));
#377 = CARTESIAN_POINT('',(-3.513677775889,-0.298700142877));
#378 = CARTESIAN_POINT('',(-3.611932043941,-0.299290943003));
#379 = CARTESIAN_POINT('',(-3.680720107824,-0.299767062089));
#380 = CARTESIAN_POINT('',(-3.748367043073,-0.300270973019));
#381 = CARTESIAN_POINT('',(-3.814930057802,-0.300779552837));
#382 = CARTESIAN_POINT('',(-3.97163076911,-0.301967101811));
#383 = CARTESIAN_POINT('',(-4.061325198583,-0.302639053904));
#384 = CARTESIAN_POINT('',(-4.149622492893,-0.303244960032));
#385 = CARTESIAN_POINT('',(-4.236457017598,-0.30376191067));
#386 = CARTESIAN_POINT('',(-4.401632334268,-0.304556753121));
#387 = CARTESIAN_POINT('',(-4.479766155678,-0.304851944106));
#388 = CARTESIAN_POINT('',(-4.557647043389,-0.305050260549));
#389 = CARTESIAN_POINT('',(-4.634720969139,-0.30515));
#390 = CARTESIAN_POINT('',(-4.712388980385,-0.30515));
#391 = ( GEOMETRIC_REPRESENTATION_CONTEXT(2) 
PARAMETRIC_REPRESENTATION_CONTEXT() REPRESENTATION_CONTEXT('2D SPACE',''
  ) );
#392 = ORIENTED_EDGE('',*,*,#55,.F.);
#393 = FACE_BOUND('',#394,.F.);
#394 = EDGE_LOOP('',(#395));
#395 = ORIENTED_EDGE('',*,*,#396,.F.);
#396 = EDGE_CURVE('',#397,#397,#399,.T.);
#397 = VERTEX_POINT('',#398);
#398 = CARTESIAN_POINT('',(-2.256152698733E-02,2.E-02,1.25));
#399 = SURFACE_CURVE('',#400,(#483,#569),.PCURVE_S1.);
#400 = B_SPLINE_CURVE_WITH_KNOTS('',6,(#401,#402,#403,#404,#405,#406,
    #407,#408,#409,#410,#411,#412,#413,#414,#415,#416,#417,#418,#419,
    #420,#421,#422,#423,#424,#425,#426,#427,#428,#429,#430,#431,#432,
    #433,#434,#435,#436,#437,#438,#439,#440,#441,#442,#443,#444,#445,
    #446,#447,#448,#449,#450,#451,#452,#453,#454,#455,#456,#457,#458,
    #459,#460,#461,#462,#463,#464,#465,#466,#467,#468,#469,#470,#471,
    #472,#473,#474,#475,#476,#477,#478,#479,#480,#481,#482),
  .UNSPECIFIED.,.T.,.F.,(7,5,5,5,5,5,5,5,5,5,5,5,5,5,5,5,7),(0.,
    0.109790894256,0.183307199251,0.249723392431,0.300681525424,
    0.368596462603,0.450986231924,0.500549626971,0.53760792762,
    0.558713872526,0.611390957911,0.684502825787,0.750553641898,
    0.801231437632,0.868772752699,0.950709269207,1.),.UNSPECIFIED.);
#401 = CARTESIAN_POINT('',(-2.256152698733E-02,2.E-02,1.25));
#402 = CARTESIAN_POINT('',(-2.256152698733E-02,2.E-02,1.252631204032));
#403 = CARTESIAN_POINT('',(-2.292974829113E-02,1.958430759156E-02,
    1.255166185263));
#404 = CARTESIAN_POINT('',(-2.361577034823E-02,1.881188124805E-02,
    1.257572494742));
#405 = CARTESIAN_POINT('',(-2.449650676187E-02,1.76992586687E-02,
    1.259813068336));
#406 = CARTESIAN_POINT('',(-2.541785674593E-02,1.631024960724E-02,
    1.261794700395));
#407 = CARTESIAN_POINT('',(-2.685206266316E-02,1.37610084956E-02,
    1.26459242606));
#408 = CARTESIAN_POINT('',(-2.741506987275E-02,1.264889094881E-02,
    1.265607900037));
#409 = CARTESIAN_POINT('',(-2.794200696782E-02,1.146219514419E-02,
    1.266508397215));
#410 = CARTESIAN_POINT('',(-2.841727691119E-02,1.021751576675E-02,
    1.267290949883));
#411 = CARTESIAN_POINT('',(-2.883150836981E-02,8.926275833814E-03,
    1.267955873389));
#412 = CARTESIAN_POINT('',(-2.949387707954E-02,6.379188686267E-03,
    1.269000347561));
#413 = CARTESIAN_POINT('',(-2.975354711128E-02,5.134650799233E-03,
    1.269400274722));
#414 = CARTESIAN_POINT('',(-2.995110232784E-02,3.864021594562E-03,
    1.269700153515));
#415 = CARTESIAN_POINT('',(-3.008350703303E-02,2.580965994296E-03,
    1.269899761753));
#416 = CARTESIAN_POINT('',(-3.015E-02,1.294466854643E-03,1.27));
#417 = CARTESIAN_POINT('',(-3.015E-02,-9.931857123344E-04,1.27));
#418 = CARTESIAN_POINT('',(-3.011074126613E-02,-1.984224631886E-03,
    1.269940816513));
#419 = CARTESIAN_POINT('',(-3.003253375105E-02,-2.972270776832E-03,
    1.269822918563));
#420 = CARTESIAN_POINT('',(-2.991555296234E-02,-3.954458725994E-03,
    1.269645845594));
#421 = CARTESIAN_POINT('',(-2.976077444302E-02,-4.926087843701E-03,
    1.269409570107));
#422 = CARTESIAN_POINT('',(-2.93178622775E-02,-7.153216894779E-03,
    1.268724415748));
#423 = CARTESIAN_POINT('',(-2.900300004731E-02,-8.393610347867E-03,
    1.268231721688));
#424 = CARTESIAN_POINT('',(-2.86295202372E-02,-9.602366966734E-03,
    1.267637184551));
#425 = CARTESIAN_POINT('',(-2.820286191676E-02,-1.077090918545E-02,
    1.266940461766));
#426 = CARTESIAN_POINT('',(-2.773238527565E-02,-1.188660515248E-02,
    1.266143366932));
#427 = CARTESIAN_POINT('',(-2.662729570317E-02,-1.421275485806E-02,
    1.264170156456));
#428 = CARTESIAN_POINT('',(-2.597726393078E-02,-1.539706953409E-02,
    1.26294598114));
#429 = CARTESIAN_POINT('',(-2.530322601285E-02,-1.647486013709E-02,
    1.261579338927));
#430 = CARTESIAN_POINT('',(-2.464050367314E-02,-1.742402004007E-02,
    1.2600777389));
#431 = CARTESIAN_POINT('',(-2.403507118672E-02,-1.821998128018E-02,
    1.258452204598));
#432 = CARTESIAN_POINT('',(-2.324082590804E-02,-1.921235155643E-02,
    1.255667334272));
#433 = CARTESIAN_POINT('',(-2.29813035278E-02,-1.952201898112E-02,
    1.254577786598));
#434 = CARTESIAN_POINT('',(-2.277501012744E-02,-1.975931438144E-02,
    1.253456600256));
#435 = CARTESIAN_POINT('',(-2.263293898858E-02,-1.991936722704E-02,
    1.252313994853));
#436 = CARTESIAN_POINT('',(-2.256152698733E-02,-2.E-02,1.251159013381));
#437 = CARTESIAN_POINT('',(-2.256152698733E-02,-2.E-02,1.249133411537));
#438 = CARTESIAN_POINT('',(-2.260150672954E-02,-1.995500455439E-02,
    1.248267976517));
#439 = CARTESIAN_POINT('',(-2.268117811461E-02,-1.986505426242E-02,
    1.247407713262));
#440 = CARTESIAN_POINT('',(-2.279855963545E-02,-1.973110901574E-02,
    1.246556978876));
#441 = CARTESIAN_POINT('',(-2.294997637721E-02,-1.955504799841E-02,
    1.24572046924));
#442 = CARTESIAN_POINT('',(-2.32326236891E-02,-1.92170045161E-02,
    1.244437767608));
#443 = CARTESIAN_POINT('',(-2.334457631696E-02,-1.908153212733E-02,
    1.243978253171));
#444 = CARTESIAN_POINT('',(-2.346509370163E-02,-1.893362397442E-02,
    1.243525081478));
#445 = CARTESIAN_POINT('',(-2.359330840106E-02,-1.877370025453E-02,
    1.243078687041));
#446 = CARTESIAN_POINT('',(-2.372830973034E-02,-1.860222990816E-02,
    1.242639533106));
#447 = CARTESIAN_POINT('',(-2.422064312982E-02,-1.796424138738E-02,
    1.241131352267));
#448 = CARTESIAN_POINT('',(-2.460835572746E-02,-1.744030664274E-02,
    1.240103238793));
#449 = CARTESIAN_POINT('',(-2.501901755413E-02,-1.68541608447E-02,
    1.239126555301));
#450 = CARTESIAN_POINT('',(-2.544049962472E-02,-1.621207230188E-02,
    1.238204079722));
#451 = CARTESIAN_POINT('',(-2.586243851811E-02,-1.55200240772E-02,
    1.237338047686));
#452 = CARTESIAN_POINT('',(-2.685206266348E-02,-1.376100849502E-02,
    1.235407573939));
#453 = CARTESIAN_POINT('',(-2.741506987232E-02,-1.264889094983E-02,
    1.234392099964));
#454 = CARTESIAN_POINT('',(-2.794200696776E-02,-1.146219514411E-02,
    1.233491602785));
#455 = CARTESIAN_POINT('',(-2.841727691159E-02,-1.02175157657E-02,
    1.232709050116));
#456 = CARTESIAN_POINT('',(-2.883150836962E-02,-8.926275834563E-03,
    1.232044126611));
#457 = CARTESIAN_POINT('',(-2.949387707983E-02,-6.379188685159E-03,
    1.230999652439));
#458 = CARTESIAN_POINT('',(-2.975354711108E-02,-5.134650799903E-03,
    1.230599725278));
#459 = CARTESIAN_POINT('',(-2.99511023277E-02,-3.864021595292E-03,
    1.230299846485));
#460 = CARTESIAN_POINT('',(-3.008350703316E-02,-2.580965994021E-03,
    1.230100238247));
#461 = CARTESIAN_POINT('',(-3.015E-02,-1.294466854307E-03,1.23));
#462 = CARTESIAN_POINT('',(-3.015E-02,9.931857120053E-04,1.23));
#463 = CARTESIAN_POINT('',(-3.011074126614E-02,1.984224632009E-03,
    1.230059183487));
#464 = CARTESIAN_POINT('',(-3.003253375104E-02,2.972270777047E-03,
    1.230177081437));
#465 = CARTESIAN_POINT('',(-2.991555296232E-02,3.954458726002E-03,
    1.230354154406));
#466 = CARTESIAN_POINT('',(-2.976077444303E-02,4.92608784364E-03,
    1.230590429893));
#467 = CARTESIAN_POINT('',(-2.931786227734E-02,7.153216895603E-03,
    1.231275584253));
#468 = CARTESIAN_POINT('',(-2.900300004768E-02,8.393610346716E-03,
    1.231768278311));
#469 = CARTESIAN_POINT('',(-2.862952023714E-02,9.602366966629E-03,
    1.232362815449));
#470 = CARTESIAN_POINT('',(-2.820286191637E-02,1.077090918656E-02,
    1.233059538235));
#471 = CARTESIAN_POINT('',(-2.773238527593E-02,1.188660515188E-02,
    1.233856633067));
#472 = CARTESIAN_POINT('',(-2.662729570246E-02,1.421275485957E-02,
    1.235829843545));
#473 = CARTESIAN_POINT('',(-2.597726393119E-02,1.539706953317E-02,
    1.23705401886));
#474 = CARTESIAN_POINT('',(-2.530322601341E-02,1.64748601361E-02,
    1.238420661072));
#475 = CARTESIAN_POINT('',(-2.464050367304E-02,1.742402004047E-02,
    1.2399222611));
#476 = CARTESIAN_POINT('',(-2.403507118633E-02,1.821998128066E-02,
    1.241547795403));
#477 = CARTESIAN_POINT('',(-2.324082590804E-02,1.921235155643E-02,
    1.244332665728));
#478 = CARTESIAN_POINT('',(-2.29813035278E-02,1.952201898112E-02,
    1.245422213402));
#479 = CARTESIAN_POINT('',(-2.277501012744E-02,1.975931438144E-02,
    1.246543399744));
#480 = CARTESIAN_POINT('',(-2.263293898858E-02,1.991936722704E-02,
    1.247686005147));
#481 = CARTESIAN_POINT('',(-2.256152698733E-02,2.E-02,1.248840986619));
#482 = CARTESIAN_POINT('',(-2.256152698733E-02,2.E-02,1.25));
#483 = PCURVE('',#31,#484);
#484 = DEFINITIONAL_REPRESENTATION('',(#485),#568);
#485 = B_SPLINE_CURVE_WITH_KNOTS('',6,(#486,#487,#488,#489,#490,#491,
    #492,#493,#494,#495,#496,#497,#498,#499,#500,#501,#502,#503,#504,
    #505,#506,#507,#508,#509,#510,#511,#512,#513,#514,#515,#516,#517,
    #518,#519,#520,#521,#522,#523,#524,#525,#526,#527,#528,#529,#530,
    #531,#532,#533,#534,#535,#536,#537,#538,#539,#540,#541,#542,#543,
    #544,#545,#546,#547,#548,#549,#550,#551,#552,#553,#554,#555,#556,
    #557,#558,#559,#560,#561,#562,#563,#564,#565,#566,#567),
  .UNSPECIFIED.,.T.,.F.,(7,5,5,5,5,5,5,5,5,5,5,5,5,5,5,5,7),(0.,
    0.109790894256,0.183307199251,0.249723392431,0.300681525424,
    0.368596462603,0.450986231924,0.500549626971,0.53760792762,
    0.558713872526,0.611390957911,0.684502825787,0.750553641898,
    0.801231437632,0.868772752699,0.950709269207,1.),.UNSPECIFIED.);
#486 = CARTESIAN_POINT('',(-2.416306078016,-1.25));
#487 = CARTESIAN_POINT('',(-2.416306078016,-1.252631204032));
#488 = CARTESIAN_POINT('',(-2.434717276848,-1.255166185263));
#489 = CARTESIAN_POINT('',(-2.469022387397,-1.257572494742));
#490 = CARTESIAN_POINT('',(-2.515891470156,-1.259813068336));
#491 = CARTESIAN_POINT('',(-2.571019955794,-1.261794700395));
#492 = CARTESIAN_POINT('',(-2.66803460822,-1.26459242606));
#493 = CARTESIAN_POINT('',(-2.709336750074,-1.265607900037));
#494 = CARTESIAN_POINT('',(-2.752320015012,-1.266508397215));
#495 = CARTESIAN_POINT('',(-2.79641089341,-1.267290949883));
#496 = CARTESIAN_POINT('',(-2.841318553512,-1.267955873389));
#497 = CARTESIAN_POINT('',(-2.928608857349,-1.269000347561));
#498 = CARTESIAN_POINT('',(-2.970724292466,-1.269400274722));
#499 = CARTESIAN_POINT('',(-3.013292374752,-1.269700153515));
#500 = CARTESIAN_POINT('',(-3.05598772901,-1.269899761753));
#501 = CARTESIAN_POINT('',(-3.098658429555,-1.27));
#502 = CARTESIAN_POINT('',(-3.174534136586,-1.27));
#503 = CARTESIAN_POINT('',(-3.207404693067,-1.269940816513));
#504 = CARTESIAN_POINT('',(-3.2402392705,-1.269822918563));
#505 = CARTESIAN_POINT('',(-3.273008429195,-1.269645845594));
#506 = CARTESIAN_POINT('',(-3.305616999639,-1.269409570107));
#507 = CARTESIAN_POINT('',(-3.38093186762,-1.268724415748));
#508 = CARTESIAN_POINT('',(-3.423320311281,-1.268231721688));
#509 = CARTESIAN_POINT('',(-3.465198319196,-1.267637184551));
#510 = CARTESIAN_POINT('',(-3.506385263888,-1.266940461766));
#511 = CARTESIAN_POINT('',(-3.5465048092,-1.266143366932));
#512 = CARTESIAN_POINT('',(-3.631921224361,-1.264170156456));
#513 = CARTESIAN_POINT('',(-3.676649965442,-1.26294598114));
#514 = CARTESIAN_POINT('',(-3.718724124367,-1.261579338927));
#515 = CARTESIAN_POINT('',(-3.757064139948,-1.2600777389));
#516 = CARTESIAN_POINT('',(-3.790224976714,-1.258452204598));
#517 = CARTESIAN_POINT('',(-3.832383255902,-1.255667334272));
#518 = CARTESIAN_POINT('',(-3.845780726894,-1.254577786598));
#519 = CARTESIAN_POINT('',(-3.85620829315,-1.253456600256));
#520 = CARTESIAN_POINT('',(-3.863306840358,-1.252313994853));
#521 = CARTESIAN_POINT('',(-3.866879229163,-1.251159013381));
#522 = CARTESIAN_POINT('',(-3.866879229163,-1.249133411537));
#523 = CARTESIAN_POINT('',(-3.864882553858,-1.248267976517));
#524 = CARTESIAN_POINT('',(-3.860897343788,-1.247407713262));
#525 = CARTESIAN_POINT('',(-3.854990774685,-1.246556978876));
#526 = CARTESIAN_POINT('',(-3.847289057466,-1.24572046924));
#527 = CARTESIAN_POINT('',(-3.832674158843,-1.244437767608));
#528 = CARTESIAN_POINT('',(-3.826845232137,-1.243978253171));
#529 = CARTESIAN_POINT('',(-3.820517426299,-1.243525081478));
#530 = CARTESIAN_POINT('',(-3.81371931045,-1.243078687041));
#531 = CARTESIAN_POINT('',(-3.806481254664,-1.242639533106));
#532 = CARTESIAN_POINT('',(-3.779752666192,-1.241131352267));
#533 = CARTESIAN_POINT('',(-3.758138675993,-1.240103238793));
#534 = CARTESIAN_POINT('',(-3.734414384009,-1.239126555301));
#535 = CARTESIAN_POINT('',(-3.708958865793,-1.238204079722));
#536 = CARTESIAN_POINT('',(-3.682092301494,-1.237338047686));
#537 = CARTESIAN_POINT('',(-3.615150698938,-1.235407573939));
#538 = CARTESIAN_POINT('',(-3.573848557143,-1.234392099964));
#539 = CARTESIAN_POINT('',(-3.530865292166,-1.233491602785));
#540 = CARTESIAN_POINT('',(-3.486774413732,-1.232709050116));
#541 = CARTESIAN_POINT('',(-3.441866753693,-1.232044126611));
#542 = CARTESIAN_POINT('',(-3.354576449792,-1.230999652439));
#543 = CARTESIAN_POINT('',(-3.312461014737,-1.230599725278));
#544 = CARTESIAN_POINT('',(-3.269892932453,-1.230299846485));
#545 = CARTESIAN_POINT('',(-3.22719757816,-1.230100238247));
#546 = CARTESIAN_POINT('',(-3.184526877613,-1.23));
#547 = CARTESIAN_POINT('',(-3.108651170605,-1.23));
#548 = CARTESIAN_POINT('',(-3.075780614109,-1.230059183487));
#549 = CARTESIAN_POINT('',(-3.042946036673,-1.230177081437));
#550 = CARTESIAN_POINT('',(-3.010176877985,-1.230354154406));
#551 = CARTESIAN_POINT('',(-2.977568307543,-1.230590429893));
#552 = CARTESIAN_POINT('',(-2.902253439532,-1.231275584253));
#553 = CARTESIAN_POINT('',(-2.859864995938,-1.231768278311));
#554 = CARTESIAN_POINT('',(-2.817986987986,-1.232362815449));
#555 = CARTESIAN_POINT('',(-2.776800043253,-1.233059538235));
#556 = CARTESIAN_POINT('',(-2.736680498001,-1.233856633067));
#557 = CARTESIAN_POINT('',(-2.651264082764,-1.235829843545));
#558 = CARTESIAN_POINT('',(-2.606535341771,-1.23705401886));
#559 = CARTESIAN_POINT('',(-2.564461182851,-1.238420661072));
#560 = CARTESIAN_POINT('',(-2.526121167218,-1.2399222611));
#561 = CARTESIAN_POINT('',(-2.492960330445,-1.241547795403));
#562 = CARTESIAN_POINT('',(-2.450802051278,-1.244332665728));
#563 = CARTESIAN_POINT('',(-2.437404580286,-1.245422213402));
#564 = CARTESIAN_POINT('',(-2.42697701403,-1.246543399744));
#565 = CARTESIAN_POINT('',(-2.419878466822,-1.247686005147));
#566 = CARTESIAN_POINT('',(-2.416306078016,-1.248840986619));
#567 = CARTESIAN_POINT('',(-2.416306078016,-1.25));
#568 = ( GEOMETRIC_REPRESENTATION_CONTEXT(2) 
PARAMETRIC_REPRESENTATION_CONTEXT() REPRESENTATION_CONTEXT('2D SPACE',''
  ) );
#569 = PCURVE('',#570,#575);
#570 = CYLINDRICAL_SURFACE('',#571,2.E-02);
#571 = AXIS2_PLACEMENT_3D('',#572,#573,#574);
#572 = CARTESIAN_POINT('',(-0.275,0.,1.25));
#573 = DIRECTION('',(-1.,-0.,-0.));
#574 = DIRECTION('',(0.,1.,0.));
#575 = DEFINITIONAL_REPRESENTATION('',(#576),#659);
#576 = B_SPLINE_CURVE_WITH_KNOTS('',6,(#577,#578,#579,#580,#581,#582,
    #583,#584,#585,#586,#587,#588,#589,#590,#591,#592,#593,#594,#595,
    #596,#597,#598,#599,#600,#601,#602,#603,#604,#605,#606,#607,#608,
    #609,#610,#611,#612,#613,#614,#615,#616,#617,#618,#619,#620,#621,
    #622,#623,#624,#625,#626,#627,#628,#629,#630,#631,#632,#633,#634,
    #635,#636,#637,#638,#639,#640,#641,#642,#643,#644,#645,#646,#647,
    #648,#649,#650,#651,#652,#653,#654,#655,#656,#657,#658),
  .UNSPECIFIED.,.F.,.F.,(7,5,5,5,5,5,5,5,5,5,5,5,5,5,5,5,7),(0.,
    0.109790894256,0.183307199251,0.249723392431,0.300681525424,
    0.368596462603,0.450986231924,0.500549626971,0.53760792762,
    0.558713872526,0.611390957911,0.684502825787,0.750553641898,
    0.801231437632,0.868772752699,0.950709269207,1.),.UNSPECIFIED.);
#577 = CARTESIAN_POINT('',(0.,-0.252438473013));
#578 = CARTESIAN_POINT('',(-0.131560201591,-0.252438473013));
#579 = CARTESIAN_POINT('',(-0.258316604728,-0.252070251709));
#580 = CARTESIAN_POINT('',(-0.382697927706,-0.251384229652));
#581 = CARTESIAN_POINT('',(-0.505597674226,-0.250503493238));
#582 = CARTESIAN_POINT('',(-0.625610501234,-0.249582143254));
#583 = CARTESIAN_POINT('',(-0.814858348926,-0.248147937337));
#584 = CARTESIAN_POINT('',(-0.889834401847,-0.247584930127));
#585 = CARTESIAN_POINT('',(-0.963881192147,-0.247057993032));
#586 = CARTESIAN_POINT('',(-1.036974680858,-0.246582723089));
#587 = CARTESIAN_POINT('',(-1.109327383828,-0.24616849163));
#588 = CARTESIAN_POINT('',(-1.246973481058,-0.24550612292));
#589 = CARTESIAN_POINT('',(-1.312128894923,-0.245246452889));
#590 = CARTESIAN_POINT('',(-1.377113945949,-0.245048897672));
#591 = CARTESIAN_POINT('',(-1.441745698413,-0.244916492967));
#592 = CARTESIAN_POINT('',(-1.506072984063,-0.24485));
#593 = CARTESIAN_POINT('',(-1.620455612412,-0.24485));
#594 = CARTESIAN_POINT('',(-1.670008481962,-0.244889258734));
#595 = CARTESIAN_POINT('',(-1.719628631945,-0.244967466249));
#596 = CARTESIAN_POINT('',(-1.769397207661,-0.245084447038));
#597 = CARTESIAN_POINT('',(-1.819303831109,-0.245239225557));
#598 = CARTESIAN_POINT('',(-1.935810701143,-0.245682137723));
#599 = CARTESIAN_POINT('',(-2.002335179915,-0.245996999953));
#600 = CARTESIAN_POINT('',(-2.069363908523,-0.246370479763));
#601 = CARTESIAN_POINT('',(-2.137054390734,-0.246797138083));
#602 = CARTESIAN_POINT('',(-2.205372642772,-0.247267614724));
#603 = CARTESIAN_POINT('',(-2.357889297879,-0.248372704297));
#604 = CARTESIAN_POINT('',(-2.442638527271,-0.249022736069));
#605 = CARTESIAN_POINT('',(-2.528992972991,-0.249696773987));
#606 = CARTESIAN_POINT('',(-2.617062587914,-0.250359496327));
#607 = CARTESIAN_POINT('',(-2.706981067104,-0.250964928813));
#608 = CARTESIAN_POINT('',(-2.854801071673,-0.251759174092));
#609 = CARTESIAN_POINT('',(-2.911313894457,-0.252018696472));
#610 = CARTESIAN_POINT('',(-2.968414646838,-0.252224989873));
#611 = CARTESIAN_POINT('',(-3.02589148847,-0.252367061011));
#612 = CARTESIAN_POINT('',(-3.083641984557,-0.252438473013));
#613 = CARTESIAN_POINT('',(-3.184922076721,-0.252438473013));
#614 = CARTESIAN_POINT('',(-3.228191302565,-0.25239849327));
#615 = CARTESIAN_POINT('',(-3.27135308279,-0.252318821885));
#616 = CARTESIAN_POINT('',(-3.314330345094,-0.252201440365));
#617 = CARTESIAN_POINT('',(-3.357016193207,-0.252050023623));
#618 = CARTESIAN_POINT('',(-3.423341091873,-0.251767376311));
#619 = CARTESIAN_POINT('',(-3.447284373813,-0.251655423683));
#620 = CARTESIAN_POINT('',(-3.471104614012,-0.251534906298));
#621 = CARTESIAN_POINT('',(-3.494799215724,-0.251406691599));
#622 = CARTESIAN_POINT('',(-3.51836212415,-0.25127169027));
#623 = CARTESIAN_POINT('',(-3.600240674363,-0.25077935687));
#624 = CARTESIAN_POINT('',(-3.657790753196,-0.250391644273));
#625 = CARTESIAN_POINT('',(-3.714543575443,-0.249980982446));
#626 = CARTESIAN_POINT('',(-3.770554714646,-0.249559500375));
#627 = CARTESIAN_POINT('',(-3.825867076439,-0.249137561482));
#628 = CARTESIAN_POINT('',(-3.956451002559,-0.248147937337));
#629 = CARTESIAN_POINT('',(-4.031427055371,-0.247584930128));
#630 = CARTESIAN_POINT('',(-4.105473845735,-0.247057993032));
#631 = CARTESIAN_POINT('',(-4.178567334513,-0.246582723088));
#632 = CARTESIAN_POINT('',(-4.250920037377,-0.24616849163));
#633 = CARTESIAN_POINT('',(-4.388566134708,-0.24550612292));
#634 = CARTESIAN_POINT('',(-4.453721548477,-0.245246452889));
#635 = CARTESIAN_POINT('',(-4.518706599501,-0.245048897672));
#636 = CARTESIAN_POINT('',(-4.583338352019,-0.244916492967));
#637 = CARTESIAN_POINT('',(-4.647665637669,-0.24485));
#638 = CARTESIAN_POINT('',(-4.762048265985,-0.24485));
#639 = CARTESIAN_POINT('',(-4.811601135558,-0.244889258734));
#640 = CARTESIAN_POINT('',(-4.861221285545,-0.244967466249));
#641 = CARTESIAN_POINT('',(-4.910989861251,-0.245084447038));
#642 = CARTESIAN_POINT('',(-4.960896484696,-0.245239225557));
#643 = CARTESIAN_POINT('',(-5.077403354776,-0.245682137723));
#644 = CARTESIAN_POINT('',(-5.143927833438,-0.245996999952));
#645 = CARTESIAN_POINT('',(-5.210956562111,-0.246370479763));
#646 = CARTESIAN_POINT('',(-5.278647044389,-0.246797138084));
#647 = CARTESIAN_POINT('',(-5.346965296322,-0.247267614724));
#648 = CARTESIAN_POINT('',(-5.499481951568,-0.248372704298));
#649 = CARTESIAN_POINT('',(-5.584231180813,-0.249022736069));
#650 = CARTESIAN_POINT('',(-5.670585626496,-0.249696773987));
#651 = CARTESIAN_POINT('',(-5.758655241506,-0.250359496327));
#652 = CARTESIAN_POINT('',(-5.848573720766,-0.250964928814));
#653 = CARTESIAN_POINT('',(-5.996393725263,-0.251759174092));
#654 = CARTESIAN_POINT('',(-6.052906548047,-0.252018696472));
#655 = CARTESIAN_POINT('',(-6.110007300427,-0.252224989873));
#656 = CARTESIAN_POINT('',(-6.16748414206,-0.252367061011));
#657 = CARTESIAN_POINT('',(-6.225234638147,-0.252438473013));
#658 = CARTESIAN_POINT('',(-6.28318530718,-0.252438473013));
#659 = ( GEOMETRIC_REPRESENTATION_CONTEXT(2) 
PARAMETRIC_REPRESENTATION_CONTEXT() REPRESENTATION_CONTEXT('2D SPACE',''
  ) );
#660 = ADVANCED_FACE('',(#661),#570,.T.);
#661 = FACE_BOUND('',#662,.F.);
#662 = EDGE_LOOP('',(#663,#692,#713,#714));
#663 = ORIENTED_EDGE('',*,*,#664,.F.);
#664 = EDGE_CURVE('',#665,#665,#667,.T.);
#665 = VERTEX_POINT('',#666);
#666 = CARTESIAN_POINT('',(-0.275,2.E-02,1.25));
#667 = SURFACE_CURVE('',#668,(#673,#680),.PCURVE_S1.);
#668 = CIRCLE('',#669,2.E-02);
#669 = AXIS2_PLACEMENT_3D('',#670,#671,#672);
#670 = CARTESIAN_POINT('',(-0.275,0.,1.25));
#671 = DIRECTION('',(1.,0.,0.));
#672 = DIRECTION('',(0.,1.,0.));
#673 = PCURVE('',#570,#674);
#674 = DEFINITIONAL_REPRESENTATION('',(#675),#679);
#675 = LINE('',#676,#677);
#676 = CARTESIAN_POINT('',(-0.,0.));
#677 = VECTOR('',#678,1.);
#678 = DIRECTION('',(-1.,0.));
#679 = ( GEOMETRIC_REPRESENTATION_CONTEXT(2) 
PARAMETRIC_REPRESENTATION_CONTEXT() REPRESENTATION_CONTEXT('2D SPACE',''
  ) );
#680 = PCURVE('',#681,#686);
#681 = PLANE('',#682);
#682 = AXIS2_PLACEMENT_3D('',#683,#684,#685);
#683 = CARTESIAN_POINT('',(-0.275,-1.564911040351E-18,1.25));
#684 = DIRECTION('',(1.,0.,0.));
#685 = DIRECTION('',(-0.,0.,1.));
#686 = DEFINITIONAL_REPRESENTATION('',(#687),#691);
#687 = CIRCLE('',#688,2.E-02);
#688 = AXIS2_PLACEMENT_2D('',#689,#690);
#689 = CARTESIAN_POINT('',(0.,-1.564911040351E-18));
#690 = DIRECTION('',(0.,-1.));
#691 = ( GEOMETRIC_REPRESENTATION_CONTEXT(2) 
PARAMETRIC_REPRESENTATION_CONTEXT() REPRESENTATION_CONTEXT('2D SPACE',''
  ) );
#692 = ORIENTED_EDGE('',*,*,#693,.T.);
#693 = EDGE_CURVE('',#665,#397,#694,.T.);
#694 = SEAM_CURVE('',#695,(#699,#706),.PCURVE_S1.);
#695 = LINE('',#696,#697);
#696 = CARTESIAN_POINT('',(-0.275,2.E-02,1.25));
#697 = VECTOR('',#698,1.);
#698 = DIRECTION('',(1.,0.,0.));
#699 = PCURVE('',#570,#700);
#700 = DEFINITIONAL_REPRESENTATION('',(#701),#705);
#701 = LINE('',#702,#703);
#702 = CARTESIAN_POINT('',(-6.28318530718,0.));
#703 = VECTOR('',#704,1.);
#704 = DIRECTION('',(-0.,-1.));
#705 = ( GEOMETRIC_REPRESENTATION_CONTEXT(2) 
PARAMETRIC_REPRESENTATION_CONTEXT() REPRESENTATION_CONTEXT('2D SPACE',''
  ) );
#706 = PCURVE('',#570,#707);
#707 = DEFINITIONAL_REPRESENTATION('',(#708),#712);
#708 = LINE('',#709,#710);
#709 = CARTESIAN_POINT('',(-0.,0.));
#710 = VECTOR('',#711,1.);
#711 = DIRECTION('',(-0.,-1.));
#712 = ( GEOMETRIC_REPRESENTATION_CONTEXT(2) 
PARAMETRIC_REPRESENTATION_CONTEXT() REPRESENTATION_CONTEXT('2D SPACE',''
  ) );
#713 = ORIENTED_EDGE('',*,*,#396,.T.);
#714 = ORIENTED_EDGE('',*,*,#693,.F.);
#715 = ADVANCED_FACE('',(#716,#719),#681,.F.);
#716 = FACE_BOUND('',#717,.F.);
#717 = EDGE_LOOP('',(#718));
#718 = ORIENTED_EDGE('',*,*,#664,.T.);
#719 = FACE_BOUND('',#720,.F.);
#720 = EDGE_LOOP('',(#721));
#721 = ORIENTED_EDGE('',*,*,#722,.F.);
#722 = EDGE_CURVE('',#723,#723,#725,.T.);
#723 = VERTEX_POINT('',#724);
#724 = CARTESIAN_POINT('',(-0.275,1.4E-02,1.25));
#725 = SURFACE_CURVE('',#726,(#731,#738),.PCURVE_S1.);
#726 = CIRCLE('',#727,1.4E-02);
#727 = AXIS2_PLACEMENT_3D('',#728,#729,#730);
#728 = CARTESIAN_POINT('',(-0.275,9.520650327138E-17,1.25));
#729 = DIRECTION('',(1.,0.,0.));
#730 = DIRECTION('',(0.,1.,0.));
#731 = PCURVE('',#681,#732);
#732 = DEFINITIONAL_REPRESENTATION('',(#733),#737);
#733 = CIRCLE('',#734,1.4E-02);
#734 = AXIS2_PLACEMENT_2D('',#735,#736);
#735 = CARTESIAN_POINT('',(0.,-9.677141431173E-17));
#736 = DIRECTION('',(0.,-1.));
#737 = ( GEOMETRIC_REPRESENTATION_CONTEXT(2) 
PARAMETRIC_REPRESENTATION_CONTEXT() REPRESENTATION_CONTEXT('2D SPACE',''
  ) );
#738 = PCURVE('',#739,#744);
#739 = CYLINDRICAL_SURFACE('',#740,1.4E-02);
#740 = AXIS2_PLACEMENT_3D('',#741,#742,#743);
#741 = CARTESIAN_POINT('',(-0.275,9.520650327138E-17,1.25));
#742 = DIRECTION('',(-1.,-0.,-0.));
#743 = DIRECTION('',(0.,1.,0.));
#744 = DEFINITIONAL_REPRESENTATION('',(#745),#749);
#745 = LINE('',#746,#747);
#746 = CARTESIAN_POINT('',(-0.,0.));
#747 = VECTOR('',#748,1.);
#748 = DIRECTION('',(-1.,0.));
#749 = ( GEOMETRIC_REPRESENTATION_CONTEXT(2) 
PARAMETRIC_REPRESENTATION_CONTEXT() REPRESENTATION_CONTEXT('2D SPACE',''
  ) );
#750 = ADVANCED_FACE('',(#751),#739,.F.);
#751 = FACE_BOUND('',#752,.T.);
#752 = EDGE_LOOP('',(#753,#754,#777,#980));
#753 = ORIENTED_EDGE('',*,*,#722,.F.);
#754 = ORIENTED_EDGE('',*,*,#755,.T.);
#755 = EDGE_CURVE('',#723,#756,#758,.T.);
#756 = VERTEX_POINT('',#757);
#757 = CARTESIAN_POINT('',(-2.670248115812E-02,1.4E-02,1.25));
#758 = SEAM_CURVE('',#759,(#763,#770),.PCURVE_S1.);
#759 = LINE('',#760,#761);
#760 = CARTESIAN_POINT('',(-0.275,1.4E-02,1.25));
#761 = VECTOR('',#762,1.);
#762 = DIRECTION('',(1.,0.,0.));
#763 = PCURVE('',#739,#764);
#764 = DEFINITIONAL_REPRESENTATION('',(#765),#769);
#765 = LINE('',#766,#767);
#766 = CARTESIAN_POINT('',(-6.28318530718,0.));
#767 = VECTOR('',#768,1.);
#768 = DIRECTION('',(-0.,-1.));
#769 = ( GEOMETRIC_REPRESENTATION_CONTEXT(2) 
PARAMETRIC_REPRESENTATION_CONTEXT() REPRESENTATION_CONTEXT('2D SPACE',''
  ) );
#770 = PCURVE('',#739,#771);
#771 = DEFINITIONAL_REPRESENTATION('',(#772),#776);
#772 = LINE('',#773,#774);
#773 = CARTESIAN_POINT('',(-0.,0.));
#774 = VECTOR('',#775,1.);
#775 = DIRECTION('',(-0.,-1.));
#776 = ( GEOMETRIC_REPRESENTATION_CONTEXT(2) 
PARAMETRIC_REPRESENTATION_CONTEXT() REPRESENTATION_CONTEXT('2D SPACE',''
  ) );
#777 = ORIENTED_EDGE('',*,*,#778,.T.);
#778 = EDGE_CURVE('',#756,#756,#779,.T.);
#779 = SURFACE_CURVE('',#780,(#843,#909),.PCURVE_S1.);
#780 = B_SPLINE_CURVE_WITH_KNOTS('',6,(#781,#782,#783,#784,#785,#786,
    #787,#788,#789,#790,#791,#792,#793,#794,#795,#796,#797,#798,#799,
    #800,#801,#802,#803,#804,#805,#806,#807,#808,#809,#810,#811,#812,
    #813,#814,#815,#816,#817,#818,#819,#820,#821,#822,#823,#824,#825,
    #826,#827,#828,#829,#830,#831,#832,#833,#834,#835,#836,#837,#838,
    #839,#840,#841,#842),.UNSPECIFIED.,.T.,.F.,(7,5,5,5,5,5,5,5,5,5,5,5,
    7),(0.,0.153876820454,0.215708145035,0.279121621592,0.338258347338,
    0.466507606652,0.496647838198,0.652601780995,0.715267733511,
    0.779537198475,0.839472227602,0.969452869831,1.),.UNSPECIFIED.);
#781 = CARTESIAN_POINT('',(-2.670248115812E-02,1.4E-02,1.25));
#782 = CARTESIAN_POINT('',(-2.670248115812E-02,1.4E-02,1.252441328178));
#783 = CARTESIAN_POINT('',(-2.697025352625E-02,1.348876127351E-02,
    1.254817361328));
#784 = CARTESIAN_POINT('',(-2.747937175565E-02,1.25201007216E-02,
    1.25703166762));
#785 = CARTESIAN_POINT('',(-2.811242307716E-02,1.112872247451E-02,
    1.259002093974));
#786 = CARTESIAN_POINT('',(-2.870818120585E-02,9.409601780016E-03,
    1.2605981856));
#787 = CARTESIAN_POINT('',(-2.938165092296E-02,6.806975117812E-03,
    1.262265811911));
#788 = CARTESIAN_POINT('',(-2.955871394869E-02,6.028140290537E-03,
    1.262684762481));
#789 = CARTESIAN_POINT('',(-2.971501056696E-02,5.222913056334E-03,
    1.263042481486));
#790 = CARTESIAN_POINT('',(-2.984690580516E-02,4.396962731165E-03,
    1.263337484007));
#791 = CARTESIAN_POINT('',(-2.995191347529E-02,3.555211384315E-03,
    1.263568968196));
#792 = CARTESIAN_POINT('',(-3.010744360333E-02,1.826619901621E-03,
    1.263908957259));
#793 = CARTESIAN_POINT('',(-3.015665907259E-02,9.367243800993E-04,
    1.264014487008));
#794 = CARTESIAN_POINT('',(-3.017405803191E-02,3.971011049544E-05,
    1.264051447802));
#795 = CARTESIAN_POINT('',(-3.015899374069E-02,-8.570493122268E-04,
    1.26401946893));
#796 = CARTESIAN_POINT('',(-3.011222025336E-02,-1.74671669456E-03,
    1.263919246045));
#797 = CARTESIAN_POINT('',(-2.996425426653E-02,-3.440838728128E-03,
    1.263596074983));
#798 = CARTESIAN_POINT('',(-2.986690815665E-02,-4.248005587638E-03,
    1.263381790942));
#799 = CARTESIAN_POINT('',(-2.974475346104E-02,-5.041195311848E-03,
    1.263109270774));
#800 = CARTESIAN_POINT('',(-2.959989069053E-02,-5.816102924633E-03,
    1.262779188803));
#801 = CARTESIAN_POINT('',(-2.943538448124E-02,-6.567762144624E-03,
    1.262392792291));
#802 = CARTESIAN_POINT('',(-2.886463712657E-02,-8.858038581354E-03,
    1.260995745604));
#803 = CARTESIAN_POINT('',(-2.839471168572E-02,-1.031437736896E-02,
    1.259768997382));
#804 = CARTESIAN_POINT('',(-2.788763213219E-02,-1.157768991198E-02,
    1.258289191933));
#805 = CARTESIAN_POINT('',(-2.741583169948E-02,-1.258954317675E-02,
    1.256605578672));
#806 = CARTESIAN_POINT('',(-2.705405609428E-02,-1.331550213386E-02,
    1.254762819906));
#807 = CARTESIAN_POINT('',(-2.680151463703E-02,-1.380986866341E-02,
    1.25234685674));
#808 = CARTESIAN_POINT('',(-2.676229858415E-02,-1.388565221141E-02,
    1.251882359392));
#809 = CARTESIAN_POINT('',(-2.673249517889E-02,-1.394275546699E-02,
    1.251414232993));
#810 = CARTESIAN_POINT('',(-2.671248981377E-02,-1.398091622763E-02,
    1.250943648963));
#811 = CARTESIAN_POINT('',(-2.670248115812E-02,-1.4E-02,1.250471819985)
  );
#812 = CARTESIAN_POINT('',(-2.670248115812E-02,-1.4E-02,1.247558672141)
  );
#813 = CARTESIAN_POINT('',(-2.69702535938E-02,-1.348876106006E-02,
    1.245182637762));
#814 = CARTESIAN_POINT('',(-2.747937158812E-02,-1.252010127953E-02,
    1.242968333516));
#815 = CARTESIAN_POINT('',(-2.811242324152E-02,-1.112872188884E-02,
    1.240997905336));
#816 = CARTESIAN_POINT('',(-2.870818113945E-02,-9.409602036614E-03,
    1.239401814565));
#817 = CARTESIAN_POINT('',(-2.938165092296E-02,-6.806975117817E-03,
    1.237734188089));
#818 = CARTESIAN_POINT('',(-2.955871394869E-02,-6.028140290545E-03,
    1.237315237519));
#819 = CARTESIAN_POINT('',(-2.971501056696E-02,-5.222913056339E-03,
    1.236957518514));
#820 = CARTESIAN_POINT('',(-2.984690580516E-02,-4.396962731162E-03,
    1.236662515993));
#821 = CARTESIAN_POINT('',(-2.99519134753E-02,-3.555211384306E-03,
    1.236431031804));
#822 = CARTESIAN_POINT('',(-3.010744360805E-02,-1.826619849192E-03,
    1.236091042731));
#823 = CARTESIAN_POINT('',(-3.015665907237E-02,-9.367243420057E-04,
    1.235985512992));
#824 = CARTESIAN_POINT('',(-3.017405802926E-02,-3.971011334634E-05,
    1.235948552204));
#825 = CARTESIAN_POINT('',(-3.01589937409E-02,8.570492725945E-04,
    1.23598053107));
#826 = CARTESIAN_POINT('',(-3.011222025744E-02,1.746716647786E-03,
    1.236080753946));
#827 = CARTESIAN_POINT('',(-2.996425420935E-02,3.440839382817E-03,
    1.236403925142));
#828 = CARTESIAN_POINT('',(-2.986690822296E-02,4.248005445607E-03,
    1.236618208892));
#829 = CARTESIAN_POINT('',(-2.974475356871E-02,5.04119468321E-03,
    1.236890728971));
#830 = CARTESIAN_POINT('',(-2.959989068721E-02,5.81610272186E-03,
    1.237220811214));
#831 = CARTESIAN_POINT('',(-2.943538433701E-02,6.567762723386E-03,
    1.237607208062));
#832 = CARTESIAN_POINT('',(-2.886463710907E-02,8.858038651586E-03,
    1.239004254439));
#833 = CARTESIAN_POINT('',(-2.839471173597E-02,1.031437719402E-02,
    1.24023100244));
#834 = CARTESIAN_POINT('',(-2.788763206978E-02,1.157769010224E-02,
    1.241710808358));
#835 = CARTESIAN_POINT('',(-2.741583173674E-02,1.258954307936E-02,
    1.243394421094));
#836 = CARTESIAN_POINT('',(-2.705405608567E-02,1.331550215072E-02,
    1.245237180176));
#837 = CARTESIAN_POINT('',(-2.680151463703E-02,1.380986866341E-02,
    1.24765314326));
#838 = CARTESIAN_POINT('',(-2.676229858415E-02,1.388565221141E-02,
    1.248117640608));
#839 = CARTESIAN_POINT('',(-2.673249517889E-02,1.394275546699E-02,
    1.248585767007));
#840 = CARTESIAN_POINT('',(-2.671248981377E-02,1.398091622763E-02,
    1.249056351037));
#841 = CARTESIAN_POINT('',(-2.670248115812E-02,1.4E-02,1.249528180015));
#842 = CARTESIAN_POINT('',(-2.670248115812E-02,1.4E-02,1.25));
#843 = PCURVE('',#739,#844);
#844 = DEFINITIONAL_REPRESENTATION('',(#845),#908);
#845 = B_SPLINE_CURVE_WITH_KNOTS('',6,(#846,#847,#848,#849,#850,#851,
    #852,#853,#854,#855,#856,#857,#858,#859,#860,#861,#862,#863,#864,
    #865,#866,#867,#868,#869,#870,#871,#872,#873,#874,#875,#876,#877,
    #878,#879,#880,#881,#882,#883,#884,#885,#886,#887,#888,#889,#890,
    #891,#892,#893,#894,#895,#896,#897,#898,#899,#900,#901,#902,#903,
    #904,#905,#906,#907),.UNSPECIFIED.,.F.,.F.,(7,5,5,5,5,5,5,5,5,5,5,5,
    7),(0.,0.153876820454,0.215708145035,0.279121621592,0.338258347338,
    0.466507606652,0.496647838198,0.652601780995,0.715267733511,
    0.779537198475,0.839472227602,0.969452869831,1.),.UNSPECIFIED.);
#846 = CARTESIAN_POINT('',(0.,-0.248297518842));
#847 = CARTESIAN_POINT('',(-0.174380584117,-0.248297518842));
#848 = CARTESIAN_POINT('',(-0.344095154383,-0.248029746474));
#849 = CARTESIAN_POINT('',(-0.511820383095,-0.247520628244));
#850 = CARTESIAN_POINT('',(-0.678579018455,-0.246887576923));
#851 = CARTESIAN_POINT('',(-0.843451160111,-0.246291818794));
#852 = CARTESIAN_POINT('',(-1.064241057682,-0.245618349077));
#853 = CARTESIAN_POINT('',(-1.127228009112,-0.245441286051));
#854 = CARTESIAN_POINT('',(-1.189896602066,-0.245284989433));
#855 = CARTESIAN_POINT('',(-1.252280890168,-0.245153094195));
#856 = CARTESIAN_POINT('',(-1.314466314964,-0.245048086525));
#857 = CARTESIAN_POINT('',(-1.440302722314,-0.244892556397));
#858 = CARTESIAN_POINT('',(-1.504125774934,-0.244843340927));
#859 = CARTESIAN_POINT('',(-1.567970657996,-0.244825941968));
#860 = CARTESIAN_POINT('',(-1.631782865817,-0.244841006259));
#861 = CARTESIAN_POINT('',(-1.695546951566,-0.244887779747));
#862 = CARTESIAN_POINT('',(-1.818737715361,-0.245035745733));
#863 = CARTESIAN_POINT('',(-1.878239031614,-0.245133091843));
#864 = CARTESIAN_POINT('',(-1.937916553359,-0.245255246539));
#865 = CARTESIAN_POINT('',(-1.997845387285,-0.245400109309));
#866 = CARTESIAN_POINT('',(-2.058055028177,-0.245564615519));
#867 = CARTESIAN_POINT('',(-2.249679469576,-0.246135362873));
#868 = CARTESIAN_POINT('',(-2.384115413392,-0.246605288314));
#869 = CARTESIAN_POINT('',(-2.520260425384,-0.247112367868));
#870 = CARTESIAN_POINT('',(-2.657777042619,-0.247584168301));
#871 = CARTESIAN_POINT('',(-2.797128217994,-0.247945943906));
#872 = CARTESIAN_POINT('',(-2.973272817225,-0.248198485363));
#873 = CARTESIAN_POINT('',(-3.006862495969,-0.248237701416));
#874 = CARTESIAN_POINT('',(-3.040507097517,-0.248267504821));
#875 = CARTESIAN_POINT('',(-3.074189478938,-0.248287510186));
#876 = CARTESIAN_POINT('',(-3.107891226083,-0.248297518842));
#877 = CARTESIAN_POINT('',(-3.315973214977,-0.248297518842));
#878 = CARTESIAN_POINT('',(-3.485687879946,-0.248029746406));
#879 = CARTESIAN_POINT('',(-3.653412936349,-0.247520628412));
#880 = CARTESIAN_POINT('',(-3.82017174275,-0.246887576758));
#881 = CARTESIAN_POINT('',(-3.985043791933,-0.246291818861));
#882 = CARTESIAN_POINT('',(-4.205833711272,-0.245618349077));
#883 = CARTESIAN_POINT('',(-4.268820662702,-0.245441286051));
#884 = CARTESIAN_POINT('',(-4.331489255656,-0.245284989433));
#885 = CARTESIAN_POINT('',(-4.393873543758,-0.245153094195));
#886 = CARTESIAN_POINT('',(-4.456058968554,-0.245048086525));
#887 = CARTESIAN_POINT('',(-4.581895379721,-0.244892556392));
#888 = CARTESIAN_POINT('',(-4.645718431191,-0.244843340928));
#889 = CARTESIAN_POINT('',(-4.709563311378,-0.244825941971));
#890 = CARTESIAN_POINT('',(-4.773375516629,-0.244841006259));
#891 = CARTESIAN_POINT('',(-4.837139601755,-0.244887779743));
#892 = CARTESIAN_POINT('',(-4.960330416558,-0.245035745791));
#893 = CARTESIAN_POINT('',(-5.019831671339,-0.245133091777));
#894 = CARTESIAN_POINT('',(-5.079509157833,-0.245255246431));
#895 = CARTESIAN_POINT('',(-5.139438027663,-0.245400109313));
#896 = CARTESIAN_POINT('',(-5.199647730191,-0.245564615663));
#897 = CARTESIAN_POINT('',(-5.391272129041,-0.246135362891));
#898 = CARTESIAN_POINT('',(-5.525708048078,-0.246605288264));
#899 = CARTESIAN_POINT('',(-5.661853105639,-0.24711236793));
#900 = CARTESIAN_POINT('',(-5.799369677157,-0.247584168263));
#901 = CARTESIAN_POINT('',(-5.938720877589,-0.247945943914));
#902 = CARTESIAN_POINT('',(-6.114865470814,-0.248198485363));
#903 = CARTESIAN_POINT('',(-6.148455149559,-0.248237701416));
#904 = CARTESIAN_POINT('',(-6.182099751107,-0.248267504821));
#905 = CARTESIAN_POINT('',(-6.215782132528,-0.248287510186));
#906 = CARTESIAN_POINT('',(-6.249483879673,-0.248297518842));
#907 = CARTESIAN_POINT('',(-6.28318530718,-0.248297518842));
#908 = ( GEOMETRIC_REPRESENTATION_CONTEXT(2) 
PARAMETRIC_REPRESENTATION_CONTEXT() REPRESENTATION_CONTEXT('2D SPACE',''
  ) );
#909 = PCURVE('',#910,#915);
#910 = CYLINDRICAL_SURFACE('',#911,3.015E-02);
#911 = AXIS2_PLACEMENT_3D('',#912,#913,#914);
#912 = CARTESIAN_POINT('',(0.,0.,0.));
#913 = DIRECTION('',(-0.,-0.,-1.));
#914 = DIRECTION('',(1.,0.,0.));
#915 = DEFINITIONAL_REPRESENTATION('',(#916),#979);
#916 = B_SPLINE_CURVE_WITH_KNOTS('',6,(#917,#918,#919,#920,#921,#922,
    #923,#924,#925,#926,#927,#928,#929,#930,#931,#932,#933,#934,#935,
    #936,#937,#938,#939,#940,#941,#942,#943,#944,#945,#946,#947,#948,
    #949,#950,#951,#952,#953,#954,#955,#956,#957,#958,#959,#960,#961,
    #962,#963,#964,#965,#966,#967,#968,#969,#970,#971,#972,#973,#974,
    #975,#976,#977,#978),.UNSPECIFIED.,.T.,.F.,(7,5,5,5,5,5,5,5,5,5,5,5,
    7),(0.,0.153876820454,0.215708145035,0.279121621592,0.338258347338,
    0.466507606652,0.496647838198,0.652601780995,0.715267733511,
    0.779537198475,0.839472227602,0.969452869831,1.),.UNSPECIFIED.);
#917 = CARTESIAN_POINT('',(-2.658697817547,-1.25));
#918 = CARTESIAN_POINT('',(-2.658697817547,-1.252441328178));
#919 = CARTESIAN_POINT('',(-2.677828259201,-1.254817361328));
#920 = CARTESIAN_POINT('',(-2.714181316985,-1.25703166762));
#921 = CARTESIAN_POINT('',(-2.764635753326,-1.259002093974));
#922 = CARTESIAN_POINT('',(-2.824774331556,-1.2605981856));
#923 = CARTESIAN_POINT('',(-2.913940176932,-1.262265811911));
#924 = CARTESIAN_POINT('',(-2.940418622005,-1.262684762481));
#925 = CARTESIAN_POINT('',(-2.96760427103,-1.263042481486));
#926 = CARTESIAN_POINT('',(-2.995323296763,-1.263337484007));
#927 = CARTESIAN_POINT('',(-3.023440481247,-1.263568968196));
#928 = CARTESIAN_POINT('',(-3.081005134494,-1.263908957259));
#929 = CARTESIAN_POINT('',(-3.110548199473,-1.264014487008));
#930 = CARTESIAN_POINT('',(-3.140276668148,-1.264051447802));
#931 = CARTESIAN_POINT('',(-3.16999517709,-1.26401946893));
#932 = CARTESIAN_POINT('',(-3.199526345998,-1.263919246045));
#933 = CARTESIAN_POINT('',(-3.255930043894,-1.263596074983));
#934 = CARTESIAN_POINT('',(-3.282880032496,-1.263381790942));
#935 = CARTESIAN_POINT('',(-3.309478165251,-1.263109270774));
#936 = CARTESIAN_POINT('',(-3.335607121974,-1.262779188803));
#937 = CARTESIAN_POINT('',(-3.361116444514,-1.262392792291));
#938 = CARTESIAN_POINT('',(-3.439402405921,-1.260995745604));
#939 = CARTESIAN_POINT('',(-3.490039777329,-1.259768997382));
#940 = CARTESIAN_POINT('',(-3.535045775008,-1.258289191933));
#941 = CARTESIAN_POINT('',(-3.572064946568,-1.256605578672));
#942 = CARTESIAN_POINT('',(-3.598964705513,-1.254762819906));
#943 = CARTESIAN_POINT('',(-3.617377160798,-1.25234685674));
#944 = CARTESIAN_POINT('',(-3.62020729473,-1.251882359392));
#945 = CARTESIAN_POINT('',(-3.622343679374,-1.251414232993));
#946 = CARTESIAN_POINT('',(-3.623772743942,-1.250943648963));
#947 = CARTESIAN_POINT('',(-3.624487489633,-1.250471819985));
#948 = CARTESIAN_POINT('',(-3.624487489633,-1.247558672141));
#949 = CARTESIAN_POINT('',(-3.605357040529,-1.245182637762));
#950 = CARTESIAN_POINT('',(-3.569004009561,-1.242968333516));
#951 = CARTESIAN_POINT('',(-3.518549533653,-1.240997905336));
#952 = CARTESIAN_POINT('',(-3.458410984415,-1.239401814565));
#953 = CARTESIAN_POINT('',(-3.369245130248,-1.237734188089));
#954 = CARTESIAN_POINT('',(-3.342766685175,-1.237315237519));
#955 = CARTESIAN_POINT('',(-3.31558103615,-1.236957518514));
#956 = CARTESIAN_POINT('',(-3.287862010416,-1.236662515993));
#957 = CARTESIAN_POINT('',(-3.259744825932,-1.236431031804));
#958 = CARTESIAN_POINT('',(-3.20218017094,-1.236091042731));
#959 = CARTESIAN_POINT('',(-3.172637106449,-1.235985512992));
#960 = CARTESIAN_POINT('',(-3.142908639127,-1.235948552204));
#961 = CARTESIAN_POINT('',(-3.113190131399,-1.23598053107));
#962 = CARTESIAN_POINT('',(-3.083658962738,-1.236080753946));
#963 = CARTESIAN_POINT('',(-3.027255241489,-1.236403925142));
#964 = CARTESIAN_POINT('',(-3.000305279701,-1.236618208892));
#965 = CARTESIAN_POINT('',(-2.973707163138,-1.236890728971));
#966 = CARTESIAN_POINT('',(-2.947578191834,-1.237220811214));
#967 = CARTESIAN_POINT('',(-2.922068842883,-1.237607208062));
#968 = CARTESIAN_POINT('',(-2.843782898858,-1.239004254439));
#969 = CARTESIAN_POINT('',(-2.793145535903,-1.24023100244));
#970 = CARTESIAN_POINT('',(-2.748139525502,-1.241710808358));
#971 = CARTESIAN_POINT('',(-2.711120364088,-1.243394421094));
#972 = CARTESIAN_POINT('',(-2.684220601039,-1.245237180176));
#973 = CARTESIAN_POINT('',(-2.665808146382,-1.24765314326));
#974 = CARTESIAN_POINT('',(-2.662978012449,-1.248117640608));
#975 = CARTESIAN_POINT('',(-2.660841627806,-1.248585767007));
#976 = CARTESIAN_POINT('',(-2.659412563238,-1.249056351037));
#977 = CARTESIAN_POINT('',(-2.658697817547,-1.249528180015));
#978 = CARTESIAN_POINT('',(-2.658697817547,-1.25));
#979 = ( GEOMETRIC_REPRESENTATION_CONTEXT(2) 
PARAMETRIC_REPRESENTATION_CONTEXT() REPRESENTATION_CONTEXT('2D SPACE',''
  ) );
#980 = ORIENTED_EDGE('',*,*,#755,.F.);
#981 = ADVANCED_FACE('',(#982),#910,.T.);
#982 = FACE_BOUND('',#983,.F.);
#983 = EDGE_LOOP('',(#984));
#984 = ORIENTED_EDGE('',*,*,#778,.T.);
#985 = ADVANCED_FACE('',(#986,#1017),#254,.F.);
#986 = FACE_BOUND('',#987,.F.);
#987 = EDGE_LOOP('',(#988));
#988 = ORIENTED_EDGE('',*,*,#989,.T.);
#989 = EDGE_CURVE('',#990,#990,#992,.T.);
#990 = VERTEX_POINT('',#991);
#991 = CARTESIAN_POINT('',(5.5E-02,0.,2.5));
#992 = SURFACE_CURVE('',#993,(#998,#1005),.PCURVE_S1.);
#993 = CIRCLE('',#994,5.5E-02);
#994 = AXIS2_PLACEMENT_3D('',#995,#996,#997);
#995 = CARTESIAN_POINT('',(0.,0.,2.5));
#996 = DIRECTION('',(0.,0.,1.));
#997 = DIRECTION('',(1.,0.,0.));
#998 = PCURVE('',#254,#999);
#999 = DEFINITIONAL_REPRESENTATION('',(#1000),#1004);
#1000 = CIRCLE('',#1001,5.5E-02);
#1001 = AXIS2_PLACEMENT_2D('',#1002,#1003);
#1002 = CARTESIAN_POINT('',(1.517489493674E-18,-7.89793188911E-19));
#1003 = DIRECTION('',(1.,0.));
#1004 = ( GEOMETRIC_REPRESENTATION_CONTEXT(2) 
PARAMETRIC_REPRESENTATION_CONTEXT() REPRESENTATION_CONTEXT('2D SPACE',''
  ) );
#1005 = PCURVE('',#1006,#1011);
#1006 = CYLINDRICAL_SURFACE('',#1007,5.5E-02);
#1007 = AXIS2_PLACEMENT_3D('',#1008,#1009,#1010);
#1008 = CARTESIAN_POINT('',(0.,0.,2.5));
#1009 = DIRECTION('',(-0.,-0.,-1.));
#1010 = DIRECTION('',(1.,0.,0.));
#1011 = DEFINITIONAL_REPRESENTATION('',(#1012),#1016);
#1012 = LINE('',#1013,#1014);
#1013 = CARTESIAN_POINT('',(-0.,0.));
#1014 = VECTOR('',#1015,1.);
#1015 = DIRECTION('',(-1.,0.));
#1016 = ( GEOMETRIC_REPRESENTATION_CONTEXT(2) 
PARAMETRIC_REPRESENTATION_CONTEXT() REPRESENTATION_CONTEXT('2D SPACE',''
  ) );
#1017 = FACE_BOUND('',#1018,.F.);
#1018 = EDGE_LOOP('',(#1019));
#1019 = ORIENTED_EDGE('',*,*,#239,.F.);
#1020 = ADVANCED_FACE('',(#1021),#1006,.T.);
#1021 = FACE_BOUND('',#1022,.F.);
#1022 = EDGE_LOOP('',(#1023,#1046,#1073,#1074));
#1023 = ORIENTED_EDGE('',*,*,#1024,.T.);
#1024 = EDGE_CURVE('',#990,#1025,#1027,.T.);
#1025 = VERTEX_POINT('',#1026);
#1026 = CARTESIAN_POINT('',(5.5E-02,0.,2.525));
#1027 = SEAM_CURVE('',#1028,(#1032,#1039),.PCURVE_S1.);
#1028 = LINE('',#1029,#1030);
#1029 = CARTESIAN_POINT('',(5.5E-02,0.,2.5));
#1030 = VECTOR('',#1031,1.);
#1031 = DIRECTION('',(0.,0.,1.));
#1032 = PCURVE('',#1006,#1033);
#1033 = DEFINITIONAL_REPRESENTATION('',(#1034),#1038);
#1034 = LINE('',#1035,#1036);
#1035 = CARTESIAN_POINT('',(-0.,0.));
#1036 = VECTOR('',#1037,1.);
#1037 = DIRECTION('',(-0.,-1.));
#1038 = ( GEOMETRIC_REPRESENTATION_CONTEXT(2) 
PARAMETRIC_REPRESENTATION_CONTEXT() REPRESENTATION_CONTEXT('2D SPACE',''
  ) );
#1039 = PCURVE('',#1006,#1040);
#1040 = DEFINITIONAL_REPRESENTATION('',(#1041),#1045);
#1041 = LINE('',#1042,#1043);
#1042 = CARTESIAN_POINT('',(-6.28318530718,0.));
#1043 = VECTOR('',#1044,1.);
#1044 = DIRECTION('',(-0.,-1.));
#1045 = ( GEOMETRIC_REPRESENTATION_CONTEXT(2) 
PARAMETRIC_REPRESENTATION_CONTEXT() REPRESENTATION_CONTEXT('2D SPACE',''
  ) );
#1046 = ORIENTED_EDGE('',*,*,#1047,.T.);
#1047 = EDGE_CURVE('',#1025,#1025,#1048,.T.);
#1048 = SURFACE_CURVE('',#1049,(#1054,#1061),.PCURVE_S1.);
#1049 = CIRCLE('',#1050,5.5E-02);
#1050 = AXIS2_PLACEMENT_3D('',#1051,#1052,#1053);
#1051 = CARTESIAN_POINT('',(0.,0.,2.525));
#1052 = DIRECTION('',(0.,0.,1.));
#1053 = DIRECTION('',(1.,0.,0.));
#1054 = PCURVE('',#1006,#1055);
#1055 = DEFINITIONAL_REPRESENTATION('',(#1056),#1060);
#1056 = LINE('',#1057,#1058);
#1057 = CARTESIAN_POINT('',(-0.,-2.5E-02));
#1058 = VECTOR('',#1059,1.);
#1059 = DIRECTION('',(-1.,0.));
#1060 = ( GEOMETRIC_REPRESENTATION_CONTEXT(2) 
PARAMETRIC_REPRESENTATION_CONTEXT() REPRESENTATION_CONTEXT('2D SPACE',''
  ) );
#1061 = PCURVE('',#1062,#1067);
#1062 = PLANE('',#1063);
#1063 = AXIS2_PLACEMENT_3D('',#1064,#1065,#1066);
#1064 = CARTESIAN_POINT('',(-1.517489493674E-18,7.89793188911E-19,2.525)
  );
#1065 = DIRECTION('',(0.,0.,1.));
#1066 = DIRECTION('',(1.,0.,-0.));
#1067 = DEFINITIONAL_REPRESENTATION('',(#1068),#1072);
#1068 = CIRCLE('',#1069,5.5E-02);
#1069 = AXIS2_PLACEMENT_2D('',#1070,#1071);
#1070 = CARTESIAN_POINT('',(1.517489493674E-18,-7.89793188911E-19));
#1071 = DIRECTION('',(1.,0.));
#1072 = ( GEOMETRIC_REPRESENTATION_CONTEXT(2) 
PARAMETRIC_REPRESENTATION_CONTEXT() REPRESENTATION_CONTEXT('2D SPACE',''
  ) );
#1073 = ORIENTED_EDGE('',*,*,#1024,.F.);
#1074 = ORIENTED_EDGE('',*,*,#989,.F.);
#1075 = ADVANCED_FACE('',(#1076,#1079),#1062,.T.);
#1076 = FACE_BOUND('',#1077,.T.);
#1077 = EDGE_LOOP('',(#1078));
#1078 = ORIENTED_EDGE('',*,*,#1047,.T.);
#1079 = FACE_BOUND('',#1080,.T.);
#1080 = EDGE_LOOP('',(#1081));
#1081 = ORIENTED_EDGE('',*,*,#1082,.F.);
#1082 = EDGE_CURVE('',#1083,#1083,#1085,.T.);
#1083 = VERTEX_POINT('',#1084);
#1084 = CARTESIAN_POINT('',(2.5E-02,4.928191693116E-18,2.525));
#1085 = SURFACE_CURVE('',#1086,(#1091,#1098),.PCURVE_S1.);
#1086 = CIRCLE('',#1087,2.5E-02);
#1087 = AXIS2_PLACEMENT_3D('',#1088,#1089,#1090);
#1088 = CARTESIAN_POINT('',(2.64151074751E-16,4.928191693116E-18,2.525)
  );
#1089 = DIRECTION('',(0.,0.,1.));
#1090 = DIRECTION('',(1.,0.,0.));
#1091 = PCURVE('',#1062,#1092);
#1092 = DEFINITIONAL_REPRESENTATION('',(#1093),#1097);
#1093 = CIRCLE('',#1094,2.5E-02);
#1094 = AXIS2_PLACEMENT_2D('',#1095,#1096);
#1095 = CARTESIAN_POINT('',(2.656685642447E-16,4.138398504205E-18));
#1096 = DIRECTION('',(1.,0.));
#1097 = ( GEOMETRIC_REPRESENTATION_CONTEXT(2) 
PARAMETRIC_REPRESENTATION_CONTEXT() REPRESENTATION_CONTEXT('2D SPACE',''
  ) );
#1098 = PCURVE('',#1099,#1104);
#1099 = CYLINDRICAL_SURFACE('',#1100,2.5E-02);
#1100 = AXIS2_PLACEMENT_3D('',#1101,#1102,#1103);
#1101 = CARTESIAN_POINT('',(1.433915808553E-16,2.472268635435E-18,0.));
#1102 = DIRECTION('',(-0.,-0.,-1.));
#1103 = DIRECTION('',(1.,0.,0.));
#1104 = DEFINITIONAL_REPRESENTATION('',(#1105),#1109);
#1105 = LINE('',#1106,#1107);
#1106 = CARTESIAN_POINT('',(-0.,-2.525));
#1107 = VECTOR('',#1108,1.);
#1108 = DIRECTION('',(-1.,0.));
#1109 = ( GEOMETRIC_REPRESENTATION_CONTEXT(2) 
PARAMETRIC_REPRESENTATION_CONTEXT() REPRESENTATION_CONTEXT('2D SPACE',''
  ) );
#1110 = ADVANCED_FACE('',(#1111,#1510),#1099,.F.);
#1111 = FACE_BOUND('',#1112,.T.);
#1112 = EDGE_LOOP('',(#1113,#1138,#1165,#1166,#1239,#1319,#1340,#1341,
    #1342));
#1113 = ORIENTED_EDGE('',*,*,#1114,.F.);
#1114 = EDGE_CURVE('',#1115,#1117,#1119,.T.);
#1115 = VERTEX_POINT('',#1116);
#1116 = CARTESIAN_POINT('',(2.5E-02,4.928191693116E-18,-2.5E-02));
#1117 = VERTEX_POINT('',#1118);
#1118 = CARTESIAN_POINT('',(2.5E-02,4.928191693116E-18,1.23));
#1119 = SEAM_CURVE('',#1120,(#1124,#1131),.PCURVE_S1.);
#1120 = LINE('',#1121,#1122);
#1121 = CARTESIAN_POINT('',(2.5E-02,4.928191693116E-18,-2.5E-02));
#1122 = VECTOR('',#1123,1.);
#1123 = DIRECTION('',(0.,0.,1.));
#1124 = PCURVE('',#1099,#1125);
#1125 = DEFINITIONAL_REPRESENTATION('',(#1126),#1130);
#1126 = LINE('',#1127,#1128);
#1127 = CARTESIAN_POINT('',(-6.28318530718,2.5E-02));
#1128 = VECTOR('',#1129,1.);
#1129 = DIRECTION('',(-0.,-1.));
#1130 = ( GEOMETRIC_REPRESENTATION_CONTEXT(2) 
PARAMETRIC_REPRESENTATION_CONTEXT() REPRESENTATION_CONTEXT('2D SPACE',''
  ) );
#1131 = PCURVE('',#1099,#1132);
#1132 = DEFINITIONAL_REPRESENTATION('',(#1133),#1137);
#1133 = LINE('',#1134,#1135);
#1134 = CARTESIAN_POINT('',(-0.,2.5E-02));
#1135 = VECTOR('',#1136,1.);
#1136 = DIRECTION('',(-0.,-1.));
#1137 = ( GEOMETRIC_REPRESENTATION_CONTEXT(2) 
PARAMETRIC_REPRESENTATION_CONTEXT() REPRESENTATION_CONTEXT('2D SPACE',''
  ) );
#1138 = ORIENTED_EDGE('',*,*,#1139,.F.);
#1139 = EDGE_CURVE('',#1115,#1115,#1140,.T.);
#1140 = SURFACE_CURVE('',#1141,(#1146,#1153),.PCURVE_S1.);
#1141 = CIRCLE('',#1142,2.5E-02);
#1142 = AXIS2_PLACEMENT_3D('',#1143,#1144,#1145);
#1143 = CARTESIAN_POINT('',(2.64151074751E-16,4.928191693116E-18,
    -2.5E-02));
#1144 = DIRECTION('',(0.,0.,1.));
#1145 = DIRECTION('',(1.,0.,0.));
#1146 = PCURVE('',#1099,#1147);
#1147 = DEFINITIONAL_REPRESENTATION('',(#1148),#1152);
#1148 = LINE('',#1149,#1150);
#1149 = CARTESIAN_POINT('',(-0.,2.5E-02));
#1150 = VECTOR('',#1151,1.);
#1151 = DIRECTION('',(-1.,0.));
#1152 = ( GEOMETRIC_REPRESENTATION_CONTEXT(2) 
PARAMETRIC_REPRESENTATION_CONTEXT() REPRESENTATION_CONTEXT('2D SPACE',''
  ) );
#1153 = PCURVE('',#1154,#1159);
#1154 = PLANE('',#1155);
#1155 = AXIS2_PLACEMENT_3D('',#1156,#1157,#1158);
#1156 = CARTESIAN_POINT('',(-1.517489493674E-18,7.89793188911E-19,
    -2.5E-02));
#1157 = DIRECTION('',(0.,0.,1.));
#1158 = DIRECTION('',(1.,0.,-0.));
#1159 = DEFINITIONAL_REPRESENTATION('',(#1160),#1164);
#1160 = CIRCLE('',#1161,2.5E-02);
#1161 = AXIS2_PLACEMENT_2D('',#1162,#1163);
#1162 = CARTESIAN_POINT('',(2.656685642447E-16,4.138398504205E-18));
#1163 = DIRECTION('',(1.,0.));
#1164 = ( GEOMETRIC_REPRESENTATION_CONTEXT(2) 
PARAMETRIC_REPRESENTATION_CONTEXT() REPRESENTATION_CONTEXT('2D SPACE',''
  ) );
#1165 = ORIENTED_EDGE('',*,*,#1114,.T.);
#1166 = ORIENTED_EDGE('',*,*,#1167,.T.);
#1167 = EDGE_CURVE('',#1117,#1168,#1170,.T.);
#1168 = VERTEX_POINT('',#1169);
#1169 = CARTESIAN_POINT('',(1.5E-02,2.E-02,1.25));
#1170 = SURFACE_CURVE('',#1171,(#1190,#1212),.PCURVE_S1.);
#1171 = B_SPLINE_CURVE_WITH_KNOTS('',5,(#1172,#1173,#1174,#1175,#1176,
    #1177,#1178,#1179,#1180,#1181,#1182,#1183,#1184,#1185,#1186,#1187,
    #1188,#1189),.UNSPECIFIED.,.F.,.F.,(6,4,4,4,6),(0.,0.275622899187,
    0.537407933186,0.771962246889,1.),.UNSPECIFIED.);
#1172 = CARTESIAN_POINT('',(2.5E-02,-6.008358810033E-19,1.23));
#1173 = CARTESIAN_POINT('',(2.5E-02,1.607815910946E-03,1.23));
#1174 = CARTESIAN_POINT('',(2.48711304678E-02,3.200635710279E-03,
    1.230161082574));
#1175 = CARTESIAN_POINT('',(2.461573852321E-02,4.79058154141E-03,
    1.230480359502));
#1176 = CARTESIAN_POINT('',(2.423280180025E-02,6.342840800363E-03,
    1.230963479075));
#1177 = CARTESIAN_POINT('',(2.327463876946E-02,9.247197430237E-03,
    1.232199619401));
#1178 = CARTESIAN_POINT('',(2.271250120071E-02,1.059773956404E-02,
    1.232934711689));
#1179 = CARTESIAN_POINT('',(2.205828327987E-02,1.189838880592E-02,
    1.233807901228));
#1180 = CARTESIAN_POINT('',(2.132352103516E-02,1.312119942223E-02,
    1.23482170157));
#1181 = CARTESIAN_POINT('',(1.985112209807E-02,1.524548651493E-02,
    1.236976194193));
#1182 = CARTESIAN_POINT('',(1.912356498678E-02,1.616470644663E-02,
    1.238090089636));
#1183 = CARTESIAN_POINT('',(1.837159714537E-02,1.700768788079E-02,
    1.239315178956));
#1184 = CARTESIAN_POINT('',(1.762990699701E-02,1.774869997245E-02,
    1.240650019197));
#1185 = CARTESIAN_POINT('',(1.630989176026E-02,1.89676547071E-02,
    1.243478270711));
#1186 = CARTESIAN_POINT('',(1.570565385696E-02,1.947198667327E-02,
    1.2450129182));
#1187 = CARTESIAN_POINT('',(1.524285062998E-02,1.981753998474E-02,
    1.246627421585));
#1188 = CARTESIAN_POINT('',(1.5E-02,2.E-02,1.248292080231));
#1189 = CARTESIAN_POINT('',(1.5E-02,2.E-02,1.25));
#1190 = PCURVE('',#1099,#1191);
#1191 = DEFINITIONAL_REPRESENTATION('',(#1192),#1211);
#1192 = B_SPLINE_CURVE_WITH_KNOTS('',5,(#1193,#1194,#1195,#1196,#1197,
    #1198,#1199,#1200,#1201,#1202,#1203,#1204,#1205,#1206,#1207,#1208,
    #1209,#1210),.UNSPECIFIED.,.F.,.F.,(6,4,4,4,6),(0.,0.275622899187,
    0.537407933186,0.771962246889,1.),.UNSPECIFIED.);
#1193 = CARTESIAN_POINT('',(0.,-1.23));
#1194 = CARTESIAN_POINT('',(-6.431263643783E-02,-1.23));
#1195 = CARTESIAN_POINT('',(-0.128028722539,-1.230161082574));
#1196 = CARTESIAN_POINT('',(-0.192163353155,-1.230480359502));
#1197 = CARTESIAN_POINT('',(-0.255920744366,-1.230963479075));
#1198 = CARTESIAN_POINT('',(-0.37825382298,-1.232199619401));
#1199 = CARTESIAN_POINT('',(-0.436604726821,-1.232934711689));
#1200 = CARTESIAN_POINT('',(-0.494630584268,-1.233807901228));
#1201 = CARTESIAN_POINT('',(-0.551568125411,-1.23482170157));
#1202 = CARTESIAN_POINT('',(-0.654955198353,-1.236976194193));
#1203 = CARTESIAN_POINT('',(-0.701754552262,-1.238090089636));
#1204 = CARTESIAN_POINT('',(-0.746837305853,-1.239315178956));
#1205 = CARTESIAN_POINT('',(-0.788739795853,-1.240650019197));
#1206 = CARTESIAN_POINT('',(-0.860609576656,-1.243478270711));
#1207 = CARTESIAN_POINT('',(-0.892047468957,-1.2450129182));
#1208 = CARTESIAN_POINT('',(-0.915142205107,-1.246627421585));
#1209 = CARTESIAN_POINT('',(-0.927295218002,-1.248292080231));
#1210 = CARTESIAN_POINT('',(-0.927295218002,-1.25));
#1211 = ( GEOMETRIC_REPRESENTATION_CONTEXT(2) 
PARAMETRIC_REPRESENTATION_CONTEXT() REPRESENTATION_CONTEXT('2D SPACE',''
  ) );
#1212 = PCURVE('',#1213,#1218);
#1213 = CYLINDRICAL_SURFACE('',#1214,2.E-02);
#1214 = AXIS2_PLACEMENT_3D('',#1215,#1216,#1217);
#1215 = CARTESIAN_POINT('',(-0.275,0.,1.25));
#1216 = DIRECTION('',(-1.,-0.,-0.));
#1217 = DIRECTION('',(0.,1.,0.));
#1218 = DEFINITIONAL_REPRESENTATION('',(#1219),#1238);
#1219 = B_SPLINE_CURVE_WITH_KNOTS('',5,(#1220,#1221,#1222,#1223,#1224,
    #1225,#1226,#1227,#1228,#1229,#1230,#1231,#1232,#1233,#1234,#1235,
    #1236,#1237),.UNSPECIFIED.,.F.,.F.,(6,4,4,4,6),(0.,0.275622899187,
    0.537407933186,0.771962246889,1.),.UNSPECIFIED.);
#1220 = CARTESIAN_POINT('',(-4.712388980385,-0.3));
#1221 = CARTESIAN_POINT('',(-4.792779775932,-0.3));
#1222 = CARTESIAN_POINT('',(-4.872426643488,-0.299871130468));
#1223 = CARTESIAN_POINT('',(-4.952974827445,-0.299615738523));
#1224 = CARTESIAN_POINT('',(-5.033837392588,-0.2992328018));
#1225 = CARTESIAN_POINT('',(-5.19166111021,-0.298274638769));
#1226 = CARTESIAN_POINT('',(-5.268196045088,-0.297712501201));
#1227 = CARTESIAN_POINT('',(-5.346043349305,-0.29705828328));
#1228 = CARTESIAN_POINT('',(-5.425055781406,-0.296323521035));
#1229 = CARTESIAN_POINT('',(-5.576337258409,-0.294851122098));
#1230 = CARTESIAN_POINT('',(-5.648269448052,-0.294123564987));
#1231 = CARTESIAN_POINT('',(-5.722221858296,-0.293371597145));
#1232 = CARTESIAN_POINT('',(-5.798171709343,-0.292629906997));
#1233 = CARTESIAN_POINT('',(-5.952159186678,-0.29130989176));
#1234 = CARTESIAN_POINT('',(-6.032591405077,-0.290705653857));
#1235 = CARTESIAN_POINT('',(-6.114539283702,-0.29024285063));
#1236 = CARTESIAN_POINT('',(-6.19778931873,-0.29));
#1237 = CARTESIAN_POINT('',(-6.28318530718,-0.29));
#1238 = ( GEOMETRIC_REPRESENTATION_CONTEXT(2) 
PARAMETRIC_REPRESENTATION_CONTEXT() REPRESENTATION_CONTEXT('2D SPACE',''
  ) );
#1239 = ORIENTED_EDGE('',*,*,#1240,.T.);
#1240 = EDGE_CURVE('',#1168,#1241,#1243,.T.);
#1241 = VERTEX_POINT('',#1242);
#1242 = CARTESIAN_POINT('',(2.5E-02,4.928191693116E-18,1.27));
#1243 = SURFACE_CURVE('',#1244,(#1267,#1293),.PCURVE_S1.);
#1244 = B_SPLINE_CURVE_WITH_KNOTS('',6,(#1245,#1246,#1247,#1248,#1249,
    #1250,#1251,#1252,#1253,#1254,#1255,#1256,#1257,#1258,#1259,#1260,
    #1261,#1262,#1263,#1264,#1265,#1266),.UNSPECIFIED.,.F.,.F.,(7,5,5,5,
    7),(0.,0.214641905834,0.450347211033,0.708573487446,1.),
  .UNSPECIFIED.);
#1245 = CARTESIAN_POINT('',(1.5E-02,2.E-02,1.25));
#1246 = CARTESIAN_POINT('',(1.5E-02,2.E-02,1.251336527245));
#1247 = CARTESIAN_POINT('',(1.514277995222E-02,1.989272322125E-02,
    1.252650221371));
#1248 = CARTESIAN_POINT('',(1.541986537733E-02,1.968549355093E-02,
    1.25393661539));
#1249 = CARTESIAN_POINT('',(1.580720169568E-02,1.938228417356E-02,
    1.255185627145));
#1250 = CARTESIAN_POINT('',(1.626994086356E-02,1.899311735211E-02,
    1.256379819202));
#1251 = CARTESIAN_POINT('',(1.73133153083E-02,1.80496853689E-02,
    1.258714704295));
#1252 = CARTESIAN_POINT('',(1.791504682258E-02,1.747079018007E-02,
    1.259869625235));
#1253 = CARTESIAN_POINT('',(1.853950826932E-02,1.681761587455E-02,
    1.26095247424));
#1254 = CARTESIAN_POINT('',(1.916304919672E-02,1.610264447419E-02,
    1.261960881745));
#1255 = CARTESIAN_POINT('',(1.977157435433E-02,1.533349672117E-02,
    1.2628967938));
#1256 = CARTESIAN_POINT('',(2.100639795572E-02,1.360033104236E-02,
    1.264722887375));
#1257 = CARTESIAN_POINT('',(2.162752762436E-02,1.262637463364E-02,
    1.265598264219));
#1258 = CARTESIAN_POINT('',(2.220485900805E-02,1.159641695922E-02,
    1.266385582));
#1259 = CARTESIAN_POINT('',(2.272788567905E-02,1.05233826001E-02,
    1.267082676095));
#1260 = CARTESIAN_POINT('',(2.319201285954E-02,9.413940582833E-03,
    1.267691238954));
#1261 = CARTESIAN_POINT('',(2.405109868893E-02,6.960218025615E-03,
    1.268804150001));
#1262 = CARTESIAN_POINT('',(2.442731118355E-02,5.609722974858E-03,
    1.269282248698));
#1263 = CARTESIAN_POINT('',(2.471372006889E-02,4.224118369202E-03,
    1.269642130372));
#1264 = CARTESIAN_POINT('',(2.490348920689E-02,2.823212577683E-03,
    1.269879365192));
#1265 = CARTESIAN_POINT('',(2.5E-02,1.417948333536E-03,1.27));
#1266 = CARTESIAN_POINT('',(2.5E-02,4.297751315586E-18,1.27));
#1267 = PCURVE('',#1099,#1268);
#1268 = DEFINITIONAL_REPRESENTATION('',(#1269),#1292);
#1269 = B_SPLINE_CURVE_WITH_KNOTS('',6,(#1270,#1271,#1272,#1273,#1274,
    #1275,#1276,#1277,#1278,#1279,#1280,#1281,#1282,#1283,#1284,#1285,
    #1286,#1287,#1288,#1289,#1290,#1291),.UNSPECIFIED.,.F.,.F.,(7,5,5,5,
    7),(0.,0.214641905834,0.450347211033,0.708573487446,1.),
  .UNSPECIFIED.);
#1270 = CARTESIAN_POINT('',(-0.927295218002,-1.25));
#1271 = CARTESIAN_POINT('',(-0.927295218002,-1.251336527245));
#1272 = CARTESIAN_POINT('',(-0.920150489782,-1.252650221371));
#1273 = CARTESIAN_POINT('',(-0.906312044196,-1.25393661539));
#1274 = CARTESIAN_POINT('',(-0.886643883611,-1.255185627145));
#1275 = CARTESIAN_POINT('',(-0.862476249177,-1.256379819202));
#1276 = CARTESIAN_POINT('',(-0.806209823822,-1.258714704295));
#1277 = CARTESIAN_POINT('',(-0.772827736383,-1.259869625235));
#1278 = CARTESIAN_POINT('',(-0.736728394716,-1.26095247424));
#1279 = CARTESIAN_POINT('',(-0.698846482436,-1.261960881745));
#1280 = CARTESIAN_POINT('',(-0.659664929111,-1.2628967938));
#1281 = CARTESIAN_POINT('',(-0.574542404743,-1.264722887375));
#1282 = CARTESIAN_POINT('',(-0.528400169737,-1.265598264219));
#1283 = CARTESIAN_POINT('',(-0.481279656053,-1.266385582));
#1284 = CARTESIAN_POINT('',(-0.433654437635,-1.267082676095));
#1285 = CARTESIAN_POINT('',(-0.385632227124,-1.267691238954));
#1286 = CARTESIAN_POINT('',(-0.281641590238,-1.268804150001));
#1287 = CARTESIAN_POINT('',(-0.225682729333,-1.269282248698));
#1288 = CARTESIAN_POINT('',(-0.169289204501,-1.269642130372));
#1289 = CARTESIAN_POINT('',(-0.112929526975,-1.269879365192));
#1290 = CARTESIAN_POINT('',(-5.671793334145E-02,-1.27));
#1291 = CARTESIAN_POINT('',(0.,-1.27));
#1292 = ( GEOMETRIC_REPRESENTATION_CONTEXT(2) 
PARAMETRIC_REPRESENTATION_CONTEXT() REPRESENTATION_CONTEXT('2D SPACE',''
  ) );
#1293 = PCURVE('',#1213,#1294);
#1294 = DEFINITIONAL_REPRESENTATION('',(#1295),#1318);
#1295 = B_SPLINE_CURVE_WITH_KNOTS('',6,(#1296,#1297,#1298,#1299,#1300,
    #1301,#1302,#1303,#1304,#1305,#1306,#1307,#1308,#1309,#1310,#1311,
    #1312,#1313,#1314,#1315,#1316,#1317),.UNSPECIFIED.,.F.,.F.,(7,5,5,5,
    7),(0.,0.214641905834,0.450347211033,0.708573487446,1.),
  .UNSPECIFIED.);
#1296 = CARTESIAN_POINT('',(0.,-0.29));
#1297 = CARTESIAN_POINT('',(-6.682636226418E-02,-0.29));
#1298 = CARTESIAN_POINT('',(-0.13251936897,-0.290142779952));
#1299 = CARTESIAN_POINT('',(-0.19735345079,-0.290419865377));
#1300 = CARTESIAN_POINT('',(-0.261344395315,-0.290807201696));
#1301 = CARTESIAN_POINT('',(-0.323988353906,-0.291269940864));
#1302 = CARTESIAN_POINT('',(-0.449902534017,-0.292313315308));
#1303 = CARTESIAN_POINT('',(-0.514282547026,-0.292915046823));
#1304 = CARTESIAN_POINT('',(-0.577242838828,-0.293539508269));
#1305 = CARTESIAN_POINT('',(-0.638805551504,-0.294163049197));
#1306 = CARTESIAN_POINT('',(-0.699224277513,-0.294771574354));
#1307 = CARTESIAN_POINT('',(-0.825105978081,-0.296006397956));
#1308 = CARTESIAN_POINT('',(-0.890370488215,-0.296627527624));
#1309 = CARTESIAN_POINT('',(-0.954904430745,-0.297204859008));
#1310 = CARTESIAN_POINT('',(-1.018604289159,-0.297727885679));
#1311 = CARTESIAN_POINT('',(-1.081696354648,-0.29819201286));
#1312 = CARTESIAN_POINT('',(-1.216412031043,-0.299051098689));
#1313 = CARTESIAN_POINT('',(-1.287783004683,-0.299427311184));
#1314 = CARTESIAN_POINT('',(-1.358956593989,-0.299713720069));
#1315 = CARTESIAN_POINT('',(-1.429633733879,-0.299903489207));
#1316 = CARTESIAN_POINT('',(-1.499898910118,-0.3));
#1317 = CARTESIAN_POINT('',(-1.570796326795,-0.3));
#1318 = ( GEOMETRIC_REPRESENTATION_CONTEXT(2) 
PARAMETRIC_REPRESENTATION_CONTEXT() REPRESENTATION_CONTEXT('2D SPACE',''
  ) );
#1319 = ORIENTED_EDGE('',*,*,#1320,.T.);
#1320 = EDGE_CURVE('',#1241,#1083,#1321,.T.);
#1321 = SEAM_CURVE('',#1322,(#1326,#1333),.PCURVE_S1.);
#1322 = LINE('',#1323,#1324);
#1323 = CARTESIAN_POINT('',(2.5E-02,4.928191693116E-18,-2.5E-02));
#1324 = VECTOR('',#1325,1.);
#1325 = DIRECTION('',(0.,0.,1.));
#1326 = PCURVE('',#1099,#1327);
#1327 = DEFINITIONAL_REPRESENTATION('',(#1328),#1332);
#1328 = LINE('',#1329,#1330);
#1329 = CARTESIAN_POINT('',(-6.28318530718,2.5E-02));
#1330 = VECTOR('',#1331,1.);
#1331 = DIRECTION('',(-0.,-1.));
#1332 = ( GEOMETRIC_REPRESENTATION_CONTEXT(2) 
PARAMETRIC_REPRESENTATION_CONTEXT() REPRESENTATION_CONTEXT('2D SPACE',''
  ) );
#1333 = PCURVE('',#1099,#1334);
#1334 = DEFINITIONAL_REPRESENTATION('',(#1335),#1339);
#1335 = LINE('',#1336,#1337);
#1336 = CARTESIAN_POINT('',(-0.,2.5E-02));
#1337 = VECTOR('',#1338,1.);
#1338 = DIRECTION('',(-0.,-1.));
#1339 = ( GEOMETRIC_REPRESENTATION_CONTEXT(2) 
PARAMETRIC_REPRESENTATION_CONTEXT() REPRESENTATION_CONTEXT('2D SPACE',''
  ) );
#1340 = ORIENTED_EDGE('',*,*,#1082,.T.);
#1341 = ORIENTED_EDGE('',*,*,#1320,.F.);
#1342 = ORIENTED_EDGE('',*,*,#1343,.T.);
#1343 = EDGE_CURVE('',#1241,#1117,#1344,.T.);
#1344 = SURFACE_CURVE('',#1345,(#1398,#1454),.PCURVE_S1.);
#1345 = B_SPLINE_CURVE_WITH_KNOTS('',6,(#1346,#1347,#1348,#1349,#1350,
    #1351,#1352,#1353,#1354,#1355,#1356,#1357,#1358,#1359,#1360,#1361,
    #1362,#1363,#1364,#1365,#1366,#1367,#1368,#1369,#1370,#1371,#1372,
    #1373,#1374,#1375,#1376,#1377,#1378,#1379,#1380,#1381,#1382,#1383,
    #1384,#1385,#1386,#1387,#1388,#1389,#1390,#1391,#1392,#1393,#1394,
    #1395,#1396,#1397),.UNSPECIFIED.,.F.,.F.,(7,5,5,5,5,5,5,5,5,5,7),(0.
    ,0.13759957332,0.268290851509,0.385387702393,0.43326324185,
    0.500151641108,0.563922138397,0.608027778601,0.725668295476,
    0.854549028881,1.),.UNSPECIFIED.);
#1346 = CARTESIAN_POINT('',(2.5E-02,0.,1.27));
#1347 = CARTESIAN_POINT('',(2.5E-02,-1.339846592312E-03,1.27));
#1348 = CARTESIAN_POINT('',(2.491408697853E-02,-2.669695777299E-03,
    1.269892611618));
#1349 = CARTESIAN_POINT('',(2.474343449551E-02,-3.99560862591E-03,
    1.269679278962));
#1350 = CARTESIAN_POINT('',(2.44880929489E-02,-5.308001294305E-03,
    1.26935860064));
#1351 = CARTESIAN_POINT('',(2.415089888065E-02,-6.591102609583E-03,
    1.268930856755));
#1352 = CARTESIAN_POINT('',(2.33524296882E-02,-9.011399801516E-03,
    1.267900739816));
#1353 = CARTESIAN_POINT('',(2.289988039059E-02,-1.014755885216E-02,
    1.267310319074));
#1354 = CARTESIAN_POINT('',(2.238539224024E-02,-1.124806418495E-02,
    1.266628693541));
#1355 = CARTESIAN_POINT('',(2.181336253131E-02,-1.230599234529E-02,
    1.265854165324));
#1356 = CARTESIAN_POINT('',(2.119408942523E-02,-1.330793542933E-02,
    1.264988907198));
#1357 = CARTESIAN_POINT('',(1.996709031001E-02,-1.507817467466E-02,
    1.263193496678));
#1358 = CARTESIAN_POINT('',(1.936608402508E-02,-1.585829980129E-02,
    1.262281208847));
#1359 = CARTESIAN_POINT('',(1.874758106607E-02,-1.658619716354E-02,
    1.261297365703));
#1360 = CARTESIAN_POINT('',(1.812436709471E-02,-1.725469191271E-02,
    1.260239874295));
#1361 = CARTESIAN_POINT('',(1.751835613393E-02,-1.785171049E-02,
    1.259110973034));
#1362 = CARTESIAN_POINT('',(1.673256161695E-02,-1.857734449805E-02,
    1.257427337519));
#1363 = CARTESIAN_POINT('',(1.651205791789E-02,-1.87746519006E-02,
    1.256926598397));
#1364 = CARTESIAN_POINT('',(1.630136115764E-02,-1.895775119564E-02,
    1.256414188003));
#1365 = CARTESIAN_POINT('',(1.61028513251E-02,-1.912573647677E-02,
    1.255890495152));
#1366 = CARTESIAN_POINT('',(1.591901795725E-02,-1.927773002518E-02,
    1.255355826277));
#1367 = CARTESIAN_POINT('',(1.551975705181E-02,-1.960170775284E-02,
    1.254048381077));
#1368 = CARTESIAN_POINT('',(1.531978207169E-02,-1.975839639215E-02,
    1.253262215425));
#1369 = CARTESIAN_POINT('',(1.516227634703E-02,-1.98783487607E-02,
    1.252459325281));
#1370 = CARTESIAN_POINT('',(1.505432520247E-02,-1.995922623595E-02,
    1.251645208157));
#1371 = CARTESIAN_POINT('',(1.5E-02,-2.E-02,1.25082416118));
#1372 = CARTESIAN_POINT('',(1.5E-02,-2.E-02,1.249214255852));
#1373 = CARTESIAN_POINT('',(1.504938045192E-02,-1.99629409852E-02,
    1.248431031528));
#1374 = CARTESIAN_POINT('',(1.514760248074E-02,-1.988934237449E-02,
    1.247653829589));
#1375 = CARTESIAN_POINT('',(1.529126990871E-02,-1.978008945627E-02,
    1.246886528092));
#1376 = CARTESIAN_POINT('',(1.547440265184E-02,-1.963717464289E-02,
    1.246133986268));
#1377 = CARTESIAN_POINT('',(1.583693176007E-02,-1.93449692437E-02,
    1.244896835661));
#1378 = CARTESIAN_POINT('',(1.600043047939E-02,-1.921096822331E-02,
    1.244399960345));
#1379 = CARTESIAN_POINT('',(1.617717324348E-02,-1.906309869205E-02,
    1.243912237066));
#1380 = CARTESIAN_POINT('',(1.636517318905E-02,-1.8902060671E-02,
    1.243433960879));
#1381 = CARTESIAN_POINT('',(1.656248962044E-02,-1.87285911743E-02,
    1.242965509088));
#1382 = CARTESIAN_POINT('',(1.731331530862E-02,-1.804968536861E-02,
    1.241285295705));
#1383 = CARTESIAN_POINT('',(1.791504682206E-02,-1.747079018065E-02,
    1.240130374766));
#1384 = CARTESIAN_POINT('',(1.853950826932E-02,-1.681761587447E-02,
    1.23904752576));
#1385 = CARTESIAN_POINT('',(1.916304919724E-02,-1.610264447358E-02,
    1.238039118254));
#1386 = CARTESIAN_POINT('',(1.977157435401E-02,-1.533349672162E-02,
    1.2371032062));
#1387 = CARTESIAN_POINT('',(2.100639795551E-02,-1.360033104266E-02,
    1.235277112625));
#1388 = CARTESIAN_POINT('',(2.162752762464E-02,-1.262637463312E-02,
    1.23440173578));
#1389 = CARTESIAN_POINT('',(2.220485900809E-02,-1.159641695925E-02,
    1.233614418));
#1390 = CARTESIAN_POINT('',(2.272788567878E-02,-1.052338260062E-02,
    1.232917323906));
#1391 = CARTESIAN_POINT('',(2.319201285967E-02,-9.413940582465E-03,
    1.232308761046));
#1392 = CARTESIAN_POINT('',(2.40510986888E-02,-6.960218025985E-03,
    1.231195849999));
#1393 = CARTESIAN_POINT('',(2.44273111835E-02,-5.609722975174E-03,
    1.230717751302));
#1394 = CARTESIAN_POINT('',(2.47137200691E-02,-4.224118368679E-03,
    1.230357869628));
#1395 = CARTESIAN_POINT('',(2.490348920681E-02,-2.823212577181E-03,
    1.230120634808));
#1396 = CARTESIAN_POINT('',(2.5E-02,-1.417948334085E-03,1.23));
#1397 = CARTESIAN_POINT('',(2.5E-02,-3.469446951954E-18,1.23));
#1398 = PCURVE('',#1099,#1399);
#1399 = DEFINITIONAL_REPRESENTATION('',(#1400),#1453);
#1400 = B_SPLINE_CURVE_WITH_KNOTS('',6,(#1401,#1402,#1403,#1404,#1405,
    #1406,#1407,#1408,#1409,#1410,#1411,#1412,#1413,#1414,#1415,#1416,
    #1417,#1418,#1419,#1420,#1421,#1422,#1423,#1424,#1425,#1426,#1427,
    #1428,#1429,#1430,#1431,#1432,#1433,#1434,#1435,#1436,#1437,#1438,
    #1439,#1440,#1441,#1442,#1443,#1444,#1445,#1446,#1447,#1448,#1449,
    #1450,#1451,#1452),.UNSPECIFIED.,.F.,.F.,(7,5,5,5,5,5,5,5,5,5,7),(0.
    ,0.13759957332,0.268290851509,0.385387702393,0.43326324185,
    0.500151641108,0.563922138397,0.608027778601,0.725668295476,
    0.854549028881,1.),.UNSPECIFIED.);
#1401 = CARTESIAN_POINT('',(-6.28318530718,-1.27));
#1402 = CARTESIAN_POINT('',(-6.229591443487,-1.27));
#1403 = CARTESIAN_POINT('',(-6.176395280002,-1.269892611618));
#1404 = CARTESIAN_POINT('',(-6.12308926933,-1.269679278962));
#1405 = CARTESIAN_POINT('',(-6.069769490291,-1.26935860064));
#1406 = CARTESIAN_POINT('',(-6.016807640578,-1.268930856755));
#1407 = CARTESIAN_POINT('',(-5.914863408383,-1.267900739816));
#1408 = CARTESIAN_POINT('',(-5.866030881667,-1.267310319074));
#1409 = CARTESIAN_POINT('',(-5.817567651635,-1.266628693541));
#1410 = CARTESIAN_POINT('',(-5.769575542503,-1.265854165324));
#1411 = CARTESIAN_POINT('',(-5.722528914343,-1.264988907198));
#1412 = CARTESIAN_POINT('',(-5.636373020156,-1.263193496678));
#1413 = CARTESIAN_POINT('',(-5.597030539629,-1.262281208847));
#1414 = CARTESIAN_POINT('',(-5.558889378127,-1.261297365703));
#1415 = CARTESIAN_POINT('',(-5.522380504587,-1.260239874295));
#1416 = CARTESIAN_POINT('',(-5.488371993495,-1.259110973034));
#1417 = CARTESIAN_POINT('',(-5.445588487579,-1.257427337519));
#1418 = CARTESIAN_POINT('',(-5.433754245622,-1.256926598397));
#1419 = CARTESIAN_POINT('',(-5.422590320126,-1.256414188003));
#1420 = CARTESIAN_POINT('',(-5.412189489739,-1.255890495152));
#1421 = CARTESIAN_POINT('',(-5.402648669846,-1.255355826277));
#1422 = CARTESIAN_POINT('',(-5.382081867912,-1.254048381077));
#1423 = CARTESIAN_POINT('',(-5.371921359766,-1.253262215425));
#1424 = CARTESIAN_POINT('',(-5.364002664439,-1.252459325281));
#1425 = CARTESIAN_POINT('',(-5.358607042204,-1.251645208157));
#1426 = CARTESIAN_POINT('',(-5.355890089178,-1.25082416118));
#1427 = CARTESIAN_POINT('',(-5.355890089178,-1.249214255852));
#1428 = CARTESIAN_POINT('',(-5.358359655344,-1.248431031528));
#1429 = CARTESIAN_POINT('',(-5.36326923849,-1.247653829589));
#1430 = CARTESIAN_POINT('',(-5.370488399416,-1.246886528092));
#1431 = CARTESIAN_POINT('',(-5.379779162182,-1.246133986268));
#1432 = CARTESIAN_POINT('',(-5.398404364447,-1.244896835661));
#1433 = CARTESIAN_POINT('',(-5.406859920291,-1.244399960345));
#1434 = CARTESIAN_POINT('',(-5.416076813712,-1.243912237066));
#1435 = CARTESIAN_POINT('',(-5.425977365618,-1.243433960879));
#1436 = CARTESIAN_POINT('',(-5.436485439028,-1.242965509088));
#1437 = CARTESIAN_POINT('',(-5.476975483375,-1.241285295705));
#1438 = CARTESIAN_POINT('',(-5.510357570766,-1.240130374766));
#1439 = CARTESIAN_POINT('',(-5.546456912466,-1.23904752576));
#1440 = CARTESIAN_POINT('',(-5.584338824776,-1.238039118254));
#1441 = CARTESIAN_POINT('',(-5.623520378046,-1.2371032062));
#1442 = CARTESIAN_POINT('',(-5.708642902422,-1.235277112625));
#1443 = CARTESIAN_POINT('',(-5.754785137467,-1.23440173578));
#1444 = CARTESIAN_POINT('',(-5.801905651126,-1.233614418));
#1445 = CARTESIAN_POINT('',(-5.849530869521,-1.232917323906));
#1446 = CARTESIAN_POINT('',(-5.897553080071,-1.232308761046));
#1447 = CARTESIAN_POINT('',(-6.001543716926,-1.231195849999));
#1448 = CARTESIAN_POINT('',(-6.057502577834,-1.230717751302));
#1449 = CARTESIAN_POINT('',(-6.1138961027,-1.230357869628));
#1450 = CARTESIAN_POINT('',(-6.170255780225,-1.230120634808));
#1451 = CARTESIAN_POINT('',(-6.226467373816,-1.23));
#1452 = CARTESIAN_POINT('',(-6.28318530718,-1.23));
#1453 = ( GEOMETRIC_REPRESENTATION_CONTEXT(2) 
PARAMETRIC_REPRESENTATION_CONTEXT() REPRESENTATION_CONTEXT('2D SPACE',''
  ) );
#1454 = PCURVE('',#1213,#1455);
#1455 = DEFINITIONAL_REPRESENTATION('',(#1456),#1509);
#1456 = B_SPLINE_CURVE_WITH_KNOTS('',6,(#1457,#1458,#1459,#1460,#1461,
    #1462,#1463,#1464,#1465,#1466,#1467,#1468,#1469,#1470,#1471,#1472,
    #1473,#1474,#1475,#1476,#1477,#1478,#1479,#1480,#1481,#1482,#1483,
    #1484,#1485,#1486,#1487,#1488,#1489,#1490,#1491,#1492,#1493,#1494,
    #1495,#1496,#1497,#1498,#1499,#1500,#1501,#1502,#1503,#1504,#1505,
    #1506,#1507,#1508),.UNSPECIFIED.,.F.,.F.,(7,5,5,5,5,5,5,5,5,5,7),(0.
    ,0.13759957332,0.268290851509,0.385387702393,0.43326324185,
    0.500151641108,0.563922138397,0.608027778601,0.725668295476,
    0.854549028881,1.),.UNSPECIFIED.);
#1457 = CARTESIAN_POINT('',(-1.570796326795,-0.3));
#1458 = CARTESIAN_POINT('',(-1.63778865641,-0.3));
#1459 = CARTESIAN_POINT('',(-1.704285034053,-0.299914086979));
#1460 = CARTESIAN_POINT('',(-1.77110808188,-0.299743434496));
#1461 = CARTESIAN_POINT('',(-1.838336362231,-0.299488092949));
#1462 = CARTESIAN_POINT('',(-1.90573536934,-0.299150898881));
#1463 = CARTESIAN_POINT('',(-2.037255134045,-0.298352429688));
#1464 = CARTESIAN_POINT('',(-2.101091746501,-0.297899880391));
#1465 = CARTESIAN_POINT('',(-2.165527043608,-0.29738539224));
#1466 = CARTESIAN_POINT('',(-2.23078817312,-0.296813362531));
#1467 = CARTESIAN_POINT('',(-2.296761565235,-0.296194089425));
#1468 = CARTESIAN_POINT('',(-2.422829462839,-0.29496709031));
#1469 = CARTESIAN_POINT('',(-2.482699397786,-0.294366084025));
#1470 = CARTESIAN_POINT('',(-2.54365299959,-0.293747581066));
#1471 = CARTESIAN_POINT('',(-2.605945821853,-0.293124367095));
#1472 = CARTESIAN_POINT('',(-2.669592114635,-0.292518356134));
#1473 = CARTESIAN_POINT('',(-2.761259628769,-0.291732561617));
#1474 = CARTESIAN_POINT('',(-2.788156801661,-0.291512057918));
#1475 = CARTESIAN_POINT('',(-2.815342438861,-0.291301361158));
#1476 = CARTESIAN_POINT('',(-2.842818423586,-0.291102851325));
#1477 = CARTESIAN_POINT('',(-2.870595011657,-0.290919017957));
#1478 = CARTESIAN_POINT('',(-2.937944371735,-0.290519757052));
#1479 = CARTESIAN_POINT('',(-2.977982682614,-0.290319782072));
#1480 = CARTESIAN_POINT('',(-3.018501286898,-0.290162276347));
#1481 = CARTESIAN_POINT('',(-3.059331720772,-0.290054325202));
#1482 = CARTESIAN_POINT('',(-3.100384594584,-0.29));
#1483 = CARTESIAN_POINT('',(-3.180879861002,-0.29));
#1484 = CARTESIAN_POINT('',(-3.220041467688,-0.290049380452));
#1485 = CARTESIAN_POINT('',(-3.25900969245,-0.290147602481));
#1486 = CARTESIAN_POINT('',(-3.297699442327,-0.290291269909));
#1487 = CARTESIAN_POINT('',(-3.335961244449,-0.290474402652));
#1488 = CARTESIAN_POINT('',(-3.399520775999,-0.29083693176));
#1489 = CARTESIAN_POINT('',(-3.425239411372,-0.291000430479));
#1490 = CARTESIAN_POINT('',(-3.450703620616,-0.291177173243));
#1491 = CARTESIAN_POINT('',(-3.475919503303,-0.291365173189));
#1492 = CARTESIAN_POINT('',(-3.500885721974,-0.29156248962));
#1493 = CARTESIAN_POINT('',(-3.591495187645,-0.292313315309));
#1494 = CARTESIAN_POINT('',(-3.655875200558,-0.292915046822));
#1495 = CARTESIAN_POINT('',(-3.718835492415,-0.293539508269));
#1496 = CARTESIAN_POINT('',(-3.78039820515,-0.294163049197));
#1497 = CARTESIAN_POINT('',(-3.840816931069,-0.294771574354));
#1498 = CARTESIAN_POINT('',(-3.96669863165,-0.296006397956));
#1499 = CARTESIAN_POINT('',(-4.031963141838,-0.296627527625));
#1500 = CARTESIAN_POINT('',(-4.096497084336,-0.297204859008));
#1501 = CARTESIAN_POINT('',(-4.160196942716,-0.297727885679));
#1502 = CARTESIAN_POINT('',(-4.223289008258,-0.29819201286));
#1503 = CARTESIAN_POINT('',(-4.358004684612,-0.299051098689));
#1504 = CARTESIAN_POINT('',(-4.429375658257,-0.299427311183));
#1505 = CARTESIAN_POINT('',(-4.500549247606,-0.299713720069));
#1506 = CARTESIAN_POINT('',(-4.571226387494,-0.299903489207));
#1507 = CARTESIAN_POINT('',(-4.64149156368,-0.3));
#1508 = CARTESIAN_POINT('',(-4.712388980385,-0.3));
#1509 = ( GEOMETRIC_REPRESENTATION_CONTEXT(2) 
PARAMETRIC_REPRESENTATION_CONTEXT() REPRESENTATION_CONTEXT('2D SPACE',''
  ) );
#1510 = FACE_BOUND('',#1511,.T.);
#1511 = EDGE_LOOP('',(#1512));
#1512 = ORIENTED_EDGE('',*,*,#1513,.F.);
#1513 = EDGE_CURVE('',#1514,#1514,#1516,.T.);
#1514 = VERTEX_POINT('',#1515);
#1515 = CARTESIAN_POINT('',(-1.5E-02,2.E-02,1.25));
#1516 = SURFACE_CURVE('',#1517,(#1610,#1706),.PCURVE_S1.);
#1517 = B_SPLINE_CURVE_WITH_KNOTS('',6,(#1518,#1519,#1520,#1521,#1522,
    #1523,#1524,#1525,#1526,#1527,#1528,#1529,#1530,#1531,#1532,#1533,
    #1534,#1535,#1536,#1537,#1538,#1539,#1540,#1541,#1542,#1543,#1544,
    #1545,#1546,#1547,#1548,#1549,#1550,#1551,#1552,#1553,#1554,#1555,
    #1556,#1557,#1558,#1559,#1560,#1561,#1562,#1563,#1564,#1565,#1566,
    #1567,#1568,#1569,#1570,#1571,#1572,#1573,#1574,#1575,#1576,#1577,
    #1578,#1579,#1580,#1581,#1582,#1583,#1584,#1585,#1586,#1587,#1588,
    #1589,#1590,#1591,#1592,#1593,#1594,#1595,#1596,#1597,#1598,#1599,
    #1600,#1601,#1602,#1603,#1604,#1605,#1606,#1607,#1608,#1609),
  .UNSPECIFIED.,.T.,.F.,(7,5,5,5,5,5,5,5,5,5,5,5,5,5,5,5,5,5,7),(0.,
    5.367109245471E-02,0.112609076616,0.177178417372,0.250049459217,
    0.318906705193,0.384306918765,0.442904241846,0.466861995549,
    0.500334103867,0.53224596028,0.554317183134,0.613186526173,
    0.67768066741,0.750466841354,0.819243893829,0.884567940339,
    0.943097019191,1.),.UNSPECIFIED.);
#1518 = CARTESIAN_POINT('',(-1.5E-02,2.E-02,1.25));
#1519 = CARTESIAN_POINT('',(-1.5E-02,2.E-02,1.251336527245));
#1520 = CARTESIAN_POINT('',(-1.514277995222E-02,1.989272322125E-02,
    1.252650221371));
#1521 = CARTESIAN_POINT('',(-1.541986537733E-02,1.968549355093E-02,
    1.25393661539));
#1522 = CARTESIAN_POINT('',(-1.580720169568E-02,1.938228417356E-02,
    1.255185627145));
#1523 = CARTESIAN_POINT('',(-1.626994086356E-02,1.899311735211E-02,
    1.256379819202));
#1524 = CARTESIAN_POINT('',(-1.731331530912E-02,1.804968536815E-02,
    1.258714704296));
#1525 = CARTESIAN_POINT('',(-1.791504682124E-02,1.747079018155E-02,
    1.259869625232));
#1526 = CARTESIAN_POINT('',(-1.853950826932E-02,1.681761587436E-02,
    1.26095247424));
#1527 = CARTESIAN_POINT('',(-1.916304919806E-02,1.610264447263E-02,
    1.261960881748));
#1528 = CARTESIAN_POINT('',(-1.97715743535E-02,1.533349672233E-02,
    1.262896793799));
#1529 = CARTESIAN_POINT('',(-2.100639795578E-02,1.360033104227E-02,
    1.264722887375));
#1530 = CARTESIAN_POINT('',(-2.162752762427E-02,1.262637463379E-02,
    1.265598264219));
#1531 = CARTESIAN_POINT('',(-2.220485900803E-02,1.159641695922E-02,
    1.266385582));
#1532 = CARTESIAN_POINT('',(-2.272788567913E-02,1.052338259995E-02,
    1.267082676095));
#1533 = CARTESIAN_POINT('',(-2.319201285951E-02,9.41394058292E-03,
    1.267691238954));
#1534 = CARTESIAN_POINT('',(-2.405109868895E-02,6.960218025554E-03,
    1.268804150001));
#1535 = CARTESIAN_POINT('',(-2.442731118361E-02,5.609722974598E-03,
    1.269282248698));
#1536 = CARTESIAN_POINT('',(-2.471372006877E-02,4.224118369658E-03,
    1.269642130372));
#1537 = CARTESIAN_POINT('',(-2.490348920694E-02,2.823212577732E-03,
    1.269879365192));
#1538 = CARTESIAN_POINT('',(-2.5E-02,1.417948333323E-03,1.27));
#1539 = CARTESIAN_POINT('',(-2.5E-02,-1.339846593359E-03,1.27));
#1540 = CARTESIAN_POINT('',(-2.491408697859E-02,-2.669695776235E-03,
    1.269892611618));
#1541 = CARTESIAN_POINT('',(-2.474343449551E-02,-3.995608625372E-03,
    1.269679278962));
#1542 = CARTESIAN_POINT('',(-2.448809294885E-02,-5.308001295059E-03,
    1.26935860064));
#1543 = CARTESIAN_POINT('',(-2.415089888066E-02,-6.591102609551E-03,
    1.268930856755));
#1544 = CARTESIAN_POINT('',(-2.335242968848E-02,-9.01139980066E-03,
    1.267900739817));
#1545 = CARTESIAN_POINT('',(-2.289988039002E-02,-1.014755885335E-02,
    1.267310319073));
#1546 = CARTESIAN_POINT('',(-2.23853922403E-02,-1.124806418507E-02,
    1.266628693541));
#1547 = CARTESIAN_POINT('',(-2.18133625319E-02,-1.230599234416E-02,
    1.265854165325));
#1548 = CARTESIAN_POINT('',(-2.11940894248E-02,-1.330793542995E-02,
    1.264988907198));
#1549 = CARTESIAN_POINT('',(-1.996709031074E-02,-1.507817467361E-02,
    1.263193496679));
#1550 = CARTESIAN_POINT('',(-1.936608402388E-02,-1.585829980272E-02,
    1.262281208845));
#1551 = CARTESIAN_POINT('',(-1.874758106608E-02,-1.65861971637E-02,
    1.261297365704));
#1552 = CARTESIAN_POINT('',(-1.812436709591E-02,-1.725469191135E-02,
    1.260239874297));
#1553 = CARTESIAN_POINT('',(-1.751835613317E-02,-1.78517104907E-02,
    1.259110973032));
#1554 = CARTESIAN_POINT('',(-1.67325616937E-02,-1.857734442718E-02,
    1.257427337684));
#1555 = CARTESIAN_POINT('',(-1.651205790754E-02,-1.877465190659E-02,
    1.25692659834));
#1556 = CARTESIAN_POINT('',(-1.630136109027E-02,-1.895775125443E-02,
    1.256414187827));
#1557 = CARTESIAN_POINT('',(-1.610285129929E-02,-1.912573650218E-02,
    1.255890495114));
#1558 = CARTESIAN_POINT('',(-1.591901801467E-02,-1.927772997858E-02,
    1.255355826465));
#1559 = CARTESIAN_POINT('',(-1.551975705181E-02,-1.960170775284E-02,
    1.254048381077));
#1560 = CARTESIAN_POINT('',(-1.531978207169E-02,-1.975839639215E-02,
    1.253262215425));
#1561 = CARTESIAN_POINT('',(-1.516227634703E-02,-1.98783487607E-02,
    1.252459325281));
#1562 = CARTESIAN_POINT('',(-1.505432520247E-02,-1.995922623595E-02,
    1.251645208157));
#1563 = CARTESIAN_POINT('',(-1.5E-02,-2.E-02,1.25082416118));
#1564 = CARTESIAN_POINT('',(-1.5E-02,-2.E-02,1.249214255852));
#1565 = CARTESIAN_POINT('',(-1.504938045192E-02,-1.99629409852E-02,
    1.248431031528));
#1566 = CARTESIAN_POINT('',(-1.514760248074E-02,-1.988934237449E-02,
    1.247653829589));
#1567 = CARTESIAN_POINT('',(-1.529126990871E-02,-1.978008945627E-02,
    1.246886528092));
#1568 = CARTESIAN_POINT('',(-1.547440265184E-02,-1.963717464289E-02,
    1.246133986268));
#1569 = CARTESIAN_POINT('',(-1.583693176007E-02,-1.93449692437E-02,
    1.244896835661));
#1570 = CARTESIAN_POINT('',(-1.600043047939E-02,-1.921096822331E-02,
    1.244399960345));
#1571 = CARTESIAN_POINT('',(-1.617717324348E-02,-1.906309869205E-02,
    1.243912237066));
#1572 = CARTESIAN_POINT('',(-1.636517318905E-02,-1.8902060671E-02,
    1.243433960879));
#1573 = CARTESIAN_POINT('',(-1.656248962044E-02,-1.87285911743E-02,
    1.242965509088));
#1574 = CARTESIAN_POINT('',(-1.73133153083E-02,-1.80496853689E-02,
    1.241285295705));
#1575 = CARTESIAN_POINT('',(-1.791504682257E-02,-1.747079018007E-02,
    1.240130374765));
#1576 = CARTESIAN_POINT('',(-1.853950826932E-02,-1.681761587455E-02,
    1.23904752576));
#1577 = CARTESIAN_POINT('',(-1.916304919672E-02,-1.610264447419E-02,
    1.238039118255));
#1578 = CARTESIAN_POINT('',(-1.977157435433E-02,-1.533349672117E-02,
    1.2371032062));
#1579 = CARTESIAN_POINT('',(-2.100639795556E-02,-1.360033104258E-02,
    1.235277112625));
#1580 = CARTESIAN_POINT('',(-2.162752762456E-02,-1.262637463328E-02,
    1.234401735781));
#1581 = CARTESIAN_POINT('',(-2.220485900808E-02,-1.159641695922E-02,
    1.233614418));
#1582 = CARTESIAN_POINT('',(-2.272788567887E-02,-1.052338260046E-02,
    1.232917323906));
#1583 = CARTESIAN_POINT('',(-2.319201285962E-02,-9.413940582588E-03,
    1.232308761046));
#1584 = CARTESIAN_POINT('',(-2.405109868909E-02,-6.960218025135E-03,
    1.231195849999));
#1585 = CARTESIAN_POINT('',(-2.442731118306E-02,-5.609722976066E-03,
    1.230717751302));
#1586 = CARTESIAN_POINT('',(-2.471372006925E-02,-4.224118369222E-03,
    1.230357869627));
#1587 = CARTESIAN_POINT('',(-2.49034892068E-02,-2.823212576543E-03,
    1.230120634808));
#1588 = CARTESIAN_POINT('',(-2.5E-02,-1.417948334127E-03,1.23));
#1589 = CARTESIAN_POINT('',(-2.5E-02,1.339846590321E-03,1.23));
#1590 = CARTESIAN_POINT('',(-2.491408697792E-02,2.669695781276E-03,
    1.230107388383));
#1591 = CARTESIAN_POINT('',(-2.474343449591E-02,3.995608625658E-03,
    1.230320721037));
#1592 = CARTESIAN_POINT('',(-2.44880929497E-02,5.30800129025E-03,
    1.230641399359));
#1593 = CARTESIAN_POINT('',(-2.415089887978E-02,6.59110261222E-03,
    1.231069143247));
#1594 = CARTESIAN_POINT('',(-2.335242968775E-02,9.01139980287E-03,
    1.232099260184));
#1595 = CARTESIAN_POINT('',(-2.289988039152E-02,1.014755885023E-02,
    1.232689680925));
#1596 = CARTESIAN_POINT('',(-2.238539224009E-02,1.124806418485E-02,
    1.233371306459));
#1597 = CARTESIAN_POINT('',(-2.181336253031E-02,1.230599234718E-02,
    1.234145834677));
#1598 = CARTESIAN_POINT('',(-2.119408942598E-02,1.330793542824E-02,
    1.235011092801));
#1599 = CARTESIAN_POINT('',(-1.996709030986E-02,1.507817467488E-02,
    1.236806503322));
#1600 = CARTESIAN_POINT('',(-1.936608402532E-02,1.5858299801E-02,
    1.237718791153));
#1601 = CARTESIAN_POINT('',(-1.874758106606E-02,1.658619716351E-02,
    1.238702634297));
#1602 = CARTESIAN_POINT('',(-1.812436709446E-02,1.725469191299E-02,
    1.239760125706));
#1603 = CARTESIAN_POINT('',(-1.751835613408E-02,1.785171048986E-02,
    1.240889026966));
#1604 = CARTESIAN_POINT('',(-1.641834343588E-02,1.88675061029E-02,
    1.243245903229));
#1605 = CARTESIAN_POINT('',(-1.590706649139E-02,1.930387601788E-02,
    1.244501369037));
#1606 = CARTESIAN_POINT('',(-1.547425224347E-02,1.964476332901E-02,
    1.245820169892));
#1607 = CARTESIAN_POINT('',(-1.516190041999E-02,1.987835998983E-02,
    1.2471823078));
#1608 = CARTESIAN_POINT('',(-1.5E-02,2.E-02,1.248576733526));
#1609 = CARTESIAN_POINT('',(-1.5E-02,2.E-02,1.25));
#1610 = PCURVE('',#1099,#1611);
#1611 = DEFINITIONAL_REPRESENTATION('',(#1612),#1705);
#1612 = B_SPLINE_CURVE_WITH_KNOTS('',6,(#1613,#1614,#1615,#1616,#1617,
    #1618,#1619,#1620,#1621,#1622,#1623,#1624,#1625,#1626,#1627,#1628,
    #1629,#1630,#1631,#1632,#1633,#1634,#1635,#1636,#1637,#1638,#1639,
    #1640,#1641,#1642,#1643,#1644,#1645,#1646,#1647,#1648,#1649,#1650,
    #1651,#1652,#1653,#1654,#1655,#1656,#1657,#1658,#1659,#1660,#1661,
    #1662,#1663,#1664,#1665,#1666,#1667,#1668,#1669,#1670,#1671,#1672,
    #1673,#1674,#1675,#1676,#1677,#1678,#1679,#1680,#1681,#1682,#1683,
    #1684,#1685,#1686,#1687,#1688,#1689,#1690,#1691,#1692,#1693,#1694,
    #1695,#1696,#1697,#1698,#1699,#1700,#1701,#1702,#1703,#1704),
  .UNSPECIFIED.,.T.,.F.,(7,5,5,5,5,5,5,5,5,5,5,5,5,5,5,5,5,5,7),(0.,
    5.367109245471E-02,0.112609076616,0.177178417372,0.250049459217,
    0.318906705193,0.384306918765,0.442904241846,0.466861995549,
    0.500334103867,0.53224596028,0.554317183134,0.613186526173,
    0.67768066741,0.750466841354,0.819243893829,0.884567940339,
    0.943097019191,1.),.UNSPECIFIED.);
#1613 = CARTESIAN_POINT('',(-2.214297435588,-1.25));
#1614 = CARTESIAN_POINT('',(-2.214297435588,-1.251336527245));
#1615 = CARTESIAN_POINT('',(-2.221442163808,-1.252650221371));
#1616 = CARTESIAN_POINT('',(-2.235280609393,-1.25393661539));
#1617 = CARTESIAN_POINT('',(-2.254948769979,-1.255185627145));
#1618 = CARTESIAN_POINT('',(-2.279116404413,-1.256379819202));
#1619 = CARTESIAN_POINT('',(-2.335382829812,-1.258714704296));
#1620 = CARTESIAN_POINT('',(-2.368764917127,-1.259869625232));
#1621 = CARTESIAN_POINT('',(-2.40486425888,-1.26095247424));
#1622 = CARTESIAN_POINT('',(-2.442746171237,-1.261960881748));
#1623 = CARTESIAN_POINT('',(-2.481927724421,-1.262896793799));
#1624 = CARTESIAN_POINT('',(-2.567050248851,-1.264722887375));
#1625 = CARTESIAN_POINT('',(-2.613192483846,-1.265598264219));
#1626 = CARTESIAN_POINT('',(-2.660312997537,-1.266385582));
#1627 = CARTESIAN_POINT('',(-2.707938215961,-1.267082676095));
#1628 = CARTESIAN_POINT('',(-2.755960426462,-1.267691238954));
#1629 = CARTESIAN_POINT('',(-2.859951063355,-1.268804150001));
#1630 = CARTESIAN_POINT('',(-2.915909924268,-1.269282248698));
#1631 = CARTESIAN_POINT('',(-2.972303449071,-1.269642130372));
#1632 = CARTESIAN_POINT('',(-3.028663126613,-1.269879365192));
#1633 = CARTESIAN_POINT('',(-3.084874720257,-1.27));
#1634 = CARTESIAN_POINT('',(-3.195186517324,-1.27));
#1635 = CARTESIAN_POINT('',(-3.248382680724,-1.269892611618));
#1636 = CARTESIAN_POINT('',(-3.301688691418,-1.269679278962));
#1637 = CARTESIAN_POINT('',(-3.355008470508,-1.26935860064));
#1638 = CARTESIAN_POINT('',(-3.40797032019,-1.268930856755));
#1639 = CARTESIAN_POINT('',(-3.50991455235,-1.267900739817));
#1640 = CARTESIAN_POINT('',(-3.558747079156,-1.267310319073));
#1641 = CARTESIAN_POINT('',(-3.607210309137,-1.266628693541));
#1642 = CARTESIAN_POINT('',(-3.655202418215,-1.265854165325));
#1643 = CARTESIAN_POINT('',(-3.702249046457,-1.264988907198));
#1644 = CARTESIAN_POINT('',(-3.788404940562,-1.263193496679));
#1645 = CARTESIAN_POINT('',(-3.827747421215,-1.262281208845));
#1646 = CARTESIAN_POINT('',(-3.865888582647,-1.261297365704));
#1647 = CARTESIAN_POINT('',(-3.902397456109,-1.260239874297));
#1648 = CARTESIAN_POINT('',(-3.936405967315,-1.259110973032));
#1649 = CARTESIAN_POINT('',(-3.979189469012,-1.257427337684));
#1650 = CARTESIAN_POINT('',(-3.991023715617,-1.25692659834));
#1651 = CARTESIAN_POINT('',(-4.002187644221,-1.256414187827));
#1652 = CARTESIAN_POINT('',(-4.012588472477,-1.255890495114));
#1653 = CARTESIAN_POINT('',(-4.022129287965,-1.255355826465));
#1654 = CARTESIAN_POINT('',(-4.042696092857,-1.254048381077));
#1655 = CARTESIAN_POINT('',(-4.052856601003,-1.253262215425));
#1656 = CARTESIAN_POINT('',(-4.060775296331,-1.252459325281));
#1657 = CARTESIAN_POINT('',(-4.066170918565,-1.251645208157));
#1658 = CARTESIAN_POINT('',(-4.068887871591,-1.25082416118));
#1659 = CARTESIAN_POINT('',(-4.068887871591,-1.249214255852));
#1660 = CARTESIAN_POINT('',(-4.066418305425,-1.248431031528));
#1661 = CARTESIAN_POINT('',(-4.061508722279,-1.247653829589));
#1662 = CARTESIAN_POINT('',(-4.054289561353,-1.246886528092));
#1663 = CARTESIAN_POINT('',(-4.044998798587,-1.246133986268));
#1664 = CARTESIAN_POINT('',(-4.026373596322,-1.244896835661));
#1665 = CARTESIAN_POINT('',(-4.017918040479,-1.244399960345));
#1666 = CARTESIAN_POINT('',(-4.008701147058,-1.243912237066));
#1667 = CARTESIAN_POINT('',(-3.998800595152,-1.243433960879));
#1668 = CARTESIAN_POINT('',(-3.988292521742,-1.242965509088));
#1669 = CARTESIAN_POINT('',(-3.947802477412,-1.241285295705));
#1670 = CARTESIAN_POINT('',(-3.914420389973,-1.240130374765));
#1671 = CARTESIAN_POINT('',(-3.878321048305,-1.23904752576));
#1672 = CARTESIAN_POINT('',(-3.840439136025,-1.238039118255));
#1673 = CARTESIAN_POINT('',(-3.801257582701,-1.2371032062));
#1674 = CARTESIAN_POINT('',(-3.716135058344,-1.235277112625));
#1675 = CARTESIAN_POINT('',(-3.66999282331,-1.234401735781));
#1676 = CARTESIAN_POINT('',(-3.622872309642,-1.233614418));
#1677 = CARTESIAN_POINT('',(-3.575247091241,-1.232917323906));
#1678 = CARTESIAN_POINT('',(-3.527224880704,-1.232308761046));
#1679 = CARTESIAN_POINT('',(-3.423234243807,-1.231195849999));
#1680 = CARTESIAN_POINT('',(-3.367275382974,-1.230717751302));
#1681 = CARTESIAN_POINT('',(-3.310881858089,-1.230357869627));
#1682 = CARTESIAN_POINT('',(-3.25452218052,-1.230120634808));
#1683 = CARTESIAN_POINT('',(-3.198310586955,-1.23));
#1684 = CARTESIAN_POINT('',(-3.087998789977,-1.23));
#1685 = CARTESIAN_POINT('',(-3.03480262625,-1.230107388383));
#1686 = CARTESIAN_POINT('',(-2.981496615753,-1.230320721037));
#1687 = CARTESIAN_POINT('',(-2.928176836868,-1.230641399359));
#1688 = CARTESIAN_POINT('',(-2.875214986877,-1.231069143247));
#1689 = CARTESIAN_POINT('',(-2.773270754737,-1.232099260184));
#1690 = CARTESIAN_POINT('',(-2.724438228163,-1.232689680925));
#1691 = CARTESIAN_POINT('',(-2.675974998047,-1.233371306459));
#1692 = CARTESIAN_POINT('',(-2.627982888827,-1.234145834677));
#1693 = CARTESIAN_POINT('',(-2.580936260806,-1.235011092801));
#1694 = CARTESIAN_POINT('',(-2.494780366556,-1.236806503322));
#1695 = CARTESIAN_POINT('',(-2.455437886055,-1.237718791153));
#1696 = CARTESIAN_POINT('',(-2.417296724538,-1.238702634297));
#1697 = CARTESIAN_POINT('',(-2.380787850982,-1.239760125706));
#1698 = CARTESIAN_POINT('',(-2.346779339914,-1.240889026966));
#1699 = CARTESIAN_POINT('',(-2.286887855862,-1.243245903229));
#1700 = CARTESIAN_POINT('',(-2.260024482067,-1.244501369037));
#1701 = CARTESIAN_POINT('',(-2.237997816558,-1.245820169892));
#1702 = CARTESIAN_POINT('',(-2.222399444185,-1.2471823078));
#1703 = CARTESIAN_POINT('',(-2.214297435588,-1.248576733526));
#1704 = CARTESIAN_POINT('',(-2.214297435588,-1.25));
#1705 = ( GEOMETRIC_REPRESENTATION_CONTEXT(2) 
PARAMETRIC_REPRESENTATION_CONTEXT() REPRESENTATION_CONTEXT('2D SPACE',''
  ) );
#1706 = PCURVE('',#1213,#1707);
#1707 = DEFINITIONAL_REPRESENTATION('',(#1708),#1801);
#1708 = B_SPLINE_CURVE_WITH_KNOTS('',6,(#1709,#1710,#1711,#1712,#1713,
    #1714,#1715,#1716,#1717,#1718,#1719,#1720,#1721,#1722,#1723,#1724,
    #1725,#1726,#1727,#1728,#1729,#1730,#1731,#1732,#1733,#1734,#1735,
    #1736,#1737,#1738,#1739,#1740,#1741,#1742,#1743,#1744,#1745,#1746,
    #1747,#1748,#1749,#1750,#1751,#1752,#1753,#1754,#1755,#1756,#1757,
    #1758,#1759,#1760,#1761,#1762,#1763,#1764,#1765,#1766,#1767,#1768,
    #1769,#1770,#1771,#1772,#1773,#1774,#1775,#1776,#1777,#1778,#1779,
    #1780,#1781,#1782,#1783,#1784,#1785,#1786,#1787,#1788,#1789,#1790,
    #1791,#1792,#1793,#1794,#1795,#1796,#1797,#1798,#1799,#1800),
  .UNSPECIFIED.,.F.,.F.,(7,5,5,5,5,5,5,5,5,5,5,5,5,5,5,5,5,5,7),(0.,
    5.367109245471E-02,0.112609076616,0.177178417372,0.250049459217,
    0.318906705193,0.384306918765,0.442904241846,0.466861995549,
    0.500334103867,0.53224596028,0.554317183134,0.613186526173,
    0.67768066741,0.750466841354,0.819243893829,0.884567940339,
    0.943097019191,1.),.UNSPECIFIED.);
#1709 = CARTESIAN_POINT('',(0.,-0.26));
#1710 = CARTESIAN_POINT('',(-6.682636226417E-02,-0.26));
#1711 = CARTESIAN_POINT('',(-0.13251936897,-0.259857220048));
#1712 = CARTESIAN_POINT('',(-0.19735345079,-0.259580134623));
#1713 = CARTESIAN_POINT('',(-0.261344395315,-0.259192798304));
#1714 = CARTESIAN_POINT('',(-0.323988353906,-0.258730059136));
#1715 = CARTESIAN_POINT('',(-0.449902534116,-0.257686684691));
#1716 = CARTESIAN_POINT('',(-0.514282546878,-0.257084953179));
#1717 = CARTESIAN_POINT('',(-0.577242838821,-0.256460491731));
#1718 = CARTESIAN_POINT('',(-0.638805551648,-0.255836950802));
#1719 = CARTESIAN_POINT('',(-0.699224277428,-0.255228425646));
#1720 = CARTESIAN_POINT('',(-0.825105978088,-0.253993602044));
#1721 = CARTESIAN_POINT('',(-0.890370488205,-0.253372472376));
#1722 = CARTESIAN_POINT('',(-0.954904430744,-0.252795140992));
#1723 = CARTESIAN_POINT('',(-1.018604289169,-0.252272114321));
#1724 = CARTESIAN_POINT('',(-1.081696354644,-0.25180798714));
#1725 = CARTESIAN_POINT('',(-1.216412031046,-0.250948901311));
#1726 = CARTESIAN_POINT('',(-1.287783004696,-0.250572688816));
#1727 = CARTESIAN_POINT('',(-1.358956593965,-0.250286279931));
#1728 = CARTESIAN_POINT('',(-1.429633733877,-0.250096510793));
#1729 = CARTESIAN_POINT('',(-1.499898910129,-0.25));
#1730 = CARTESIAN_POINT('',(-1.637788656463,-0.25));
#1731 = CARTESIAN_POINT('',(-1.704285033999,-0.250085913021));
#1732 = CARTESIAN_POINT('',(-1.771108081853,-0.250256565504));
#1733 = CARTESIAN_POINT('',(-1.83833636227,-0.250511907051));
#1734 = CARTESIAN_POINT('',(-1.905735369338,-0.250849101119));
#1735 = CARTESIAN_POINT('',(-2.037255133999,-0.251647570312));
#1736 = CARTESIAN_POINT('',(-2.101091746574,-0.25210011961));
#1737 = CARTESIAN_POINT('',(-2.16552704361,-0.25261460776));
#1738 = CARTESIAN_POINT('',(-2.230788173049,-0.253186637468));
#1739 = CARTESIAN_POINT('',(-2.29676156528,-0.253805910575));
#1740 = CARTESIAN_POINT('',(-2.422829462763,-0.255032909689));
#1741 = CARTESIAN_POINT('',(-2.482699397914,-0.255633915976));
#1742 = CARTESIAN_POINT('',(-2.543652999584,-0.256252418934));
#1743 = CARTESIAN_POINT('',(-2.605945821722,-0.256875632904));
#1744 = CARTESIAN_POINT('',(-2.669592114723,-0.257481643867));
#1745 = CARTESIAN_POINT('',(-2.761259619816,-0.258267438306));
#1746 = CARTESIAN_POINT('',(-2.788156804447,-0.258487942092));
#1747 = CARTESIAN_POINT('',(-2.815342448192,-0.25869863891));
#1748 = CARTESIAN_POINT('',(-2.842818425786,-0.258897148701));
#1749 = CARTESIAN_POINT('',(-2.870595001971,-0.259080981985));
#1750 = CARTESIAN_POINT('',(-2.937944371735,-0.259480242948));
#1751 = CARTESIAN_POINT('',(-2.977982682614,-0.259680217928));
#1752 = CARTESIAN_POINT('',(-3.018501286899,-0.259837723653));
#1753 = CARTESIAN_POINT('',(-3.059331720773,-0.259945674798));
#1754 = CARTESIAN_POINT('',(-3.100384594584,-0.26));
#1755 = CARTESIAN_POINT('',(-3.180879861002,-0.26));
#1756 = CARTESIAN_POINT('',(-3.220041467689,-0.259950619548));
#1757 = CARTESIAN_POINT('',(-3.25900969245,-0.259852397519));
#1758 = CARTESIAN_POINT('',(-3.297699442327,-0.259708730091));
#1759 = CARTESIAN_POINT('',(-3.335961244449,-0.259525597348));
#1760 = CARTESIAN_POINT('',(-3.399520775999,-0.25916306824));
#1761 = CARTESIAN_POINT('',(-3.425239411372,-0.258999569521));
#1762 = CARTESIAN_POINT('',(-3.450703620616,-0.258822826757));
#1763 = CARTESIAN_POINT('',(-3.475919503303,-0.258634826811));
#1764 = CARTESIAN_POINT('',(-3.500885721974,-0.25843751038));
#1765 = CARTESIAN_POINT('',(-3.591495187606,-0.257686684692));
#1766 = CARTESIAN_POINT('',(-3.655875200616,-0.257084953177));
#1767 = CARTESIAN_POINT('',(-3.718835492418,-0.256460491731));
#1768 = CARTESIAN_POINT('',(-3.780398205094,-0.255836950803));
#1769 = CARTESIAN_POINT('',(-3.840816931102,-0.255228425646));
#1770 = CARTESIAN_POINT('',(-3.966698631655,-0.253993602044));
#1771 = CARTESIAN_POINT('',(-4.031963141828,-0.253372472375));
#1772 = CARTESIAN_POINT('',(-4.096497084336,-0.252795140992));
#1773 = CARTESIAN_POINT('',(-4.160196942726,-0.252272114321));
#1774 = CARTESIAN_POINT('',(-4.223289008252,-0.25180798714));
#1775 = CARTESIAN_POINT('',(-4.358004684659,-0.250948901311));
#1776 = CARTESIAN_POINT('',(-4.429375658206,-0.250572688817));
#1777 = CARTESIAN_POINT('',(-4.500549247583,-0.250286279931));
#1778 = CARTESIAN_POINT('',(-4.571226387525,-0.250096510793));
#1779 = CARTESIAN_POINT('',(-4.641491563678,-0.25));
#1780 = CARTESIAN_POINT('',(-4.779381309901,-0.25));
#1781 = CARTESIAN_POINT('',(-4.845877687849,-0.250085913022));
#1782 = CARTESIAN_POINT('',(-4.912700735452,-0.250256565504));
#1783 = CARTESIAN_POINT('',(-4.979929015609,-0.25051190705));
#1784 = CARTESIAN_POINT('',(-5.047328023073,-0.25084910112));
#1785 = CARTESIAN_POINT('',(-5.178847787708,-0.251647570312));
#1786 = CARTESIAN_POINT('',(-5.242684399974,-0.252100119608));
#1787 = CARTESIAN_POINT('',(-5.307119697201,-0.25261460776));
#1788 = CARTESIAN_POINT('',(-5.37238082683,-0.25318663747));
#1789 = CARTESIAN_POINT('',(-5.438354218748,-0.253805910574));
#1790 = CARTESIAN_POINT('',(-5.564422116444,-0.25503290969));
#1791 = CARTESIAN_POINT('',(-5.624292051349,-0.255633915975));
#1792 = CARTESIAN_POINT('',(-5.685245653181,-0.256252418934));
#1793 = CARTESIAN_POINT('',(-5.747538475471,-0.256875632906));
#1794 = CARTESIAN_POINT('',(-5.811184768206,-0.257481643866));
#1795 = CARTESIAN_POINT('',(-5.939507666091,-0.258581656564));
#1796 = CARTESIAN_POINT('',(-6.00578066561,-0.259092933509));
#1797 = CARTESIAN_POINT('',(-6.07356534439,-0.259525747757));
#1798 = CARTESIAN_POINT('',(-6.142289295378,-0.25983809958));
#1799 = CARTESIAN_POINT('',(-6.212021983471,-0.26));
#1800 = CARTESIAN_POINT('',(-6.28318530718,-0.26));
#1801 = ( GEOMETRIC_REPRESENTATION_CONTEXT(2) 
PARAMETRIC_REPRESENTATION_CONTEXT() REPRESENTATION_CONTEXT('2D SPACE',''
  ) );
#1802 = ADVANCED_FACE('',(#1803,#1834),#1154,.F.);
#1803 = FACE_BOUND('',#1804,.F.);
#1804 = EDGE_LOOP('',(#1805));
#1805 = ORIENTED_EDGE('',*,*,#1806,.T.);
#1806 = EDGE_CURVE('',#1807,#1807,#1809,.T.);
#1807 = VERTEX_POINT('',#1808);
#1808 = CARTESIAN_POINT('',(5.5E-02,0.,-2.5E-02));
#1809 = SURFACE_CURVE('',#1810,(#1815,#1822),.PCURVE_S1.);
#1810 = CIRCLE('',#1811,5.5E-02);
#1811 = AXIS2_PLACEMENT_3D('',#1812,#1813,#1814);
#1812 = CARTESIAN_POINT('',(0.,0.,-2.5E-02));
#1813 = DIRECTION('',(0.,0.,1.));
#1814 = DIRECTION('',(1.,0.,0.));
#1815 = PCURVE('',#1154,#1816);
#1816 = DEFINITIONAL_REPRESENTATION('',(#1817),#1821);
#1817 = CIRCLE('',#1818,5.5E-02);
#1818 = AXIS2_PLACEMENT_2D('',#1819,#1820);
#1819 = CARTESIAN_POINT('',(1.517489493674E-18,-7.89793188911E-19));
#1820 = DIRECTION('',(1.,0.));
#1821 = ( GEOMETRIC_REPRESENTATION_CONTEXT(2) 
PARAMETRIC_REPRESENTATION_CONTEXT() REPRESENTATION_CONTEXT('2D SPACE',''
  ) );
#1822 = PCURVE('',#1823,#1828);
#1823 = CYLINDRICAL_SURFACE('',#1824,5.5E-02);
#1824 = AXIS2_PLACEMENT_3D('',#1825,#1826,#1827);
#1825 = CARTESIAN_POINT('',(0.,0.,-2.5E-02));
#1826 = DIRECTION('',(-0.,-0.,-1.));
#1827 = DIRECTION('',(1.,0.,0.));
#1828 = DEFINITIONAL_REPRESENTATION('',(#1829),#1833);
#1829 = LINE('',#1830,#1831);
#1830 = CARTESIAN_POINT('',(-0.,0.));
#1831 = VECTOR('',#1832,1.);
#1832 = DIRECTION('',(-1.,0.));
#1833 = ( GEOMETRIC_REPRESENTATION_CONTEXT(2) 
PARAMETRIC_REPRESENTATION_CONTEXT() REPRESENTATION_CONTEXT('2D SPACE',''
  ) );
#1834 = FACE_BOUND('',#1835,.F.);
#1835 = EDGE_LOOP('',(#1836));
#1836 = ORIENTED_EDGE('',*,*,#1139,.F.);
#1837 = ADVANCED_FACE('',(#1838),#1823,.T.);
#1838 = FACE_BOUND('',#1839,.F.);
#1839 = EDGE_LOOP('',(#1840,#1863,#1885,#1886));
#1840 = ORIENTED_EDGE('',*,*,#1841,.T.);
#1841 = EDGE_CURVE('',#1807,#1842,#1844,.T.);
#1842 = VERTEX_POINT('',#1843);
#1843 = CARTESIAN_POINT('',(5.5E-02,0.,0.));
#1844 = SEAM_CURVE('',#1845,(#1849,#1856),.PCURVE_S1.);
#1845 = LINE('',#1846,#1847);
#1846 = CARTESIAN_POINT('',(5.5E-02,0.,-2.5E-02));
#1847 = VECTOR('',#1848,1.);
#1848 = DIRECTION('',(0.,0.,1.));
#1849 = PCURVE('',#1823,#1850);
#1850 = DEFINITIONAL_REPRESENTATION('',(#1851),#1855);
#1851 = LINE('',#1852,#1853);
#1852 = CARTESIAN_POINT('',(-0.,0.));
#1853 = VECTOR('',#1854,1.);
#1854 = DIRECTION('',(-0.,-1.));
#1855 = ( GEOMETRIC_REPRESENTATION_CONTEXT(2) 
PARAMETRIC_REPRESENTATION_CONTEXT() REPRESENTATION_CONTEXT('2D SPACE',''
  ) );
#1856 = PCURVE('',#1823,#1857);
#1857 = DEFINITIONAL_REPRESENTATION('',(#1858),#1862);
#1858 = LINE('',#1859,#1860);
#1859 = CARTESIAN_POINT('',(-6.28318530718,0.));
#1860 = VECTOR('',#1861,1.);
#1861 = DIRECTION('',(-0.,-1.));
#1862 = ( GEOMETRIC_REPRESENTATION_CONTEXT(2) 
PARAMETRIC_REPRESENTATION_CONTEXT() REPRESENTATION_CONTEXT('2D SPACE',''
  ) );
#1863 = ORIENTED_EDGE('',*,*,#1864,.T.);
#1864 = EDGE_CURVE('',#1842,#1842,#1865,.T.);
#1865 = SURFACE_CURVE('',#1866,(#1871,#1878),.PCURVE_S1.);
#1866 = CIRCLE('',#1867,5.5E-02);
#1867 = AXIS2_PLACEMENT_3D('',#1868,#1869,#1870);
#1868 = CARTESIAN_POINT('',(0.,0.,0.));
#1869 = DIRECTION('',(0.,0.,1.));
#1870 = DIRECTION('',(1.,0.,0.));
#1871 = PCURVE('',#1823,#1872);
#1872 = DEFINITIONAL_REPRESENTATION('',(#1873),#1877);
#1873 = LINE('',#1874,#1875);
#1874 = CARTESIAN_POINT('',(-0.,-2.5E-02));
#1875 = VECTOR('',#1876,1.);
#1876 = DIRECTION('',(-1.,0.));
#1877 = ( GEOMETRIC_REPRESENTATION_CONTEXT(2) 
PARAMETRIC_REPRESENTATION_CONTEXT() REPRESENTATION_CONTEXT('2D SPACE',''
  ) );
#1878 = PCURVE('',#43,#1879);
#1879 = DEFINITIONAL_REPRESENTATION('',(#1880),#1884);
#1880 = CIRCLE('',#1881,5.5E-02);
#1881 = AXIS2_PLACEMENT_2D('',#1882,#1883);
#1882 = CARTESIAN_POINT('',(1.517489493674E-18,-7.89793188911E-19));
#1883 = DIRECTION('',(1.,0.));
#1884 = ( GEOMETRIC_REPRESENTATION_CONTEXT(2) 
PARAMETRIC_REPRESENTATION_CONTEXT() REPRESENTATION_CONTEXT('2D SPACE',''
  ) );
#1885 = ORIENTED_EDGE('',*,*,#1841,.F.);
#1886 = ORIENTED_EDGE('',*,*,#1806,.F.);
#1887 = ADVANCED_FACE('',(#1888),#1213,.T.);
#1888 = FACE_BOUND('',#1889,.F.);
#1889 = EDGE_LOOP('',(#1890,#1891,#1912,#1913,#1914,#1915));
#1890 = ORIENTED_EDGE('',*,*,#1513,.F.);
#1891 = ORIENTED_EDGE('',*,*,#1892,.T.);
#1892 = EDGE_CURVE('',#1514,#1168,#1893,.T.);
#1893 = SEAM_CURVE('',#1894,(#1898,#1905),.PCURVE_S1.);
#1894 = LINE('',#1895,#1896);
#1895 = CARTESIAN_POINT('',(-0.275,2.E-02,1.25));
#1896 = VECTOR('',#1897,1.);
#1897 = DIRECTION('',(1.,0.,0.));
#1898 = PCURVE('',#1213,#1899);
#1899 = DEFINITIONAL_REPRESENTATION('',(#1900),#1904);
#1900 = LINE('',#1901,#1902);
#1901 = CARTESIAN_POINT('',(-6.28318530718,0.));
#1902 = VECTOR('',#1903,1.);
#1903 = DIRECTION('',(-0.,-1.));
#1904 = ( GEOMETRIC_REPRESENTATION_CONTEXT(2) 
PARAMETRIC_REPRESENTATION_CONTEXT() REPRESENTATION_CONTEXT('2D SPACE',''
  ) );
#1905 = PCURVE('',#1213,#1906);
#1906 = DEFINITIONAL_REPRESENTATION('',(#1907),#1911);
#1907 = LINE('',#1908,#1909);
#1908 = CARTESIAN_POINT('',(-0.,0.));
#1909 = VECTOR('',#1910,1.);
#1910 = DIRECTION('',(-0.,-1.));
#1911 = ( GEOMETRIC_REPRESENTATION_CONTEXT(2) 
PARAMETRIC_REPRESENTATION_CONTEXT() REPRESENTATION_CONTEXT('2D SPACE',''
  ) );
#1912 = ORIENTED_EDGE('',*,*,#1240,.T.);
#1913 = ORIENTED_EDGE('',*,*,#1343,.T.);
#1914 = ORIENTED_EDGE('',*,*,#1167,.T.);
#1915 = ORIENTED_EDGE('',*,*,#1892,.F.);
#1916 = ADVANCED_FACE('',(#1917),#124,.T.);
#1917 = FACE_BOUND('',#1918,.F.);
#1918 = EDGE_LOOP('',(#1919,#1920,#1943,#1970,#1971,#1972));
#1919 = ORIENTED_EDGE('',*,*,#151,.F.);
#1920 = ORIENTED_EDGE('',*,*,#1921,.T.);
#1921 = EDGE_CURVE('',#79,#1922,#1924,.T.);
#1922 = VERTEX_POINT('',#1923);
#1923 = CARTESIAN_POINT('',(0.275,2.E-02,1.25));
#1924 = SEAM_CURVE('',#1925,(#1929,#1936),.PCURVE_S1.);
#1925 = LINE('',#1926,#1927);
#1926 = CARTESIAN_POINT('',(-0.275,2.E-02,1.25));
#1927 = VECTOR('',#1928,1.);
#1928 = DIRECTION('',(1.,0.,0.));
#1929 = PCURVE('',#124,#1930);
#1930 = DEFINITIONAL_REPRESENTATION('',(#1931),#1935);
#1931 = LINE('',#1932,#1933);
#1932 = CARTESIAN_POINT('',(-6.28318530718,0.));
#1933 = VECTOR('',#1934,1.);
#1934 = DIRECTION('',(-0.,-1.));
#1935 = ( GEOMETRIC_REPRESENTATION_CONTEXT(2) 
PARAMETRIC_REPRESENTATION_CONTEXT() REPRESENTATION_CONTEXT('2D SPACE',''
  ) );
#1936 = PCURVE('',#124,#1937);
#1937 = DEFINITIONAL_REPRESENTATION('',(#1938),#1942);
#1938 = LINE('',#1939,#1940);
#1939 = CARTESIAN_POINT('',(-0.,0.));
#1940 = VECTOR('',#1941,1.);
#1941 = DIRECTION('',(-0.,-1.));
#1942 = ( GEOMETRIC_REPRESENTATION_CONTEXT(2) 
PARAMETRIC_REPRESENTATION_CONTEXT() REPRESENTATION_CONTEXT('2D SPACE',''
  ) );
#1943 = ORIENTED_EDGE('',*,*,#1944,.T.);
#1944 = EDGE_CURVE('',#1922,#1922,#1945,.T.);
#1945 = SURFACE_CURVE('',#1946,(#1951,#1958),.PCURVE_S1.);
#1946 = CIRCLE('',#1947,2.E-02);
#1947 = AXIS2_PLACEMENT_3D('',#1948,#1949,#1950);
#1948 = CARTESIAN_POINT('',(0.275,0.,1.25));
#1949 = DIRECTION('',(1.,0.,0.));
#1950 = DIRECTION('',(0.,1.,0.));
#1951 = PCURVE('',#124,#1952);
#1952 = DEFINITIONAL_REPRESENTATION('',(#1953),#1957);
#1953 = LINE('',#1954,#1955);
#1954 = CARTESIAN_POINT('',(-0.,-0.55));
#1955 = VECTOR('',#1956,1.);
#1956 = DIRECTION('',(-1.,0.));
#1957 = ( GEOMETRIC_REPRESENTATION_CONTEXT(2) 
PARAMETRIC_REPRESENTATION_CONTEXT() REPRESENTATION_CONTEXT('2D SPACE',''
  ) );
#1958 = PCURVE('',#1959,#1964);
#1959 = PLANE('',#1960);
#1960 = AXIS2_PLACEMENT_3D('',#1961,#1962,#1963);
#1961 = CARTESIAN_POINT('',(0.275,-1.564911040351E-18,1.25));
#1962 = DIRECTION('',(1.,0.,0.));
#1963 = DIRECTION('',(-0.,0.,1.));
#1964 = DEFINITIONAL_REPRESENTATION('',(#1965),#1969);
#1965 = CIRCLE('',#1966,2.E-02);
#1966 = AXIS2_PLACEMENT_2D('',#1967,#1968);
#1967 = CARTESIAN_POINT('',(0.,-1.564911040351E-18));
#1968 = DIRECTION('',(0.,-1.));
#1969 = ( GEOMETRIC_REPRESENTATION_CONTEXT(2) 
PARAMETRIC_REPRESENTATION_CONTEXT() REPRESENTATION_CONTEXT('2D SPACE',''
  ) );
#1970 = ORIENTED_EDGE('',*,*,#1921,.F.);
#1971 = ORIENTED_EDGE('',*,*,#78,.F.);
#1972 = ORIENTED_EDGE('',*,*,#267,.F.);
#1973 = ADVANCED_FACE('',(#1974,#1977),#1959,.T.);
#1974 = FACE_BOUND('',#1975,.T.);
#1975 = EDGE_LOOP('',(#1976));
#1976 = ORIENTED_EDGE('',*,*,#1944,.T.);
#1977 = FACE_BOUND('',#1978,.T.);
#1978 = EDGE_LOOP('',(#1979));
#1979 = ORIENTED_EDGE('',*,*,#1980,.F.);
#1980 = EDGE_CURVE('',#1981,#1981,#1983,.T.);
#1981 = VERTEX_POINT('',#1982);
#1982 = CARTESIAN_POINT('',(0.275,1.4E-02,1.25));
#1983 = SURFACE_CURVE('',#1984,(#1989,#1996),.PCURVE_S1.);
#1984 = CIRCLE('',#1985,1.4E-02);
#1985 = AXIS2_PLACEMENT_3D('',#1986,#1987,#1988);
#1986 = CARTESIAN_POINT('',(0.275,9.520650327138E-17,1.25));
#1987 = DIRECTION('',(1.,0.,0.));
#1988 = DIRECTION('',(0.,1.,0.));
#1989 = PCURVE('',#1959,#1990);
#1990 = DEFINITIONAL_REPRESENTATION('',(#1991),#1995);
#1991 = CIRCLE('',#1992,1.4E-02);
#1992 = AXIS2_PLACEMENT_2D('',#1993,#1994);
#1993 = CARTESIAN_POINT('',(0.,-9.677141431173E-17));
#1994 = DIRECTION('',(0.,-1.));
#1995 = ( GEOMETRIC_REPRESENTATION_CONTEXT(2) 
PARAMETRIC_REPRESENTATION_CONTEXT() REPRESENTATION_CONTEXT('2D SPACE',''
  ) );
#1996 = PCURVE('',#1997,#2002);
#1997 = CYLINDRICAL_SURFACE('',#1998,1.4E-02);
#1998 = AXIS2_PLACEMENT_3D('',#1999,#2000,#2001);
#1999 = CARTESIAN_POINT('',(-0.275,9.520650327138E-17,1.25));
#2000 = DIRECTION('',(-1.,-0.,-0.));
#2001 = DIRECTION('',(0.,1.,0.));
#2002 = DEFINITIONAL_REPRESENTATION('',(#2003),#2007);
#2003 = LINE('',#2004,#2005);
#2004 = CARTESIAN_POINT('',(-0.,-0.55));
#2005 = VECTOR('',#2006,1.);
#2006 = DIRECTION('',(-1.,0.));
#2007 = ( GEOMETRIC_REPRESENTATION_CONTEXT(2) 
PARAMETRIC_REPRESENTATION_CONTEXT() REPRESENTATION_CONTEXT('2D SPACE',''
  ) );
#2008 = ADVANCED_FACE('',(#2009),#1997,.F.);
#2009 = FACE_BOUND('',#2010,.T.);
#2010 = EDGE_LOOP('',(#2011,#2264,#2285,#2286));
#2011 = ORIENTED_EDGE('',*,*,#2012,.T.);
#2012 = EDGE_CURVE('',#2013,#2013,#2015,.T.);
#2013 = VERTEX_POINT('',#2014);
#2014 = CARTESIAN_POINT('',(2.670248115812E-02,1.4E-02,1.25));
#2015 = SURFACE_CURVE('',#2016,(#2069,#2164),.PCURVE_S1.);
#2016 = B_SPLINE_CURVE_WITH_KNOTS('',6,(#2017,#2018,#2019,#2020,#2021,
    #2022,#2023,#2024,#2025,#2026,#2027,#2028,#2029,#2030,#2031,#2032,
    #2033,#2034,#2035,#2036,#2037,#2038,#2039,#2040,#2041,#2042,#2043,
    #2044,#2045,#2046,#2047,#2048,#2049,#2050,#2051,#2052,#2053,#2054,
    #2055,#2056,#2057,#2058,#2059,#2060,#2061,#2062,#2063,#2064,#2065,
    #2066,#2067,#2068),.UNSPECIFIED.,.T.,.F.,(7,5,5,5,5,5,5,5,5,5,7),(0.
    ,0.610619538435,1.,1.379021190668,1.649413520599,2.006765429471,
    2.35817096969,2.624098037784,3.013294418344,3.392136425507,
    4.012226685003),.UNSPECIFIED.);
#2017 = CARTESIAN_POINT('',(2.670248115812E-02,1.4E-02,1.25));
#2018 = CARTESIAN_POINT('',(2.670248115812E-02,1.4E-02,1.247599896906));
#2019 = CARTESIAN_POINT('',(2.69612919667E-02,1.350589753826E-02,
    1.245261287313));
#2020 = CARTESIAN_POINT('',(2.745442456268E-02,1.256752078168E-02,
    1.243076802673));
#2021 = CARTESIAN_POINT('',(2.807175494032E-02,1.121836435444E-02,
    1.241125861214));
#2022 = CARTESIAN_POINT('',(2.865953075447E-02,9.547924831475E-03,
    1.239533068155));
#2023 = CARTESIAN_POINT('',(2.944681882115E-02,6.582877772493E-03,
    1.237566784157));
#2024 = CARTESIAN_POINT('',(2.971683745445E-02,5.344305141825E-03,
    1.236943026192));
#2025 = CARTESIAN_POINT('',(2.993126682706E-02,4.045906444833E-03,
    1.23647116499));
#2026 = CARTESIAN_POINT('',(3.007650989068E-02,2.707530282659E-03,
    1.23615824178));
#2027 = CARTESIAN_POINT('',(3.015E-02,1.359797222215E-03,1.236));
#2028 = CARTESIAN_POINT('',(3.015E-02,-1.323620502578E-03,1.236));
#2029 = CARTESIAN_POINT('',(3.008036361353E-02,-2.636103325399E-03,
    1.23614994611));
#2030 = CARTESIAN_POINT('',(2.994264951311E-02,-3.939910857812E-03,
    1.236446635555));
#2031 = CARTESIAN_POINT('',(2.973918418591E-02,-5.206873729187E-03,
    1.236893878079));
#2032 = CARTESIAN_POINT('',(2.948211869988E-02,-6.418716955284E-03,
    1.237485412674));
#2033 = CARTESIAN_POINT('',(2.897921382415E-02,-8.362195043253E-03,
    1.238730691239));
#2034 = CARTESIAN_POINT('',(2.875059630546E-02,-9.134277886587E-03,
    1.239319461483));
#2035 = CARTESIAN_POINT('',(2.850907711356E-02,-9.861463990367E-03,
    1.239975864254));
#2036 = CARTESIAN_POINT('',(2.826209553861E-02,-1.053627968297E-02,
    1.240696452396));
#2037 = CARTESIAN_POINT('',(2.801820573827E-02,-1.115156313628E-02,
    1.241476980301));
#2038 = CARTESIAN_POINT('',(2.748161544899E-02,-1.242589508404E-02,
    1.243416504097));
#2039 = CARTESIAN_POINT('',(2.719623730025E-02,-1.303968825495E-02,
    1.244623371339));
#2040 = CARTESIAN_POINT('',(2.695719456323E-02,-1.351486138668E-02,
    1.245909734534));
#2041 = CARTESIAN_POINT('',(2.678769023385E-02,-1.383712066985E-02,
    1.247250785829));
#2042 = CARTESIAN_POINT('',(2.670248115812E-02,-1.4E-02,1.248621841027)
  );
#2043 = CARTESIAN_POINT('',(2.670248115812E-02,-1.4E-02,1.251355226281)
  );
#2044 = CARTESIAN_POINT('',(2.678488471322E-02,-1.384249881622E-02,
    1.252703852167));
#2045 = CARTESIAN_POINT('',(2.694886140932E-02,-1.353070290142E-02,
    1.254023910708));
#2046 = CARTESIAN_POINT('',(2.71805994551E-02,-1.307072769367E-02,
    1.255291802837));
#2047 = CARTESIAN_POINT('',(2.745824126159E-02,-1.247606731931E-02,
    1.256483792159));
#2048 = CARTESIAN_POINT('',(2.798276852836E-02,-1.123930815374E-02,
    1.258405165821));
#2049 = CARTESIAN_POINT('',(2.822186756859E-02,-1.064170748186E-02,
    1.259180195889));
#2050 = CARTESIAN_POINT('',(2.846488825868E-02,-9.985736338739E-03,
    1.259897720559));
#2051 = CARTESIAN_POINT('',(2.870360690418E-02,-9.278206682711E-03,
    1.260553604779));
#2052 = CARTESIAN_POINT('',(2.893080399997E-02,-8.526268372038E-03,
    1.261144447819));
#2053 = CARTESIAN_POINT('',(2.944681882115E-02,-6.582877772503E-03,
    1.262433215843));
#2054 = CARTESIAN_POINT('',(2.971683745446E-02,-5.344305141796E-03,
    1.263056973808));
#2055 = CARTESIAN_POINT('',(2.993126682705E-02,-4.045906444841E-03,
    1.26352883501));
#2056 = CARTESIAN_POINT('',(3.007650989068E-02,-2.707530282701E-03,
    1.26384175822));
#2057 = CARTESIAN_POINT('',(3.015E-02,-1.359797222181E-03,1.264));
#2058 = CARTESIAN_POINT('',(3.015E-02,1.323620502957E-03,1.264));
#2059 = CARTESIAN_POINT('',(3.008036361353E-02,2.636103324694E-03,
    1.26385005389));
#2060 = CARTESIAN_POINT('',(2.994264951313E-02,3.939910858272E-03,
    1.263553364445));
#2061 = CARTESIAN_POINT('',(2.973918418589E-02,5.206873729135E-03,
    1.263106121921));
#2062 = CARTESIAN_POINT('',(2.948211869989E-02,6.418716955214E-03,
    1.262514587326));
#2063 = CARTESIAN_POINT('',(2.870818113945E-02,9.409602036622E-03,
    1.260598185435));
#2064 = CARTESIAN_POINT('',(2.811242324152E-02,1.112872188882E-02,
    1.259002094664));
#2065 = CARTESIAN_POINT('',(2.747937158812E-02,1.252010127955E-02,
    1.257031666484));
#2066 = CARTESIAN_POINT('',(2.69702535938E-02,1.348876106005E-02,
    1.254817362238));
#2067 = CARTESIAN_POINT('',(2.670248115812E-02,1.4E-02,1.252441327859));
#2068 = CARTESIAN_POINT('',(2.670248115812E-02,1.4E-02,1.25));
#2069 = PCURVE('',#1997,#2070);
#2070 = DEFINITIONAL_REPRESENTATION('',(#2071),#2163);
#2071 = B_SPLINE_CURVE_WITH_KNOTS('',3,(#2072,#2073,#2074,#2075,#2076,
    #2077,#2078,#2079,#2080,#2081,#2082,#2083,#2084,#2085,#2086,#2087,
    #2088,#2089,#2090,#2091,#2092,#2093,#2094,#2095,#2096,#2097,#2098,
    #2099,#2100,#2101,#2102,#2103,#2104,#2105,#2106,#2107,#2108,#2109,
    #2110,#2111,#2112,#2113,#2114,#2115,#2116,#2117,#2118,#2119,#2120,
    #2121,#2122,#2123,#2124,#2125,#2126,#2127,#2128,#2129,#2130,#2131,
    #2132,#2133,#2134,#2135,#2136,#2137,#2138,#2139,#2140,#2141,#2142,
    #2143,#2144,#2145,#2146,#2147,#2148,#2149,#2150,#2151,#2152,#2153,
    #2154,#2155,#2156,#2157,#2158,#2159,#2160,#2161,#2162),
  .UNSPECIFIED.,.F.,.F.,(4,1,1,1,1,1,1,1,1,1,1,1,1,1,1,1,1,1,1,1,1,1,1,1
    ,1,1,1,1,1,1,1,1,1,1,1,1,1,1,1,1,1,1,1,1,1,1,1,1,1,1,1,1,1,1,1,1,1,1
    ,1,1,1,1,1,1,1,1,1,1,1,1,1,1,1,1,1,1,1,1,1,1,1,1,1,1,1,1,1,1,4),(0.,
    4.559348505685E-02,9.11869701137E-02,0.136780455171,0.182373940227,
    0.227967425284,0.273560910341,0.319154395398,0.364747880455,
    0.410341365512,0.455934850569,0.501528335625,0.547121820682,
    0.592715305739,0.638308790796,0.683902275853,0.72949576091,
    0.775089245966,0.820682731023,0.86627621608,0.911869701137,
    0.957463186194,1.003056671251,1.048650156308,1.094243641364,
    1.139837126421,1.185430611478,1.231024096535,1.276617581592,
    1.322211066649,1.367804551706,1.413398036762,1.458991521819,
    1.504585006876,1.550178491933,1.59577197699,1.641365462047,
    1.686958947103,1.73255243216,1.778145917217,1.823739402274,
    1.869332887331,1.914926372388,1.960519857445,2.006113342501,
    2.051706827558,2.097300312615,2.142893797672,2.188487282729,
    2.234080767786,2.279674252843,2.325267737899,2.370861222956,
    2.416454708013,2.46204819307,2.507641678127,2.553235163184,
    2.59882864824,2.644422133297,2.690015618354,2.735609103411,
    2.781202588468,2.826796073525,2.872389558582,2.917983043638,
    2.963576528695,3.009170013752,3.054763498809,3.100356983866,
    3.145950468923,3.19154395398,3.237137439036,3.282730924093,
    3.32832440915,3.373917894207,3.419511379264,3.465104864321,
    3.510698349377,3.556291834434,3.601885319491,3.647478804548,
    3.693072289605,3.738665774662,3.784259259719,3.829852744775,
    3.875446229832,3.921039714889,3.966633199946,4.012226685003),
  .QUASI_UNIFORM_KNOTS.);
#2072 = CARTESIAN_POINT('',(-6.28318530718,-0.301702481158));
#2073 = CARTESIAN_POINT('',(-6.257585362533,-0.301702408998));
#2074 = CARTESIAN_POINT('',(-6.206624779727,-0.301716970169));
#2075 = CARTESIAN_POINT('',(-6.130806576223,-0.30178028264));
#2076 = CARTESIAN_POINT('',(-6.055508728671,-0.30188274032));
#2077 = CARTESIAN_POINT('',(-5.9806536533,-0.302020896808));
#2078 = CARTESIAN_POINT('',(-5.906181701801,-0.30219068817));
#2079 = CARTESIAN_POINT('',(-5.832055300592,-0.302387427591));
#2080 = CARTESIAN_POINT('',(-5.758260359535,-0.302605948662));
#2081 = CARTESIAN_POINT('',(-5.684808451657,-0.302840721138));
#2082 = CARTESIAN_POINT('',(-5.611738668394,-0.303085986511));
#2083 = CARTESIAN_POINT('',(-5.539120111562,-0.303335900122));
#2084 = CARTESIAN_POINT('',(-5.46705312055,-0.303584685659));
#2085 = CARTESIAN_POINT('',(-5.395677393811,-0.303826791832));
#2086 = CARTESIAN_POINT('',(-5.325158311527,-0.304057086302));
#2087 = CARTESIAN_POINT('',(-5.255760461081,-0.304270956705));
#2088 = CARTESIAN_POINT('',(-5.186494634444,-0.304468014152));
#2089 = CARTESIAN_POINT('',(-5.117519910721,-0.304644525035));
#2090 = CARTESIAN_POINT('',(-5.048790366266,-0.304797884796));
#2091 = CARTESIAN_POINT('',(-4.980305471625,-0.304925813228));
#2092 = CARTESIAN_POINT('',(-4.91204316644,-0.305026574802));
#2093 = CARTESIAN_POINT('',(-4.843949694573,-0.305098886334));
#2094 = CARTESIAN_POINT('',(-4.775972163535,-0.305141874608));
#2095 = CARTESIAN_POINT('',(-4.707806646241,-0.305154971201));
#2096 = CARTESIAN_POINT('',(-4.639690895815,-0.305137833073));
#2097 = CARTESIAN_POINT('',(-4.571688673327,-0.305090864627));
#2098 = CARTESIAN_POINT('',(-4.50356183228,-0.305014652341));
#2099 = CARTESIAN_POINT('',(-4.435255548784,-0.304910124626));
#2100 = CARTESIAN_POINT('',(-4.366725413131,-0.304778625991));
#2101 = CARTESIAN_POINT('',(-4.297955519345,-0.304621979633));
#2102 = CARTESIAN_POINT('',(-4.228934721672,-0.304442500324));
#2103 = CARTESIAN_POINT('',(-4.159668480854,-0.304243036017));
#2104 = CARTESIAN_POINT('',(-4.090138164065,-0.304026762588));
#2105 = CARTESIAN_POINT('',(-4.020165222883,-0.303796792294));
#2106 = CARTESIAN_POINT('',(-3.949770125054,-0.303557303598));
#2107 = CARTESIAN_POINT('',(-3.878921333925,-0.303312637191));
#2108 = CARTESIAN_POINT('',(-3.807583669347,-0.303067471051));
#2109 = CARTESIAN_POINT('',(-3.735746350421,-0.30282691853));
#2110 = CARTESIAN_POINT('',(-3.663263212848,-0.302595960954));
#2111 = CARTESIAN_POINT('',(-3.590038828475,-0.302379902186));
#2112 = CARTESIAN_POINT('',(-3.51630661778,-0.30218506847));
#2113 = CARTESIAN_POINT('',(-3.442160968506,-0.302016903182));
#2114 = CARTESIAN_POINT('',(-3.367688861447,-0.301880282327));
#2115 = CARTESIAN_POINT('',(-3.292935827078,-0.30177926334));
#2116 = CARTESIAN_POINT('',(-3.21795318178,-0.301716986158));
#2117 = CARTESIAN_POINT('',(-3.142673160232,-0.301695531877));
#2118 = CARTESIAN_POINT('',(-3.067376654032,-0.301715798817));
#2119 = CARTESIAN_POINT('',(-2.99237744739,-0.301776945899));
#2120 = CARTESIAN_POINT('',(-2.917602151147,-0.301876924394));
#2121 = CARTESIAN_POINT('',(-2.843106469073,-0.302012622186));
#2122 = CARTESIAN_POINT('',(-2.768937579719,-0.302179999));
#2123 = CARTESIAN_POINT('',(-2.695185263113,-0.302374185205));
#2124 = CARTESIAN_POINT('',(-2.621946098339,-0.302589735314));
#2125 = CARTESIAN_POINT('',(-2.549459147512,-0.302820299155));
#2126 = CARTESIAN_POINT('',(-2.477583689011,-0.303060727094));
#2127 = CARTESIAN_POINT('',(-2.406214403728,-0.303305889838));
#2128 = CARTESIAN_POINT('',(-2.335330973527,-0.30355070794));
#2129 = CARTESIAN_POINT('',(-2.264902295486,-0.303790476157));
#2130 = CARTESIAN_POINT('',(-2.19490236453,-0.304020816851));
#2131 = CARTESIAN_POINT('',(-2.125343696327,-0.304237542014));
#2132 = CARTESIAN_POINT('',(-2.056027105345,-0.304437617085));
#2133 = CARTESIAN_POINT('',(-1.986972086962,-0.304617715394));
#2134 = CARTESIAN_POINT('',(-1.918171561371,-0.304775020225));
#2135 = CARTESIAN_POINT('',(-1.849616295658,-0.304907202196));
#2136 = CARTESIAN_POINT('',(-1.781288100199,-0.30501243553));
#2137 = CARTESIAN_POINT('',(-1.713141474763,-0.305089367995));
#2138 = CARTESIAN_POINT('',(-1.645117008347,-0.305137061181));
#2139 = CARTESIAN_POINT('',(-1.576983433314,-0.305154919576));
#2140 = CARTESIAN_POINT('',(-1.508773279681,-0.305142517992));
#2141 = CARTESIAN_POINT('',(-1.440753590703,-0.305100173634));
#2142 = CARTESIAN_POINT('',(-1.372615212488,-0.305028449085));
#2143 = CARTESIAN_POINT('',(-1.30430927366,-0.304928210569));
#2144 = CARTESIAN_POINT('',(-1.235782721518,-0.304800736575));
#2145 = CARTESIAN_POINT('',(-1.167018122683,-0.304647773363));
#2146 = CARTESIAN_POINT('',(-1.098004474005,-0.304471570938));
#2147 = CARTESIAN_POINT('',(-1.028740315848,-0.30427486805));
#2148 = CARTESIAN_POINT('',(-0.959226900852,-0.304060918415));
#2149 = CARTESIAN_POINT('',(-0.888515015328,-0.303830163755));
#2150 = CARTESIAN_POINT('',(-0.817014392151,-0.303587715612));
#2151 = CARTESIAN_POINT('',(-0.744840427369,-0.303338579616));
#2152 = CARTESIAN_POINT('',(-0.672136927424,-0.303088338146));
#2153 = CARTESIAN_POINT('',(-0.598995222982,-0.30284275151));
#2154 = CARTESIAN_POINT('',(-0.525479970407,-0.302607660465));
#2155 = CARTESIAN_POINT('',(-0.451625400631,-0.302388819339));
#2156 = CARTESIAN_POINT('',(-0.37743897156,-0.30219175992));
#2157 = CARTESIAN_POINT('',(-0.302902779972,-0.302021656148));
#2158 = CARTESIAN_POINT('',(-0.227975746176,-0.301883209328));
#2159 = CARTESIAN_POINT('',(-0.152594879556,-0.301780504962));
#2160 = CARTESIAN_POINT('',(-7.667932881396E-02,-0.301717017071));
#2161 = CARTESIAN_POINT('',(-2.564191971395E-02,-0.301702409309));
#2162 = CARTESIAN_POINT('',(0.,-0.301702481158));
#2163 = ( GEOMETRIC_REPRESENTATION_CONTEXT(2) 
PARAMETRIC_REPRESENTATION_CONTEXT() REPRESENTATION_CONTEXT('2D SPACE',''
  ) );
#2164 = PCURVE('',#2165,#2170);
#2165 = CYLINDRICAL_SURFACE('',#2166,3.015E-02);
#2166 = AXIS2_PLACEMENT_3D('',#2167,#2168,#2169);
#2167 = CARTESIAN_POINT('',(0.,0.,0.));
#2168 = DIRECTION('',(-0.,-0.,-1.));
#2169 = DIRECTION('',(1.,0.,0.));
#2170 = DEFINITIONAL_REPRESENTATION('',(#2171),#2263);
#2171 = B_SPLINE_CURVE_WITH_KNOTS('',3,(#2172,#2173,#2174,#2175,#2176,
    #2177,#2178,#2179,#2180,#2181,#2182,#2183,#2184,#2185,#2186,#2187,
    #2188,#2189,#2190,#2191,#2192,#2193,#2194,#2195,#2196,#2197,#2198,
    #2199,#2200,#2201,#2202,#2203,#2204,#2205,#2206,#2207,#2208,#2209,
    #2210,#2211,#2212,#2213,#2214,#2215,#2216,#2217,#2218,#2219,#2220,
    #2221,#2222,#2223,#2224,#2225,#2226,#2227,#2228,#2229,#2230,#2231,
    #2232,#2233,#2234,#2235,#2236,#2237,#2238,#2239,#2240,#2241,#2242,
    #2243,#2244,#2245,#2246,#2247,#2248,#2249,#2250,#2251,#2252,#2253,
    #2254,#2255,#2256,#2257,#2258,#2259,#2260,#2261,#2262),
  .UNSPECIFIED.,.T.,.F.,(4,1,1,1,1,1,1,1,1,1,1,1,1,1,1,1,1,1,1,1,1,1,1,1
    ,1,1,1,1,1,1,1,1,1,1,1,1,1,1,1,1,1,1,1,1,1,1,1,1,1,1,1,1,1,1,1,1,1,1
    ,1,1,1,1,1,1,1,1,1,1,1,1,1,1,1,1,1,1,1,1,1,1,1,1,1,1,1,1,1,1,4),(0.,
    4.559348505685E-02,9.11869701137E-02,0.136780455171,0.182373940227,
    0.227967425284,0.273560910341,0.319154395398,0.364747880455,
    0.410341365512,0.455934850569,0.501528335625,0.547121820682,
    0.592715305739,0.638308790796,0.683902275853,0.72949576091,
    0.775089245966,0.820682731023,0.86627621608,0.911869701137,
    0.957463186194,1.003056671251,1.048650156308,1.094243641364,
    1.139837126421,1.185430611478,1.231024096535,1.276617581592,
    1.322211066649,1.367804551706,1.413398036762,1.458991521819,
    1.504585006876,1.550178491933,1.59577197699,1.641365462047,
    1.686958947103,1.73255243216,1.778145917217,1.823739402274,
    1.869332887331,1.914926372388,1.960519857445,2.006113342501,
    2.051706827558,2.097300312615,2.142893797672,2.188487282729,
    2.234080767786,2.279674252843,2.325267737899,2.370861222956,
    2.416454708013,2.46204819307,2.507641678127,2.553235163184,
    2.59882864824,2.644422133297,2.690015618354,2.735609103411,
    2.781202588468,2.826796073525,2.872389558582,2.917983043638,
    2.963576528695,3.009170013752,3.054763498809,3.100356983866,
    3.145950468923,3.19154395398,3.237137439036,3.282730924093,
    3.32832440915,3.373917894207,3.419511379264,3.465104864321,
    3.510698349377,3.556291834434,3.601885319491,3.647478804548,
    3.693072289605,3.738665774662,3.784259259719,3.829852744775,
    3.875446229832,3.921039714889,3.966633199946,4.012226685003),
  .QUASI_UNIFORM_KNOTS.);
#2172 = CARTESIAN_POINT('',(-6.766080143223,-1.25));
#2173 = CARTESIAN_POINT('',(-6.766081126146,-1.249641575961));
#2174 = CARTESIAN_POINT('',(-6.765047976943,-1.248928174462));
#2175 = CARTESIAN_POINT('',(-6.760502776402,-1.247872919989));
#2176 = CARTESIAN_POINT('',(-6.753066988746,-1.246837026854));
#2177 = CARTESIAN_POINT('',(-6.742862929387,-1.245824989285));
#2178 = CARTESIAN_POINT('',(-6.730025698936,-1.244841342263));
#2179 = CARTESIAN_POINT('',(-6.714705276838,-1.24389066812));
#2180 = CARTESIAN_POINT('',(-6.697066460698,-1.242977586739));
#2181 = CARTESIAN_POINT('',(-6.677289206305,-1.242106719464));
#2182 = CARTESIAN_POINT('',(-6.65556875656,-1.241282629181));
#2183 = CARTESIAN_POINT('',(-6.632116127553,-1.240509736608));
#2184 = CARTESIAN_POINT('',(-6.607157939861,-1.239792210203));
#2185 = CARTESIAN_POINT('',(-6.580939707823,-1.239133840005));
#2186 = CARTESIAN_POINT('',(-6.553717767526,-1.238537856719));
#2187 = CARTESIAN_POINT('',(-6.525795604562,-1.238006840545));
#2188 = CARTESIAN_POINT('',(-6.496941455365,-1.237534257527));
#2189 = CARTESIAN_POINT('',(-6.467358562806,-1.237123113355));
#2190 = CARTESIAN_POINT('',(-6.437166413765,-1.236774335821));
#2191 = CARTESIAN_POINT('',(-6.406496424378,-1.236488944007));
#2192 = CARTESIAN_POINT('',(-6.375466267434,-1.236267486463));
#2193 = CARTESIAN_POINT('',(-6.344173577518,-1.236110277522));
#2194 = CARTESIAN_POINT('',(-6.312712135382,-1.236017477511));
#2195 = CARTESIAN_POINT('',(-6.28105624423,-1.235989304644));
#2196 = CARTESIAN_POINT('',(-6.249431172386,-1.236026181417));
#2197 = CARTESIAN_POINT('',(-6.217981409841,-1.236127648278));
#2198 = CARTESIAN_POINT('',(-6.186712155486,-1.236293542199));
#2199 = CARTESIAN_POINT('',(-6.155716887577,-1.236523683395));
#2200 = CARTESIAN_POINT('',(-6.125098369563,-1.236817726718));
#2201 = CARTESIAN_POINT('',(-6.094977489547,-1.237175029607));
#2202 = CARTESIAN_POINT('',(-6.065482190865,-1.237594608234));
#2203 = CARTESIAN_POINT('',(-6.0367523516,-1.238075043389));
#2204 = CARTESIAN_POINT('',(-6.008923587773,-1.238614818323));
#2205 = CARTESIAN_POINT('',(-5.982078058806,-1.239213553089));
#2206 = CARTESIAN_POINT('',(-5.956388909388,-1.239869174407));
#2207 = CARTESIAN_POINT('',(-5.93201526063,-1.240579682343));
#2208 = CARTESIAN_POINT('',(-5.909124334467,-1.241342864272));
#2209 = CARTESIAN_POINT('',(-5.887897381724,-1.242155890753));
#2210 = CARTESIAN_POINT('',(-5.868485903224,-1.243017218066));
#2211 = CARTESIAN_POINT('',(-5.851073325849,-1.243924613739));
#2212 = CARTESIAN_POINT('',(-5.835915891785,-1.244871236197));
#2213 = CARTESIAN_POINT('',(-5.823209277774,-1.245851293771));
#2214 = CARTESIAN_POINT('',(-5.813123431165,-1.246858636688));
#2215 = CARTESIAN_POINT('',(-5.805794207042,-1.247887302804));
#2216 = CARTESIAN_POINT('',(-5.801326522656,-1.248930985214));
#2217 = CARTESIAN_POINT('',(-5.799794131582,-1.249984858578));
#2218 = CARTESIAN_POINT('',(-5.80124160488,-1.251039048717));
#2219 = CARTESIAN_POINT('',(-5.805627171076,-1.252083215038));
#2220 = CARTESIAN_POINT('',(-5.812878044763,-1.253112601907));
#2221 = CARTESIAN_POINT('',(-5.82289018244,-1.25412083076));
#2222 = CARTESIAN_POINT('',(-5.835528047203,-1.25510190639));
#2223 = CARTESIAN_POINT('',(-5.850621466375,-1.256049632951));
#2224 = CARTESIAN_POINT('',(-5.867974341252,-1.256958181077));
#2225 = CARTESIAN_POINT('',(-5.887328383977,-1.257820640833));
#2226 = CARTESIAN_POINT('',(-5.908513163535,-1.258635290887));
#2227 = CARTESIAN_POINT('',(-5.931366496918,-1.259400076058));
#2228 = CARTESIAN_POINT('',(-5.955709447211,-1.260112269921));
#2229 = CARTESIAN_POINT('',(-5.98137328134,-1.260769601095));
#2230 = CARTESIAN_POINT('',(-6.008196130175,-1.261370019851));
#2231 = CARTESIAN_POINT('',(-6.036007519728,-1.261911505372));
#2232 = CARTESIAN_POINT('',(-6.064733705167,-1.262393815309));
#2233 = CARTESIAN_POINT('',(-6.094223212144,-1.262815133061));
#2234 = CARTESIAN_POINT('',(-6.124340733818,-1.263174137282));
#2235 = CARTESIAN_POINT('',(-6.154957091866,-1.263469837644));
#2236 = CARTESIAN_POINT('',(-6.18595205661,-1.263701608804));
#2237 = CARTESIAN_POINT('',(-6.217223149019,-1.263869109199));
#2238 = CARTESIAN_POINT('',(-6.248678851241,-1.263972156047));
#2239 = CARTESIAN_POINT('',(-6.280310633109,-1.264010584401));
#2240 = CARTESIAN_POINT('',(-6.311988393937,-1.263983907479));
#2241 = CARTESIAN_POINT('',(-6.343473060236,-1.263892508481));
#2242 = CARTESIAN_POINT('',(-6.374792554065,-1.26373660671));
#2243 = CARTESIAN_POINT('',(-6.405851056637,-1.263516359433));
#2244 = CARTESIAN_POINT('',(-6.436550414961,-1.263232080709));
#2245 = CARTESIAN_POINT('',(-6.46677093707,-1.262884355304));
#2246 = CARTESIAN_POINT('',(-6.496385494355,-1.262474136431));
#2247 = CARTESIAN_POINT('',(-6.525256636844,-1.262002693108));
#2248 = CARTESIAN_POINT('',(-6.553245229456,-1.261471855223));
#2249 = CARTESIAN_POINT('',(-6.580560996276,-1.260875109697));
#2250 = CARTESIAN_POINT('',(-6.606843490388,-1.260216279611));
#2251 = CARTESIAN_POINT('',(-6.631857049217,-1.259498272973));
#2252 = CARTESIAN_POINT('',(-6.655354973339,-1.258724956055));
#2253 = CARTESIAN_POINT('',(-6.677114375046,-1.257900450951));
#2254 = CARTESIAN_POINT('',(-6.696925801097,-1.257029153502));
#2255 = CARTESIAN_POINT('',(-6.714595362301,-1.256115588387));
#2256 = CARTESIAN_POINT('',(-6.729943764804,-1.255164337991));
#2257 = CARTESIAN_POINT('',(-6.74280633755,-1.254179981835));
#2258 = CARTESIAN_POINT('',(-6.753032673357,-1.253167062809));
#2259 = CARTESIAN_POINT('',(-6.760486689262,-1.252130078473));
#2260 = CARTESIAN_POINT('',(-6.765044603217,-1.251073488099));
#2261 = CARTESIAN_POINT('',(-6.76608108102,-1.250359012378));
#2262 = CARTESIAN_POINT('',(-6.766080143223,-1.25));
#2263 = ( GEOMETRIC_REPRESENTATION_CONTEXT(2) 
PARAMETRIC_REPRESENTATION_CONTEXT() REPRESENTATION_CONTEXT('2D SPACE',''
  ) );
#2264 = ORIENTED_EDGE('',*,*,#2265,.T.);
#2265 = EDGE_CURVE('',#2013,#1981,#2266,.T.);
#2266 = SEAM_CURVE('',#2267,(#2271,#2278),.PCURVE_S1.);
#2267 = LINE('',#2268,#2269);
#2268 = CARTESIAN_POINT('',(-0.275,1.4E-02,1.25));
#2269 = VECTOR('',#2270,1.);
#2270 = DIRECTION('',(1.,0.,0.));
#2271 = PCURVE('',#1997,#2272);
#2272 = DEFINITIONAL_REPRESENTATION('',(#2273),#2277);
#2273 = LINE('',#2274,#2275);
#2274 = CARTESIAN_POINT('',(-0.,0.));
#2275 = VECTOR('',#2276,1.);
#2276 = DIRECTION('',(-0.,-1.));
#2277 = ( GEOMETRIC_REPRESENTATION_CONTEXT(2) 
PARAMETRIC_REPRESENTATION_CONTEXT() REPRESENTATION_CONTEXT('2D SPACE',''
  ) );
#2278 = PCURVE('',#1997,#2279);
#2279 = DEFINITIONAL_REPRESENTATION('',(#2280),#2284);
#2280 = LINE('',#2281,#2282);
#2281 = CARTESIAN_POINT('',(-6.28318530718,0.));
#2282 = VECTOR('',#2283,1.);
#2283 = DIRECTION('',(-0.,-1.));
#2284 = ( GEOMETRIC_REPRESENTATION_CONTEXT(2) 
PARAMETRIC_REPRESENTATION_CONTEXT() REPRESENTATION_CONTEXT('2D SPACE',''
  ) );
#2285 = ORIENTED_EDGE('',*,*,#1980,.T.);
#2286 = ORIENTED_EDGE('',*,*,#2265,.F.);
#2287 = ADVANCED_FACE('',(#2288),#2165,.T.);
#2288 = FACE_BOUND('',#2289,.F.);
#2289 = EDGE_LOOP('',(#2290));
#2290 = ORIENTED_EDGE('',*,*,#2012,.T.);
#2291 = ADVANCED_FACE('',(#2292,#2295),#43,.T.);
#2292 = FACE_BOUND('',#2293,.T.);
#2293 = EDGE_LOOP('',(#2294));
#2294 = ORIENTED_EDGE('',*,*,#1864,.T.);
#2295 = FACE_BOUND('',#2296,.T.);
#2296 = EDGE_LOOP('',(#2297));
#2297 = ORIENTED_EDGE('',*,*,#21,.F.);
#2298 = ORIENTED_CLOSED_SHELL('',*,#2299,.F.);
#2299 = CLOSED_SHELL('',(#2300,#2620,#2866));
#2300 = ADVANCED_FACE('',(#2301),#2377,.T.);
#2301 = FACE_BOUND('',#2302,.F.);
#2302 = EDGE_LOOP('',(#2303));
#2303 = ORIENTED_EDGE('',*,*,#2304,.T.);
#2304 = EDGE_CURVE('',#2305,#2305,#2307,.T.);
#2305 = VERTEX_POINT('',#2306);
#2306 = CARTESIAN_POINT('',(2.071231517721E-02,1.4E-02,1.25));
#2307 = SURFACE_CURVE('',#2308,(#2376,#2498),.PCURVE_S1.);
#2308 = B_SPLINE_CURVE_WITH_KNOTS('',6,(#2309,#2310,#2311,#2312,#2313,
    #2314,#2315,#2316,#2317,#2318,#2319,#2320,#2321,#2322,#2323,#2324,
    #2325,#2326,#2327,#2328,#2329,#2330,#2331,#2332,#2333,#2334,#2335,
    #2336,#2337,#2338,#2339,#2340,#2341,#2342,#2343,#2344,#2345,#2346,
    #2347,#2348,#2349,#2350,#2351,#2352,#2353,#2354,#2355,#2356,#2357,
    #2358,#2359,#2360,#2361,#2362,#2363,#2364,#2365,#2366,#2367,#2368,
    #2369,#2370,#2371,#2372,#2373,#2374,#2375),.UNSPECIFIED.,.T.,.F.,(7,
    5,5,5,5,5,5,5,5,5,5,5,5,7),(0.,0.241954274711,0.627118903872,1.,
    1.182884763807,1.4565697055,1.702186214217,1.996329452287,
    2.237026041935,2.620188574616,2.991131424439,3.173065548072,
    3.445327933172,3.97537844956),.UNSPECIFIED.);
#2309 = CARTESIAN_POINT('',(2.071231517721E-02,1.4E-02,1.25));
#2310 = CARTESIAN_POINT('',(2.071231517721E-02,1.4E-02,1.249038173901));
#2311 = CARTESIAN_POINT('',(2.076587651964E-02,1.392067711182E-02,
    1.248079129194));
#2312 = CARTESIAN_POINT('',(2.087259834805E-02,1.376302102383E-02,
    1.247131876136));
#2313 = CARTESIAN_POINT('',(2.10271316292E-02,1.352924017915E-02,
    1.246205947112));
#2314 = CARTESIAN_POINT('',(2.122038218543E-02,1.322418001847E-02,
    1.245311406823));
#2315 = CARTESIAN_POINT('',(2.179145734005E-02,1.22718190201E-02,
    1.243101705504));
#2316 = CARTESIAN_POINT('',(2.221185926716E-02,1.152782307644E-02,
    1.241847903629));
#2317 = CARTESIAN_POINT('',(2.26628617643E-02,1.06462576596E-02,
    1.240711618482));
#2318 = CARTESIAN_POINT('',(2.310814637097E-02,9.650472708479E-03,
    1.239706110444));
#2319 = CARTESIAN_POINT('',(2.351873360115E-02,8.563655845694E-03,
    1.238841046552));
#2320 = CARTESIAN_POINT('',(2.422498738193E-02,6.286886190651E-03,
    1.237421571717));
#2321 = CARTESIAN_POINT('',(2.4525916579E-02,5.093555038589E-03,
    1.236853800413));
#2322 = CARTESIAN_POINT('',(2.476163243201E-02,3.850302530632E-03,
    1.236425769382));
#2323 = CARTESIAN_POINT('',(2.491957248659E-02,2.574209538743E-03,
    1.236143594852));
#2324 = CARTESIAN_POINT('',(2.5E-02,1.295739130096E-03,1.236));
#2325 = CARTESIAN_POINT('',(2.5E-02,-6.355134310201E-04,1.236));
#2326 = CARTESIAN_POINT('',(2.498067946257E-02,-1.270073600954E-03,
    1.236034503316));
#2327 = CARTESIAN_POINT('',(2.494195109297E-02,-1.902935491491E-03,
    1.236103658536));
#2328 = CARTESIAN_POINT('',(2.48840919632E-02,-2.532514203482E-03,
    1.236207413761));
#2329 = CARTESIAN_POINT('',(2.4807743512E-02,-3.156384956941E-03,
    1.236345516601));
#2330 = CARTESIAN_POINT('',(2.457349308725E-02,-4.69147106339E-03,
    1.236774906578));
#2331 = CARTESIAN_POINT('',(2.439415126885E-02,-5.591378730322E-03,
    1.237107806971));
#2332 = CARTESIAN_POINT('',(2.417845587127E-02,-6.468266037584E-03,
    1.237516087149));
#2333 = CARTESIAN_POINT('',(2.393068720571E-02,-7.315252868298E-03,
    1.237999210388));
#2334 = CARTESIAN_POINT('',(2.365734542713E-02,-8.123688393717E-03,
    1.23855545693));
#2335 = CARTESIAN_POINT('',(2.310768368755E-02,-9.569220894833E-03,
    1.239742672571));
#2336 = CARTESIAN_POINT('',(2.283392204633E-02,-1.021671677222E-02,
    1.240361293276));
#2337 = CARTESIAN_POINT('',(2.255294760723E-02,-1.082198398265E-02,
    1.241035072264));
#2338 = CARTESIAN_POINT('',(2.227256955407E-02,-1.137901958008E-02,
    1.241761452069));
#2339 = CARTESIAN_POINT('',(2.20018335721E-02,-1.188184174598E-02,
    1.242537257081));
#2340 = CARTESIAN_POINT('',(2.145065697004E-02,-1.285459230349E-02,
    1.244342422133));
#2341 = CARTESIAN_POINT('',(2.117661341522E-02,-1.330187265096E-02,
    1.245398283779));
#2342 = CARTESIAN_POINT('',(2.09509297431E-02,-1.364738649349E-02,
    1.246508488268));
#2343 = CARTESIAN_POINT('',(2.079225929946E-02,-1.388151360913E-02,
    1.247655930075));
#2344 = CARTESIAN_POINT('',(2.071231517721E-02,-1.4E-02,1.248824600532)
  );
#2345 = CARTESIAN_POINT('',(2.071231517721E-02,-1.4E-02,1.250961826099)
  );
#2346 = CARTESIAN_POINT('',(2.076587651964E-02,-1.392067711182E-02,
    1.251920870806));
#2347 = CARTESIAN_POINT('',(2.087259834805E-02,-1.376302102383E-02,
    1.252868123864));
#2348 = CARTESIAN_POINT('',(2.10271316292E-02,-1.352924017915E-02,
    1.253794052888));
#2349 = CARTESIAN_POINT('',(2.122038218543E-02,-1.322418001847E-02,
    1.254688593177));
#2350 = CARTESIAN_POINT('',(2.179145734005E-02,-1.22718190201E-02,
    1.256898294496));
#2351 = CARTESIAN_POINT('',(2.221185926716E-02,-1.152782307644E-02,
    1.258152096371));
#2352 = CARTESIAN_POINT('',(2.26628617643E-02,-1.06462576596E-02,
    1.259288381518));
#2353 = CARTESIAN_POINT('',(2.310814637097E-02,-9.650472708479E-03,
    1.260293889556));
#2354 = CARTESIAN_POINT('',(2.351873360115E-02,-8.563655845694E-03,
    1.261158953448));
#2355 = CARTESIAN_POINT('',(2.422498738196E-02,-6.286886190566E-03,
    1.262578428283));
#2356 = CARTESIAN_POINT('',(2.452591657896E-02,-5.093555038622E-03,
    1.263146199587));
#2357 = CARTESIAN_POINT('',(2.476163243203E-02,-3.850302530892E-03,
    1.263574230618));
#2358 = CARTESIAN_POINT('',(2.491957248659E-02,-2.574209538368E-03,
    1.263856405148));
#2359 = CARTESIAN_POINT('',(2.5E-02,-1.295739130263E-03,1.264));
#2360 = CARTESIAN_POINT('',(2.5E-02,6.355134307983E-04,1.264));
#2361 = CARTESIAN_POINT('',(2.498067946255E-02,1.270073601036E-03,
    1.263965496684));
#2362 = CARTESIAN_POINT('',(2.494195109295E-02,1.902935491751E-03,
    1.263896341464));
#2363 = CARTESIAN_POINT('',(2.48840919632E-02,2.532514203576E-03,
    1.263792586239));
#2364 = CARTESIAN_POINT('',(2.480774351203E-02,3.156384956735E-03,
    1.263654483399));
#2365 = CARTESIAN_POINT('',(2.457349305343E-02,4.691471284979E-03,
    1.26322509336));
#2366 = CARTESIAN_POINT('',(2.439415134754E-02,5.591378414688E-03,
    1.262892193189));
#2367 = CARTESIAN_POINT('',(2.417845585716E-02,6.468266013589E-03,
    1.262483912815));
#2368 = CARTESIAN_POINT('',(2.393068712061E-02,7.31525317237E-03,
    1.262000789436));
#2369 = CARTESIAN_POINT('',(2.365734549197E-02,8.123688223204E-03,
    1.26144454321));
#2370 = CARTESIAN_POINT('',(2.280368908604E-02,1.036868362801E-02,
    1.259600728799));
#2371 = CARTESIAN_POINT('',(2.215649383121E-02,1.173134978981E-02,
    1.258073486691));
#2372 = CARTESIAN_POINT('',(2.150453664694E-02,1.282929769335E-02,
    1.256269957583));
#2373 = CARTESIAN_POINT('',(2.098740242777E-02,1.359265467218E-02,
    1.254288058959));
#2374 = CARTESIAN_POINT('',(2.071231517721E-02,1.4E-02,1.252179139827));
#2375 = CARTESIAN_POINT('',(2.071231517721E-02,1.4E-02,1.25));
#2376 = PCURVE('',#2377,#2382);
#2377 = CYLINDRICAL_SURFACE('',#2378,2.5E-02);
#2378 = AXIS2_PLACEMENT_3D('',#2379,#2380,#2381);
#2379 = CARTESIAN_POINT('',(1.433915808553E-16,2.472268635435E-18,0.));
#2380 = DIRECTION('',(-0.,-0.,-1.));
#2381 = DIRECTION('',(1.,0.,0.));
#2382 = DEFINITIONAL_REPRESENTATION('',(#2383),#2497);
#2383 = B_SPLINE_CURVE_WITH_KNOTS('',3,(#2384,#2385,#2386,#2387,#2388,
    #2389,#2390,#2391,#2392,#2393,#2394,#2395,#2396,#2397,#2398,#2399,
    #2400,#2401,#2402,#2403,#2404,#2405,#2406,#2407,#2408,#2409,#2410,
    #2411,#2412,#2413,#2414,#2415,#2416,#2417,#2418,#2419,#2420,#2421,
    #2422,#2423,#2424,#2425,#2426,#2427,#2428,#2429,#2430,#2431,#2432,
    #2433,#2434,#2435,#2436,#2437,#2438,#2439,#2440,#2441,#2442,#2443,
    #2444,#2445,#2446,#2447,#2448,#2449,#2450,#2451,#2452,#2453,#2454,
    #2455,#2456,#2457,#2458,#2459,#2460,#2461,#2462,#2463,#2464,#2465,
    #2466,#2467,#2468,#2469,#2470,#2471,#2472,#2473,#2474,#2475,#2476,
    #2477,#2478,#2479,#2480,#2481,#2482,#2483,#2484,#2485,#2486,#2487,
    #2488,#2489,#2490,#2491,#2492,#2493,#2494,#2495,#2496),
  .UNSPECIFIED.,.T.,.F.,(4,1,1,1,1,1,1,1,1,1,1,1,1,1,1,1,1,1,1,1,1,1,1,1
    ,1,1,1,1,1,1,1,1,1,1,1,1,1,1,1,1,1,1,1,1,1,1,1,1,1,1,1,1,1,1,1,1,1,1
    ,1,1,1,1,1,1,1,1,1,1,1,1,1,1,1,1,1,1,1,1,1,1,1,1,1,1,1,1,1,1,1,1,1,1
    ,1,1,1,1,1,1,1,1,1,1,1,1,1,1,1,1,1,1,4),(0.,3.613980408691E-02,
    7.227960817382E-02,0.108419412261,0.144559216348,0.180699020435,
    0.216838824521,0.252978628608,0.289118432695,0.325258236782,
    0.361398040869,0.397537844956,0.433677649043,0.46981745313,
    0.505957257217,0.542097061304,0.578236865391,0.614376669478,
    0.650516473564,0.686656277651,0.722796081738,0.758935885825,
    0.795075689912,0.831215493999,0.867355298086,0.903495102173,
    0.93963490626,0.975774710347,1.011914514434,1.04805431852,
    1.084194122607,1.120333926694,1.156473730781,1.192613534868,
    1.228753338955,1.264893143042,1.301032947129,1.337172751216,
    1.373312555303,1.40945235939,1.445592163476,1.481731967563,
    1.51787177165,1.554011575737,1.590151379824,1.626291183911,
    1.662430987998,1.698570792085,1.734710596172,1.770850400259,
    1.806990204346,1.843130008433,1.879269812519,1.915409616606,
    1.951549420693,1.98768922478,2.023829028867,2.059968832954,
    2.096108637041,2.132248441128,2.168388245215,2.204528049302,
    2.240667853389,2.276807657475,2.312947461562,2.349087265649,
    2.385227069736,2.421366873823,2.45750667791,2.493646481997,
    2.529786286084,2.565926090171,2.602065894258,2.638205698345,
    2.674345502432,2.710485306518,2.746625110605,2.782764914692,
    2.818904718779,2.855044522866,2.891184326953,2.92732413104,
    2.963463935127,2.999603739214,3.035743543301,3.071883347388,
    3.108023151474,3.144162955561,3.180302759648,3.216442563735,
    3.252582367822,3.288722171909,3.324861975996,3.361001780083,
    3.39714158417,3.433281388257,3.469421192344,3.50556099643,
    3.541700800517,3.577840604604,3.613980408691,3.650120212778,
    3.686260016865,3.722399820952,3.758539625039,3.794679429126,
    3.830819233213,3.8669590373,3.903098841387,3.939238645473,
    3.97537844956),.QUASI_UNIFORM_KNOTS.);
#2384 = CARTESIAN_POINT('',(-6.877571107181,-1.25));
#2385 = CARTESIAN_POINT('',(-6.877573456331,-1.249712679125));
#2386 = CARTESIAN_POINT('',(-6.876715106929,-1.249138628182));
#2387 = CARTESIAN_POINT('',(-6.872899751873,-1.248283076942));
#2388 = CARTESIAN_POINT('',(-6.866606702069,-1.247436769096));
#2389 = CARTESIAN_POINT('',(-6.857925209542,-1.24660354372));
#2390 = CARTESIAN_POINT('',(-6.846971728993,-1.245787358895));
#2391 = CARTESIAN_POINT('',(-6.833890881255,-1.244992147015));
#2392 = CARTESIAN_POINT('',(-6.818866866358,-1.244222398653));
#2393 = CARTESIAN_POINT('',(-6.80207427296,-1.243480668082));
#2394 = CARTESIAN_POINT('',(-6.783652923309,-1.242767966851));
#2395 = CARTESIAN_POINT('',(-6.763747618065,-1.24208572963));
#2396 = CARTESIAN_POINT('',(-6.74249595821,-1.241435208415));
#2397 = CARTESIAN_POINT('',(-6.720030543921,-1.240817616918));
#2398 = CARTESIAN_POINT('',(-6.69647741899,-1.240234074236));
#2399 = CARTESIAN_POINT('',(-6.671955573281,-1.239685601192));
#2400 = CARTESIAN_POINT('',(-6.646576483015,-1.239173106736));
#2401 = CARTESIAN_POINT('',(-6.620443095608,-1.238697361402));
#2402 = CARTESIAN_POINT('',(-6.593651810314,-1.238259032505));
#2403 = CARTESIAN_POINT('',(-6.566284003174,-1.237858485322));
#2404 = CARTESIAN_POINT('',(-6.538329681553,-1.237495110197));
#2405 = CARTESIAN_POINT('',(-6.509898760919,-1.237170072302));
#2406 = CARTESIAN_POINT('',(-6.481068264367,-1.23688397946));
#2407 = CARTESIAN_POINT('',(-6.451915939604,-1.23663734989));
#2408 = CARTESIAN_POINT('',(-6.422511390906,-1.236430486696));
#2409 = CARTESIAN_POINT('',(-6.392915826821,-1.236263538859));
#2410 = CARTESIAN_POINT('',(-6.363179187465,-1.236136538109));
#2411 = CARTESIAN_POINT('',(-6.33332768358,-1.236049474393));
#2412 = CARTESIAN_POINT('',(-6.303380300158,-1.236002369683));
#2413 = CARTESIAN_POINT('',(-6.273246749618,-1.235995448471));
#2414 = CARTESIAN_POINT('',(-6.243139993242,-1.236029020601));
#2415 = CARTESIAN_POINT('',(-6.213097745897,-1.236103100834));
#2416 = CARTESIAN_POINT('',(-6.183148999606,-1.236217635527));
#2417 = CARTESIAN_POINT('',(-6.153348554116,-1.236372441799));
#2418 = CARTESIAN_POINT('',(-6.123774575233,-1.236567261781));
#2419 = CARTESIAN_POINT('',(-6.094505306632,-1.236801568698));
#2420 = CARTESIAN_POINT('',(-6.065556005935,-1.237075293227));
#2421 = CARTESIAN_POINT('',(-6.036970213246,-1.237388285019));
#2422 = CARTESIAN_POINT('',(-6.008803971003,-1.237740300561));
#2423 = CARTESIAN_POINT('',(-5.981127435612,-1.238130976898));
#2424 = CARTESIAN_POINT('',(-5.954021374266,-1.238559814552));
#2425 = CARTESIAN_POINT('',(-5.927577122754,-1.239026137788));
#2426 = CARTESIAN_POINT('',(-5.901888446429,-1.239529136299));
#2427 = CARTESIAN_POINT('',(-5.877018628348,-1.240068804178));
#2428 = CARTESIAN_POINT('',(-5.853088191076,-1.240644125096));
#2429 = CARTESIAN_POINT('',(-5.830213188979,-1.24125417569));
#2430 = CARTESIAN_POINT('',(-5.808520177485,-1.241897843238));
#2431 = CARTESIAN_POINT('',(-5.788138723079,-1.242574053653));
#2432 = CARTESIAN_POINT('',(-5.769217587676,-1.243281141848));
#2433 = CARTESIAN_POINT('',(-5.751868588502,-1.244019142263));
#2434 = CARTESIAN_POINT('',(-5.736250920389,-1.24478681492));
#2435 = CARTESIAN_POINT('',(-5.722580051278,-1.245579588873));
#2436 = CARTESIAN_POINT('',(-5.711022402513,-1.246393851099));
#2437 = CARTESIAN_POINT('',(-5.701723876941,-1.247225826114));
#2438 = CARTESIAN_POINT('',(-5.694802844653,-1.248071911953));
#2439 = CARTESIAN_POINT('',(-5.690353149136,-1.248928506474));
#2440 = CARTESIAN_POINT('',(-5.688442190194,-1.249792416031));
#2441 = CARTESIAN_POINT('',(-5.689118731295,-1.250659444318));
#2442 = CARTESIAN_POINT('',(-5.692367758107,-1.251520908204));
#2443 = CARTESIAN_POINT('',(-5.698134338082,-1.252374140223));
#2444 = CARTESIAN_POINT('',(-5.70633731606,-1.253214968927));
#2445 = CARTESIAN_POINT('',(-5.716864549197,-1.25403948341));
#2446 = CARTESIAN_POINT('',(-5.729575054362,-1.254843652122));
#2447 = CARTESIAN_POINT('',(-5.744291720753,-1.25562307973));
#2448 = CARTESIAN_POINT('',(-5.760825343136,-1.256374385407));
#2449 = CARTESIAN_POINT('',(-5.779034166727,-1.257096657704));
#2450 = CARTESIAN_POINT('',(-5.798769996816,-1.257788396527));
#2451 = CARTESIAN_POINT('',(-5.819892135126,-1.258448326739));
#2452 = CARTESIAN_POINT('',(-5.842264745759,-1.25907519846));
#2453 = CARTESIAN_POINT('',(-5.86575859868,-1.259667859078));
#2454 = CARTESIAN_POINT('',(-5.890251455407,-1.260225251726));
#2455 = CARTESIAN_POINT('',(-5.915628998655,-1.260746436171));
#2456 = CARTESIAN_POINT('',(-5.941784296598,-1.261230593597));
#2457 = CARTESIAN_POINT('',(-5.968621775791,-1.261677073397));
#2458 = CARTESIAN_POINT('',(-5.996043649078,-1.262085288035));
#2459 = CARTESIAN_POINT('',(-6.024066263392,-1.262456007165));
#2460 = CARTESIAN_POINT('',(-6.052584355431,-1.262788120178));
#2461 = CARTESIAN_POINT('',(-6.08151671399,-1.263080957856));
#2462 = CARTESIAN_POINT('',(-6.110784111112,-1.263333974498));
#2463 = CARTESIAN_POINT('',(-6.140314782049,-1.263546836996));
#2464 = CARTESIAN_POINT('',(-6.170045359856,-1.263719376576));
#2465 = CARTESIAN_POINT('',(-6.199923295858,-1.263851550239));
#2466 = CARTESIAN_POINT('',(-6.229919608049,-1.263943368017));
#2467 = CARTESIAN_POINT('',(-6.260011167636,-1.263994814579));
#2468 = CARTESIAN_POINT('',(-6.290287157924,-1.264005694894));
#2469 = CARTESIAN_POINT('',(-6.320560823039,-1.263975670036));
#2470 = CARTESIAN_POINT('',(-6.350764977739,-1.263904711654));
#2471 = CARTESIAN_POINT('',(-6.38088016971,-1.263792864963));
#2472 = CARTESIAN_POINT('',(-6.41084978068,-1.263640308363));
#2473 = CARTESIAN_POINT('',(-6.44059803294,-1.263447288204));
#2474 = CARTESIAN_POINT('',(-6.470040606867,-1.263214342329));
#2475 = CARTESIAN_POINT('',(-6.499161582371,-1.26294156488));
#2476 = CARTESIAN_POINT('',(-6.527918158055,-1.262629096415));
#2477 = CARTESIAN_POINT('',(-6.556254230145,-1.262277178575));
#2478 = CARTESIAN_POINT('',(-6.584098645588,-1.261886179856));
#2479 = CARTESIAN_POINT('',(-6.611371817417,-1.261456575526));
#2480 = CARTESIAN_POINT('',(-6.637973824948,-1.260989139846));
#2481 = CARTESIAN_POINT('',(-6.663837570629,-1.260484334923));
#2482 = CARTESIAN_POINT('',(-6.689149401469,-1.259936242019));
#2483 = CARTESIAN_POINT('',(-6.713614020912,-1.259347997878));
#2484 = CARTESIAN_POINT('',(-6.737048655693,-1.258721327155));
#2485 = CARTESIAN_POINT('',(-6.759253958325,-1.258058652629));
#2486 = CARTESIAN_POINT('',(-6.780047837254,-1.257362423943));
#2487 = CARTESIAN_POINT('',(-6.799255890325,-1.256635206655));
#2488 = CARTESIAN_POINT('',(-6.816713669766,-1.255879582569));
#2489 = CARTESIAN_POINT('',(-6.832265922478,-1.255098115644));
#2490 = CARTESIAN_POINT('',(-6.845766716611,-1.25429331536));
#2491 = CARTESIAN_POINT('',(-6.857079365212,-1.253467615725));
#2492 = CARTESIAN_POINT('',(-6.866076272287,-1.252623365266));
#2493 = CARTESIAN_POINT('',(-6.872638941998,-1.251762828489));
#2494 = CARTESIAN_POINT('',(-6.876656677899,-1.250888201534));
#2495 = CARTESIAN_POINT('',(-6.877571685115,-1.250297154237));
#2496 = CARTESIAN_POINT('',(-6.877571107181,-1.25));
#2497 = ( GEOMETRIC_REPRESENTATION_CONTEXT(2) 
PARAMETRIC_REPRESENTATION_CONTEXT() REPRESENTATION_CONTEXT('2D SPACE',''
  ) );
#2498 = PCURVE('',#2499,#2504);
#2499 = CYLINDRICAL_SURFACE('',#2500,1.4E-02);
#2500 = AXIS2_PLACEMENT_3D('',#2501,#2502,#2503);
#2501 = CARTESIAN_POINT('',(-0.275,9.520650327138E-17,1.25));
#2502 = DIRECTION('',(-1.,-0.,-0.));
#2503 = DIRECTION('',(0.,1.,0.));
#2504 = DEFINITIONAL_REPRESENTATION('',(#2505),#2619);
#2505 = B_SPLINE_CURVE_WITH_KNOTS('',3,(#2506,#2507,#2508,#2509,#2510,
    #2511,#2512,#2513,#2514,#2515,#2516,#2517,#2518,#2519,#2520,#2521,
    #2522,#2523,#2524,#2525,#2526,#2527,#2528,#2529,#2530,#2531,#2532,
    #2533,#2534,#2535,#2536,#2537,#2538,#2539,#2540,#2541,#2542,#2543,
    #2544,#2545,#2546,#2547,#2548,#2549,#2550,#2551,#2552,#2553,#2554,
    #2555,#2556,#2557,#2558,#2559,#2560,#2561,#2562,#2563,#2564,#2565,
    #2566,#2567,#2568,#2569,#2570,#2571,#2572,#2573,#2574,#2575,#2576,
    #2577,#2578,#2579,#2580,#2581,#2582,#2583,#2584,#2585,#2586,#2587,
    #2588,#2589,#2590,#2591,#2592,#2593,#2594,#2595,#2596,#2597,#2598,
    #2599,#2600,#2601,#2602,#2603,#2604,#2605,#2606,#2607,#2608,#2609,
    #2610,#2611,#2612,#2613,#2614,#2615,#2616,#2617,#2618),
  .UNSPECIFIED.,.F.,.F.,(4,1,1,1,1,1,1,1,1,1,1,1,1,1,1,1,1,1,1,1,1,1,1,1
    ,1,1,1,1,1,1,1,1,1,1,1,1,1,1,1,1,1,1,1,1,1,1,1,1,1,1,1,1,1,1,1,1,1,1
    ,1,1,1,1,1,1,1,1,1,1,1,1,1,1,1,1,1,1,1,1,1,1,1,1,1,1,1,1,1,1,1,1,1,1
    ,1,1,1,1,1,1,1,1,1,1,1,1,1,1,1,1,1,1,4),(0.,3.613980408691E-02,
    7.227960817382E-02,0.108419412261,0.144559216348,0.180699020435,
    0.216838824521,0.252978628608,0.289118432695,0.325258236782,
    0.361398040869,0.397537844956,0.433677649043,0.46981745313,
    0.505957257217,0.542097061304,0.578236865391,0.614376669478,
    0.650516473564,0.686656277651,0.722796081738,0.758935885825,
    0.795075689912,0.831215493999,0.867355298086,0.903495102173,
    0.93963490626,0.975774710347,1.011914514434,1.04805431852,
    1.084194122607,1.120333926694,1.156473730781,1.192613534868,
    1.228753338955,1.264893143042,1.301032947129,1.337172751216,
    1.373312555303,1.40945235939,1.445592163476,1.481731967563,
    1.51787177165,1.554011575737,1.590151379824,1.626291183911,
    1.662430987998,1.698570792085,1.734710596172,1.770850400259,
    1.806990204346,1.843130008433,1.879269812519,1.915409616606,
    1.951549420693,1.98768922478,2.023829028867,2.059968832954,
    2.096108637041,2.132248441128,2.168388245215,2.204528049302,
    2.240667853389,2.276807657475,2.312947461562,2.349087265649,
    2.385227069736,2.421366873823,2.45750667791,2.493646481997,
    2.529786286084,2.565926090171,2.602065894258,2.638205698345,
    2.674345502432,2.710485306518,2.746625110605,2.782764914692,
    2.818904718779,2.855044522866,2.891184326953,2.92732413104,
    2.963463935127,2.999603739214,3.035743543301,3.071883347388,
    3.108023151474,3.144162955561,3.180302759648,3.216442563735,
    3.252582367822,3.288722171909,3.324861975996,3.361001780083,
    3.39714158417,3.433281388257,3.469421192344,3.50556099643,
    3.541700800517,3.577840604604,3.613980408691,3.650120212778,
    3.686260016865,3.722399820952,3.758539625039,3.794679429126,
    3.830819233213,3.8669590373,3.903098841387,3.939238645473,
    3.97537844956),.QUASI_UNIFORM_KNOTS.);
#2506 = CARTESIAN_POINT('',(-6.28318530718,-0.295712315177));
#2507 = CARTESIAN_POINT('',(-6.262662854218,-0.295712247729));
#2508 = CARTESIAN_POINT('',(-6.221658422252,-0.29572432036));
#2509 = CARTESIAN_POINT('',(-6.160315749664,-0.295777566629));
#2510 = CARTESIAN_POINT('',(-6.099174388566,-0.295864766843));
#2511 = CARTESIAN_POINT('',(-6.038289935869,-0.295983681021));
#2512 = CARTESIAN_POINT('',(-5.977737519327,-0.296131446519));
#2513 = CARTESIAN_POINT('',(-5.917606235881,-0.296304587151));
#2514 = CARTESIAN_POINT('',(-5.858049582754,-0.296498929142));
#2515 = CARTESIAN_POINT('',(-5.799100338512,-0.296710414005));
#2516 = CARTESIAN_POINT('',(-5.740681859342,-0.296935328169));
#2517 = CARTESIAN_POINT('',(-5.682762625547,-0.297169952025));
#2518 = CARTESIAN_POINT('',(-5.625309295345,-0.297410728432));
#2519 = CARTESIAN_POINT('',(-5.56829716295,-0.29765424814));
#2520 = CARTESIAN_POINT('',(-5.511705140135,-0.297897284109));
#2521 = CARTESIAN_POINT('',(-5.455514775553,-0.298136813322));
#2522 = CARTESIAN_POINT('',(-5.399708723744,-0.298370039729));
#2523 = CARTESIAN_POINT('',(-5.344268041126,-0.298594425161));
#2524 = CARTESIAN_POINT('',(-5.289175875822,-0.298807687265));
#2525 = CARTESIAN_POINT('',(-5.234398340979,-0.299007921349));
#2526 = CARTESIAN_POINT('',(-5.179741398846,-0.299193870647));
#2527 = CARTESIAN_POINT('',(-5.12526273116,-0.299363592067));
#2528 = CARTESIAN_POINT('',(-5.070961447789,-0.2995155698));
#2529 = CARTESIAN_POINT('',(-5.016844733956,-0.299648496459));
#2530 = CARTESIAN_POINT('',(-4.962910035011,-0.299761333359));
#2531 = CARTESIAN_POINT('',(-4.909145369433,-0.299853278642));
#2532 = CARTESIAN_POINT('',(-4.85552402163,-0.299923743759));
#2533 = CARTESIAN_POINT('',(-4.801981740314,-0.299972307568));
#2534 = CARTESIAN_POINT('',(-4.748444957257,-0.299998670476));
#2535 = CARTESIAN_POINT('',(-4.6946467445,-0.300002549675));
#2536 = CARTESIAN_POINT('',(-4.640861444919,-0.299983748466));
#2537 = CARTESIAN_POINT('',(-4.587048906708,-0.299942370159));
#2538 = CARTESIAN_POINT('',(-4.533151946535,-0.299878694047));
#2539 = CARTESIAN_POINT('',(-4.479157979706,-0.299793210482));
#2540 = CARTESIAN_POINT('',(-4.425092378663,-0.299686589718));
#2541 = CARTESIAN_POINT('',(-4.370978583538,-0.299559793361));
#2542 = CARTESIAN_POINT('',(-4.316718826353,-0.299413674796));
#2543 = CARTESIAN_POINT('',(-4.262257884346,-0.299249298958));
#2544 = CARTESIAN_POINT('',(-4.207554449714,-0.299067949718));
#2545 = CARTESIAN_POINT('',(-4.152582960823,-0.298871147479));
#2546 = CARTESIAN_POINT('',(-4.097326835606,-0.298660659744));
#2547 = CARTESIAN_POINT('',(-4.04177823286,-0.298438529593));
#2548 = CARTESIAN_POINT('',(-3.985924312437,-0.298207039528));
#2549 = CARTESIAN_POINT('',(-3.929663899946,-0.297968310239));
#2550 = CARTESIAN_POINT('',(-3.872998564645,-0.297725190651));
#2551 = CARTESIAN_POINT('',(-3.815904253486,-0.297480626036));
#2552 = CARTESIAN_POINT('',(-3.758362674977,-0.297237810901));
#2553 = CARTESIAN_POINT('',(-3.700340296373,-0.297000098338));
#2554 = CARTESIAN_POINT('',(-3.641839241305,-0.296771209742));
#2555 = CARTESIAN_POINT('',(-3.582712609121,-0.296554486589));
#2556 = CARTESIAN_POINT('',(-3.522913449999,-0.296353822274));
#2557 = CARTESIAN_POINT('',(-3.462629951067,-0.296173897957));
#2558 = CARTESIAN_POINT('',(-3.401946902925,-0.296018686548));
#2559 = CARTESIAN_POINT('',(-3.34094211075,-0.295891754576));
#2560 = CARTESIAN_POINT('',(-3.279665042651,-0.295796089097));
#2561 = CARTESIAN_POINT('',(-3.218154235844,-0.295734058206));
#2562 = CARTESIAN_POINT('',(-3.156411156498,-0.295707312073));
#2563 = CARTESIAN_POINT('',(-3.094502091793,-0.295716788304));
#2564 = CARTESIAN_POINT('',(-3.032810641444,-0.295762201523));
#2565 = CARTESIAN_POINT('',(-2.971295877381,-0.295842268724));
#2566 = CARTESIAN_POINT('',(-2.910031194226,-0.295954955194));
#2567 = CARTESIAN_POINT('',(-2.849082143611,-0.29609748766));
#2568 = CARTESIAN_POINT('',(-2.788538118246,-0.296266461703));
#2569 = CARTESIAN_POINT('',(-2.728536661474,-0.296457795562));
#2570 = CARTESIAN_POINT('',(-2.669166810688,-0.296667213297));
#2571 = CARTESIAN_POINT('',(-2.610340421972,-0.296890964823));
#2572 = CARTESIAN_POINT('',(-2.55202594912,-0.2971252375));
#2573 = CARTESIAN_POINT('',(-2.494187555628,-0.297366393638));
#2574 = CARTESIAN_POINT('',(-2.43679930816,-0.297610938187));
#2575 = CARTESIAN_POINT('',(-2.379839055876,-0.2978555588));
#2576 = CARTESIAN_POINT('',(-2.323287886124,-0.298097146216));
#2577 = CARTESIAN_POINT('',(-2.267127609636,-0.298332820986));
#2578 = CARTESIAN_POINT('',(-2.21134114066,-0.298559954539));
#2579 = CARTESIAN_POINT('',(-2.155904372869,-0.298776206498));
#2580 = CARTESIAN_POINT('',(-2.100810742253,-0.298979502684));
#2581 = CARTESIAN_POINT('',(-2.045847308821,-0.299168614825));
#2582 = CARTESIAN_POINT('',(-1.991058964933,-0.299341580082));
#2583 = CARTESIAN_POINT('',(-1.936449685572,-0.299496811206));
#2584 = CARTESIAN_POINT('',(-1.882026440427,-0.299632948425));
#2585 = CARTESIAN_POINT('',(-1.827787865052,-0.299748903161));
#2586 = CARTESIAN_POINT('',(-1.77372322764,-0.299843832503));
#2587 = CARTESIAN_POINT('',(-1.719808017981,-0.299917115127));
#2588 = CARTESIAN_POINT('',(-1.665980683336,-0.299968306958));
#2589 = CARTESIAN_POINT('',(-1.61217305152,-0.299997092735));
#2590 = CARTESIAN_POINT('',(-1.55811841488,-0.300003190534));
#2591 = CARTESIAN_POINT('',(-1.504042755357,-0.299986373389));
#2592 = CARTESIAN_POINT('',(-1.449957008199,-0.299946726398));
#2593 = CARTESIAN_POINT('',(-1.395785352059,-0.299884515814));
#2594 = CARTESIAN_POINT('',(-1.341516886924,-0.299800224257));
#2595 = CARTESIAN_POINT('',(-1.2871712276,-0.299694513129));
#2596 = CARTESIAN_POINT('',(-1.232781049138,-0.299568350608));
#2597 = CARTESIAN_POINT('',(-1.178248516934,-0.299422606307));
#2598 = CARTESIAN_POINT('',(-1.123515416242,-0.299258344888));
#2599 = CARTESIAN_POINT('',(-1.068538824588,-0.299076857989));
#2600 = CARTESIAN_POINT('',(-1.013293133844,-0.298879680986));
#2601 = CARTESIAN_POINT('',(-0.957757343501,-0.298668584565));
#2602 = CARTESIAN_POINT('',(-0.901937519785,-0.298445682237));
#2603 = CARTESIAN_POINT('',(-0.845767394423,-0.298213099274));
#2604 = CARTESIAN_POINT('',(-0.788557720782,-0.297970447839));
#2605 = CARTESIAN_POINT('',(-0.730625299318,-0.297721861245));
#2606 = CARTESIAN_POINT('',(-0.672050770406,-0.29747095552));
#2607 = CARTESIAN_POINT('',(-0.612947433125,-0.297221794158));
#2608 = CARTESIAN_POINT('',(-0.55339098503,-0.296978517871));
#2609 = CARTESIAN_POINT('',(-0.493439712621,-0.296745336778));
#2610 = CARTESIAN_POINT('',(-0.433130228682,-0.296526430253));
#2611 = CARTESIAN_POINT('',(-0.372479690844,-0.296325876137));
#2612 = CARTESIAN_POINT('',(-0.311486328063,-0.296147577227));
#2613 = CARTESIAN_POINT('',(-0.250130457274,-0.295995191741));
#2614 = CARTESIAN_POINT('',(-0.188375589376,-0.295872073019));
#2615 = CARTESIAN_POINT('',(-0.126168913197,-0.295781190713));
#2616 = CARTESIAN_POINT('',(-6.344397380585E-02,-0.295725139214));
#2617 = CARTESIAN_POINT('',(-2.12241641919E-02,-0.295712271778));
#2618 = CARTESIAN_POINT('',(0.,-0.295712315177));
#2619 = ( GEOMETRIC_REPRESENTATION_CONTEXT(2) 
PARAMETRIC_REPRESENTATION_CONTEXT() REPRESENTATION_CONTEXT('2D SPACE',''
  ) );
#2620 = ADVANCED_FACE('',(#2621),#2499,.T.);
#2621 = FACE_BOUND('',#2622,.F.);
#2622 = EDGE_LOOP('',(#2623,#2843,#2864,#2865));
#2623 = ORIENTED_EDGE('',*,*,#2624,.F.);
#2624 = EDGE_CURVE('',#2625,#2625,#2627,.T.);
#2625 = VERTEX_POINT('',#2626);
#2626 = CARTESIAN_POINT('',(-2.071231517721E-02,1.4E-02,1.25));
#2627 = SURFACE_CURVE('',#2628,(#2696,#2767),.PCURVE_S1.);
#2628 = B_SPLINE_CURVE_WITH_KNOTS('',6,(#2629,#2630,#2631,#2632,#2633,
    #2634,#2635,#2636,#2637,#2638,#2639,#2640,#2641,#2642,#2643,#2644,
    #2645,#2646,#2647,#2648,#2649,#2650,#2651,#2652,#2653,#2654,#2655,
    #2656,#2657,#2658,#2659,#2660,#2661,#2662,#2663,#2664,#2665,#2666,
    #2667,#2668,#2669,#2670,#2671,#2672,#2673,#2674,#2675,#2676,#2677,
    #2678,#2679,#2680,#2681,#2682,#2683,#2684,#2685,#2686,#2687,#2688,
    #2689,#2690,#2691,#2692,#2693,#2694,#2695),.UNSPECIFIED.,.T.,.F.,(7,
    5,5,5,5,5,5,5,5,5,5,5,5,7),(0.,0.133435039962,0.201974436115,
    0.247774574614,0.336225239731,0.429098148375,0.498103384642,
    0.572069154226,0.633832263588,0.702653470274,0.748641923325,
    0.837456267417,0.930711037743,1.),.UNSPECIFIED.);
#2629 = CARTESIAN_POINT('',(-2.071231517721E-02,1.4E-02,1.25));
#2630 = CARTESIAN_POINT('',(-2.071231517721E-02,1.4E-02,1.252179139827)
  );
#2631 = CARTESIAN_POINT('',(-2.098740242777E-02,1.359265467218E-02,
    1.254288058959));
#2632 = CARTESIAN_POINT('',(-2.150453664694E-02,1.282929769335E-02,
    1.256269957583));
#2633 = CARTESIAN_POINT('',(-2.215649383121E-02,1.17313497898E-02,
    1.258073486691));
#2634 = CARTESIAN_POINT('',(-2.280368908604E-02,1.036868362801E-02,
    1.259600728799));
#2635 = CARTESIAN_POINT('',(-2.365734549267E-02,8.123688221358E-03,
    1.261444543211));
#2636 = CARTESIAN_POINT('',(-2.393068711969E-02,7.31525317564E-03,
    1.262000789435));
#2637 = CARTESIAN_POINT('',(-2.4178455857E-02,6.468266013354E-03,
    1.262483912815));
#2638 = CARTESIAN_POINT('',(-2.439415134839E-02,5.591378411305E-03,
    1.26289219319));
#2639 = CARTESIAN_POINT('',(-2.457349305308E-02,4.69147128733E-03,
    1.263225093359));
#2640 = CARTESIAN_POINT('',(-2.480774351206E-02,3.156384956538E-03,
    1.263654483399));
#2641 = CARTESIAN_POINT('',(-2.488409196321E-02,2.532514203597E-03,
    1.263792586239));
#2642 = CARTESIAN_POINT('',(-2.494195109294E-02,1.90293549192E-03,
    1.263896341463));
#2643 = CARTESIAN_POINT('',(-2.498067946254E-02,1.27007360111E-03,
    1.263965496684));
#2644 = CARTESIAN_POINT('',(-2.5E-02,6.355134306679E-04,1.264));
#2645 = CARTESIAN_POINT('',(-2.5E-02,-1.227323485819E-03,1.264));
#2646 = CARTESIAN_POINT('',(-2.492782630797E-02,-2.440173047835E-03,
    1.263871136598));
#2647 = CARTESIAN_POINT('',(-2.478578209276E-02,-3.65084186397E-03,
    1.26361738774));
#2648 = CARTESIAN_POINT('',(-2.457375523444E-02,-4.83351614725E-03,
    1.263232998427));
#2649 = CARTESIAN_POINT('',(-2.430175478021E-02,-5.973860002755E-03,
    1.262722807895));
#2650 = CARTESIAN_POINT('',(-2.365208944523E-02,-8.183540157965E-03,
    1.261434425231));
#2651 = CARTESIAN_POINT('',(-2.326844157808E-02,-9.252384648359E-03,
    1.260641141843));
#2652 = CARTESIAN_POINT('',(-2.284781302775E-02,-1.024203239657E-02,
    1.259716674206));
#2653 = CARTESIAN_POINT('',(-2.241387200059E-02,-1.113223305467E-02,
    1.258668145366));
#2654 = CARTESIAN_POINT('',(-2.199724459559E-02,-1.190168589383E-02,
    1.257506091827));
#2655 = CARTESIAN_POINT('',(-2.136186997702E-02,-1.299855737095E-02,
    1.255304427965));
#2656 = CARTESIAN_POINT('',(-2.111845713068E-02,-1.339064816785E-02,
    1.254305931945));
#2657 = CARTESIAN_POINT('',(-2.092027250023E-02,-1.369262902597E-02,
    1.253262419785));
#2658 = CARTESIAN_POINT('',(-2.078191146847E-02,-1.389688120095E-02,
    1.252188163968));
#2659 = CARTESIAN_POINT('',(-2.071231517721E-02,-1.4E-02,1.251096571001)
  );
#2660 = CARTESIAN_POINT('',(-2.071231517721E-02,-1.4E-02,1.248824600532)
  );
#2661 = CARTESIAN_POINT('',(-2.079225929946E-02,-1.388151360913E-02,
    1.247655930075));
#2662 = CARTESIAN_POINT('',(-2.09509297431E-02,-1.364738649349E-02,
    1.246508488268));
#2663 = CARTESIAN_POINT('',(-2.117661341522E-02,-1.330187265096E-02,
    1.245398283779));
#2664 = CARTESIAN_POINT('',(-2.145065697004E-02,-1.285459230349E-02,
    1.244342422133));
#2665 = CARTESIAN_POINT('',(-2.200183339113E-02,-1.188184206537E-02,
    1.242537257674));
#2666 = CARTESIAN_POINT('',(-2.227256960772E-02,-1.137901940256E-02,
    1.241761452007));
#2667 = CARTESIAN_POINT('',(-2.255294779397E-02,-1.082198357778E-02,
    1.241035071759));
#2668 = CARTESIAN_POINT('',(-2.283392209382E-02,-1.021671673615E-02,
    1.240361293065));
#2669 = CARTESIAN_POINT('',(-2.310768349888E-02,-9.56922139102E-03,
    1.239742672978));
#2670 = CARTESIAN_POINT('',(-2.365734549216E-02,-8.123688222691E-03,
    1.23855545679));
#2671 = CARTESIAN_POINT('',(-2.393068712037E-02,-7.315253173241E-03,
    1.237999210564));
#2672 = CARTESIAN_POINT('',(-2.417845585712E-02,-6.468266013523E-03,
    1.237516087185));
#2673 = CARTESIAN_POINT('',(-2.439415134777E-02,-5.591378413782E-03,
    1.237107806811));
#2674 = CARTESIAN_POINT('',(-2.457349305334E-02,-4.691471285628E-03,
    1.23677490664));
#2675 = CARTESIAN_POINT('',(-2.480774351201E-02,-3.156384956852E-03,
    1.236345516601));
#2676 = CARTESIAN_POINT('',(-2.488409196319E-02,-2.532514203616E-03,
    1.236207413761));
#2677 = CARTESIAN_POINT('',(-2.494195109295E-02,-1.902935491756E-03,
    1.236103658536));
#2678 = CARTESIAN_POINT('',(-2.498067946256E-02,-1.270073601116E-03,
    1.236034503316));
#2679 = CARTESIAN_POINT('',(-2.5E-02,-6.355134309653E-04,1.236));
#2680 = CARTESIAN_POINT('',(-2.5E-02,1.227323486425E-03,1.236));
#2681 = CARTESIAN_POINT('',(-2.492782630797E-02,2.440173046703E-03,
    1.236128863402));
#2682 = CARTESIAN_POINT('',(-2.47857820928E-02,3.650841864648E-03,
    1.23638261226));
#2683 = CARTESIAN_POINT('',(-2.457375523439E-02,4.833516147205E-03,
    1.236767001573));
#2684 = CARTESIAN_POINT('',(-2.430175478023E-02,5.973860002708E-03,
    1.237277192105));
#2685 = CARTESIAN_POINT('',(-2.365208944539E-02,8.183540157398E-03,
    1.238565574769));
#2686 = CARTESIAN_POINT('',(-2.326844157783E-02,9.25238464902E-03,
    1.239358858158));
#2687 = CARTESIAN_POINT('',(-2.284781302773E-02,1.024203239673E-02,
    1.240283325794));
#2688 = CARTESIAN_POINT('',(-2.241387200083E-02,1.11322330541E-02,
    1.241331854634));
#2689 = CARTESIAN_POINT('',(-2.199724459545E-02,1.190168589405E-02,
    1.242493908173));
#2690 = CARTESIAN_POINT('',(-2.136186997702E-02,1.299855737095E-02,
    1.244695572035));
#2691 = CARTESIAN_POINT('',(-2.111845713068E-02,1.339064816786E-02,
    1.245694068055));
#2692 = CARTESIAN_POINT('',(-2.092027250023E-02,1.369262902597E-02,
    1.246737580215));
#2693 = CARTESIAN_POINT('',(-2.078191146847E-02,1.389688120095E-02,
    1.247811836032));
#2694 = CARTESIAN_POINT('',(-2.071231517721E-02,1.4E-02,1.248903428999)
  );
#2695 = CARTESIAN_POINT('',(-2.071231517721E-02,1.4E-02,1.25));
#2696 = PCURVE('',#2499,#2697);
#2697 = DEFINITIONAL_REPRESENTATION('',(#2698),#2766);
#2698 = B_SPLINE_CURVE_WITH_KNOTS('',6,(#2699,#2700,#2701,#2702,#2703,
    #2704,#2705,#2706,#2707,#2708,#2709,#2710,#2711,#2712,#2713,#2714,
    #2715,#2716,#2717,#2718,#2719,#2720,#2721,#2722,#2723,#2724,#2725,
    #2726,#2727,#2728,#2729,#2730,#2731,#2732,#2733,#2734,#2735,#2736,
    #2737,#2738,#2739,#2740,#2741,#2742,#2743,#2744,#2745,#2746,#2747,
    #2748,#2749,#2750,#2751,#2752,#2753,#2754,#2755,#2756,#2757,#2758,
    #2759,#2760,#2761,#2762,#2763,#2764,#2765),.UNSPECIFIED.,.F.,.F.,(7,
    5,5,5,5,5,5,5,5,5,5,5,5,7),(0.,0.133435039962,0.201974436115,
    0.247774574614,0.336225239731,0.429098148375,0.498103384642,
    0.572069154226,0.633832263588,0.702653470274,0.748641923325,
    0.837456267417,0.930711037743,1.),.UNSPECIFIED.);
#2699 = CARTESIAN_POINT('',(0.,-0.254287684823));
#2700 = CARTESIAN_POINT('',(-0.155652844807,-0.254287684823));
#2701 = CARTESIAN_POINT('',(-0.306296214717,-0.254012597572));
#2702 = CARTESIAN_POINT('',(-0.454622639651,-0.253495463353));
#2703 = CARTESIAN_POINT('',(-0.601668675157,-0.252843506169));
#2704 = CARTESIAN_POINT('',(-0.74611128444,-0.252196310914));
#2705 = CARTESIAN_POINT('',(-0.953619041423,-0.251342654507));
#2706 = CARTESIAN_POINT('',(-1.023457619666,-0.25106931288));
#2707 = CARTESIAN_POINT('',(-1.092747163024,-0.250821544143));
#2708 = CARTESIAN_POINT('',(-1.161489128786,-0.250605848652));
#2709 = CARTESIAN_POINT('',(-1.229799256233,-0.250426506947));
#2710 = CARTESIAN_POINT('',(-1.343657067875,-0.250192256488));
#2711 = CARTESIAN_POINT('',(-1.389230111592,-0.250115908037));
#2712 = CARTESIAN_POINT('',(-1.434704904634,-0.250058048907));
#2713 = CARTESIAN_POINT('',(-1.480077178105,-0.250019320537));
#2714 = CARTESIAN_POINT('',(-1.525402510319,-0.25));
#2715 = CARTESIAN_POINT('',(-1.658462290068,-0.25));
#2716 = CARTESIAN_POINT('',(-1.745097296192,-0.250072173692));
#2717 = CARTESIAN_POINT('',(-1.832767755857,-0.250214217907));
#2718 = CARTESIAN_POINT('',(-1.920816044213,-0.250426244766));
#2719 = CARTESIAN_POINT('',(-2.00954505667,-0.25069824522));
#2720 = CARTESIAN_POINT('',(-2.192248902541,-0.251347910555));
#2721 = CARTESIAN_POINT('',(-2.286741668621,-0.251731558422));
#2722 = CARTESIAN_POINT('',(-2.382546488847,-0.252152186972));
#2723 = CARTESIAN_POINT('',(-2.479783092393,-0.252586127999));
#2724 = CARTESIAN_POINT('',(-2.578583734311,-0.253002755404));
#2725 = CARTESIAN_POINT('',(-2.754281335135,-0.253638130023));
#2726 = CARTESIAN_POINT('',(-2.830603855651,-0.253881542869));
#2727 = CARTESIAN_POINT('',(-2.907705423698,-0.2540797275));
#2728 = CARTESIAN_POINT('',(-2.985290517406,-0.254218088532));
#2729 = CARTESIAN_POINT('',(-3.063266153534,-0.254287684823));
#2730 = CARTESIAN_POINT('',(-3.225549758424,-0.254287684823));
#2731 = CARTESIAN_POINT('',(-3.309033381376,-0.254207740701));
#2732 = CARTESIAN_POINT('',(-3.39203976024,-0.254049070257));
#2733 = CARTESIAN_POINT('',(-3.474489475382,-0.253823386585));
#2734 = CARTESIAN_POINT('',(-3.55603215216,-0.25354934303));
#2735 = CARTESIAN_POINT('',(-3.702501863303,-0.252998166609));
#2736 = CARTESIAN_POINT('',(-3.768323616639,-0.252727430392));
#2737 = CARTESIAN_POINT('',(-3.833404294568,-0.252447052206));
#2738 = CARTESIAN_POINT('',(-3.89781283468,-0.252166077906));
#2739 = CARTESIAN_POINT('',(-3.961599240933,-0.251892316501));
#2740 = CARTESIAN_POINT('',(-4.09521169489,-0.251342654508));
#2741 = CARTESIAN_POINT('',(-4.165050273457,-0.25106931288));
#2742 = CARTESIAN_POINT('',(-4.234339816613,-0.250821544143));
#2743 = CARTESIAN_POINT('',(-4.303081782174,-0.250605848652));
#2744 = CARTESIAN_POINT('',(-4.371391909949,-0.250426506947));
#2745 = CARTESIAN_POINT('',(-4.485249721441,-0.250192256488));
#2746 = CARTESIAN_POINT('',(-4.53082276518,-0.250115908037));
#2747 = CARTESIAN_POINT('',(-4.576297558236,-0.250058048907));
#2748 = CARTESIAN_POINT('',(-4.621669831695,-0.250019320537));
#2749 = CARTESIAN_POINT('',(-4.666995163887,-0.25));
#2750 = CARTESIAN_POINT('',(-4.800054943701,-0.25));
#2751 = CARTESIAN_POINT('',(-4.886689949701,-0.250072173692));
#2752 = CARTESIAN_POINT('',(-4.974360409494,-0.250214217907));
#2753 = CARTESIAN_POINT('',(-5.062408697801,-0.250426244766));
#2754 = CARTESIAN_POINT('',(-5.151137710256,-0.25069824522));
#2755 = CARTESIAN_POINT('',(-5.333841556084,-0.251347910555));
#2756 = CARTESIAN_POINT('',(-5.428334322279,-0.251731558422));
#2757 = CARTESIAN_POINT('',(-5.524139142442,-0.252152186972));
#2758 = CARTESIAN_POINT('',(-5.621375745918,-0.252586127999));
#2759 = CARTESIAN_POINT('',(-5.720176387937,-0.253002755405));
#2760 = CARTESIAN_POINT('',(-5.895873988724,-0.253638130023));
#2761 = CARTESIAN_POINT('',(-5.972196509241,-0.253881542869));
#2762 = CARTESIAN_POINT('',(-6.049298077287,-0.2540797275));
#2763 = CARTESIAN_POINT('',(-6.126883170996,-0.254218088532));
#2764 = CARTESIAN_POINT('',(-6.204858807123,-0.254287684823));
#2765 = CARTESIAN_POINT('',(-6.28318530718,-0.254287684823));
#2766 = ( GEOMETRIC_REPRESENTATION_CONTEXT(2) 
PARAMETRIC_REPRESENTATION_CONTEXT() REPRESENTATION_CONTEXT('2D SPACE',''
  ) );
#2767 = PCURVE('',#2768,#2773);
#2768 = CYLINDRICAL_SURFACE('',#2769,2.5E-02);
#2769 = AXIS2_PLACEMENT_3D('',#2770,#2771,#2772);
#2770 = CARTESIAN_POINT('',(1.433915808553E-16,2.472268635435E-18,0.));
#2771 = DIRECTION('',(-0.,-0.,-1.));
#2772 = DIRECTION('',(1.,0.,0.));
#2773 = DEFINITIONAL_REPRESENTATION('',(#2774),#2842);
#2774 = B_SPLINE_CURVE_WITH_KNOTS('',6,(#2775,#2776,#2777,#2778,#2779,
    #2780,#2781,#2782,#2783,#2784,#2785,#2786,#2787,#2788,#2789,#2790,
    #2791,#2792,#2793,#2794,#2795,#2796,#2797,#2798,#2799,#2800,#2801,
    #2802,#2803,#2804,#2805,#2806,#2807,#2808,#2809,#2810,#2811,#2812,
    #2813,#2814,#2815,#2816,#2817,#2818,#2819,#2820,#2821,#2822,#2823,
    #2824,#2825,#2826,#2827,#2828,#2829,#2830,#2831,#2832,#2833,#2834,
    #2835,#2836,#2837,#2838,#2839,#2840,#2841),.UNSPECIFIED.,.T.,.F.,(7,
    5,5,5,5,5,5,5,5,5,5,5,5,7),(0.,0.133435039962,0.201974436115,
    0.247774574614,0.336225239731,0.429098148375,0.498103384642,
    0.572069154226,0.633832263588,0.702653470274,0.748641923325,
    0.837456267417,0.930711037743,1.),.UNSPECIFIED.);
#2775 = CARTESIAN_POINT('',(-2.547206853589,-1.25));
#2776 = CARTESIAN_POINT('',(-2.547206853589,-1.252179139827));
#2777 = CARTESIAN_POINT('',(-2.566857633418,-1.254288058959));
#2778 = CARTESIAN_POINT('',(-2.603793753368,-1.256269957583));
#2779 = CARTESIAN_POINT('',(-2.65461956005,-1.258073486691));
#2780 = CARTESIAN_POINT('',(-2.714757648677,-1.259600728799));
#2781 = CARTESIAN_POINT('',(-2.810830401414,-1.261444543211));
#2782 = CARTESIAN_POINT('',(-2.844942016943,-1.262000789435));
#2783 = CARTESIAN_POINT('',(-2.880195241792,-1.262483912815));
#2784 = CARTESIAN_POINT('',(-2.916262879947,-1.26289219319));
#2785 = CARTESIAN_POINT('',(-2.952929646599,-1.263225093359));
#2786 = CARTESIAN_POINT('',(-3.015043906739,-1.263654483399));
#2787 = CARTESIAN_POINT('',(-3.040173548291,-1.263792586239));
#2788 = CARTESIAN_POINT('',(-3.065445827664,-1.263896341463));
#2789 = CARTESIAN_POINT('',(-3.090790237015,-1.263965496684));
#2790 = CARTESIAN_POINT('',(-3.116172116363,-1.264));
#2791 = CARTESIAN_POINT('',(-3.190685593023,-1.264));
#2792 = CARTESIAN_POINT('',(-3.239200229349,-1.263871136598));
#2793 = CARTESIAN_POINT('',(-3.287836070365,-1.26361738774));
#2794 = CARTESIAN_POINT('',(-3.335771361653,-1.263232998427));
#2795 = CARTESIAN_POINT('',(-3.382603230481,-1.262722807895));
#2796 = CARTESIAN_POINT('',(-3.474731414536,-1.261434425231));
#2797 = CARTESIAN_POINT('',(-3.520075017222,-1.260641141843));
#2798 = CARTESIAN_POINT('',(-3.562994550156,-1.259716674206));
#2799 = CARTESIAN_POINT('',(-3.602545682574,-1.258668145366));
#2800 = CARTESIAN_POINT('',(-3.637533001229,-1.257506091827));
#2801 = CARTESIAN_POINT('',(-3.68823728812,-1.255304427965));
#2802 = CARTESIAN_POINT('',(-3.706688651159,-1.254305931945));
#2803 = CARTESIAN_POINT('',(-3.721133519541,-1.253262419785));
#2804 = CARTESIAN_POINT('',(-3.731002233282,-1.252188163968));
#2805 = CARTESIAN_POINT('',(-3.735978453591,-1.251096571001));
#2806 = CARTESIAN_POINT('',(-3.735978453591,-1.248824600532));
#2807 = CARTESIAN_POINT('',(-3.730261067858,-1.247655930075));
#2808 = CARTESIAN_POINT('',(-3.718947408302,-1.246508488268));
#2809 = CARTESIAN_POINT('',(-3.702444766131,-1.245398283779));
#2810 = CARTESIAN_POINT('',(-3.68147513829,-1.244342422133));
#2811 = CARTESIAN_POINT('',(-3.636753090521,-1.242537257674));
#2812 = CARTESIAN_POINT('',(-3.613916101756,-1.241761452007));
#2813 = CARTESIAN_POINT('',(-3.588986029078,-1.241035071759));
#2814 = CARTESIAN_POINT('',(-3.562315258826,-1.240361293065));
#2815 = CARTESIAN_POINT('',(-3.534215322215,-1.239742672978));
#2816 = CARTESIAN_POINT('',(-3.472354905823,-1.23855545679));
#2817 = CARTESIAN_POINT('',(-3.438243290137,-1.237999210564));
#2818 = CARTESIAN_POINT('',(-3.402990065393,-1.237516087185));
#2819 = CARTESIAN_POINT('',(-3.366922427335,-1.237107806811));
#2820 = CARTESIAN_POINT('',(-3.330255660512,-1.23677490664));
#2821 = CARTESIAN_POINT('',(-3.268141400453,-1.236345516601));
#2822 = CARTESIAN_POINT('',(-3.243011758889,-1.236207413761));
#2823 = CARTESIAN_POINT('',(-3.217739479509,-1.236103658536));
#2824 = CARTESIAN_POINT('',(-3.192395070165,-1.236034503316));
#2825 = CARTESIAN_POINT('',(-3.167013190828,-1.236));
#2826 = CARTESIAN_POINT('',(-3.092499714133,-1.236));
#2827 = CARTESIAN_POINT('',(-3.043985077875,-1.236128863402));
#2828 = CARTESIAN_POINT('',(-2.995349236787,-1.23638261226));
#2829 = CARTESIAN_POINT('',(-2.947413945528,-1.236767001573));
#2830 = CARTESIAN_POINT('',(-2.900582076701,-1.237277192105));
#2831 = CARTESIAN_POINT('',(-2.808453892667,-1.238565574769));
#2832 = CARTESIAN_POINT('',(-2.763110289929,-1.239358858158));
#2833 = CARTESIAN_POINT('',(-2.720190757017,-1.240283325794));
#2834 = CARTESIAN_POINT('',(-2.680639624631,-1.241331854634));
#2835 = CARTESIAN_POINT('',(-2.645652305941,-1.242493908173));
#2836 = CARTESIAN_POINT('',(-2.59494801906,-1.244695572035));
#2837 = CARTESIAN_POINT('',(-2.57649665602,-1.245694068055));
#2838 = CARTESIAN_POINT('',(-2.562051787638,-1.246737580215));
#2839 = CARTESIAN_POINT('',(-2.552183073897,-1.247811836032));
#2840 = CARTESIAN_POINT('',(-2.547206853589,-1.248903428999));
#2841 = CARTESIAN_POINT('',(-2.547206853589,-1.25));
#2842 = ( GEOMETRIC_REPRESENTATION_CONTEXT(2) 
PARAMETRIC_REPRESENTATION_CONTEXT() REPRESENTATION_CONTEXT('2D SPACE',''
  ) );
#2843 = ORIENTED_EDGE('',*,*,#2844,.T.);
#2844 = EDGE_CURVE('',#2625,#2305,#2845,.T.);
#2845 = SEAM_CURVE('',#2846,(#2850,#2857),.PCURVE_S1.);
#2846 = LINE('',#2847,#2848);
#2847 = CARTESIAN_POINT('',(-0.275,1.4E-02,1.25));
#2848 = VECTOR('',#2849,1.);
#2849 = DIRECTION('',(1.,0.,0.));
#2850 = PCURVE('',#2499,#2851);
#2851 = DEFINITIONAL_REPRESENTATION('',(#2852),#2856);
#2852 = LINE('',#2853,#2854);
#2853 = CARTESIAN_POINT('',(-0.,0.));
#2854 = VECTOR('',#2855,1.);
#2855 = DIRECTION('',(-0.,-1.));
#2856 = ( GEOMETRIC_REPRESENTATION_CONTEXT(2) 
PARAMETRIC_REPRESENTATION_CONTEXT() REPRESENTATION_CONTEXT('2D SPACE',''
  ) );
#2857 = PCURVE('',#2499,#2858);
#2858 = DEFINITIONAL_REPRESENTATION('',(#2859),#2863);
#2859 = LINE('',#2860,#2861);
#2860 = CARTESIAN_POINT('',(-6.28318530718,0.));
#2861 = VECTOR('',#2862,1.);
#2862 = DIRECTION('',(-0.,-1.));
#2863 = ( GEOMETRIC_REPRESENTATION_CONTEXT(2) 
PARAMETRIC_REPRESENTATION_CONTEXT() REPRESENTATION_CONTEXT('2D SPACE',''
  ) );
#2864 = ORIENTED_EDGE('',*,*,#2304,.F.);
#2865 = ORIENTED_EDGE('',*,*,#2844,.F.);
#2866 = ADVANCED_FACE('',(#2867),#2768,.T.);
#2867 = FACE_BOUND('',#2868,.F.);
#2868 = EDGE_LOOP('',(#2869));
#2869 = ORIENTED_EDGE('',*,*,#2624,.T.);
#2870 = ( GEOMETRIC_REPRESENTATION_CONTEXT(3) 
GLOBAL_UNCERTAINTY_ASSIGNED_CONTEXT((#2874)) 
GLOBAL_UNIT_ASSIGNED_CONTEXT((#2871,#2872,#2873)) REPRESENTATION_CONTEXT
('Context #1','3D Context with UNIT and UNCERTAINTY') );
#2871 = ( LENGTH_UNIT() NAMED_UNIT(*) SI_UNIT($,.METRE.) );
#2872 = ( NAMED_UNIT(*) PLANE_ANGLE_UNIT() SI_UNIT($,.RADIAN.) );
#2873 = ( NAMED_UNIT(*) SI_UNIT($,.STERADIAN.) SOLID_ANGLE_UNIT() );
#2874 = UNCERTAINTY_MEASURE_WITH_UNIT(LENGTH_MEASURE(1.E-07),#2871,
  'distance_accuracy_value','confusion accuracy');
#2875 = PRODUCT_RELATED_PRODUCT_CATEGORY('part',$,(#7));
ENDSEC;
END-ISO-10303-21;
