/*--------------------------------*- C++ -*----------------------------------*\
| =========                 |                                                 |
| \\      /  F ield         | OpenFOAM: The Open Source CFD Toolbox           |
|  \\    /   O peration     | Version:  2512                                  |
|   \\  /    A nd           | Website:  www.openfoam.com                      |
|    \\/     M anipulation  |                                                 |
\*---------------------------------------------------------------------------*/
FoamFile
{
    version     2.0;
    format      ascii;
    arch        "LSB;label=32;scalar=64";
    note        "nPoints:63414  nCells:31320  nFaces:125666  nInternalFaces:62254";
    class       labelList;
    location    "constant/polyMesh";
    object      neighbour;
}
// * * * * * * * * * * * * * * * * * * * * * * * * * * * * * * * * * * * * * //


62254
(
1
116
2
117
3
118
4
119
5
120
6
121
7
122
8
123
9
124
10
125
11
126
12
127
13
128
14
129
15
130
16
131
17
132
18
133
19
134
20
135
21
136
22
137
23
138
24
139
25
140
26
141
27
142
28
143
29
144
30
145
31
146
32
147
33
148
34
149
35
150
36
151
37
152
38
153
39
154
40
155
41
156
42
157
43
158
44
159
45
160
46
161
47
162
48
163
49
164
50
165
51
166
52
167
53
168
54
169
55
170
56
171
57
172
58
173
59
174
60
175
61
176
62
177
63
178
64
179
65
180
66
181
67
182
68
183
69
184
70
185
71
186
72
187
73
188
74
189
75
190
76
191
77
192
78
193
79
194
80
195
81
196
82
197
83
198
84
199
85
200
86
201
87
202
88
203
89
204
90
205
91
206
92
207
93
208
94
209
95
210
96
211
97
212
98
213
99
214
100
215
101
216
102
217
103
218
104
219
105
220
106
221
107
222
108
223
109
224
110
225
111
226
112
227
113
228
114
229
115
230
231
117
232
118
233
119
234
120
235
121
236
122
237
123
238
124
239
125
240
126
241
127
242
128
243
129
244
130
245
131
246
132
247
133
248
134
249
135
250
136
251
137
252
138
253
139
254
140
255
141
256
142
257
143
258
144
259
145
260
146
261
147
262
148
263
149
264
150
265
151
266
152
267
153
268
154
269
155
270
156
271
157
272
158
273
159
274
160
275
161
276
162
277
163
278
164
279
165
280
166
281
167
282
168
283
169
284
170
285
171
286
172
287
173
288
174
289
175
290
176
291
177
292
178
293
179
294
180
295
181
296
182
297
183
298
184
299
185
300
186
301
187
302
188
303
189
304
190
305
191
306
192
307
193
308
194
309
195
310
196
311
197
312
198
313
199
314
200
315
201
316
202
317
203
318
204
319
205
320
206
321
207
322
208
323
209
324
210
325
211
326
212
327
213
328
214
329
215
330
216
331
217
332
218
333
219
334
220
335
221
336
222
337
223
338
224
339
225
340
226
341
227
342
228
343
229
344
230
345
231
346
347
233
348
234
349
235
350
236
351
237
352
238
353
239
354
240
355
241
356
242
357
243
358
244
359
245
360
246
361
247
362
248
363
249
364
250
365
251
366
252
367
253
368
254
369
255
370
256
371
257
372
258
373
259
374
260
375
261
376
262
377
263
378
264
379
265
380
266
381
267
382
268
383
269
384
270
385
271
386
272
387
273
388
274
389
275
390
276
391
277
392
278
393
279
394
280
395
281
396
282
397
283
398
284
399
285
400
286
401
287
402
288
403
289
404
290
405
291
406
292
407
293
408
294
409
295
410
296
411
297
412
298
413
299
414
300
415
301
416
302
417
303
418
304
419
305
420
306
421
307
422
308
423
309
424
310
425
311
426
312
427
313
428
314
429
315
430
316
431
317
432
318
433
319
434
320
435
321
436
322
437
323
438
324
439
325
440
326
441
327
442
328
443
329
444
330
445
331
446
332
447
333
448
334
449
335
450
336
451
337
452
338
453
339
454
340
455
341
456
342
457
343
458
344
459
345
460
346
461
347
462
463
349
464
350
465
351
466
352
467
353
468
354
469
355
470
356
471
357
472
358
473
359
474
360
475
361
476
362
477
363
478
364
479
365
480
366
481
367
482
368
483
369
484
370
485
371
486
372
487
373
488
374
489
375
490
376
491
377
492
378
493
379
494
380
495
381
496
382
497
383
498
384
499
385
500
386
501
387
502
388
503
389
504
390
505
391
506
392
507
393
508
394
509
395
510
396
511
397
512
398
513
399
514
400
515
401
516
402
517
403
518
404
519
405
520
406
521
407
522
408
523
409
524
410
525
411
526
412
527
413
528
414
529
415
530
416
531
417
532
418
533
419
534
420
535
421
536
422
537
423
538
424
539
425
540
426
541
427
542
428
543
429
544
430
545
431
546
432
547
433
548
434
549
435
550
436
551
437
552
438
553
439
554
440
555
441
556
442
557
443
558
444
559
445
560
446
561
447
562
448
563
449
564
450
565
451
566
452
567
453
568
454
569
455
570
456
571
457
572
458
573
459
574
460
575
461
576
462
577
463
578
579
465
580
466
581
467
582
468
583
469
584
470
585
471
586
472
587
473
588
474
589
475
590
476
591
477
592
478
593
479
594
480
595
481
596
482
597
483
598
484
599
485
600
486
601
487
602
488
603
489
604
490
605
491
606
492
607
493
608
494
609
495
610
496
611
497
612
498
613
499
614
500
615
501
616
502
617
503
618
504
619
505
620
506
621
507
622
508
623
509
624
510
625
511
626
512
627
513
628
514
629
515
630
516
631
517
632
518
633
519
634
520
635
521
636
522
637
523
638
524
639
525
640
526
641
527
642
528
643
529
644
530
645
531
646
532
647
533
648
534
649
535
650
536
651
537
652
538
653
539
654
540
655
541
656
542
657
543
658
544
659
545
660
546
661
547
662
548
663
549
664
550
665
551
666
552
667
553
668
554
669
555
670
556
671
557
672
558
673
559
674
560
675
561
676
562
677
563
678
564
679
565
680
566
681
567
682
568
683
569
684
570
685
571
686
572
687
573
688
574
689
575
690
576
691
577
692
578
693
579
694
695
581
696
582
697
583
698
584
699
585
700
586
701
587
702
588
703
589
704
590
705
591
706
592
707
593
708
594
709
595
710
596
711
597
712
598
713
599
714
600
715
601
716
602
717
603
718
604
719
605
720
606
721
607
722
608
723
609
724
610
725
611
726
612
727
613
728
614
729
615
730
616
731
617
732
618
733
619
734
620
735
621
736
622
737
623
738
624
739
625
740
626
741
627
742
628
743
629
744
630
745
631
746
632
747
633
748
634
749
635
750
636
751
637
752
638
753
639
754
640
755
641
756
642
757
643
758
644
759
645
760
646
761
647
762
648
763
649
764
650
765
651
766
652
767
653
768
654
769
655
770
656
771
657
772
658
773
659
774
660
775
661
776
662
777
663
778
664
779
665
780
666
781
667
782
668
783
669
784
670
785
671
786
672
787
673
788
674
789
675
790
676
791
677
792
678
793
679
794
680
795
681
796
682
797
683
798
684
799
685
800
686
801
687
802
688
803
689
804
690
805
691
806
692
807
693
808
694
809
695
810
811
697
812
698
813
699
814
700
815
701
816
702
817
703
818
704
819
705
820
706
821
707
822
708
823
709
824
710
825
711
826
712
827
713
828
714
829
715
830
716
831
717
832
718
833
719
834
720
835
721
836
722
837
723
838
724
839
725
840
726
841
727
842
728
843
729
844
730
845
731
846
732
847
733
848
734
849
735
850
736
851
737
852
738
853
739
854
740
855
741
856
742
857
743
858
744
859
745
860
746
861
747
862
748
863
749
864
750
865
751
866
752
867
753
868
754
869
755
870
756
871
757
872
758
873
759
874
760
875
761
876
762
877
763
878
764
879
765
880
766
881
767
882
768
883
769
884
770
885
771
886
772
887
773
888
774
889
775
890
776
891
777
892
778
893
779
894
780
895
781
896
782
897
783
898
784
899
785
900
786
901
787
902
788
903
789
904
790
905
791
906
792
907
793
908
794
909
795
910
796
911
797
912
798
913
799
914
800
915
801
916
802
917
803
918
804
919
805
920
806
921
807
922
808
923
809
924
810
925
811
926
927
813
928
814
929
815
930
816
931
817
932
818
933
819
934
820
935
821
936
822
937
823
938
824
939
825
940
826
941
827
942
828
943
829
944
830
945
831
946
832
947
833
948
834
949
835
950
836
951
837
952
838
953
839
954
840
955
841
956
842
957
843
958
844
959
845
960
846
961
847
962
848
963
849
964
850
965
851
966
852
967
853
968
854
969
855
970
856
971
857
972
858
973
859
974
860
975
861
976
862
977
863
978
864
979
865
980
866
981
867
982
868
983
869
984
870
985
871
986
872
987
873
988
874
989
875
990
876
991
877
992
878
993
879
994
880
995
881
996
882
997
883
998
884
999
885
1000
886
1001
887
1002
888
1003
889
1004
890
1005
891
1006
892
1007
893
1008
894
1009
895
1010
896
1011
897
1012
898
1013
899
1014
900
1015
901
1016
902
1017
903
1018
904
1019
905
1020
906
1021
907
1022
908
1023
909
1024
910
1025
911
1026
912
1027
913
1028
914
1029
915
1030
916
1031
917
1032
918
1033
919
1034
920
1035
921
1036
922
1037
923
1038
924
1039
925
1040
926
1041
927
1042
1043
929
1044
930
1045
931
1046
932
1047
933
1048
934
1049
935
1050
936
1051
937
1052
938
1053
939
1054
940
1055
941
1056
942
1057
943
1058
944
1059
945
1060
946
1061
947
1062
948
1063
949
1064
950
1065
951
1066
952
1067
953
1068
954
1069
955
1070
956
1071
957
1072
958
1073
959
1074
960
1075
961
1076
962
1077
963
1078
964
1079
965
1080
966
1081
967
1082
968
1083
969
1084
970
1085
971
1086
972
1087
973
1088
974
1089
975
1090
976
1091
977
1092
978
1093
979
1094
980
1095
981
1096
982
1097
983
1098
984
1099
985
1100
986
1101
987
1102
988
1103
989
1104
990
1105
991
1106
992
1107
993
1108
994
1109
995
1110
996
1111
997
1112
998
1113
999
1114
1000
1115
1001
1116
1002
1117
1003
1118
1004
1119
1005
1120
1006
1121
1007
1122
1008
1123
1009
1124
1010
1125
1011
1126
1012
1127
1013
1128
1014
1129
1015
1130
1016
1131
1017
1132
1018
1133
1019
1134
1020
1135
1021
1136
1022
1137
1023
1138
1024
1139
1025
1140
1026
1141
1027
1142
1028
1143
1029
1144
1030
1145
1031
1146
1032
1147
1033
1148
1034
1149
1035
1150
1036
1151
1037
1152
1038
1153
1039
1154
1040
1155
1041
1156
1042
1157
1043
1158
1159
1045
1160
1046
1161
1047
1162
1048
1163
1049
1164
1050
1165
1051
1166
1052
1167
1053
1168
1054
1169
1055
1170
1056
1171
1057
1172
1058
1173
1059
1174
1060
1175
1061
1176
1062
1177
1063
1178
1064
1179
1065
1180
1066
1181
1067
1182
1068
1183
1069
1184
1070
1185
1071
1186
1072
1187
1073
1188
1074
1189
1075
1190
1076
1191
1077
1192
1078
1193
1079
1194
1080
1195
1081
1196
1082
1197
1083
1198
1084
1199
1085
1200
1086
1201
1087
1202
1088
1203
1089
1204
1090
1205
1091
1206
1092
1207
1093
1208
1094
1209
1095
1210
1096
1211
1097
1212
1098
1213
1099
1214
1100
1215
1101
1216
1102
1217
1103
1218
1104
1219
1105
1220
1106
1221
1107
1222
1108
1223
1109
1224
1110
1225
1111
1226
1112
1227
1113
1228
1114
1229
1115
1230
1116
1231
1117
1232
1118
1233
1119
1234
1120
1235
1121
1236
1122
1237
1123
1238
1124
1239
1125
1240
1126
1241
1127
1242
1128
1243
1129
1244
1130
1245
1131
1246
1132
1247
1133
1248
1134
1249
1135
1250
1136
1251
1137
1252
1138
1253
1139
1254
1140
1255
1141
1256
1142
1257
1143
1258
1144
1259
1145
1260
1146
1261
1147
1262
1148
1263
1149
1264
1150
1265
1151
1266
1152
1267
1153
1268
1154
1269
1155
1270
1156
1271
1157
1272
1158
1273
1159
1274
1275
1161
1276
1162
1277
1163
1278
1164
1279
1165
1280
1166
1281
1167
1282
1168
1283
1169
1284
1170
1285
1171
1286
1172
1287
1173
1288
1174
1289
1175
1290
1176
1291
1177
1292
1178
1293
1179
1294
1180
1295
1181
1296
1182
1297
1183
1298
1184
1299
1185
1300
1186
1301
1187
1302
1188
1303
1189
1304
1190
1305
1191
1306
1192
1307
1193
1308
1194
1309
1195
1310
1196
1311
1197
1312
1198
1313
1199
1314
1200
1315
1201
1316
1202
1317
1203
1318
1204
1319
1205
1320
1206
1321
1207
1322
1208
1323
1209
1324
1210
1325
1211
1326
1212
1327
1213
1328
1214
1329
1215
1330
1216
1331
1217
1332
1218
1333
1219
1334
1220
1335
1221
1336
1222
1337
1223
1338
1224
1339
1225
1340
1226
1341
1227
1342
1228
1343
1229
1344
1230
1345
1231
1346
1232
1347
1233
1348
1234
1349
1235
1350
1236
1351
1237
1352
1238
1353
1239
1354
1240
1355
1241
1356
1242
1357
1243
1358
1244
1359
1245
1360
1246
1361
1247
1362
1248
1363
1249
1364
1250
1365
1251
1366
1252
1367
1253
1368
1254
1369
1255
1370
1256
1371
1257
1372
1258
1373
1259
1374
1260
1375
1261
1376
1262
1377
1263
1378
1264
1379
1265
1380
1266
1381
1267
1382
1268
1383
1269
1384
1270
1385
1271
1386
1272
1387
1273
1388
1274
1389
1275
1390
1391
1277
1392
1278
1393
1279
1394
1280
1395
1281
1396
1282
1397
1283
1398
1284
1399
1285
1400
1286
1401
1287
1402
1288
1403
1289
1404
1290
1405
1291
1406
1292
1407
1293
1408
1294
1409
1295
1410
1296
1411
1297
1412
1298
1413
1299
1414
1300
1415
1301
1416
1302
1417
1303
1418
1304
1419
1305
1420
1306
1421
1307
1422
1308
1423
1309
1424
1310
1425
1311
1426
1312
1427
1313
1428
1314
1429
1315
1430
1316
1431
1317
1432
1318
1433
1319
1434
1320
1435
1321
1436
1322
1437
1323
1438
1324
1439
1325
1440
1326
1441
1327
1442
1328
1443
1329
1444
1330
1445
1331
1446
1332
1447
1333
1448
1334
1449
1335
1450
1336
1451
1337
1452
1338
1453
1339
1454
1340
1455
1341
1456
1342
1457
1343
1458
1344
1459
1345
1460
1346
1461
1347
1462
1348
1463
1349
1464
1350
1465
1351
1466
1352
1467
1353
1468
1354
1469
1355
1470
1356
1471
1357
1472
1358
1473
1359
1474
1360
1475
1361
1476
1362
1477
1363
1478
1364
1479
1365
1480
1366
1481
1367
1482
1368
1483
1369
1484
1370
1485
1371
1486
1372
1487
1373
1488
1374
1489
1375
1490
1376
1491
1377
1492
1378
1493
1379
1494
1380
1495
1381
1496
1382
1497
1383
1498
1384
1499
1385
1500
1386
1501
1387
1502
1388
1503
1389
1504
1390
1505
1391
1506
1507
1393
1508
1394
1509
1395
1510
1396
1511
1397
1512
1398
1513
1399
1514
1400
1515
1401
1516
1402
1517
1403
1518
1404
1519
1405
1520
1406
1521
1407
1522
1408
1523
1409
1524
1410
1525
1411
1526
1412
1527
1413
1528
1414
1529
1415
1530
1416
1531
1417
1532
1418
1533
1419
1534
1420
1535
1421
1536
1422
1537
1423
1538
1424
1539
1425
1540
1426
1541
1427
1542
1428
1543
1429
1544
1430
1545
1431
1546
1432
1547
1433
1548
1434
1549
1435
1550
1436
1551
1437
1552
1438
1553
1439
1554
1440
1555
1441
1556
1442
1557
1443
1558
1444
1559
1445
1560
1446
1561
1447
1562
1448
1563
1449
1564
1450
1565
1451
1566
1452
1567
1453
1568
1454
1569
1455
1570
1456
1571
1457
1572
1458
1573
1459
1574
1460
1575
1461
1576
1462
1577
1463
1578
1464
1579
1465
1580
1466
1581
1467
1582
1468
1583
1469
1584
1470
1585
1471
1586
1472
1587
1473
1588
1474
1589
1475
1590
1476
1591
1477
1592
1478
1593
1479
1594
1480
1595
1481
1596
1482
1597
1483
1598
1484
1599
1485
1600
1486
1601
1487
1602
1488
1603
1489
1604
1490
1605
1491
1606
1492
1607
1493
1608
1494
1609
1495
1610
1496
1611
1497
1612
1498
1613
1499
1614
1500
1615
1501
1616
1502
1617
1503
1618
1504
1619
1505
1620
1506
1621
1507
1622
1623
1509
1624
1510
1625
1511
1626
1512
1627
1513
1628
1514
1629
1515
1630
1516
1631
1517
1632
1518
1633
1519
1634
1520
1635
1521
1636
1522
1637
1523
1638
1524
1639
1525
1640
1526
1641
1527
1642
1528
1643
1529
1644
1530
1645
1531
1646
1532
1647
1533
1648
1534
1649
1535
1650
1536
1651
1537
1652
1538
1653
1539
1654
1540
1655
1541
1656
1542
1657
1543
1658
1544
1659
1545
1660
1546
1661
1547
1662
1548
1663
1549
1664
1550
1665
1551
1666
1552
1667
1553
1668
1554
1669
1555
1670
1556
1671
1557
1672
1558
1673
1559
1674
1560
1675
1561
1676
1562
1677
1563
1678
1564
1679
1565
1680
1566
1681
1567
1682
1568
1683
1569
1684
1570
1685
1571
1686
1572
1687
1573
1688
1574
1689
1575
1690
1576
1691
1577
1692
1578
1693
1579
1694
1580
1695
1581
1696
1582
1697
1583
1698
1584
1699
1585
1700
1586
1701
1587
1702
1588
1703
1589
1704
1590
1705
1591
1706
1592
1707
1593
1708
1594
1709
1595
1710
1596
1711
1597
1712
1598
1713
1599
1714
1600
1715
1601
1716
1602
1717
1603
1718
1604
1719
1605
1720
1606
1721
1607
1722
1608
1723
1609
1724
1610
1725
1611
1726
1612
1727
1613
1728
1614
1729
1615
1730
1616
1731
1617
1732
1618
1733
1619
1734
1620
1735
1621
1736
1622
1737
1623
1738
1739
1625
1740
1626
1741
1627
1742
1628
1743
1629
1744
1630
1745
1631
1746
1632
1747
1633
1748
1634
1749
1635
1750
1636
1751
1637
1752
1638
1753
1639
1754
1640
1755
1641
1756
1642
1757
1643
1758
1644
1759
1645
1760
1646
1761
1647
1762
1648
1763
1649
1764
1650
1765
1651
1766
1652
1767
1653
1768
1654
1769
1655
1770
1656
1771
1657
1772
1658
1773
1659
1774
1660
1775
1661
1776
1662
1777
1663
1778
1664
1779
1665
1780
1666
1781
1667
1782
1668
1783
1669
1784
1670
1785
1671
1786
1672
1787
1673
1788
1674
1789
1675
1790
1676
1791
1677
1792
1678
1793
1679
1794
1680
1795
1681
1796
1682
1797
1683
1798
1684
1799
1685
1800
1686
1801
1687
1802
1688
1803
1689
1804
1690
1805
1691
1806
1692
1807
1693
1808
1694
1809
1695
1810
1696
1811
1697
1812
1698
1813
1699
1814
1700
1815
1701
1816
1702
1817
1703
1818
1704
1819
1705
1820
1706
1821
1707
1822
1708
1823
1709
1824
1710
1825
1711
1826
1712
1827
1713
1828
1714
1829
1715
1830
1716
1831
1717
1832
1718
1833
1719
1834
1720
1835
1721
1836
1722
1837
1723
1838
1724
1839
1725
1840
1726
1841
1727
1842
1728
1843
1729
1844
1730
1845
1731
1846
1732
1847
1733
1848
1734
1849
1735
1850
1736
1851
1737
1852
1738
1853
1739
1854
1855
1741
1856
1742
1857
1743
1858
1744
1859
1745
1860
1746
1861
1747
1862
1748
1863
1749
1864
1750
1865
1751
1866
1752
1867
1753
1868
1754
1869
1755
1870
1756
1871
1757
1872
1758
1873
1759
1874
1760
1875
1761
1876
1762
1877
1763
1878
1764
1879
1765
1880
1766
1881
1767
1882
1768
1883
1769
1884
1770
1885
1771
1886
1772
1887
1773
1888
1774
1889
1775
1890
1776
1891
1777
1892
1778
1893
1779
1894
1780
1895
1781
1896
1782
1897
1783
1898
1784
1899
1785
1900
1786
1901
1787
1902
1788
1903
1789
1904
1790
1905
1791
1906
1792
1907
1793
1908
1794
1909
1795
1910
1796
1911
1797
1912
1798
1913
1799
1914
1800
1915
1801
1916
1802
1917
1803
1918
1804
1919
1805
1920
1806
1921
1807
1922
1808
1923
1809
1924
1810
1925
1811
1926
1812
1927
1813
1928
1814
1929
1815
1930
1816
1931
1817
1932
1818
1933
1819
1934
1820
1935
1821
1936
1822
1937
1823
1938
1824
1939
1825
1940
1826
1941
1827
1942
1828
1943
1829
1944
1830
1945
1831
1946
1832
1947
1833
1948
1834
1949
1835
1950
1836
1951
1837
1952
1838
1953
1839
1954
1840
1955
1841
1956
1842
1957
1843
1958
1844
1959
1845
1960
1846
1961
1847
1962
1848
1963
1849
1964
1850
1965
1851
1966
1852
1967
1853
1968
1854
1969
1855
1970
1971
1857
1972
1858
1973
1859
1974
1860
1975
1861
1976
1862
1977
1863
1978
1864
1979
1865
1980
1866
1981
1867
1982
1868
1983
1869
1984
1870
1985
1871
1986
1872
1987
1873
1988
1874
1989
1875
1990
1876
1991
1877
1992
1878
1993
1879
1994
1880
1995
1881
1996
1882
1997
1883
1998
1884
1999
1885
2000
1886
2001
1887
2002
1888
2003
1889
2004
1890
2005
1891
2006
1892
2007
1893
2008
1894
2009
1895
2010
1896
2011
1897
2012
1898
2013
1899
2014
1900
2015
1901
2016
1902
2017
1903
2018
1904
2019
1905
2020
1906
2021
1907
2022
1908
2023
1909
2024
1910
2025
1911
2026
1912
2027
1913
2028
1914
2029
1915
2030
1916
2031
1917
2032
1918
2033
1919
2034
1920
2035
1921
2036
1922
2037
1923
2038
1924
2039
1925
2040
1926
2041
1927
2042
1928
2043
1929
2044
1930
2045
1931
2046
1932
2047
1933
2048
1934
2049
1935
2050
1936
2051
1937
2052
1938
2053
1939
2054
1940
2055
1941
2056
1942
2057
1943
2058
1944
2059
1945
2060
1946
2061
1947
2062
1948
2063
1949
2064
1950
2065
1951
2066
1952
2067
1953
2068
1954
2069
1955
2070
1956
2071
1957
2072
1958
2073
1959
2074
1960
2075
1961
2076
1962
2077
1963
2078
1964
2079
1965
2080
1966
2081
1967
2082
1968
2083
1969
2084
1970
2085
1971
2086
2087
1973
2088
1974
2089
1975
2090
1976
2091
1977
2092
1978
2093
1979
2094
1980
2095
1981
2096
1982
2097
1983
2098
1984
2099
1985
2100
1986
2101
1987
2102
1988
2103
1989
2104
1990
2105
1991
2106
1992
2107
1993
2108
1994
2109
1995
2110
1996
2111
1997
2112
1998
2113
1999
2114
2000
2115
2001
2116
2002
2117
2003
2118
2004
2119
2005
2120
2006
2121
2007
2122
2008
2123
2009
2124
2010
2125
2011
2126
2012
2127
2013
2128
2014
2129
2015
2130
2016
2131
2017
2132
2018
2133
2019
2134
2020
2135
2021
2136
2022
2137
2023
2138
2024
2139
2025
2140
2026
2141
2027
2142
2028
2143
2029
2144
2030
2145
2031
2146
2032
2147
2033
2148
2034
2149
2035
2150
2036
2151
2037
2152
2038
2153
2039
2154
2040
2155
2041
2156
2042
2157
2043
2158
2044
2159
2045
2160
2046
2161
2047
2162
2048
2163
2049
2164
2050
2165
2051
2166
2052
2167
2053
2168
2054
2169
2055
2170
2056
2171
2057
2172
2058
2173
2059
2174
2060
2175
2061
2176
2062
2177
2063
2178
2064
2179
2065
2180
2066
2181
2067
2182
2068
2183
2069
2184
2070
2185
2071
2186
2072
2187
2073
2188
2074
2189
2075
2190
2076
2191
2077
2192
2078
2193
2079
2194
2080
2195
2081
2196
2082
2197
2083
2198
2084
2199
2085
2200
2086
2201
2087
2202
2203
2089
2204
2090
2205
2091
2206
2092
2207
2093
2208
2094
2209
2095
2210
2096
2211
2097
2212
2098
2213
2099
2214
2100
2215
2101
2216
2102
2217
2103
2218
2104
2219
2105
2220
2106
2221
2107
2222
2108
2223
2109
2224
2110
2225
2111
2226
2112
2227
2113
2228
2114
2229
2115
2230
2116
2231
2117
2232
2118
2233
2119
2234
2120
2235
2121
2236
2122
2237
2123
2238
2124
2239
2125
2240
2126
2241
2127
2242
2128
2243
2129
2244
2130
2245
2131
2246
2132
2247
2133
2248
2134
2249
2135
2250
2136
2251
2137
2252
2138
2253
2139
2254
2140
2255
2141
2256
2142
2257
2143
2258
2144
2259
2145
2260
2146
2261
2147
2262
2148
2263
2149
2264
2150
2265
2151
2266
2152
2267
2153
2268
2154
2269
2155
2270
2156
2271
2157
2272
2158
2273
2159
2274
2160
2275
2161
2276
2162
2277
2163
2278
2164
2279
2165
2280
2166
2281
2167
2282
2168
2283
2169
2284
2170
2285
2171
2286
2172
2287
2173
2288
2174
2289
2175
2290
2176
2291
2177
2292
2178
2293
2179
2294
2180
2295
2181
2296
2182
2297
2183
2298
2184
2299
2185
2300
2186
2301
2187
2302
2188
2303
2189
2304
2190
2305
2191
2306
2192
2307
2193
2308
2194
2309
2195
2310
2196
2311
2197
2312
2198
2313
2199
2314
2200
2315
2201
2316
2202
2317
2203
2318
2319
2205
2320
2206
2321
2207
2322
2208
2323
2209
2324
2210
2325
2211
2326
2212
2327
2213
2328
2214
2329
2215
2330
2216
2331
2217
2332
2218
2333
2219
2334
2220
2335
2221
2336
2222
2337
2223
2338
2224
2339
2225
2340
2226
2341
2227
2342
2228
2343
2229
2344
2230
2345
2231
2346
2232
2347
2233
2348
2234
2349
2235
2350
2236
2351
2237
2352
2238
2353
2239
2354
2240
2355
2241
2356
2242
2357
2243
2358
2244
2359
2245
2360
2246
2361
2247
2362
2248
2363
2249
2364
2250
2365
2251
2366
2252
2367
2253
2368
2254
2369
2255
2370
2256
2371
2257
2372
2258
2373
2259
2374
2260
2375
2261
2376
2262
2377
2263
2378
2264
2379
2265
2380
2266
2381
2267
2382
2268
2383
2269
2384
2270
2385
2271
2386
2272
2387
2273
2388
2274
2389
2275
2390
2276
2391
2277
2392
2278
2393
2279
2394
2280
2395
2281
2396
2282
2397
2283
2398
2284
2399
2285
2400
2286
2401
2287
2402
2288
2403
2289
2404
2290
2405
2291
2406
2292
2407
2293
2408
2294
2409
2295
2410
2296
2411
2297
2412
2298
2413
2299
2414
2300
2415
2301
2416
2302
2417
2303
2418
2304
2419
2305
2420
2306
2421
2307
2422
2308
2423
2309
2424
2310
2425
2311
2426
2312
2427
2313
2428
2314
2429
2315
2430
2316
2431
2317
2432
2318
2433
2319
2434
2435
2321
2436
2322
2437
2323
2438
2324
2439
2325
2440
2326
2441
2327
2442
2328
2443
2329
2444
2330
2445
2331
2446
2332
2447
2333
2448
2334
2449
2335
2450
2336
2451
2337
2452
2338
2453
2339
2454
2340
2455
2341
2456
2342
2457
2343
2458
2344
2459
2345
2460
2346
2461
2347
2462
2348
2463
2349
2464
2350
2465
2351
2466
2352
2467
2353
2468
2354
2469
2355
2470
2356
2471
2357
2472
2358
2473
2359
2474
2360
2475
2361
2476
2362
2477
2363
2478
2364
2479
2365
2480
2366
2481
2367
2482
2368
2483
2369
2484
2370
2485
2371
2486
2372
2487
2373
2488
2374
2489
2375
2490
2376
2491
2377
2492
2378
2493
2379
2494
2380
2495
2381
2496
2382
2497
2383
2498
2384
2499
2385
2500
2386
2501
2387
2502
2388
2503
2389
2504
2390
2505
2391
2506
2392
2507
2393
2508
2394
2509
2395
2510
2396
2511
2397
2512
2398
2513
2399
2514
2400
2515
2401
2516
2402
2517
2403
2518
2404
2519
2405
2520
2406
2521
2407
2522
2408
2523
2409
2524
2410
2525
2411
2526
2412
2527
2413
2528
2414
2529
2415
2530
2416
2531
2417
2532
2418
2533
2419
2534
2420
2535
2421
2536
2422
2537
2423
2538
2424
2539
2425
2540
2426
2541
2427
2542
2428
2543
2429
2544
2430
2545
2431
2546
2432
2547
2433
2548
2434
2549
2435
2550
2551
2437
2552
2438
2553
2439
2554
2440
2555
2441
2556
2442
2557
2443
2558
2444
2559
2445
2560
2446
2561
2447
2562
2448
2563
2449
2564
2450
2565
2451
2566
2452
2567
2453
2568
2454
2569
2455
2570
2456
2571
2457
2572
2458
2573
2459
2574
2460
2575
2461
2576
2462
2577
2463
2578
2464
2579
2465
2580
2466
2581
2467
2582
2468
2583
2469
2584
2470
2585
2471
2586
2472
2587
2473
2588
2474
2589
2475
2590
2476
2591
2477
2592
2478
2593
2479
2594
2480
2595
2481
2596
2482
2597
2483
2598
2484
2599
2485
2600
2486
2601
2487
2602
2488
2603
2489
2604
2490
2605
2491
2606
2492
2607
2493
2608
2494
2609
2495
2610
2496
2611
2497
2612
2498
2613
2499
2614
2500
2615
2501
2616
2502
2617
2503
2618
2504
2619
2505
2620
2506
2621
2507
2622
2508
2623
2509
2624
2510
2625
2511
2626
2512
2627
2513
2628
2514
2629
2515
2630
2516
2631
2517
2632
2518
2633
2519
2634
2520
2635
2521
2636
2522
2637
2523
2638
2524
2639
2525
2640
2526
2641
2527
2642
2528
2643
2529
2644
2530
2645
2531
2646
2532
2647
2533
2648
2534
2649
2535
2650
2536
2651
2537
2652
2538
2653
2539
2654
2540
2655
2541
2656
2542
2657
2543
2658
2544
2659
2545
2660
2546
2661
2547
2662
2548
2663
2549
2664
2550
2665
2551
2666
2667
2553
2668
2554
2669
2555
2670
2556
2671
2557
2672
2558
2673
2559
2674
2560
2675
2561
2676
2562
2677
2563
2678
2564
2679
2565
2680
2566
2681
2567
2682
2568
2683
2569
2684
2570
2685
2571
2686
2572
2687
2573
2688
2574
2689
2575
2690
2576
2691
2577
2692
2578
2693
2579
2694
2580
2695
2581
2696
2582
2697
2583
2698
2584
2699
2585
2700
2586
2701
2587
2702
2588
2703
2589
2704
2590
2705
2591
2706
2592
2707
2593
2708
2594
2709
2595
2710
2596
2711
2597
2712
2598
2713
2599
2714
2600
2715
2601
2716
2602
2717
2603
2718
2604
2719
2605
2720
2606
2721
2607
2722
2608
2723
2609
2724
2610
2725
2611
2726
2612
2727
2613
2728
2614
2729
2615
2730
2616
2731
2617
2732
2618
2733
2619
2734
2620
2735
2621
2736
2622
2737
2623
2738
2624
2739
2625
2740
2626
2741
2627
2742
2628
2743
2629
2744
2630
2745
2631
2746
2632
2747
2633
2748
2634
2749
2635
2750
2636
2751
2637
2752
2638
2753
2639
2754
2640
2755
2641
2756
2642
2757
2643
2758
2644
2759
2645
2760
2646
2761
2647
2762
2648
2763
2649
2764
2650
2765
2651
2766
2652
2767
2653
2768
2654
2769
2655
2770
2656
2771
2657
2772
2658
2773
2659
2774
2660
2775
2661
2776
2662
2777
2663
2778
2664
2779
2665
2780
2666
2781
2667
2782
2783
2669
2784
2670
2785
2671
2786
2672
2787
2673
2788
2674
2789
2675
2790
2676
2791
2677
2792
2678
2793
2679
2794
2680
2795
2681
2796
2682
2797
2683
2798
2684
2799
2685
2800
2686
2801
2687
2802
2688
2803
2689
2804
2690
2805
2691
2806
2692
2807
2693
2808
2694
2809
2695
2810
2696
2811
2697
2812
2698
2813
2699
2814
2700
2815
2701
2816
2702
2817
2703
2818
2704
2819
2705
2820
2706
2821
2707
2822
2708
2823
2709
2824
2710
2825
2711
2826
2712
2827
2713
2828
2714
2829
2715
2830
2716
2831
2717
2832
2718
2833
2719
2834
2720
2835
2721
2836
2722
2837
2723
2838
2724
2839
2725
2840
2726
2841
2727
2842
2728
2843
2729
2844
2730
2845
2731
2846
2732
2847
2733
2848
2734
2849
2735
2850
2736
2851
2737
2852
2738
2853
2739
2854
2740
2855
2741
2856
2742
2857
2743
2858
2744
2859
2745
2860
2746
2861
2747
2862
2748
2863
2749
2864
2750
2865
2751
2866
2752
2867
2753
2868
2754
2869
2755
2870
2756
2871
2757
2872
2758
2873
2759
2874
2760
2875
2761
2876
2762
2877
2763
2878
2764
2879
2765
2880
2766
2881
2767
2882
2768
2883
2769
2884
2770
2885
2771
2886
2772
2887
2773
2888
2774
2889
2775
2890
2776
2891
2777
2892
2778
2893
2779
2894
2780
2895
2781
2896
2782
2897
2783
2898
2899
2785
2900
2786
2901
2787
2902
2788
2903
2789
2904
2790
2905
2791
2906
2792
2907
2793
2908
2794
2909
2795
2910
2796
2911
2797
2912
2798
2913
2799
2914
2800
2915
2801
2916
2802
2917
2803
2918
2804
2919
2805
2920
2806
2921
2807
2922
2808
2923
2809
2924
2810
2925
2811
2926
2812
2927
2813
2928
2814
2929
2815
2930
2816
2931
2817
2932
2818
2933
2819
2934
2820
2935
2821
2936
2822
2937
2823
2938
2824
2939
2825
2940
2826
2941
2827
2942
2828
2943
2829
2944
2830
2945
2831
2946
2832
2947
2833
2948
2834
2949
2835
2950
2836
2951
2837
2952
2838
2953
2839
2954
2840
2955
2841
2956
2842
2957
2843
2958
2844
2959
2845
2960
2846
2961
2847
2962
2848
2963
2849
2964
2850
2965
2851
2966
2852
2967
2853
2968
2854
2969
2855
2970
2856
2971
2857
2972
2858
2973
2859
2974
2860
2975
2861
2976
2862
2977
2863
2978
2864
2979
2865
2980
2866
2981
2867
2982
2868
2983
2869
2984
2870
2985
2871
2986
2872
2987
2873
2988
2874
2989
2875
2990
2876
2991
2877
2992
2878
2993
2879
2994
2880
2995
2881
2996
2882
2997
2883
2998
2884
2999
2885
3000
2886
3001
2887
3002
2888
3003
2889
3004
2890
3005
2891
3006
2892
3007
2893
3008
2894
3009
2895
3010
2896
3011
2897
3012
2898
3013
2899
3014
3015
2901
3016
2902
3017
2903
3018
2904
3019
2905
3020
2906
3021
2907
3022
2908
3023
2909
3024
2910
3025
2911
3026
2912
3027
2913
3028
2914
3029
2915
3030
2916
3031
2917
3032
2918
3033
2919
3034
2920
3035
2921
3036
2922
3037
2923
3038
2924
3039
2925
3040
2926
3041
2927
3042
2928
3043
2929
3044
2930
3045
2931
3046
2932
3047
2933
3048
2934
3049
2935
3050
2936
3051
2937
3052
2938
3053
2939
3054
2940
3055
2941
3056
2942
3057
2943
3058
2944
3059
2945
3060
2946
3061
2947
3062
2948
3063
2949
3064
2950
3065
2951
3066
2952
3067
2953
3068
2954
3069
2955
3070
2956
3071
2957
3072
2958
3073
2959
3074
2960
3075
2961
3076
2962
3077
2963
3078
2964
3079
2965
3080
2966
3081
2967
3082
2968
3083
2969
3084
2970
3085
2971
3086
2972
3087
2973
3088
2974
3089
2975
3090
2976
3091
2977
3092
2978
3093
2979
3094
2980
3095
2981
3096
2982
3097
2983
3098
2984
3099
2985
3100
2986
3101
2987
3102
2988
3103
2989
3104
2990
3105
2991
3106
2992
3107
2993
3108
2994
3109
2995
3110
2996
3111
2997
3112
2998
3113
2999
3114
3000
3115
3001
3116
3002
3117
3003
3118
3004
3119
3005
3120
3006
3121
3007
3122
3008
3123
3009
3124
3010
3125
3011
3126
3012
3127
3013
3128
3014
3129
3015
3130
3131
3017
3132
3018
3133
3019
3134
3020
3135
3021
3136
3022
3137
3023
3138
3024
3139
3025
3140
3026
3141
3027
3142
3028
3143
3029
3144
3030
3145
3031
3146
3032
3147
3033
3148
3034
3149
3035
3150
3036
3151
3037
3152
3038
3153
3039
3154
3040
3155
3041
3156
3042
3157
3043
3158
3044
3159
3045
3160
3046
3161
3047
3162
3048
3163
3049
3164
3050
3165
3051
3166
3052
3167
3053
3168
3054
3169
3055
3170
3056
3171
3057
3172
3058
3173
3059
3174
3060
3175
3061
3176
3062
3177
3063
3178
3064
3179
3065
3180
3066
3181
3067
3182
3068
3183
3069
3184
3070
3185
3071
3186
3072
3187
3073
3188
3074
3189
3075
3190
3076
3191
3077
3192
3078
3193
3079
3194
3080
3195
3081
3196
3082
3197
3083
3198
3084
3199
3085
3200
3086
3201
3087
3202
3088
3203
3089
3204
3090
3205
3091
3206
3092
3207
3093
3208
3094
3209
3095
3210
3096
3211
3097
3212
3098
3213
3099
3214
3100
3215
3101
3216
3102
3217
3103
3218
3104
3219
3105
3220
3106
3221
3107
3222
3108
3223
3109
3224
3110
3225
3111
3226
3112
3227
3113
3228
3114
3229
3115
3230
3116
3231
3117
3232
3118
3233
3119
3234
3120
3235
3121
3236
3122
3237
3123
3238
3124
3239
3125
3240
3126
3241
3127
3242
3128
3243
3129
3244
3130
3245
3131
3246
3247
3133
3248
3134
3249
3135
3250
3136
3251
3137
3252
3138
3253
3139
3254
3140
3255
3141
3256
3142
3257
3143
3258
3144
3259
3145
3260
3146
3261
3147
3262
3148
3263
3149
3264
3150
3265
3151
3266
3152
3267
3153
3268
3154
3269
3155
3270
3156
3271
3157
3272
3158
3273
3159
3274
3160
3275
3161
3276
3162
3277
3163
3278
3164
3279
3165
3280
3166
3281
3167
3282
3168
3283
3169
3284
3170
3285
3171
3286
3172
3287
3173
3288
3174
3289
3175
3290
3176
3291
3177
3292
3178
3293
3179
3294
3180
3295
3181
3296
3182
3297
3183
3298
3184
3299
3185
3300
3186
3301
3187
3302
3188
3303
3189
3304
3190
3305
3191
3306
3192
3307
3193
3308
3194
3309
3195
3310
3196
3311
3197
3312
3198
3313
3199
3314
3200
3315
3201
3316
3202
3317
3203
3318
3204
3319
3205
3320
3206
3321
3207
3322
3208
3323
3209
3324
3210
3325
3211
3326
3212
3327
3213
3328
3214
3329
3215
3330
3216
3331
3217
3332
3218
3333
3219
3334
3220
3335
3221
3336
3222
3337
3223
3338
3224
3339
3225
3340
3226
3341
3227
3342
3228
3343
3229
3344
3230
3345
3231
3346
3232
3347
3233
3348
3234
3349
3235
3350
3236
3351
3237
3352
3238
3353
3239
3354
3240
3355
3241
3356
3242
3357
3243
3358
3244
3359
3245
3360
3246
3361
3247
3362
3363
3249
3364
3250
3365
3251
3366
3252
3367
3253
3368
3254
3369
3255
3370
3256
3371
3257
3372
3258
3373
3259
3374
3260
3375
3261
3376
3262
3377
3263
3378
3264
3379
3265
3380
3266
3381
3267
3382
3268
3383
3269
3384
3270
3385
3271
3386
3272
3387
3273
3388
3274
3389
3275
3390
3276
3391
3277
3392
3278
3393
3279
3394
3280
3395
3281
3396
3282
3397
3283
3398
3284
3399
3285
3400
3286
3401
3287
3402
3288
3403
3289
3404
3290
3405
3291
3406
3292
3407
3293
3408
3294
3409
3295
3410
3296
3411
3297
3412
3298
3413
3299
3414
3300
3415
3301
3416
3302
3417
3303
3418
3304
3419
3305
3420
3306
3421
3307
3422
3308
3423
3309
3424
3310
3425
3311
3426
3312
3427
3313
3428
3314
3429
3315
3430
3316
3431
3317
3432
3318
3433
3319
3434
3320
3435
3321
3436
3322
3437
3323
3438
3324
3439
3325
3440
3326
3441
3327
3442
3328
3443
3329
3444
3330
3445
3331
3446
3332
3447
3333
3448
3334
3449
3335
3450
3336
3451
3337
3452
3338
3453
3339
3454
3340
3455
3341
3456
3342
3457
3343
3458
3344
3459
3345
3460
3346
3461
3347
3462
3348
3463
3349
3464
3350
3465
3351
3466
3352
3467
3353
3468
3354
3469
3355
3470
3356
3471
3357
3472
3358
3473
3359
3474
3360
3475
3361
3476
3362
3477
3363
3478
3479
3365
3480
3366
3481
3367
3482
3368
3483
3369
3484
3370
3485
3371
3486
3372
3487
3373
3488
3374
3489
3375
3490
3376
3491
3377
3492
3378
3493
3379
3494
3380
3495
3381
3496
3382
3497
3383
3498
3384
3499
3385
3500
3386
3501
3387
3502
3388
3503
3389
3504
3390
3505
3391
3506
3392
3507
3393
3508
3394
3509
3395
3510
3396
3511
3397
3512
3398
3513
3399
3514
3400
3515
3401
3516
3402
3517
3403
3518
3404
3519
3405
3520
3406
3521
3407
3522
3408
3523
3409
3524
3410
3525
3411
3526
3412
3527
3413
3528
3414
3529
3415
3530
3416
3531
3417
3532
3418
3533
3419
3534
3420
3535
3421
3536
3422
3537
3423
3538
3424
3539
3425
3540
3426
3541
3427
3542
3428
3543
3429
3544
3430
3545
3431
3546
3432
3547
3433
3548
3434
3549
3435
3550
3436
3551
3437
3552
3438
3553
3439
3554
3440
3555
3441
3556
3442
3557
3443
3558
3444
3559
3445
3560
3446
3561
3447
3562
3448
3563
3449
3564
3450
3565
3451
3566
3452
3567
3453
3568
3454
3569
3455
3570
3456
3571
3457
3572
3458
3573
3459
3574
3460
3575
3461
3576
3462
3577
3463
3578
3464
3579
3465
3580
3466
3581
3467
3582
3468
3583
3469
3584
3470
3585
3471
3586
3472
3587
3473
3588
3474
3589
3475
3590
3476
3591
3477
3592
3478
3593
3479
3594
3595
3481
3596
3482
3597
3483
3598
3484
3599
3485
3600
3486
3601
3487
3602
3488
3603
3489
3604
3490
3605
3491
3606
3492
3607
3493
3608
3494
3609
3495
3610
3496
3611
3497
3612
3498
3613
3499
3614
3500
3615
3501
3616
3502
3617
3503
3618
3504
3619
3505
3620
3506
3621
3507
3622
3508
3623
3509
3624
3510
3625
3511
3626
3512
3627
3513
3628
3514
3629
3515
3630
3516
3631
3517
3632
3518
3633
3519
3634
3520
3635
3521
3636
3522
3637
3523
3638
3524
3639
3525
3640
3526
3641
3527
3642
3528
3643
3529
3644
3530
3645
3531
3646
3532
3647
3533
3648
3534
3649
3535
3650
3536
3651
3537
3652
3538
3653
3539
3654
3540
3655
3541
3656
3542
3657
3543
3658
3544
3659
3545
3660
3546
3661
3547
3662
3548
3663
3549
3664
3550
3665
3551
3666
3552
3667
3553
3668
3554
3669
3555
3670
3556
3671
3557
3672
3558
3673
3559
3674
3560
3675
3561
3676
3562
3677
3563
3678
3564
3679
3565
3680
3566
3681
3567
3682
3568
3683
3569
3684
3570
3685
3571
3686
3572
3687
3573
3688
3574
3689
3575
3690
3576
3691
3577
3692
3578
3693
3579
3694
3580
3695
3581
3696
3582
3697
3583
3698
3584
3699
3585
3700
3586
3701
3587
3702
3588
3703
3589
3704
3590
3705
3591
3706
3592
3707
3593
3708
3594
3709
3595
3710
3711
3597
3712
3598
3713
3599
3714
3600
3715
3601
3716
3602
3717
3603
3718
3604
3719
3605
3720
3606
3721
3607
3722
3608
3723
3609
3724
3610
3725
3611
3726
3612
3727
3613
3728
3614
3729
3615
3730
3616
3731
3617
3732
3618
3733
3619
3734
3620
3735
3621
3736
3622
3737
3623
3738
3624
3739
3625
3740
3626
3741
3627
3742
3628
3743
3629
3744
3630
3745
3631
3746
3632
3747
3633
3748
3634
3749
3635
3750
3636
3751
3637
3752
3638
3753
3639
3754
3640
3755
3641
3756
3642
3757
3643
3758
3644
3759
3645
3760
3646
3761
3647
3762
3648
3763
3649
3764
3650
3765
3651
3766
3652
3767
3653
3768
3654
3769
3655
3770
3656
3771
3657
3772
3658
3773
3659
3774
3660
3775
3661
3776
3662
3777
3663
3778
3664
3779
3665
3780
3666
3781
3667
3782
3668
3783
3669
3784
3670
3785
3671
3786
3672
3787
3673
3788
3674
3789
3675
3790
3676
3791
3677
3792
3678
3793
3679
3794
3680
3795
3681
3796
3682
3797
3683
3798
3684
3799
3685
3800
3686
3801
3687
3802
3688
3803
3689
3804
3690
3805
3691
3806
3692
3807
3693
3808
3694
3809
3695
3810
3696
3811
3697
3812
3698
3813
3699
3814
3700
3815
3701
3816
3702
3817
3703
3818
3704
3819
3705
3820
3706
3821
3707
3822
3708
3823
3709
3824
3710
3825
3711
3826
3827
3713
3828
3714
3829
3715
3830
3716
3831
3717
3832
3718
3833
3719
3834
3720
3835
3721
3836
3722
3837
3723
3838
3724
3839
3725
3840
3726
3841
3727
3842
3728
3843
3729
3844
3730
3845
3731
3846
3732
3847
3733
3848
3734
3849
3735
3850
3736
3851
3737
3852
3738
3853
3739
3854
3740
3855
3741
3856
3742
3857
3743
3858
3744
3859
3745
3860
3746
3861
3747
3862
3748
3863
3749
3864
3750
3865
3751
3866
3752
3867
3753
3868
3754
3869
3755
3870
3756
3871
3757
3872
3758
3873
3759
3874
3760
3875
3761
3876
3762
3877
3763
3878
3764
3879
3765
3880
3766
3881
3767
3882
3768
3883
3769
3884
3770
3885
3771
3886
3772
3887
3773
3888
3774
3889
3775
3890
3776
3891
3777
3892
3778
3893
3779
3894
3780
3895
3781
3896
3782
3897
3783
3898
3784
3899
3785
3900
3786
3901
3787
3902
3788
3903
3789
3904
3790
3905
3791
3906
3792
3907
3793
3908
3794
3909
3795
3910
3796
3911
3797
3912
3798
3913
3799
3914
3800
3915
3801
3916
3802
3917
3803
3918
3804
3919
3805
3920
3806
3921
3807
3922
3808
3923
3809
3924
3810
3925
3811
3926
3812
3927
3813
3928
3814
3929
3815
3930
3816
3931
3817
3932
3818
3933
3819
3934
3820
3935
3821
3936
3822
3937
3823
3938
3824
3939
3825
3940
3826
3941
3827
3942
3943
3829
3944
3830
3945
3831
3946
3832
3947
3833
3948
3834
3949
3835
3950
3836
3951
3837
3952
3838
3953
3839
3954
3840
3955
3841
3956
3842
3957
3843
3958
3844
3959
3845
3960
3846
3961
3847
3962
3848
3963
3849
3964
3850
3965
3851
3966
3852
3967
3853
3968
3854
3969
3855
3970
3856
3971
3857
3972
3858
3973
3859
3974
3860
3975
3861
3976
3862
3977
3863
3978
3864
3979
3865
3980
3866
3981
3867
3982
3868
3983
3869
3984
3870
3985
3871
3986
3872
3987
3873
3988
3874
3989
3875
3990
3876
3991
3877
3992
3878
3993
3879
3994
3880
3995
3881
3996
3882
3997
3883
3998
3884
3999
3885
4000
3886
4001
3887
4002
3888
4003
3889
4004
3890
4005
3891
4006
3892
4007
3893
4008
3894
4009
3895
4010
3896
4011
3897
4012
3898
4013
3899
4014
3900
4015
3901
4016
3902
4017
3903
4018
3904
4019
3905
4020
3906
4021
3907
4022
3908
4023
3909
4024
3910
4025
3911
4026
3912
4027
3913
4028
3914
4029
3915
4030
3916
4031
3917
4032
3918
4033
3919
4034
3920
4035
3921
4036
3922
4037
3923
4038
3924
4039
3925
4040
3926
4041
3927
4042
3928
4043
3929
4044
3930
4045
3931
4046
3932
4047
3933
4048
3934
4049
3935
4050
3936
4051
3937
4052
3938
4053
3939
4054
3940
4055
3941
4056
3942
4057
3943
4058
4059
3945
4060
3946
4061
3947
4062
3948
4063
3949
4064
3950
4065
3951
4066
3952
4067
3953
4068
3954
4069
3955
4070
3956
4071
3957
4072
3958
4073
3959
4074
3960
4075
3961
4076
3962
4077
3963
4078
3964
4079
3965
4080
3966
4081
3967
4082
3968
4083
3969
4084
3970
4085
3971
4086
3972
4087
3973
4088
3974
4089
3975
4090
3976
4091
3977
4092
3978
4093
3979
4094
3980
4095
3981
4096
3982
4097
3983
4098
3984
4099
3985
4100
3986
4101
3987
4102
3988
4103
3989
4104
3990
4105
3991
4106
3992
4107
3993
4108
3994
4109
3995
4110
3996
4111
3997
4112
3998
4113
3999
4114
4000
4115
4001
4116
4002
4117
4003
4118
4004
4119
4005
4120
4006
4121
4007
4122
4008
4123
4009
4124
4010
4125
4011
4126
4012
4127
4013
4128
4014
4129
4015
4130
4016
4131
4017
4132
4018
4133
4019
4134
4020
4135
4021
4136
4022
4137
4023
4138
4024
4139
4025
4140
4026
4141
4027
4142
4028
4143
4029
4144
4030
4145
4031
4146
4032
4147
4033
4148
4034
4149
4035
4150
4036
4151
4037
4152
4038
4153
4039
4154
4040
4155
4041
4156
4042
4157
4043
4158
4044
4159
4045
4160
4046
4161
4047
4162
4048
4163
4049
4164
4050
4165
4051
4166
4052
4167
4053
4168
4054
4169
4055
4170
4056
4171
4057
4172
4058
4173
4059
4174
4175
4061
4176
4062
4177
4063
4178
4064
4179
4065
4180
4066
4181
4067
4182
4068
4183
4069
4184
4070
4185
4071
4186
4072
4187
4073
4188
4074
4189
4075
4190
4076
4191
4077
4192
4078
4193
4079
4194
4080
4195
4081
4196
4082
4197
4083
4198
4084
4199
4085
4200
4086
4201
4087
4202
4088
4203
4089
4204
4090
4205
4091
4206
4092
4207
4093
4208
4094
4209
4095
4210
4096
4211
4097
4212
4098
4213
4099
4214
4100
4215
4101
4216
4102
4217
4103
4218
4104
4219
4105
4220
4106
4221
4107
4222
4108
4223
4109
4224
4110
4225
4111
4226
4112
4227
4113
4228
4114
4229
4115
4230
4116
4231
4117
4232
4118
4233
4119
4234
4120
4235
4121
4236
4122
4237
4123
4238
4124
4239
4125
4240
4126
4241
4127
4242
4128
4243
4129
4244
4130
4245
4131
4246
4132
4247
4133
4248
4134
4249
4135
4250
4136
4251
4137
4252
4138
4253
4139
4254
4140
4255
4141
4256
4142
4257
4143
4258
4144
4259
4145
4260
4146
4261
4147
4262
4148
4263
4149
4264
4150
4265
4151
4266
4152
4267
4153
4268
4154
4269
4155
4270
4156
4271
4157
4272
4158
4273
4159
4274
4160
4275
4161
4276
4162
4277
4163
4278
4164
4279
4165
4280
4166
4281
4167
4282
4168
4283
4169
4284
4170
4285
4171
4286
4172
4287
4173
4288
4174
4289
4175
4290
4291
4177
4292
4178
4293
4179
4294
4180
4295
4181
4296
4182
4297
4183
4298
4184
4299
4185
4300
4186
4301
4187
4302
4188
4303
4189
4304
4190
4305
4191
4306
4192
4307
4193
4308
4194
4309
4195
4310
4196
4311
4197
4312
4198
4313
4199
4314
4200
4315
4201
4316
4202
4317
4203
4318
4204
4319
4205
4320
4206
4321
4207
4322
4208
4323
4209
4324
4210
4325
4211
4326
4212
4327
4213
4328
4214
4329
4215
4330
4216
4331
4217
4332
4218
4333
4219
4334
4220
4335
4221
4336
4222
4337
4223
4338
4224
4339
4225
4340
4226
4341
4227
4342
4228
4343
4229
4344
4230
4345
4231
4346
4232
4347
4233
4348
4234
4349
4235
4350
4236
4351
4237
4352
4238
4353
4239
4354
4240
4355
4241
4356
4242
4357
4243
4358
4244
4359
4245
4360
4246
4361
4247
4362
4248
4363
4249
4364
4250
4365
4251
4366
4252
4367
4253
4368
4254
4369
4255
4370
4256
4371
4257
4372
4258
4373
4259
4374
4260
4375
4261
4376
4262
4377
4263
4378
4264
4379
4265
4380
4266
4381
4267
4382
4268
4383
4269
4384
4270
4385
4271
4386
4272
4387
4273
4388
4274
4389
4275
4390
4276
4391
4277
4392
4278
4393
4279
4394
4280
4395
4281
4396
4282
4397
4283
4398
4284
4399
4285
4400
4286
4401
4287
4402
4288
4403
4289
4404
4290
4405
4291
4406
4407
4293
4408
4294
4409
4295
4410
4296
4411
4297
4412
4298
4413
4299
4414
4300
4415
4301
4416
4302
4417
4303
4418
4304
4419
4305
4420
4306
4421
4307
4422
4308
4423
4309
4424
4310
4425
4311
4426
4312
4427
4313
4428
4314
4429
4315
4430
4316
4431
4317
4432
4318
4433
4319
4434
4320
4435
4321
4436
4322
4437
4323
4438
4324
4439
4325
4440
4326
4441
4327
4442
4328
4443
4329
4444
4330
4445
4331
4446
4332
4447
4333
4448
4334
4449
4335
4450
4336
4451
4337
4452
4338
4453
4339
4454
4340
4455
4341
4456
4342
4457
4343
4458
4344
4459
4345
4460
4346
4461
4347
4462
4348
4463
4349
4464
4350
4465
4351
4466
4352
4467
4353
4468
4354
4469
4355
4470
4356
4471
4357
4472
4358
4473
4359
4474
4360
4475
4361
4476
4362
4477
4363
4478
4364
4479
4365
4480
4366
4481
4367
4482
4368
4483
4369
4484
4370
4485
4371
4486
4372
4487
4373
4488
4374
4489
4375
4490
4376
4491
4377
4492
4378
4493
4379
4494
4380
4495
4381
4496
4382
4497
4383
4498
4384
4499
4385
4500
4386
4501
4387
4502
4388
4503
4389
4504
4390
4505
4391
4506
4392
4507
4393
4508
4394
4509
4395
4510
4396
4511
4397
4512
4398
4513
4399
4514
4400
4515
4401
4516
4402
4517
4403
4518
4404
4519
4405
4520
4406
4521
4407
4522
4523
4409
4524
4410
4525
4411
4526
4412
4527
4413
4528
4414
4529
4415
4530
4416
4531
4417
4532
4418
4533
4419
4534
4420
4535
4421
4536
4422
4537
4423
4538
4424
4539
4425
4540
4426
4541
4427
4542
4428
4543
4429
4544
4430
4545
4431
4546
4432
4547
4433
4548
4434
4549
4435
4550
4436
4551
4437
4552
4438
4553
4439
4554
4440
4555
4441
4556
4442
4557
4443
4558
4444
4559
4445
4560
4446
4561
4447
4562
4448
4563
4449
4564
4450
4565
4451
4566
4452
4567
4453
4568
4454
4569
4455
4570
4456
4571
4457
4572
4458
4573
4459
4574
4460
4575
4461
4576
4462
4577
4463
4578
4464
4579
4465
4580
4466
4581
4467
4582
4468
4583
4469
4584
4470
4585
4471
4586
4472
4587
4473
4588
4474
4589
4475
4590
4476
4591
4477
4592
4478
4593
4479
4594
4480
4595
4481
4596
4482
4597
4483
4598
4484
4599
4485
4600
4486
4601
4487
4602
4488
4603
4489
4604
4490
4605
4491
4606
4492
4607
4493
4608
4494
4609
4495
4610
4496
4611
4497
4612
4498
4613
4499
4614
4500
4615
4501
4616
4502
4617
4503
4618
4504
4619
4505
4620
4506
4621
4507
4622
4508
4623
4509
4624
4510
4625
4511
4626
4512
4627
4513
4628
4514
4629
4515
4630
4516
4631
4517
4632
4518
4633
4519
4634
4520
4635
4521
4636
4522
4637
4523
4638
4639
4525
4640
4526
4641
4527
4642
4528
4643
4529
4644
4530
4645
4531
4646
4532
4647
4533
4648
4534
4649
4535
4650
4536
4651
4537
4652
4538
4653
4539
4654
4540
4655
4541
4656
4542
4657
4543
4658
4544
4659
4545
4660
4546
4661
4547
4662
4548
4663
4549
4664
4550
4665
4551
4666
4552
4667
4553
4668
4554
4669
4555
4670
4556
4671
4557
4672
4558
4673
4559
4674
4560
4675
4561
4676
4562
4677
4563
4678
4564
4679
4565
4680
4566
4681
4567
4682
4568
4683
4569
4684
4570
4685
4571
4686
4572
4687
4573
4688
4574
4689
4575
4690
4576
4691
4577
4692
4578
4693
4579
4694
4580
4695
4581
4696
4582
4697
4583
4698
4584
4699
4585
4700
4586
4701
4587
4702
4588
4703
4589
4704
4590
4705
4591
4706
4592
4707
4593
4708
4594
4709
4595
4710
4596
4711
4597
4712
4598
4713
4599
4714
4600
4715
4601
4716
4602
4717
4603
4718
4604
4719
4605
4720
4606
4721
4607
4722
4608
4723
4609
4724
4610
4725
4611
4726
4612
4727
4613
4728
4614
4729
4615
4730
4616
4731
4617
4732
4618
4733
4619
4734
4620
4735
4621
4736
4622
4737
4623
4738
4624
4739
4625
4740
4626
4741
4627
4742
4628
4743
4629
4744
4630
4745
4631
4746
4632
4747
4633
4748
4634
4749
4635
4750
4636
4751
4637
4752
4638
4753
4639
4754
4755
4641
4756
4642
4757
4643
4758
4644
4759
4645
4760
4646
4761
4647
4762
4648
4763
4649
4764
4650
4765
4651
4766
4652
4767
4653
4768
4654
4769
4655
4770
4656
4771
4657
4772
4658
4773
4659
4774
4660
4775
4661
4776
4662
4777
4663
4778
4664
4779
4665
4780
4666
4781
4667
4782
4668
4783
4669
4784
4670
4785
4671
4786
4672
4787
4673
4788
4674
4789
4675
4790
4676
4791
4677
4792
4678
4793
4679
4794
4680
4795
4681
4796
4682
4797
4683
4798
4684
4799
4685
4800
4686
4801
4687
4802
4688
4803
4689
4804
4690
4805
4691
4806
4692
4807
4693
4808
4694
4809
4695
4810
4696
4811
4697
4812
4698
4813
4699
4814
4700
4815
4701
4816
4702
4817
4703
4818
4704
4819
4705
4820
4706
4821
4707
4822
4708
4823
4709
4824
4710
4825
4711
4826
4712
4827
4713
4828
4714
4829
4715
4830
4716
4831
4717
4832
4718
4833
4719
4834
4720
4835
4721
4836
4722
4837
4723
4838
4724
4839
4725
4840
4726
4841
4727
4842
4728
4843
4729
4844
4730
4845
4731
4846
4732
4847
4733
4848
4734
4849
4735
4850
4736
4851
4737
4852
4738
4853
4739
4854
4740
4855
4741
4856
4742
4857
4743
4858
4744
4859
4745
4860
4746
4861
4747
4862
4748
4863
4749
4864
4750
4865
4751
4866
4752
4867
4753
4868
4754
4869
4755
4870
4871
4757
4872
4758
4873
4759
4874
4760
4875
4761
4876
4762
4877
4763
4878
4764
4879
4765
4880
4766
4881
4767
4882
4768
4883
4769
4884
4770
4885
4771
4886
4772
4887
4773
4888
4774
4889
4775
4890
4776
4891
4777
4892
4778
4893
4779
4894
4780
4895
4781
4896
4782
4897
4783
4898
4784
4899
4785
4900
4786
4901
4787
4902
4788
4903
4789
4904
4790
4905
4791
4906
4792
4907
4793
4908
4794
4909
4795
4910
4796
4911
4797
4912
4798
4913
4799
4914
4800
4915
4801
4916
4802
4917
4803
4918
4804
4919
4805
4920
4806
4921
4807
4922
4808
4923
4809
4924
4810
4925
4811
4926
4812
4927
4813
4928
4814
4929
4815
4930
4816
4931
4817
4932
4818
4933
4819
4934
4820
4935
4821
4936
4822
4937
4823
4938
4824
4939
4825
4940
4826
4941
4827
4942
4828
4943
4829
4944
4830
4945
4831
4946
4832
4947
4833
4948
4834
4949
4835
4950
4836
4951
4837
4952
4838
4953
4839
4954
4840
4955
4841
4956
4842
4957
4843
4958
4844
4959
4845
4960
4846
4961
4847
4962
4848
4963
4849
4964
4850
4965
4851
4966
4852
4967
4853
4968
4854
4969
4855
4970
4856
4971
4857
4972
4858
4973
4859
4974
4860
4975
4861
4976
4862
4977
4863
4978
4864
4979
4865
4980
4866
4981
4867
4982
4868
4983
4869
4984
4870
4985
4871
4986
4987
4873
4988
4874
4989
4875
4990
4876
4991
4877
4992
4878
4993
4879
4994
4880
4995
4881
4996
4882
4997
4883
4998
4884
4999
4885
5000
4886
5001
4887
5002
4888
5003
4889
5004
4890
5005
4891
5006
4892
5007
4893
5008
4894
5009
4895
5010
4896
5011
4897
5012
4898
5013
4899
5014
4900
5015
4901
5016
4902
5017
4903
5018
4904
5019
4905
5020
4906
5021
4907
5022
4908
5023
4909
5024
4910
5025
4911
5026
4912
5027
4913
5028
4914
5029
4915
5030
4916
5031
4917
5032
4918
5033
4919
5034
4920
5035
4921
5036
4922
5037
4923
5038
4924
5039
4925
5040
4926
5041
4927
5042
4928
5043
4929
5044
4930
5045
4931
5046
4932
5047
4933
5048
4934
5049
4935
5050
4936
5051
4937
5052
4938
5053
4939
5054
4940
5055
4941
5056
4942
5057
4943
5058
4944
5059
4945
5060
4946
5061
4947
5062
4948
5063
4949
5064
4950
5065
4951
5066
4952
5067
4953
5068
4954
5069
4955
5070
4956
5071
4957
5072
4958
5073
4959
5074
4960
5075
4961
5076
4962
5077
4963
5078
4964
5079
4965
5080
4966
5081
4967
5082
4968
5083
4969
5084
4970
5085
4971
5086
4972
5087
4973
5088
4974
5089
4975
5090
4976
5091
4977
5092
4978
5093
4979
5094
4980
5095
4981
5096
4982
5097
4983
5098
4984
5099
4985
5100
4986
5101
4987
5102
5103
4989
5104
4990
5105
4991
5106
4992
5107
4993
5108
4994
5109
4995
5110
4996
5111
4997
5112
4998
5113
4999
5114
5000
5115
5001
5116
5002
5117
5003
5118
5004
5119
5005
5120
5006
5121
5007
5122
5008
5123
5009
5124
5010
5125
5011
5126
5012
5127
5013
5128
5014
5129
5015
5130
5016
5131
5017
5132
5018
5133
5019
5134
5020
5135
5021
5136
5022
5137
5023
5138
5024
5139
5025
5140
5026
5141
5027
5142
5028
5143
5029
5144
5030
5145
5031
5146
5032
5147
5033
5148
5034
5149
5035
5150
5036
5151
5037
5152
5038
5153
5039
5154
5040
5155
5041
5156
5042
5157
5043
5158
5044
5159
5045
5160
5046
5161
5047
5162
5048
5163
5049
5164
5050
5165
5051
5166
5052
5167
5053
5168
5054
5169
5055
5170
5056
5171
5057
5172
5058
5173
5059
5174
5060
5175
5061
5176
5062
5177
5063
5178
5064
5179
5065
5180
5066
5181
5067
5182
5068
5183
5069
5184
5070
5185
5071
5186
5072
5187
5073
5188
5074
5189
5075
5190
5076
5191
5077
5192
5078
5193
5079
5194
5080
5195
5081
5196
5082
5197
5083
5198
5084
5199
5085
5200
5086
5201
5087
5202
5088
5203
5089
5204
5090
5205
5091
5206
5092
5207
5093
5208
5094
5209
5095
5210
5096
5211
5097
5212
5098
5213
5099
5214
5100
5215
5101
5216
5102
5217
5103
5218
5219
5105
5220
5106
5221
5107
5222
5108
5223
5109
5224
5110
5225
5111
5226
5112
5227
5113
5228
5114
5229
5115
5230
5116
5231
5117
5232
5118
5233
5119
5234
5120
5235
5121
5236
5122
5237
5123
5238
5124
5239
5125
5240
5126
5241
5127
5242
5128
5243
5129
5244
5130
5245
5131
5246
5132
5247
5133
5248
5134
5249
5135
5250
5136
5251
5137
5252
5138
5253
5139
5254
5140
5255
5141
5256
5142
5257
5143
5258
5144
5259
5145
5260
5146
5261
5147
5262
5148
5263
5149
5264
5150
5265
5151
5266
5152
5267
5153
5268
5154
5269
5155
5270
5156
5271
5157
5272
5158
5273
5159
5274
5160
5275
5161
5276
5162
5277
5163
5278
5164
5279
5165
5280
5166
5281
5167
5282
5168
5283
5169
5284
5170
5285
5171
5286
5172
5287
5173
5288
5174
5289
5175
5290
5176
5291
5177
5292
5178
5293
5179
5294
5180
5295
5181
5296
5182
5297
5183
5298
5184
5299
5185
5300
5186
5301
5187
5302
5188
5303
5189
5304
5190
5305
5191
5306
5192
5307
5193
5308
5194
5309
5195
5310
5196
5311
5197
5312
5198
5313
5199
5314
5200
5315
5201
5316
5202
5317
5203
5318
5204
5319
5205
5320
5206
5321
5207
5322
5208
5323
5209
5324
5210
5325
5211
5326
5212
5327
5213
5328
5214
5329
5215
5330
5216
5331
5217
5332
5218
5333
5219
5334
5335
5221
5336
5222
5337
5223
5338
5224
5339
5225
5340
5226
5341
5227
5342
5228
5343
5229
5344
5230
5345
5231
5346
5232
5347
5233
5348
5234
5349
5235
5350
5236
5351
5237
5352
5238
5353
5239
5354
5240
5355
5241
5356
5242
5357
5243
5358
5244
5359
5245
5360
5246
5361
5247
5362
5248
5363
5249
5364
5250
5365
5251
5366
5252
5367
5253
5368
5254
5369
5255
5370
5256
5371
5257
5372
5258
5373
5259
5374
5260
5375
5261
5376
5262
5377
5263
5378
5264
5379
5265
5380
5266
5381
5267
5382
5268
5383
5269
5384
5270
5385
5271
5386
5272
5387
5273
5388
5274
5389
5275
5390
5276
5391
5277
5392
5278
5393
5279
5394
5280
5395
5281
5396
5282
5397
5283
5398
5284
5399
5285
5400
5286
5401
5287
5402
5288
5403
5289
5404
5290
5405
5291
5406
5292
5407
5293
5408
5294
5409
5295
5410
5296
5411
5297
5412
5298
5413
5299
5414
5300
5415
5301
5416
5302
5417
5303
5418
5304
5419
5305
5420
5306
5421
5307
5422
5308
5423
5309
5424
5310
5425
5311
5426
5312
5427
5313
5428
5314
5429
5315
5430
5316
5431
5317
5432
5318
5433
5319
5434
5320
5435
5321
5436
5322
5437
5323
5438
5324
5439
5325
5440
5326
5441
5327
5442
5328
5443
5329
5444
5330
5445
5331
5446
5332
5447
5333
5448
5334
5449
5335
5450
5451
5337
5452
5338
5453
5339
5454
5340
5455
5341
5456
5342
5457
5343
5458
5344
5459
5345
5460
5346
5461
5347
5462
5348
5463
5349
5464
5350
5465
5351
5466
5352
5467
5353
5468
5354
5469
5355
5470
5356
5471
5357
5472
5358
5473
5359
5474
5360
5475
5361
5476
5362
5477
5363
5478
5364
5479
5365
5480
5366
5481
5367
5482
5368
5483
5369
5484
5370
5485
5371
5486
5372
5487
5373
5488
5374
5489
5375
5490
5376
5491
5377
5492
5378
5493
5379
5494
5380
5495
5381
5496
5382
5497
5383
5498
5384
5499
5385
5500
5386
5501
5387
5502
5388
5503
5389
5504
5390
5505
5391
5506
5392
5507
5393
5508
5394
5509
5395
5510
5396
5511
5397
5512
5398
5513
5399
5514
5400
5515
5401
5516
5402
5517
5403
5518
5404
5519
5405
5520
5406
5521
5407
5522
5408
5523
5409
5524
5410
5525
5411
5526
5412
5527
5413
5528
5414
5529
5415
5530
5416
5531
5417
5532
5418
5533
5419
5534
5420
5535
5421
5536
5422
5537
5423
5538
5424
5539
5425
5540
5426
5541
5427
5542
5428
5543
5429
5544
5430
5545
5431
5546
5432
5547
5433
5548
5434
5549
5435
5550
5436
5551
5437
5552
5438
5553
5439
5554
5440
5555
5441
5556
5442
5557
5443
5558
5444
5559
5445
5560
5446
5561
5447
5562
5448
5563
5449
5564
5450
5565
5451
5566
5567
5453
5568
5454
5569
5455
5570
5456
5571
5457
5572
5458
5573
5459
5574
5460
5575
5461
5576
5462
5577
5463
5578
5464
5579
5465
5580
5466
5581
5467
5582
5468
5583
5469
5584
5470
5585
5471
5586
5472
5587
5473
5588
5474
5589
5475
5590
5476
5591
5477
5592
5478
5593
5479
5594
5480
5595
5481
5596
5482
5597
5483
5598
5484
5599
5485
5600
5486
5601
5487
5602
5488
5603
5489
5604
5490
5605
5491
5606
5492
5607
5493
5608
5494
5609
5495
5610
5496
5611
5497
5612
5498
5613
5499
5614
5500
5615
5501
5616
5502
5617
5503
5618
5504
5619
5505
5620
5506
5621
5507
5622
5508
5623
5509
5624
5510
5625
5511
5626
5512
5627
5513
5628
5514
5629
5515
5630
5516
5631
5517
5632
5518
5633
5519
5634
5520
5635
5521
5636
5522
5637
5523
5638
5524
5639
5525
5640
5526
5641
5527
5642
5528
5643
5529
5644
5530
5645
5531
5646
5532
5647
5533
5648
5534
5649
5535
5650
5536
5651
5537
5652
5538
5653
5539
5654
5540
5655
5541
5656
5542
5657
5543
5658
5544
5659
5545
5660
5546
5661
5547
5662
5548
5663
5549
5664
5550
5665
5551
5666
5552
5667
5553
5668
5554
5669
5555
5670
5556
5671
5557
5672
5558
5673
5559
5674
5560
5675
5561
5676
5562
5677
5563
5678
5564
5679
5565
5680
5566
5681
5567
5682
5683
5569
5684
5570
5685
5571
5686
5572
5687
5573
5688
5574
5689
5575
5690
5576
5691
5577
5692
5578
5693
5579
5694
5580
5695
5581
5696
5582
5697
5583
5698
5584
5699
5585
5700
5586
5701
5587
5702
5588
5703
5589
5704
5590
5705
5591
5706
5592
5707
5593
5708
5594
5709
5595
5710
5596
5711
5597
5712
5598
5713
5599
5714
5600
5715
5601
5716
5602
5717
5603
5718
5604
5719
5605
5720
5606
5721
5607
5722
5608
5723
5609
5724
5610
5725
5611
5726
5612
5727
5613
5728
5614
5729
5615
5730
5616
5731
5617
5732
5618
5733
5619
5734
5620
5735
5621
5736
5622
5737
5623
5738
5624
5739
5625
5740
5626
5741
5627
5742
5628
5743
5629
5744
5630
5745
5631
5746
5632
5747
5633
5748
5634
5749
5635
5750
5636
5751
5637
5752
5638
5753
5639
5754
5640
5755
5641
5756
5642
5757
5643
5758
5644
5759
5645
5760
5646
5761
5647
5762
5648
5763
5649
5764
5650
5765
5651
5766
5652
5767
5653
5768
5654
5769
5655
5770
5656
5771
5657
5772
5658
5773
5659
5774
5660
5775
5661
5776
5662
5777
5663
5778
5664
5779
5665
5780
5666
5781
5667
5782
5668
5783
5669
5784
5670
5785
5671
5786
5672
5787
5673
5788
5674
5789
5675
5790
5676
5791
5677
5792
5678
5793
5679
5794
5680
5795
5681
5796
5682
5797
5683
5798
5799
5685
5800
5686
5801
5687
5802
5688
5803
5689
5804
5690
5805
5691
5806
5692
5807
5693
5808
5694
5809
5695
5810
5696
5811
5697
5812
5698
5813
5699
5814
5700
5815
5701
5816
5702
5817
5703
5818
5704
5819
5705
5820
5706
5821
5707
5822
5708
5823
5709
5824
5710
5825
5711
5826
5712
5827
5713
5828
5714
5829
5715
5830
5716
5831
5717
5832
5718
5833
5719
5834
5720
5835
5721
5836
5722
5837
5723
5838
5724
5839
5725
5840
5726
5841
5727
5842
5728
5843
5729
5844
5730
5845
5731
5846
5732
5847
5733
5848
5734
5849
5735
5850
5736
5851
5737
5852
5738
5853
5739
5854
5740
5855
5741
5856
5742
5857
5743
5858
5744
5859
5745
5860
5746
5861
5747
5862
5748
5863
5749
5864
5750
5865
5751
5866
5752
5867
5753
5868
5754
5869
5755
5870
5756
5871
5757
5872
5758
5873
5759
5874
5760
5875
5761
5876
5762
5877
5763
5878
5764
5879
5765
5880
5766
5881
5767
5882
5768
5883
5769
5884
5770
5885
5771
5886
5772
5887
5773
5888
5774
5889
5775
5890
5776
5891
5777
5892
5778
5893
5779
5894
5780
5895
5781
5896
5782
5897
5783
5898
5784
5899
5785
5900
5786
5901
5787
5902
5788
5903
5789
5904
5790
5905
5791
5906
5792
5907
5793
5908
5794
5909
5795
5910
5796
5911
5797
5912
5798
5913
5799
5914
5915
5801
5916
5802
5917
5803
5918
5804
5919
5805
5920
5806
5921
5807
5922
5808
5923
5809
5924
5810
5925
5811
5926
5812
5927
5813
5928
5814
5929
5815
5930
5816
5931
5817
5932
5818
5933
5819
5934
5820
5935
5821
5936
5822
5937
5823
5938
5824
5939
5825
5940
5826
5941
5827
5942
5828
5943
5829
5944
5830
5945
5831
5946
5832
5947
5833
5948
5834
5949
5835
5950
5836
5951
5837
5952
5838
5953
5839
5954
5840
5955
5841
5956
5842
5957
5843
5958
5844
5959
5845
5960
5846
5961
5847
5962
5848
5963
5849
5964
5850
5965
5851
5966
5852
5967
5853
5968
5854
5969
5855
5970
5856
5971
5857
5972
5858
5973
5859
5974
5860
5975
5861
5976
5862
5977
5863
5978
5864
5979
5865
5980
5866
5981
5867
5982
5868
5983
5869
5984
5870
5985
5871
5986
5872
5987
5873
5988
5874
5989
5875
5990
5876
5991
5877
5992
5878
5993
5879
5994
5880
5995
5881
5996
5882
5997
5883
5998
5884
5999
5885
6000
5886
6001
5887
6002
5888
6003
5889
6004
5890
6005
5891
6006
5892
6007
5893
6008
5894
6009
5895
6010
5896
6011
5897
6012
5898
6013
5899
6014
5900
6015
5901
6016
5902
6017
5903
6018
5904
6019
5905
6020
5906
6021
5907
6022
5908
6023
5909
6024
5910
6025
5911
6026
5912
6027
5913
6028
5914
6029
5915
6030
6031
5917
6032
5918
6033
5919
6034
5920
6035
5921
6036
5922
6037
5923
6038
5924
6039
5925
6040
5926
6041
5927
6042
5928
6043
5929
6044
5930
6045
5931
6046
5932
6047
5933
6048
5934
6049
5935
6050
5936
6051
5937
6052
5938
6053
5939
6054
5940
6055
5941
6056
5942
6057
5943
6058
5944
6059
5945
6060
5946
6061
5947
6062
5948
6063
5949
6064
5950
6065
5951
6066
5952
6067
5953
6068
5954
6069
5955
6070
5956
6071
5957
6072
5958
6073
5959
6074
5960
6075
5961
6076
5962
6077
5963
6078
5964
6079
5965
6080
5966
6081
5967
6082
5968
6083
5969
6084
5970
6085
5971
6086
5972
6087
5973
6088
5974
6089
5975
6090
5976
6091
5977
6092
5978
6093
5979
6094
5980
6095
5981
6096
5982
6097
5983
6098
5984
6099
5985
6100
5986
6101
5987
6102
5988
6103
5989
6104
5990
6105
5991
6106
5992
6107
5993
6108
5994
6109
5995
6110
5996
6111
5997
6112
5998
6113
5999
6114
6000
6115
6001
6116
6002
6117
6003
6118
6004
6119
6005
6120
6006
6121
6007
6122
6008
6123
6009
6124
6010
6125
6011
6126
6012
6127
6013
6128
6014
6129
6015
6130
6016
6131
6017
6132
6018
6133
6019
6134
6020
6135
6021
6136
6022
6137
6023
6138
6024
6139
6025
6140
6026
6141
6027
6142
6028
6143
6029
6144
6030
6145
6031
6146
6147
6033
6148
6034
6149
6035
6150
6036
6151
6037
6152
6038
6153
6039
6154
6040
6155
6041
6156
6042
6157
6043
6158
6044
6159
6045
6160
6046
6161
6047
6162
6048
6163
6049
6164
6050
6165
6051
6166
6052
6167
6053
6168
6054
6169
6055
6170
6056
6171
6057
6172
6058
6173
6059
6174
6060
6175
6061
6176
6062
6177
6063
6178
6064
6179
6065
6180
6066
6181
6067
6182
6068
6183
6069
6184
6070
6185
6071
6186
6072
6187
6073
6188
6074
6189
6075
6190
6076
6191
6077
6192
6078
6193
6079
6194
6080
6195
6081
6196
6082
6197
6083
6198
6084
6199
6085
6200
6086
6201
6087
6202
6088
6203
6089
6204
6090
6205
6091
6206
6092
6207
6093
6208
6094
6209
6095
6210
6096
6211
6097
6212
6098
6213
6099
6214
6100
6215
6101
6216
6102
6217
6103
6218
6104
6219
6105
6220
6106
6221
6107
6222
6108
6223
6109
6224
6110
6225
6111
6226
6112
6227
6113
6228
6114
6229
6115
6230
6116
6231
6117
6232
6118
6233
6119
6234
6120
6235
6121
6236
6122
6237
6123
6238
6124
6239
6125
6240
6126
6241
6127
6242
6128
6243
6129
6244
6130
6245
6131
6246
6132
6247
6133
6248
6134
6249
6135
6250
6136
6251
6137
6252
6138
6253
6139
6254
6140
6255
6141
6256
6142
6257
6143
6258
6144
6259
6145
6260
6146
6261
6147
6262
6263
6149
6264
6150
6265
6151
6266
6152
6267
6153
6268
6154
6269
6155
6270
6156
6271
6157
6272
6158
6273
6159
6274
6160
6275
6161
6276
6162
6277
6163
6278
6164
6279
6165
6280
6166
6281
6167
6282
6168
6283
6169
6284
6170
6285
6171
6286
6172
6287
6173
6288
6174
6289
6175
6290
6176
6291
6177
6292
6178
6293
6179
6294
6180
6295
6181
6296
6182
6297
6183
6298
6184
6299
6185
6300
6186
6301
6187
6302
6188
6303
6189
6304
6190
6305
6191
6306
6192
6307
6193
6308
6194
6309
6195
6310
6196
6311
6197
6312
6198
6313
6199
6314
6200
6315
6201
6316
6202
6317
6203
6318
6204
6319
6205
6320
6206
6321
6207
6322
6208
6323
6209
6324
6210
6325
6211
6326
6212
6327
6213
6328
6214
6329
6215
6330
6216
6331
6217
6332
6218
6333
6219
6334
6220
6335
6221
6336
6222
6337
6223
6338
6224
6339
6225
6340
6226
6341
6227
6342
6228
6343
6229
6344
6230
6345
6231
6346
6232
6347
6233
6348
6234
6349
6235
6350
6236
6351
6237
6352
6238
6353
6239
6354
6240
6355
6241
6356
6242
6357
6243
6358
6244
6359
6245
6360
6246
6361
6247
6362
6248
6363
6249
6364
6250
6365
6251
6366
6252
6367
6253
6368
6254
6369
6255
6370
6256
6371
6257
6372
6258
6373
6259
6374
6260
6375
6261
6376
6262
6377
6263
6378
6379
6265
6380
6266
6381
6267
6382
6268
6383
6269
6384
6270
6385
6271
6386
6272
6387
6273
6388
6274
6389
6275
6390
6276
6391
6277
6392
6278
6393
6279
6394
6280
6395
6281
6396
6282
6397
6283
6398
6284
6399
6285
6400
6286
6401
6287
6402
6288
6403
6289
6404
6290
6405
6291
6406
6292
6407
6293
6408
6294
6409
6295
6410
6296
6411
6297
6412
6298
6413
6299
6414
6300
6415
6301
6416
6302
6417
6303
6418
6304
6419
6305
6420
6306
6421
6307
6422
6308
6423
6309
6424
6310
6425
6311
6426
6312
6427
6313
6428
6314
6429
6315
6430
6316
6431
6317
6432
6318
6433
6319
6434
6320
6435
6321
6436
6322
6437
6323
6438
6324
6439
6325
6440
6326
6441
6327
6442
6328
6443
6329
6444
6330
6445
6331
6446
6332
6447
6333
6448
6334
6449
6335
6450
6336
6451
6337
6452
6338
6453
6339
6454
6340
6455
6341
6456
6342
6457
6343
6458
6344
6459
6345
6460
6346
6461
6347
6462
6348
6463
6349
6464
6350
6465
6351
6466
6352
6467
6353
6468
6354
6469
6355
6470
6356
6471
6357
6472
6358
6473
6359
6474
6360
6475
6361
6476
6362
6477
6363
6478
6364
6479
6365
6480
6366
6481
6367
6482
6368
6483
6369
6484
6370
6485
6371
6486
6372
6487
6373
6488
6374
6489
6375
6490
6376
6491
6377
6492
6378
6493
6379
6494
6495
6381
6496
6382
6497
6383
6498
6384
6499
6385
6500
6386
6501
6387
6502
6388
6503
6389
6504
6390
6505
6391
6506
6392
6507
6393
6508
6394
6509
6395
6510
6396
6511
6397
6512
6398
6513
6399
6514
6400
6515
6401
6516
6402
6517
6403
6518
6404
6519
6405
6520
6406
6521
6407
6522
6408
6523
6409
6524
6410
6525
6411
6526
6412
6527
6413
6528
6414
6529
6415
6530
6416
6531
6417
6532
6418
6533
6419
6534
6420
6535
6421
6536
6422
6537
6423
6538
6424
6539
6425
6540
6426
6541
6427
6542
6428
6543
6429
6544
6430
6545
6431
6546
6432
6547
6433
6548
6434
6549
6435
6550
6436
6551
6437
6552
6438
6553
6439
6554
6440
6555
6441
6556
6442
6557
6443
6558
6444
6559
6445
6560
6446
6561
6447
6562
6448
6563
6449
6564
6450
6565
6451
6566
6452
6567
6453
6568
6454
6569
6455
6570
6456
6571
6457
6572
6458
6573
6459
6574
6460
6575
6461
6576
6462
6577
6463
6578
6464
6579
6465
6580
6466
6581
6467
6582
6468
6583
6469
6584
6470
6585
6471
6586
6472
6587
6473
6588
6474
6589
6475
6590
6476
6591
6477
6592
6478
6593
6479
6594
6480
6595
6481
6596
6482
6597
6483
6598
6484
6599
6485
6600
6486
6601
6487
6602
6488
6603
6489
6604
6490
6605
6491
6606
6492
6607
6493
6608
6494
6609
6495
6610
6611
6497
6612
6498
6613
6499
6614
6500
6615
6501
6616
6502
6617
6503
6618
6504
6619
6505
6620
6506
6621
6507
6622
6508
6623
6509
6624
6510
6625
6511
6626
6512
6627
6513
6628
6514
6629
6515
6630
6516
6631
6517
6632
6518
6633
6519
6634
6520
6635
6521
6636
6522
6637
6523
6638
6524
6639
6525
6640
6526
6641
6527
6642
6528
6643
6529
6644
6530
6645
6531
6646
6532
6647
6533
6648
6534
6649
6535
6650
6536
6651
6537
6652
6538
6653
6539
6654
6540
6655
6541
6656
6542
6657
6543
6658
6544
6659
6545
6660
6546
6661
6547
6662
6548
6663
6549
6664
6550
6665
6551
6666
6552
6667
6553
6668
6554
6669
6555
6670
6556
6671
6557
6672
6558
6673
6559
6674
6560
6675
6561
6676
6562
6677
6563
6678
6564
6679
6565
6680
6566
6681
6567
6682
6568
6683
6569
6684
6570
6685
6571
6686
6572
6687
6573
6688
6574
6689
6575
6690
6576
6691
6577
6692
6578
6693
6579
6694
6580
6695
6581
6696
6582
6697
6583
6698
6584
6699
6585
6700
6586
6701
6587
6702
6588
6703
6589
6704
6590
6705
6591
6706
6592
6707
6593
6708
6594
6709
6595
6710
6596
6711
6597
6712
6598
6713
6599
6714
6600
6715
6601
6716
6602
6717
6603
6718
6604
6719
6605
6720
6606
6721
6607
6722
6608
6723
6609
6724
6610
6725
6611
6726
6727
6613
6728
6614
6729
6615
6730
6616
6731
6617
6732
6618
6733
6619
6734
6620
6735
6621
6736
6622
6737
6623
6738
6624
6739
6625
6740
6626
6741
6627
6742
6628
6743
6629
6744
6630
6745
6631
6746
6632
6747
6633
6748
6634
6749
6635
6750
6636
6751
6637
6752
6638
6753
6639
6754
6640
6755
6641
6756
6642
6757
6643
6758
6644
6759
6645
6760
6646
6761
6647
6762
6648
6763
6649
6764
6650
6765
6651
6766
6652
6767
6653
6768
6654
6769
6655
6770
6656
6771
6657
6772
6658
6773
6659
6774
6660
6775
6661
6776
6662
6777
6663
6778
6664
6779
6665
6780
6666
6781
6667
6782
6668
6783
6669
6784
6670
6785
6671
6786
6672
6787
6673
6788
6674
6789
6675
6790
6676
6791
6677
6792
6678
6793
6679
6794
6680
6795
6681
6796
6682
6797
6683
6798
6684
6799
6685
6800
6686
6801
6687
6802
6688
6803
6689
6804
6690
6805
6691
6806
6692
6807
6693
6808
6694
6809
6695
6810
6696
6811
6697
6812
6698
6813
6699
6814
6700
6815
6701
6816
6702
6817
6703
6818
6704
6819
6705
6820
6706
6821
6707
6822
6708
6823
6709
6824
6710
6825
6711
6826
6712
6827
6713
6828
6714
6829
6715
6830
6716
6831
6717
6832
6718
6833
6719
6834
6720
6835
6721
6836
6722
6837
6723
6838
6724
6839
6725
6840
6726
6841
6727
6842
6843
6729
6844
6730
6845
6731
6846
6732
6847
6733
6848
6734
6849
6735
6850
6736
6851
6737
6852
6738
6853
6739
6854
6740
6855
6741
6856
6742
6857
6743
6858
6744
6859
6745
6860
6746
6861
6747
6862
6748
6863
6749
6864
6750
6865
6751
6866
6752
6867
6753
6868
6754
6869
6755
6870
6756
6871
6757
6872
6758
6873
6759
6874
6760
6875
6761
6876
6762
6877
6763
6878
6764
6879
6765
6880
6766
6881
6767
6882
6768
6883
6769
6884
6770
6885
6771
6886
6772
6887
6773
6888
6774
6889
6775
6890
6776
6891
6777
6892
6778
6893
6779
6894
6780
6895
6781
6896
6782
6897
6783
6898
6784
6899
6785
6900
6786
6901
6787
6902
6788
6903
6789
6904
6790
6905
6791
6906
6792
6907
6793
6908
6794
6909
6795
6910
6796
6911
6797
6912
6798
6913
6799
6914
6800
6915
6801
6916
6802
6917
6803
6918
6804
6919
6805
6920
6806
6921
6807
6922
6808
6923
6809
6924
6810
6925
6811
6926
6812
6927
6813
6928
6814
6929
6815
6930
6816
6931
6817
6932
6818
6933
6819
6934
6820
6935
6821
6936
6822
6937
6823
6938
6824
6939
6825
6940
6826
6941
6827
6942
6828
6943
6829
6944
6830
6945
6831
6946
6832
6947
6833
6948
6834
6949
6835
6950
6836
6951
6837
6952
6838
6953
6839
6954
6840
6955
6841
6956
6842
6957
6843
6958
6959
6845
6960
6846
6961
6847
6962
6848
6963
6849
6964
6850
6965
6851
6966
6852
6967
6853
6968
6854
6969
6855
6970
6856
6971
6857
6972
6858
6973
6859
6974
6860
6975
6861
6976
6862
6977
6863
6978
6864
6979
6865
6980
6866
6981
6867
6982
6868
6983
6869
6984
6870
6985
6871
6986
6872
6987
6873
6988
6874
6989
6875
6990
6876
6991
6877
6992
6878
6993
6879
6994
6880
6995
6881
6996
6882
6997
6883
6998
6884
6999
6885
7000
6886
7001
6887
7002
6888
7003
6889
7004
6890
7005
6891
7006
6892
7007
6893
7008
6894
7009
6895
7010
6896
7011
6897
7012
6898
7013
6899
7014
6900
7015
6901
7016
6902
7017
6903
7018
6904
7019
6905
7020
6906
7021
6907
7022
6908
7023
6909
7024
6910
7025
6911
7026
6912
7027
6913
7028
6914
7029
6915
7030
6916
7031
6917
7032
6918
7033
6919
7034
6920
7035
6921
7036
6922
7037
6923
7038
6924
7039
6925
7040
6926
7041
6927
7042
6928
7043
6929
7044
6930
7045
6931
7046
6932
7047
6933
7048
6934
7049
6935
7050
6936
7051
6937
7052
6938
7053
6939
7054
6940
7055
6941
7056
6942
7057
6943
7058
6944
7059
6945
7060
6946
7061
6947
7062
6948
7063
6949
7064
6950
7065
6951
7066
6952
7067
6953
7068
6954
7069
6955
7070
6956
7071
6957
7072
6958
7073
6959
7074
7075
6961
7076
6962
7077
6963
7078
6964
7079
6965
7080
6966
7081
6967
7082
6968
7083
6969
7084
6970
7085
6971
7086
6972
7087
6973
7088
6974
7089
6975
7090
6976
7091
6977
7092
6978
7093
6979
7094
6980
7095
6981
7096
6982
7097
6983
7098
6984
7099
6985
7100
6986
7101
6987
7102
6988
7103
6989
7104
6990
7105
6991
7106
6992
7107
6993
7108
6994
7109
6995
7110
6996
7111
6997
7112
6998
7113
6999
7114
7000
7115
7001
7116
7002
7117
7003
7118
7004
7119
7005
7120
7006
7121
7007
7122
7008
7123
7009
7124
7010
7125
7011
7126
7012
7127
7013
7128
7014
7129
7015
7130
7016
7131
7017
7132
7018
7133
7019
7134
7020
7135
7021
7136
7022
7137
7023
7138
7024
7139
7025
7140
7026
7141
7027
7142
7028
7143
7029
7144
7030
7145
7031
7146
7032
7147
7033
7148
7034
7149
7035
7150
7036
7151
7037
7152
7038
7153
7039
7154
7040
7155
7041
7156
7042
7157
7043
7158
7044
7159
7045
7160
7046
7161
7047
7162
7048
7163
7049
7164
7050
7165
7051
7166
7052
7167
7053
7168
7054
7169
7055
7170
7056
7171
7057
7172
7058
7173
7059
7174
7060
7175
7061
7176
7062
7177
7063
7178
7064
7179
7065
7180
7066
7181
7067
7182
7068
7183
7069
7184
7070
7185
7071
7186
7072
7187
7073
7188
7074
7189
7075
7190
7191
7077
7192
7078
7193
7079
7194
7080
7195
7081
7196
7082
7197
7083
7198
7084
7199
7085
7200
7086
7201
7087
7202
7088
7203
7089
7204
7090
7205
7091
7206
7092
7207
7093
7208
7094
7209
7095
7210
7096
7211
7097
7212
7098
7213
7099
7214
7100
7215
7101
7216
7102
7217
7103
7218
7104
7219
7105
7220
7106
7221
7107
7222
7108
7223
7109
7224
7110
7225
7111
7226
7112
7227
7113
7228
7114
7229
7115
7230
7116
7231
7117
7232
7118
7233
7119
7234
7120
7235
7121
7236
7122
7237
7123
7238
7124
7239
7125
7240
7126
7241
7127
7242
7128
7243
7129
7244
7130
7245
7131
7246
7132
7247
7133
7248
7134
7249
7135
7250
7136
7251
7137
7252
7138
7253
7139
7254
7140
7255
7141
7256
7142
7257
7143
7258
7144
7259
7145
7260
7146
7261
7147
7262
7148
7263
7149
7264
7150
7265
7151
7266
7152
7267
7153
7268
7154
7269
7155
7270
7156
7271
7157
7272
7158
7273
7159
7274
7160
7275
7161
7276
7162
7277
7163
7278
7164
7279
7165
7280
7166
7281
7167
7282
7168
7283
7169
7284
7170
7285
7171
7286
7172
7287
7173
7288
7174
7289
7175
7290
7176
7291
7177
7292
7178
7293
7179
7294
7180
7295
7181
7296
7182
7297
7183
7298
7184
7299
7185
7300
7186
7301
7187
7302
7188
7303
7189
7304
7190
7305
7191
7306
7307
7193
7308
7194
7309
7195
7310
7196
7311
7197
7312
7198
7313
7199
7314
7200
7315
7201
7316
7202
7317
7203
7318
7204
7319
7205
7320
7206
7321
7207
7322
7208
7323
7209
7324
7210
7325
7211
7326
7212
7327
7213
7328
7214
7329
7215
7330
7216
7331
7217
7332
7218
7333
7219
7334
7220
7335
7221
7336
7222
7337
7223
7338
7224
7339
7225
7340
7226
7341
7227
7342
7228
7343
7229
7344
7230
7345
7231
7346
7232
7347
7233
7348
7234
7349
7235
7350
7236
7351
7237
7352
7238
7353
7239
7354
7240
7355
7241
7356
7242
7357
7243
7358
7244
7359
7245
7360
7246
7361
7247
7362
7248
7363
7249
7364
7250
7365
7251
7366
7252
7367
7253
7368
7254
7369
7255
7370
7256
7371
7257
7372
7258
7373
7259
7374
7260
7375
7261
7376
7262
7377
7263
7378
7264
7379
7265
7380
7266
7381
7267
7382
7268
7383
7269
7384
7270
7385
7271
7386
7272
7387
7273
7388
7274
7389
7275
7390
7276
7391
7277
7392
7278
7393
7279
7394
7280
7395
7281
7396
7282
7397
7283
7398
7284
7399
7285
7400
7286
7401
7287
7402
7288
7403
7289
7404
7290
7405
7291
7406
7292
7407
7293
7408
7294
7409
7295
7410
7296
7411
7297
7412
7298
7413
7299
7414
7300
7415
7301
7416
7302
7417
7303
7418
7304
7419
7305
7420
7306
7421
7307
7422
7423
7309
7424
7310
7425
7311
7426
7312
7427
7313
7428
7314
7429
7315
7430
7316
7431
7317
7432
7318
7433
7319
7434
7320
7435
7321
7436
7322
7437
7323
7438
7324
7439
7325
7440
7326
7441
7327
7442
7328
7443
7329
7444
7330
7445
7331
7446
7332
7447
7333
7448
7334
7449
7335
7450
7336
7451
7337
7452
7338
7453
7339
7454
7340
7455
7341
7456
7342
7457
7343
7458
7344
7459
7345
7460
7346
7461
7347
7462
7348
7463
7349
7464
7350
7465
7351
7466
7352
7467
7353
7468
7354
7469
7355
7470
7356
7471
7357
7472
7358
7473
7359
7474
7360
7475
7361
7476
7362
7477
7363
7478
7364
7479
7365
7480
7366
7481
7367
7482
7368
7483
7369
7484
7370
7485
7371
7486
7372
7487
7373
7488
7374
7489
7375
7490
7376
7491
7377
7492
7378
7493
7379
7494
7380
7495
7381
7496
7382
7497
7383
7498
7384
7499
7385
7500
7386
7501
7387
7502
7388
7503
7389
7504
7390
7505
7391
7506
7392
7507
7393
7508
7394
7509
7395
7510
7396
7511
7397
7512
7398
7513
7399
7514
7400
7515
7401
7516
7402
7517
7403
7518
7404
7519
7405
7520
7406
7521
7407
7522
7408
7523
7409
7524
7410
7525
7411
7526
7412
7527
7413
7528
7414
7529
7415
7530
7416
7531
7417
7532
7418
7533
7419
7534
7420
7535
7421
7536
7422
7537
7423
7538
7539
7425
7540
7426
7541
7427
7542
7428
7543
7429
7544
7430
7545
7431
7546
7432
7547
7433
7548
7434
7549
7435
7550
7436
7551
7437
7552
7438
7553
7439
7554
7440
7555
7441
7556
7442
7557
7443
7558
7444
7559
7445
7560
7446
7561
7447
7562
7448
7563
7449
7564
7450
7565
7451
7566
7452
7567
7453
7568
7454
7569
7455
7570
7456
7571
7457
7572
7458
7573
7459
7574
7460
7575
7461
7576
7462
7577
7463
7578
7464
7579
7465
7580
7466
7581
7467
7582
7468
7583
7469
7584
7470
7585
7471
7586
7472
7587
7473
7588
7474
7589
7475
7590
7476
7591
7477
7592
7478
7593
7479
7594
7480
7595
7481
7596
7482
7597
7483
7598
7484
7599
7485
7600
7486
7601
7487
7602
7488
7603
7489
7604
7490
7605
7491
7606
7492
7607
7493
7608
7494
7609
7495
7610
7496
7611
7497
7612
7498
7613
7499
7614
7500
7615
7501
7616
7502
7617
7503
7618
7504
7619
7505
7620
7506
7621
7507
7622
7508
7623
7509
7624
7510
7625
7511
7626
7512
7627
7513
7628
7514
7629
7515
7630
7516
7631
7517
7632
7518
7633
7519
7634
7520
7635
7521
7636
7522
7637
7523
7638
7524
7639
7525
7640
7526
7641
7527
7642
7528
7643
7529
7644
7530
7645
7531
7646
7532
7647
7533
7648
7534
7649
7535
7650
7536
7651
7537
7652
7538
7653
7539
7654
7655
7541
7656
7542
7657
7543
7658
7544
7659
7545
7660
7546
7661
7547
7662
7548
7663
7549
7664
7550
7665
7551
7666
7552
7667
7553
7668
7554
7669
7555
7670
7556
7671
7557
7672
7558
7673
7559
7674
7560
7675
7561
7676
7562
7677
7563
7678
7564
7679
7565
7680
7566
7681
7567
7682
7568
7683
7569
7684
7570
7685
7571
7686
7572
7687
7573
7688
7574
7689
7575
7690
7576
7691
7577
7692
7578
7693
7579
7694
7580
7695
7581
7696
7582
7697
7583
7698
7584
7699
7585
7700
7586
7701
7587
7702
7588
7703
7589
7704
7590
7705
7591
7706
7592
7707
7593
7708
7594
7709
7595
7710
7596
7711
7597
7712
7598
7713
7599
7714
7600
7715
7601
7716
7602
7717
7603
7718
7604
7719
7605
7720
7606
7721
7607
7722
7608
7723
7609
7724
7610
7725
7611
7726
7612
7727
7613
7728
7614
7729
7615
7730
7616
7731
7617
7732
7618
7733
7619
7734
7620
7735
7621
7736
7622
7737
7623
7738
7624
7739
7625
7740
7626
7741
7627
7742
7628
7743
7629
7744
7630
7745
7631
7746
7632
7747
7633
7748
7634
7749
7635
7750
7636
7751
7637
7752
7638
7753
7639
7754
7640
7755
7641
7756
7642
7757
7643
7758
7644
7759
7645
7760
7646
7761
7647
7762
7648
7763
7649
7764
7650
7765
7651
7766
7652
7767
7653
7768
7654
7769
7655
7770
7771
7657
7772
7658
7773
7659
7774
7660
7775
7661
7776
7662
7777
7663
7778
7664
7779
7665
7780
7666
7781
7667
7782
7668
7783
7669
7784
7670
7785
7671
7786
7672
7787
7673
7788
7674
7789
7675
7790
7676
7791
7677
7792
7678
7793
7679
7794
7680
7795
7681
7796
7682
7797
7683
7798
7684
7799
7685
7800
7686
7801
7687
7802
7688
7803
7689
7804
7690
7805
7691
7806
7692
7807
7693
7808
7694
7809
7695
7810
7696
7811
7697
7812
7698
7813
7699
7814
7700
7815
7701
7816
7702
7817
7703
7818
7704
7819
7705
7820
7706
7821
7707
7822
7708
7823
7709
7824
7710
7825
7711
7826
7712
7827
7713
7828
7714
7829
7715
7830
7716
7831
7717
7832
7718
7833
7719
7834
7720
7835
7721
7836
7722
7837
7723
7838
7724
7839
7725
7840
7726
7841
7727
7842
7728
7843
7729
7844
7730
7845
7731
7846
7732
7847
7733
7848
7734
7849
7735
7850
7736
7851
7737
7852
7738
7853
7739
7854
7740
7855
7741
7856
7742
7857
7743
7858
7744
7859
7745
7860
7746
7861
7747
7862
7748
7863
7749
7864
7750
7865
7751
7866
7752
7867
7753
7868
7754
7869
7755
7870
7756
7871
7757
7872
7758
7873
7759
7874
7760
7875
7761
7876
7762
7877
7763
7878
7764
7879
7765
7880
7766
7881
7767
7882
7768
7883
7769
7884
7770
7885
7771
7886
7887
7773
7888
7774
7889
7775
7890
7776
7891
7777
7892
7778
7893
7779
7894
7780
7895
7781
7896
7782
7897
7783
7898
7784
7899
7785
7900
7786
7901
7787
7902
7788
7903
7789
7904
7790
7905
7791
7906
7792
7907
7793
7908
7794
7909
7795
7910
7796
7911
7797
7912
7798
7913
7799
7914
7800
7915
7801
7916
7802
7917
7803
7918
7804
7919
7805
7920
7806
7921
7807
7922
7808
7923
7809
7924
7810
7925
7811
7926
7812
7927
7813
7928
7814
7929
7815
7930
7816
7931
7817
7932
7818
7933
7819
7934
7820
7935
7821
7936
7822
7937
7823
7938
7824
7939
7825
7940
7826
7941
7827
7942
7828
7943
7829
7944
7830
7945
7831
7946
7832
7947
7833
7948
7834
7949
7835
7950
7836
7951
7837
7952
7838
7953
7839
7954
7840
7955
7841
7956
7842
7957
7843
7958
7844
7959
7845
7960
7846
7961
7847
7962
7848
7963
7849
7964
7850
7965
7851
7966
7852
7967
7853
7968
7854
7969
7855
7970
7856
7971
7857
7972
7858
7973
7859
7974
7860
7975
7861
7976
7862
7977
7863
7978
7864
7979
7865
7980
7866
7981
7867
7982
7868
7983
7869
7984
7870
7985
7871
7986
7872
7987
7873
7988
7874
7989
7875
7990
7876
7991
7877
7992
7878
7993
7879
7994
7880
7995
7881
7996
7882
7997
7883
7998
7884
7999
7885
8000
7886
8001
7887
8002
8003
7889
8004
7890
8005
7891
8006
7892
8007
7893
8008
7894
8009
7895
8010
7896
8011
7897
8012
7898
8013
7899
8014
7900
8015
7901
8016
7902
8017
7903
8018
7904
8019
7905
8020
7906
8021
7907
8022
7908
8023
7909
8024
7910
8025
7911
8026
7912
8027
7913
8028
7914
8029
7915
8030
7916
8031
7917
8032
7918
8033
7919
8034
7920
8035
7921
8036
7922
8037
7923
8038
7924
8039
7925
8040
7926
8041
7927
8042
7928
8043
7929
8044
7930
8045
7931
8046
7932
8047
7933
8048
7934
8049
7935
8050
7936
8051
7937
8052
7938
8053
7939
8054
7940
8055
7941
8056
7942
8057
7943
8058
7944
8059
7945
8060
7946
8061
7947
8062
7948
8063
7949
8064
7950
8065
7951
8066
7952
8067
7953
8068
7954
8069
7955
8070
7956
8071
7957
8072
7958
8073
7959
8074
7960
8075
7961
8076
7962
8077
7963
8078
7964
8079
7965
8080
7966
8081
7967
8082
7968
8083
7969
8084
7970
8085
7971
8086
7972
8087
7973
8088
7974
8089
7975
8090
7976
8091
7977
8092
7978
8093
7979
8094
7980
8095
7981
8096
7982
8097
7983
8098
7984
8099
7985
8100
7986
8101
7987
8102
7988
8103
7989
8104
7990
8105
7991
8106
7992
8107
7993
8108
7994
8109
7995
8110
7996
8111
7997
8112
7998
8113
7999
8114
8000
8115
8001
8116
8002
8117
8003
8118
8119
8005
8120
8006
8121
8007
8122
8008
8123
8009
8124
8010
8125
8011
8126
8012
8127
8013
8128
8014
8129
8015
8130
8016
8131
8017
8132
8018
8133
8019
8134
8020
8135
8021
8136
8022
8137
8023
8138
8024
8139
8025
8140
8026
8141
8027
8142
8028
8143
8029
8144
8030
8145
8031
8146
8032
8147
8033
8148
8034
8149
8035
8150
8036
8151
8037
8152
8038
8153
8039
8154
8040
8155
8041
8156
8042
8157
8043
8158
8044
8159
8045
8160
8046
8161
8047
8162
8048
8163
8049
8164
8050
8165
8051
8166
8052
8167
8053
8168
8054
8169
8055
8170
8056
8171
8057
8172
8058
8173
8059
8174
8060
8175
8061
8176
8062
8177
8063
8178
8064
8179
8065
8180
8066
8181
8067
8182
8068
8183
8069
8184
8070
8185
8071
8186
8072
8187
8073
8188
8074
8189
8075
8190
8076
8191
8077
8192
8078
8193
8079
8194
8080
8195
8081
8196
8082
8197
8083
8198
8084
8199
8085
8200
8086
8201
8087
8202
8088
8203
8089
8204
8090
8205
8091
8206
8092
8207
8093
8208
8094
8209
8095
8210
8096
8211
8097
8212
8098
8213
8099
8214
8100
8215
8101
8216
8102
8217
8103
8218
8104
8219
8105
8220
8106
8221
8107
8222
8108
8223
8109
8224
8110
8225
8111
8226
8112
8227
8113
8228
8114
8229
8115
8230
8116
8231
8117
8232
8118
8233
8119
8234
8235
8121
8236
8122
8237
8123
8238
8124
8239
8125
8240
8126
8241
8127
8242
8128
8243
8129
8244
8130
8245
8131
8246
8132
8247
8133
8248
8134
8249
8135
8250
8136
8251
8137
8252
8138
8253
8139
8254
8140
8255
8141
8256
8142
8257
8143
8258
8144
8259
8145
8260
8146
8261
8147
8262
8148
8263
8149
8264
8150
8265
8151
8266
8152
8267
8153
8268
8154
8269
8155
8270
8156
8271
8157
8272
8158
8273
8159
8274
8160
8275
8161
8276
8162
8277
8163
8278
8164
8279
8165
8280
8166
8281
8167
8282
8168
8283
8169
8284
8170
8285
8171
8286
8172
8287
8173
8288
8174
8289
8175
8290
8176
8291
8177
8292
8178
8293
8179
8294
8180
8295
8181
8296
8182
8297
8183
8298
8184
8299
8185
8300
8186
8301
8187
8302
8188
8303
8189
8304
8190
8305
8191
8306
8192
8307
8193
8308
8194
8309
8195
8310
8196
8311
8197
8312
8198
8313
8199
8314
8200
8315
8201
8316
8202
8317
8203
8318
8204
8319
8205
8320
8206
8321
8207
8322
8208
8323
8209
8324
8210
8325
8211
8326
8212
8327
8213
8328
8214
8329
8215
8330
8216
8331
8217
8332
8218
8333
8219
8334
8220
8335
8221
8336
8222
8337
8223
8338
8224
8339
8225
8340
8226
8341
8227
8342
8228
8343
8229
8344
8230
8345
8231
8346
8232
8347
8233
8348
8234
8349
8235
8350
8351
8237
8352
8238
8353
8239
8354
8240
8355
8241
8356
8242
8357
8243
8358
8244
8359
8245
8360
8246
8361
8247
8362
8248
8363
8249
8364
8250
8365
8251
8366
8252
8367
8253
8368
8254
8369
8255
8370
8256
8371
8257
8372
8258
8373
8259
8374
8260
8375
8261
8376
8262
8377
8263
8378
8264
8379
8265
8380
8266
8381
8267
8382
8268
8383
8269
8384
8270
8385
8271
8386
8272
8387
8273
8388
8274
8389
8275
8390
8276
8391
8277
8392
8278
8393
8279
8394
8280
8395
8281
8396
8282
8397
8283
8398
8284
8399
8285
8400
8286
8401
8287
8402
8288
8403
8289
8404
8290
8405
8291
8406
8292
8407
8293
8408
8294
8409
8295
8410
8296
8411
8297
8412
8298
8413
8299
8414
8300
8415
8301
8416
8302
8417
8303
8418
8304
8419
8305
8420
8306
8421
8307
8422
8308
8423
8309
8424
8310
8425
8311
8426
8312
8427
8313
8428
8314
8429
8315
8430
8316
8431
8317
8432
8318
8433
8319
8434
8320
8435
8321
8436
8322
8437
8323
8438
8324
8439
8325
8440
8326
8441
8327
8442
8328
8443
8329
8444
8330
8445
8331
8446
8332
8447
8333
8448
8334
8449
8335
8450
8336
8451
8337
8452
8338
8453
8339
8454
8340
8455
8341
8456
8342
8457
8343
8458
8344
8459
8345
8460
8346
8461
8347
8462
8348
8463
8349
8464
8350
8465
8351
8466
8467
8353
8468
8354
8469
8355
8470
8356
8471
8357
8472
8358
8473
8359
8474
8360
8475
8361
8476
8362
8477
8363
8478
8364
8479
8365
8480
8366
8481
8367
8482
8368
8483
8369
8484
8370
8485
8371
8486
8372
8487
8373
8488
8374
8489
8375
8490
8376
8491
8377
8492
8378
8493
8379
8494
8380
8495
8381
8496
8382
8497
8383
8498
8384
8499
8385
8500
8386
8501
8387
8502
8388
8503
8389
8504
8390
8505
8391
8506
8392
8507
8393
8508
8394
8509
8395
8510
8396
8511
8397
8512
8398
8513
8399
8514
8400
8515
8401
8516
8402
8517
8403
8518
8404
8519
8405
8520
8406
8521
8407
8522
8408
8523
8409
8524
8410
8525
8411
8526
8412
8527
8413
8528
8414
8529
8415
8530
8416
8531
8417
8532
8418
8533
8419
8534
8420
8535
8421
8536
8422
8537
8423
8538
8424
8539
8425
8540
8426
8541
8427
8542
8428
8543
8429
8544
8430
8545
8431
8546
8432
8547
8433
8548
8434
8549
8435
8550
8436
8551
8437
8552
8438
8553
8439
8554
8440
8555
8441
8556
8442
8557
8443
8558
8444
8559
8445
8560
8446
8561
8447
8562
8448
8563
8449
8564
8450
8565
8451
8566
8452
8567
8453
8568
8454
8569
8455
8570
8456
8571
8457
8572
8458
8573
8459
8574
8460
8575
8461
8576
8462
8577
8463
8578
8464
8579
8465
8580
8466
8581
8467
8582
8583
8469
8584
8470
8585
8471
8586
8472
8587
8473
8588
8474
8589
8475
8590
8476
8591
8477
8592
8478
8593
8479
8594
8480
8595
8481
8596
8482
8597
8483
8598
8484
8599
8485
8600
8486
8601
8487
8602
8488
8603
8489
8604
8490
8605
8491
8606
8492
8607
8493
8608
8494
8609
8495
8610
8496
8611
8497
8612
8498
8613
8499
8614
8500
8615
8501
8616
8502
8617
8503
8618
8504
8619
8505
8620
8506
8621
8507
8622
8508
8623
8509
8624
8510
8625
8511
8626
8512
8627
8513
8628
8514
8629
8515
8630
8516
8631
8517
8632
8518
8633
8519
8634
8520
8635
8521
8636
8522
8637
8523
8638
8524
8639
8525
8640
8526
8641
8527
8642
8528
8643
8529
8644
8530
8645
8531
8646
8532
8647
8533
8648
8534
8649
8535
8650
8536
8651
8537
8652
8538
8653
8539
8654
8540
8655
8541
8656
8542
8657
8543
8658
8544
8659
8545
8660
8546
8661
8547
8662
8548
8663
8549
8664
8550
8665
8551
8666
8552
8667
8553
8668
8554
8669
8555
8670
8556
8671
8557
8672
8558
8673
8559
8674
8560
8675
8561
8676
8562
8677
8563
8678
8564
8679
8565
8680
8566
8681
8567
8682
8568
8683
8569
8684
8570
8685
8571
8686
8572
8687
8573
8688
8574
8689
8575
8690
8576
8691
8577
8692
8578
8693
8579
8694
8580
8695
8581
8696
8582
8697
8583
8698
8699
8585
8700
8586
8701
8587
8702
8588
8703
8589
8704
8590
8705
8591
8706
8592
8707
8593
8708
8594
8709
8595
8710
8596
8711
8597
8712
8598
8713
8599
8714
8600
8715
8601
8716
8602
8717
8603
8718
8604
8719
8605
8720
8606
8721
8607
8722
8608
8723
8609
8724
8610
8725
8611
8726
8612
8727
8613
8728
8614
8729
8615
8730
8616
8731
8617
8732
8618
8733
8619
8734
8620
8735
8621
8736
8622
8737
8623
8738
8624
8739
8625
8740
8626
8741
8627
8742
8628
8743
8629
8744
8630
8745
8631
8746
8632
8747
8633
8748
8634
8749
8635
8750
8636
8751
8637
8752
8638
8753
8639
8754
8640
8755
8641
8756
8642
8757
8643
8758
8644
8759
8645
8760
8646
8761
8647
8762
8648
8763
8649
8764
8650
8765
8651
8766
8652
8767
8653
8768
8654
8769
8655
8770
8656
8771
8657
8772
8658
8773
8659
8774
8660
8775
8661
8776
8662
8777
8663
8778
8664
8779
8665
8780
8666
8781
8667
8782
8668
8783
8669
8784
8670
8785
8671
8786
8672
8787
8673
8788
8674
8789
8675
8790
8676
8791
8677
8792
8678
8793
8679
8794
8680
8795
8681
8796
8682
8797
8683
8798
8684
8799
8685
8800
8686
8801
8687
8802
8688
8803
8689
8804
8690
8805
8691
8806
8692
8807
8693
8808
8694
8809
8695
8810
8696
8811
8697
8812
8698
8813
8699
8814
8815
8701
8816
8702
8817
8703
8818
8704
8819
8705
8820
8706
8821
8707
8822
8708
8823
8709
8824
8710
8825
8711
8826
8712
8827
8713
8828
8714
8829
8715
8830
8716
8831
8717
8832
8718
8833
8719
8834
8720
8835
8721
8836
8722
8837
8723
8838
8724
8839
8725
8840
8726
8841
8727
8842
8728
8843
8729
8844
8730
8845
8731
8846
8732
8847
8733
8848
8734
8849
8735
8850
8736
8851
8737
8852
8738
8853
8739
8854
8740
8855
8741
8856
8742
8857
8743
8858
8744
8859
8745
8860
8746
8861
8747
8862
8748
8863
8749
8864
8750
8865
8751
8866
8752
8867
8753
8868
8754
8869
8755
8870
8756
8871
8757
8872
8758
8873
8759
8874
8760
8875
8761
8876
8762
8877
8763
8878
8764
8879
8765
8880
8766
8881
8767
8882
8768
8883
8769
8884
8770
8885
8771
8886
8772
8887
8773
8888
8774
8889
8775
8890
8776
8891
8777
8892
8778
8893
8779
8894
8780
8895
8781
8896
8782
8897
8783
8898
8784
8899
8785
8900
8786
8901
8787
8902
8788
8903
8789
8904
8790
8905
8791
8906
8792
8907
8793
8908
8794
8909
8795
8910
8796
8911
8797
8912
8798
8913
8799
8914
8800
8915
8801
8916
8802
8917
8803
8918
8804
8919
8805
8920
8806
8921
8807
8922
8808
8923
8809
8924
8810
8925
8811
8926
8812
8927
8813
8928
8814
8929
8815
8930
8931
8817
8932
8818
8933
8819
8934
8820
8935
8821
8936
8822
8937
8823
8938
8824
8939
8825
8940
8826
8941
8827
8942
8828
8943
8829
8944
8830
8945
8831
8946
8832
8947
8833
8948
8834
8949
8835
8950
8836
8951
8837
8952
8838
8953
8839
8954
8840
8955
8841
8956
8842
8957
8843
8958
8844
8959
8845
8960
8846
8961
8847
8962
8848
8963
8849
8964
8850
8965
8851
8966
8852
8967
8853
8968
8854
8969
8855
8970
8856
8971
8857
8972
8858
8973
8859
8974
8860
8975
8861
8976
8862
8977
8863
8978
8864
8979
8865
8980
8866
8981
8867
8982
8868
8983
8869
8984
8870
8985
8871
8986
8872
8987
8873
8988
8874
8989
8875
8990
8876
8991
8877
8992
8878
8993
8879
8994
8880
8995
8881
8996
8882
8997
8883
8998
8884
8999
8885
9000
8886
9001
8887
9002
8888
9003
8889
9004
8890
9005
8891
9006
8892
9007
8893
9008
8894
9009
8895
9010
8896
9011
8897
9012
8898
9013
8899
9014
8900
9015
8901
9016
8902
9017
8903
9018
8904
9019
8905
9020
8906
9021
8907
9022
8908
9023
8909
9024
8910
9025
8911
9026
8912
9027
8913
9028
8914
9029
8915
9030
8916
9031
8917
9032
8918
9033
8919
9034
8920
9035
8921
9036
8922
9037
8923
9038
8924
9039
8925
9040
8926
9041
8927
9042
8928
9043
8929
9044
8930
9045
8931
9046
9047
8933
9048
8934
9049
8935
9050
8936
9051
8937
9052
8938
9053
8939
9054
8940
9055
8941
9056
8942
9057
8943
9058
8944
9059
8945
9060
8946
9061
8947
9062
8948
9063
8949
9064
8950
9065
8951
9066
8952
9067
8953
9068
8954
9069
8955
9070
8956
9071
8957
9072
8958
9073
8959
9074
8960
9075
8961
9076
8962
9077
8963
9078
8964
9079
8965
9080
8966
9081
8967
9082
8968
9083
8969
9084
8970
9085
8971
9086
8972
9087
8973
9088
8974
9089
8975
9090
8976
9091
8977
9092
8978
9093
8979
9094
8980
9095
8981
9096
8982
9097
8983
9098
8984
9099
8985
9100
8986
9101
8987
9102
8988
9103
8989
9104
8990
9105
8991
9106
8992
9107
8993
9108
8994
9109
8995
9110
8996
9111
8997
9112
8998
9113
8999
9114
9000
9115
9001
9116
9002
9117
9003
9118
9004
9119
9005
9120
9006
9121
9007
9122
9008
9123
9009
9124
9010
9125
9011
9126
9012
9127
9013
9128
9014
9129
9015
9130
9016
9131
9017
9132
9018
9133
9019
9134
9020
9135
9021
9136
9022
9137
9023
9138
9024
9139
9025
9140
9026
9141
9027
9142
9028
9143
9029
9144
9030
9145
9031
9146
9032
9147
9033
9148
9034
9149
9035
9150
9036
9151
9037
9152
9038
9153
9039
9154
9040
9155
9041
9156
9042
9157
9043
9158
9044
9159
9045
9160
9046
9161
9047
9162
9163
9049
9164
9050
9165
9051
9166
9052
9167
9053
9168
9054
9169
9055
9170
9056
9171
9057
9172
9058
9173
9059
9174
9060
9175
9061
9176
9062
9177
9063
9178
9064
9179
9065
9180
9066
9181
9067
9182
9068
9183
9069
9184
9070
9185
9071
9186
9072
9187
9073
9188
9074
9189
9075
9190
9076
9191
9077
9192
9078
9193
9079
9194
9080
9195
9081
9196
9082
9197
9083
9198
9084
9199
9085
9200
9086
9201
9087
9202
9088
9203
9089
9204
9090
9205
9091
9206
9092
9207
9093
9208
9094
9209
9095
9210
9096
9211
9097
9212
9098
9213
9099
9214
9100
9215
9101
9216
9102
9217
9103
9218
9104
9219
9105
9220
9106
9221
9107
9222
9108
9223
9109
9224
9110
9225
9111
9226
9112
9227
9113
9228
9114
9229
9115
9230
9116
9231
9117
9232
9118
9233
9119
9234
9120
9235
9121
9236
9122
9237
9123
9238
9124
9239
9125
9240
9126
9241
9127
9242
9128
9243
9129
9244
9130
9245
9131
9246
9132
9247
9133
9248
9134
9249
9135
9250
9136
9251
9137
9252
9138
9253
9139
9254
9140
9255
9141
9256
9142
9257
9143
9258
9144
9259
9145
9260
9146
9261
9147
9262
9148
9263
9149
9264
9150
9265
9151
9266
9152
9267
9153
9268
9154
9269
9155
9270
9156
9271
9157
9272
9158
9273
9159
9274
9160
9275
9161
9276
9162
9277
9163
9278
9279
9165
9280
9166
9281
9167
9282
9168
9283
9169
9284
9170
9285
9171
9286
9172
9287
9173
9288
9174
9289
9175
9290
9176
9291
9177
9292
9178
9293
9179
9294
9180
9295
9181
9296
9182
9297
9183
9298
9184
9299
9185
9300
9186
9301
9187
9302
9188
9303
9189
9304
9190
9305
9191
9306
9192
9307
9193
9308
9194
9309
9195
9310
9196
9311
9197
9312
9198
9313
9199
9314
9200
9315
9201
9316
9202
9317
9203
9318
9204
9319
9205
9320
9206
9321
9207
9322
9208
9323
9209
9324
9210
9325
9211
9326
9212
9327
9213
9328
9214
9329
9215
9330
9216
9331
9217
9332
9218
9333
9219
9334
9220
9335
9221
9336
9222
9337
9223
9338
9224
9339
9225
9340
9226
9341
9227
9342
9228
9343
9229
9344
9230
9345
9231
9346
9232
9347
9233
9348
9234
9349
9235
9350
9236
9351
9237
9352
9238
9353
9239
9354
9240
9355
9241
9356
9242
9357
9243
9358
9244
9359
9245
9360
9246
9361
9247
9362
9248
9363
9249
9364
9250
9365
9251
9366
9252
9367
9253
9368
9254
9369
9255
9370
9256
9371
9257
9372
9258
9373
9259
9374
9260
9375
9261
9376
9262
9377
9263
9378
9264
9379
9265
9380
9266
9381
9267
9382
9268
9383
9269
9384
9270
9385
9271
9386
9272
9387
9273
9388
9274
9389
9275
9390
9276
9391
9277
9392
9278
9393
9279
9394
9395
9281
9396
9282
9397
9283
9398
9284
9399
9285
9400
9286
9401
9287
9402
9288
9403
9289
9404
9290
9405
9291
9406
9292
9407
9293
9408
9294
9409
9295
9410
9296
9411
9297
9412
9298
9413
9299
9414
9300
9415
9301
9416
9302
9417
9303
9418
9304
9419
9305
9420
9306
9421
9307
9422
9308
9423
9309
9424
9310
9425
9311
9426
9312
9427
9313
9428
9314
9429
9315
9430
9316
9431
9317
9432
9318
9433
9319
9434
9320
9435
9321
9436
9322
9437
9323
9438
9324
9439
9325
9440
9326
9441
9327
9442
9328
9443
9329
9444
9330
9445
9331
9446
9332
9447
9333
9448
9334
9449
9335
9450
9336
9451
9337
9452
9338
9453
9339
9454
9340
9455
9341
9456
9342
9457
9343
9458
9344
9459
9345
9460
9346
9461
9347
9462
9348
9463
9349
9464
9350
9465
9351
9466
9352
9467
9353
9468
9354
9469
9355
9470
9356
9471
9357
9472
9358
9473
9359
9474
9360
9475
9361
9476
9362
9477
9363
9478
9364
9479
9365
9480
9366
9481
9367
9482
9368
9483
9369
9484
9370
9485
9371
9486
9372
9487
9373
9488
9374
9489
9375
9490
9376
9491
9377
9492
9378
9493
9379
9494
9380
9495
9381
9496
9382
9497
9383
9498
9384
9499
9385
9500
9386
9501
9387
9502
9388
9503
9389
9504
9390
9505
9391
9506
9392
9507
9393
9508
9394
9509
9395
9510
9511
9397
9512
9398
9513
9399
9514
9400
9515
9401
9516
9402
9517
9403
9518
9404
9519
9405
9520
9406
9521
9407
9522
9408
9523
9409
9524
9410
9525
9411
9526
9412
9527
9413
9528
9414
9529
9415
9530
9416
9531
9417
9532
9418
9533
9419
9534
9420
9535
9421
9536
9422
9537
9423
9538
9424
9539
9425
9540
9426
9541
9427
9542
9428
9543
9429
9544
9430
9545
9431
9546
9432
9547
9433
9548
9434
9549
9435
9550
9436
9551
9437
9552
9438
9553
9439
9554
9440
9555
9441
9556
9442
9557
9443
9558
9444
9559
9445
9560
9446
9561
9447
9562
9448
9563
9449
9564
9450
9565
9451
9566
9452
9567
9453
9568
9454
9569
9455
9570
9456
9571
9457
9572
9458
9573
9459
9574
9460
9575
9461
9576
9462
9577
9463
9578
9464
9579
9465
9580
9466
9581
9467
9582
9468
9583
9469
9584
9470
9585
9471
9586
9472
9587
9473
9588
9474
9589
9475
9590
9476
9591
9477
9592
9478
9593
9479
9594
9480
9595
9481
9596
9482
9597
9483
9598
9484
9599
9485
9600
9486
9601
9487
9602
9488
9603
9489
9604
9490
9605
9491
9606
9492
9607
9493
9608
9494
9609
9495
9610
9496
9611
9497
9612
9498
9613
9499
9614
9500
9615
9501
9616
9502
9617
9503
9618
9504
9619
9505
9620
9506
9621
9507
9622
9508
9623
9509
9624
9510
9625
9511
9626
9627
9513
9628
9514
9629
9515
9630
9516
9631
9517
9632
9518
9633
9519
9634
9520
9635
9521
9636
9522
9637
9523
9638
9524
9639
9525
9640
9526
9641
9527
9642
9528
9643
9529
9644
9530
9645
9531
9646
9532
9647
9533
9648
9534
9649
9535
9650
9536
9651
9537
9652
9538
9653
9539
9654
9540
9655
9541
9656
9542
9657
9543
9658
9544
9659
9545
9660
9546
9661
9547
9662
9548
9663
9549
9664
9550
9665
9551
9666
9552
9667
9553
9668
9554
9669
9555
9670
9556
9671
9557
9672
9558
9673
9559
9674
9560
9675
9561
9676
9562
9677
9563
9678
9564
9679
9565
9680
9566
9681
9567
9682
9568
9683
9569
9684
9570
9685
9571
9686
9572
9687
9573
9688
9574
9689
9575
9690
9576
9691
9577
9692
9578
9693
9579
9694
9580
9695
9581
9696
9582
9697
9583
9698
9584
9699
9585
9700
9586
9701
9587
9702
9588
9703
9589
9704
9590
9705
9591
9706
9592
9707
9593
9708
9594
9709
9595
9710
9596
9711
9597
9712
9598
9713
9599
9714
9600
9715
9601
9716
9602
9717
9603
9718
9604
9719
9605
9720
9606
9721
9607
9722
9608
9723
9609
9724
9610
9725
9611
9726
9612
9727
9613
9728
9614
9729
9615
9730
9616
9731
9617
9732
9618
9733
9619
9734
9620
9735
9621
9736
9622
9737
9623
9738
9624
9739
9625
9740
9626
9741
9627
9742
9743
9629
9744
9630
9745
9631
9746
9632
9747
9633
9748
9634
9749
9635
9750
9636
9751
9637
9752
9638
9753
9639
9754
9640
9755
9641
9756
9642
9757
9643
9758
9644
9759
9645
9760
9646
9761
9647
9762
9648
9763
9649
9764
9650
9765
9651
9766
9652
9767
9653
9768
9654
9769
9655
9770
9656
9771
9657
9772
9658
9773
9659
9774
9660
9775
9661
9776
9662
9777
9663
9778
9664
9779
9665
9780
9666
9781
9667
9782
9668
9783
9669
9784
9670
9785
9671
9786
9672
9787
9673
9788
9674
9789
9675
9790
9676
9791
9677
9792
9678
9793
9679
9794
9680
9795
9681
9796
9682
9797
9683
9798
9684
9799
9685
9800
9686
9801
9687
9802
9688
9803
9689
9804
9690
9805
9691
9806
9692
9807
9693
9808
9694
9809
9695
9810
9696
9811
9697
9812
9698
9813
9699
9814
9700
9815
9701
9816
9702
9817
9703
9818
9704
9819
9705
9820
9706
9821
9707
9822
9708
9823
9709
9824
9710
9825
9711
9826
9712
9827
9713
9828
9714
9829
9715
9830
9716
9831
9717
9832
9718
9833
9719
9834
9720
9835
9721
9836
9722
9837
9723
9838
9724
9839
9725
9840
9726
9841
9727
9842
9728
9843
9729
9844
9730
9845
9731
9846
9732
9847
9733
9848
9734
9849
9735
9850
9736
9851
9737
9852
9738
9853
9739
9854
9740
9855
9741
9856
9742
9857
9743
9858
9859
9745
9860
9746
9861
9747
9862
9748
9863
9749
9864
9750
9865
9751
9866
9752
9867
9753
9868
9754
9869
9755
9870
9756
9871
9757
9872
9758
9873
9759
9874
9760
9875
9761
9876
9762
9877
9763
9878
9764
9879
9765
9880
9766
9881
9767
9882
9768
9883
9769
9884
9770
9885
9771
9886
9772
9887
9773
9888
9774
9889
9775
9890
9776
9891
9777
9892
9778
9893
9779
9894
9780
9895
9781
9896
9782
9897
9783
9898
9784
9899
9785
9900
9786
9901
9787
9902
9788
9903
9789
9904
9790
9905
9791
9906
9792
9907
9793
9908
9794
9909
9795
9910
9796
9911
9797
9912
9798
9913
9799
9914
9800
9915
9801
9916
9802
9917
9803
9918
9804
9919
9805
9920
9806
9921
9807
9922
9808
9923
9809
9924
9810
9925
9811
9926
9812
9927
9813
9928
9814
9929
9815
9930
9816
9931
9817
9932
9818
9933
9819
9934
9820
9935
9821
9936
9822
9937
9823
9938
9824
9939
9825
9940
9826
9941
9827
9942
9828
9943
9829
9944
9830
9945
9831
9946
9832
9947
9833
9948
9834
9949
9835
9950
9836
9951
9837
9952
9838
9953
9839
9954
9840
9955
9841
9956
9842
9957
9843
9958
9844
9959
9845
9960
9846
9961
9847
9962
9848
9963
9849
9964
9850
9965
9851
9966
9852
9967
9853
9968
9854
9969
9855
9970
9856
9971
9857
9972
9858
9973
9859
9974
9975
9861
9976
9862
9977
9863
9978
9864
9979
9865
9980
9866
9981
9867
9982
9868
9983
9869
9984
9870
9985
9871
9986
9872
9987
9873
9988
9874
9989
9875
9990
9876
9991
9877
9992
9878
9993
9879
9994
9880
9995
9881
9996
9882
9997
9883
9998
9884
9999
9885
10000
9886
10001
9887
10002
9888
10003
9889
10004
9890
10005
9891
10006
9892
10007
9893
10008
9894
10009
9895
10010
9896
10011
9897
10012
9898
10013
9899
10014
9900
10015
9901
10016
9902
10017
9903
10018
9904
10019
9905
10020
9906
10021
9907
10022
9908
10023
9909
10024
9910
10025
9911
10026
9912
10027
9913
10028
9914
10029
9915
10030
9916
10031
9917
10032
9918
10033
9919
10034
9920
10035
9921
10036
9922
10037
9923
10038
9924
10039
9925
10040
9926
10041
9927
10042
9928
10043
9929
10044
9930
10045
9931
10046
9932
10047
9933
10048
9934
10049
9935
10050
9936
10051
9937
10052
9938
10053
9939
10054
9940
10055
9941
10056
9942
10057
9943
10058
9944
10059
9945
10060
9946
10061
9947
10062
9948
10063
9949
10064
9950
10065
9951
10066
9952
10067
9953
10068
9954
10069
9955
10070
9956
10071
9957
10072
9958
10073
9959
10074
9960
10075
9961
10076
9962
10077
9963
10078
9964
10079
9965
10080
9966
10081
9967
10082
9968
10083
9969
10084
9970
10085
9971
10086
9972
10087
9973
10088
9974
10089
9975
10090
10091
9977
10092
9978
10093
9979
10094
9980
10095
9981
10096
9982
10097
9983
10098
9984
10099
9985
10100
9986
10101
9987
10102
9988
10103
9989
10104
9990
10105
9991
10106
9992
10107
9993
10108
9994
10109
9995
10110
9996
10111
9997
10112
9998
10113
9999
10114
10000
10115
10001
10116
10002
10117
10003
10118
10004
10119
10005
10120
10006
10121
10007
10122
10008
10123
10009
10124
10010
10125
10011
10126
10012
10127
10013
10128
10014
10129
10015
10130
10016
10131
10017
10132
10018
10133
10019
10134
10020
10135
10021
10136
10022
10137
10023
10138
10024
10139
10025
10140
10026
10141
10027
10142
10028
10143
10029
10144
10030
10145
10031
10146
10032
10147
10033
10148
10034
10149
10035
10150
10036
10151
10037
10152
10038
10153
10039
10154
10040
10155
10041
10156
10042
10157
10043
10158
10044
10159
10045
10160
10046
10161
10047
10162
10048
10163
10049
10164
10050
10165
10051
10166
10052
10167
10053
10168
10054
10169
10055
10170
10056
10171
10057
10172
10058
10173
10059
10174
10060
10175
10061
10176
10062
10177
10063
10178
10064
10179
10065
10180
10066
10181
10067
10182
10068
10183
10069
10184
10070
10185
10071
10186
10072
10187
10073
10188
10074
10189
10075
10190
10076
10191
10077
10192
10078
10193
10079
10194
10080
10195
10081
10196
10082
10197
10083
10198
10084
10199
10085
10200
10086
10201
10087
10202
10088
10203
10089
10204
10090
10205
10091
10206
10207
10093
10208
10094
10209
10095
10210
10096
10211
10097
10212
10098
10213
10099
10214
10100
10215
10101
10216
10102
10217
10103
10218
10104
10219
10105
10220
10106
10221
10107
10222
10108
10223
10109
10224
10110
10225
10111
10226
10112
10227
10113
10228
10114
10229
10115
10230
10116
10231
10117
10232
10118
10233
10119
10234
10120
10235
10121
10236
10122
10237
10123
10238
10124
10239
10125
10240
10126
10241
10127
10242
10128
10243
10129
10244
10130
10245
10131
10246
10132
10247
10133
10248
10134
10249
10135
10250
10136
10251
10137
10252
10138
10253
10139
10254
10140
10255
10141
10256
10142
10257
10143
10258
10144
10259
10145
10260
10146
10261
10147
10262
10148
10263
10149
10264
10150
10265
10151
10266
10152
10267
10153
10268
10154
10269
10155
10270
10156
10271
10157
10272
10158
10273
10159
10274
10160
10275
10161
10276
10162
10277
10163
10278
10164
10279
10165
10280
10166
10281
10167
10282
10168
10283
10169
10284
10170
10285
10171
10286
10172
10287
10173
10288
10174
10289
10175
10290
10176
10291
10177
10292
10178
10293
10179
10294
10180
10295
10181
10296
10182
10297
10183
10298
10184
10299
10185
10300
10186
10301
10187
10302
10188
10303
10189
10304
10190
10305
10191
10306
10192
10307
10193
10308
10194
10309
10195
10310
10196
10311
10197
10312
10198
10313
10199
10314
10200
10315
10201
10316
10202
10317
10203
10318
10204
10319
10205
10320
10206
10321
10207
10322
10323
10209
10324
10210
10325
10211
10326
10212
10327
10213
10328
10214
10329
10215
10330
10216
10331
10217
10332
10218
10333
10219
10334
10220
10335
10221
10336
10222
10337
10223
10338
10224
10339
10225
10340
10226
10341
10227
10342
10228
10343
10229
10344
10230
10345
10231
10346
10232
10347
10233
10348
10234
10349
10235
10350
10236
10351
10237
10352
10238
10353
10239
10354
10240
10355
10241
10356
10242
10357
10243
10358
10244
10359
10245
10360
10246
10361
10247
10362
10248
10363
10249
10364
10250
10365
10251
10366
10252
10367
10253
10368
10254
10369
10255
10370
10256
10371
10257
10372
10258
10373
10259
10374
10260
10375
10261
10376
10262
10377
10263
10378
10264
10379
10265
10380
10266
10381
10267
10382
10268
10383
10269
10384
10270
10385
10271
10386
10272
10387
10273
10388
10274
10389
10275
10390
10276
10391
10277
10392
10278
10393
10279
10394
10280
10395
10281
10396
10282
10397
10283
10398
10284
10399
10285
10400
10286
10401
10287
10402
10288
10403
10289
10404
10290
10405
10291
10406
10292
10407
10293
10408
10294
10409
10295
10410
10296
10411
10297
10412
10298
10413
10299
10414
10300
10415
10301
10416
10302
10417
10303
10418
10304
10419
10305
10420
10306
10421
10307
10422
10308
10423
10309
10424
10310
10425
10311
10426
10312
10427
10313
10428
10314
10429
10315
10430
10316
10431
10317
10432
10318
10433
10319
10434
10320
10435
10321
10436
10322
10437
10323
10438
10439
10325
10440
10326
10441
10327
10442
10328
10443
10329
10444
10330
10445
10331
10446
10332
10447
10333
10448
10334
10449
10335
10450
10336
10451
10337
10452
10338
10453
10339
10454
10340
10455
10341
10456
10342
10457
10343
10458
10344
10459
10345
10460
10346
10461
10347
10462
10348
10463
10349
10464
10350
10465
10351
10466
10352
10467
10353
10468
10354
10469
10355
10470
10356
10471
10357
10472
10358
10473
10359
10474
10360
10475
10361
10476
10362
10477
10363
10478
10364
10479
10365
10480
10366
10481
10367
10482
10368
10483
10369
10484
10370
10485
10371
10486
10372
10487
10373
10488
10374
10489
10375
10490
10376
10491
10377
10492
10378
10493
10379
10494
10380
10495
10381
10496
10382
10497
10383
10498
10384
10499
10385
10500
10386
10501
10387
10502
10388
10503
10389
10504
10390
10505
10391
10506
10392
10507
10393
10508
10394
10509
10395
10510
10396
10511
10397
10512
10398
10513
10399
10514
10400
10515
10401
10516
10402
10517
10403
10518
10404
10519
10405
10520
10406
10521
10407
10522
10408
10523
10409
10524
10410
10525
10411
10526
10412
10527
10413
10528
10414
10529
10415
10530
10416
10531
10417
10532
10418
10533
10419
10534
10420
10535
10421
10536
10422
10537
10423
10538
10424
10539
10425
10540
10426
10541
10427
10542
10428
10543
10429
10544
10430
10545
10431
10546
10432
10547
10433
10548
10434
10549
10435
10550
10436
10551
10437
10552
10438
10553
10439
10554
10555
10441
10556
10442
10557
10443
10558
10444
10559
10445
10560
10446
10561
10447
10562
10448
10563
10449
10564
10450
10565
10451
10566
10452
10567
10453
10568
10454
10569
10455
10570
10456
10571
10457
10572
10458
10573
10459
10574
10460
10575
10461
10576
10462
10577
10463
10578
10464
10579
10465
10580
10466
10581
10467
10582
10468
10583
10469
10584
10470
10585
10471
10586
10472
10587
10473
10588
10474
10589
10475
10590
10476
10591
10477
10592
10478
10593
10479
10594
10480
10595
10481
10596
10482
10597
10483
10598
10484
10599
10485
10600
10486
10601
10487
10602
10488
10603
10489
10604
10490
10605
10491
10606
10492
10607
10493
10608
10494
10609
10495
10610
10496
10611
10497
10612
10498
10613
10499
10614
10500
10615
10501
10616
10502
10617
10503
10618
10504
10619
10505
10620
10506
10621
10507
10622
10508
10623
10509
10624
10510
10625
10511
10626
10512
10627
10513
10628
10514
10629
10515
10630
10516
10631
10517
10632
10518
10633
10519
10634
10520
10635
10521
10636
10522
10637
10523
10638
10524
10639
10525
10640
10526
10641
10527
10642
10528
10643
10529
10644
10530
10645
10531
10646
10532
10647
10533
10648
10534
10649
10535
10650
10536
10651
10537
10652
10538
10653
10539
10654
10540
10655
10541
10656
10542
10657
10543
10658
10544
10659
10545
10660
10546
10661
10547
10662
10548
10663
10549
10664
10550
10665
10551
10666
10552
10667
10553
10668
10554
10669
10555
10670
10671
10557
10672
10558
10673
10559
10674
10560
10675
10561
10676
10562
10677
10563
10678
10564
10679
10565
10680
10566
10681
10567
10682
10568
10683
10569
10684
10570
10685
10571
10686
10572
10687
10573
10688
10574
10689
10575
10690
10576
10691
10577
10692
10578
10693
10579
10694
10580
10695
10581
10696
10582
10697
10583
10698
10584
10699
10585
10700
10586
10701
10587
10702
10588
10703
10589
10704
10590
10705
10591
10706
10592
10707
10593
10708
10594
10709
10595
10710
10596
10711
10597
10712
10598
10713
10599
10714
10600
10715
10601
10716
10602
10717
10603
10718
10604
10719
10605
10720
10606
10721
10607
10722
10608
10723
10609
10724
10610
10725
10611
10726
10612
10727
10613
10728
10614
10729
10615
10730
10616
10731
10617
10732
10618
10733
10619
10734
10620
10735
10621
10736
10622
10737
10623
10738
10624
10739
10625
10740
10626
10741
10627
10742
10628
10743
10629
10744
10630
10745
10631
10746
10632
10747
10633
10748
10634
10749
10635
10750
10636
10751
10637
10752
10638
10753
10639
10754
10640
10755
10641
10756
10642
10757
10643
10758
10644
10759
10645
10760
10646
10761
10647
10762
10648
10763
10649
10764
10650
10765
10651
10766
10652
10767
10653
10768
10654
10769
10655
10770
10656
10771
10657
10772
10658
10773
10659
10774
10660
10775
10661
10776
10662
10777
10663
10778
10664
10779
10665
10780
10666
10781
10667
10782
10668
10783
10669
10784
10670
10785
10671
10786
10787
10673
10788
10674
10789
10675
10790
10676
10791
10677
10792
10678
10793
10679
10794
10680
10795
10681
10796
10682
10797
10683
10798
10684
10799
10685
10800
10686
10801
10687
10802
10688
10803
10689
10804
10690
10805
10691
10806
10692
10807
10693
10808
10694
10809
10695
10810
10696
10811
10697
10812
10698
10813
10699
10814
10700
10815
10701
10816
10702
10817
10703
10818
10704
10819
10705
10820
10706
10821
10707
10822
10708
10823
10709
10824
10710
10825
10711
10826
10712
10827
10713
10828
10714
10829
10715
10830
10716
10831
10717
10832
10718
10833
10719
10834
10720
10835
10721
10836
10722
10837
10723
10838
10724
10839
10725
10840
10726
10841
10727
10842
10728
10843
10729
10844
10730
10845
10731
10846
10732
10847
10733
10848
10734
10849
10735
10850
10736
10851
10737
10852
10738
10853
10739
10854
10740
10855
10741
10856
10742
10857
10743
10858
10744
10859
10745
10860
10746
10861
10747
10862
10748
10863
10749
10864
10750
10865
10751
10866
10752
10867
10753
10868
10754
10869
10755
10870
10756
10871
10757
10872
10758
10873
10759
10874
10760
10875
10761
10876
10762
10877
10763
10878
10764
10879
10765
10880
10766
10881
10767
10882
10768
10883
10769
10884
10770
10885
10771
10886
10772
10887
10773
10888
10774
10889
10775
10890
10776
10891
10777
10892
10778
10893
10779
10894
10780
10895
10781
10896
10782
10897
10783
10898
10784
10899
10785
10900
10786
10901
10787
10902
10903
10789
10904
10790
10905
10791
10906
10792
10907
10793
10908
10794
10909
10795
10910
10796
10911
10797
10912
10798
10913
10799
10914
10800
10915
10801
10916
10802
10917
10803
10918
10804
10919
10805
10920
10806
10921
10807
10922
10808
10923
10809
10924
10810
10925
10811
10926
10812
10927
10813
10928
10814
10929
10815
10930
10816
10931
10817
10932
10818
10933
10819
10934
10820
10935
10821
10936
10822
10937
10823
10938
10824
10939
10825
10940
10826
10941
10827
10942
10828
10943
10829
10944
10830
10945
10831
10946
10832
10947
10833
10948
10834
10949
10835
10950
10836
10951
10837
10952
10838
10953
10839
10954
10840
10955
10841
10956
10842
10957
10843
10958
10844
10959
10845
10960
10846
10961
10847
10962
10848
10963
10849
10964
10850
10965
10851
10966
10852
10967
10853
10968
10854
10969
10855
10970
10856
10971
10857
10972
10858
10973
10859
10974
10860
10975
10861
10976
10862
10977
10863
10978
10864
10979
10865
10980
10866
10981
10867
10982
10868
10983
10869
10984
10870
10985
10871
10986
10872
10987
10873
10988
10874
10989
10875
10990
10876
10991
10877
10992
10878
10993
10879
10994
10880
10995
10881
10996
10882
10997
10883
10998
10884
10999
10885
11000
10886
11001
10887
11002
10888
11003
10889
11004
10890
11005
10891
11006
10892
11007
10893
11008
10894
11009
10895
11010
10896
11011
10897
11012
10898
11013
10899
11014
10900
11015
10901
11016
10902
11017
10903
11018
11019
10905
11020
10906
11021
10907
11022
10908
11023
10909
11024
10910
11025
10911
11026
10912
11027
10913
11028
10914
11029
10915
11030
10916
11031
10917
11032
10918
11033
10919
11034
10920
11035
10921
11036
10922
11037
10923
11038
10924
11039
10925
11040
10926
11041
10927
11042
10928
11043
10929
11044
10930
11045
10931
11046
10932
11047
10933
11048
10934
11049
10935
11050
10936
11051
10937
11052
10938
11053
10939
11054
10940
11055
10941
11056
10942
11057
10943
11058
10944
11059
10945
11060
10946
11061
10947
11062
10948
11063
10949
11064
10950
11065
10951
11066
10952
11067
10953
11068
10954
11069
10955
11070
10956
11071
10957
11072
10958
11073
10959
11074
10960
11075
10961
11076
10962
11077
10963
11078
10964
11079
10965
11080
10966
11081
10967
11082
10968
11083
10969
11084
10970
11085
10971
11086
10972
11087
10973
11088
10974
11089
10975
11090
10976
11091
10977
11092
10978
11093
10979
11094
10980
11095
10981
11096
10982
11097
10983
11098
10984
11099
10985
11100
10986
11101
10987
11102
10988
11103
10989
11104
10990
11105
10991
11106
10992
11107
10993
11108
10994
11109
10995
11110
10996
11111
10997
11112
10998
11113
10999
11114
11000
11115
11001
11116
11002
11117
11003
11118
11004
11119
11005
11120
11006
11121
11007
11122
11008
11123
11009
11124
11010
11125
11011
11126
11012
11127
11013
11128
11014
11129
11015
11130
11016
11131
11017
11132
11018
11133
11019
11134
11135
11021
11136
11022
11137
11023
11138
11024
11139
11025
11140
11026
11141
11027
11142
11028
11143
11029
11144
11030
11145
11031
11146
11032
11147
11033
11148
11034
11149
11035
11150
11036
11151
11037
11152
11038
11153
11039
11154
11040
11155
11041
11156
11042
11157
11043
11158
11044
11159
11045
11160
11046
11161
11047
11162
11048
11163
11049
11164
11050
11165
11051
11166
11052
11167
11053
11168
11054
11169
11055
11170
11056
11171
11057
11172
11058
11173
11059
11174
11060
11175
11061
11176
11062
11177
11063
11178
11064
11179
11065
11180
11066
11181
11067
11182
11068
11183
11069
11184
11070
11185
11071
11186
11072
11187
11073
11188
11074
11189
11075
11190
11076
11191
11077
11192
11078
11193
11079
11194
11080
11195
11081
11196
11082
11197
11083
11198
11084
11199
11085
11200
11086
11201
11087
11202
11088
11203
11089
11204
11090
11205
11091
11206
11092
11207
11093
11208
11094
11209
11095
11210
11096
11211
11097
11212
11098
11213
11099
11214
11100
11215
11101
11216
11102
11217
11103
11218
11104
11219
11105
11220
11106
11221
11107
11222
11108
11223
11109
11224
11110
11225
11111
11226
11112
11227
11113
11228
11114
11229
11115
11230
11116
11231
11117
11232
11118
11233
11119
11234
11120
11235
11121
11236
11122
11237
11123
11238
11124
11239
11125
11240
11126
11241
11127
11242
11128
11243
11129
11244
11130
11245
11131
11246
11132
11247
11133
11248
11134
11249
11135
11250
11251
11137
11252
11138
11253
11139
11254
11140
11255
11141
11256
11142
11257
11143
11258
11144
11259
11145
11260
11146
11261
11147
11262
11148
11263
11149
11264
11150
11265
11151
11266
11152
11267
11153
11268
11154
11269
11155
11270
11156
11271
11157
11272
11158
11273
11159
11274
11160
11275
11161
11276
11162
11277
11163
11278
11164
11279
11165
11280
11166
11281
11167
11282
11168
11283
11169
11284
11170
11285
11171
11286
11172
11287
11173
11288
11174
11289
11175
11290
11176
11291
11177
11292
11178
11293
11179
11294
11180
11295
11181
11296
11182
11297
11183
11298
11184
11299
11185
11300
11186
11301
11187
11302
11188
11303
11189
11304
11190
11305
11191
11306
11192
11307
11193
11308
11194
11309
11195
11310
11196
11311
11197
11312
11198
11313
11199
11314
11200
11315
11201
11316
11202
11317
11203
11318
11204
11319
11205
11320
11206
11321
11207
11322
11208
11323
11209
11324
11210
11325
11211
11326
11212
11327
11213
11328
11214
11329
11215
11330
11216
11331
11217
11332
11218
11333
11219
11334
11220
11335
11221
11336
11222
11337
11223
11338
11224
11339
11225
11340
11226
11341
11227
11342
11228
11343
11229
11344
11230
11345
11231
11346
11232
11347
11233
11348
11234
11349
11235
11350
11236
11351
11237
11352
11238
11353
11239
11354
11240
11355
11241
11356
11242
11357
11243
11358
11244
11359
11245
11360
11246
11361
11247
11362
11248
11363
11249
11364
11250
11365
11251
11366
11367
11253
11368
11254
11369
11255
11370
11256
11371
11257
11372
11258
11373
11259
11374
11260
11375
11261
11376
11262
11377
11263
11378
11264
11379
11265
11380
11266
11381
11267
11382
11268
11383
11269
11384
11270
11385
11271
11386
11272
11387
11273
11388
11274
11389
11275
11390
11276
11391
11277
11392
11278
11393
11279
11394
11280
11395
11281
11396
11282
11397
11283
11398
11284
11399
11285
11400
11286
11401
11287
11402
11288
11403
11289
11404
11290
11405
11291
11406
11292
11407
11293
11408
11294
11409
11295
11410
11296
11411
11297
11412
11298
11413
11299
11414
11300
11415
11301
11416
11302
11417
11303
11418
11304
11419
11305
11420
11306
11421
11307
11422
11308
11423
11309
11424
11310
11425
11311
11426
11312
11427
11313
11428
11314
11429
11315
11430
11316
11431
11317
11432
11318
11433
11319
11434
11320
11435
11321
11436
11322
11437
11323
11438
11324
11439
11325
11440
11326
11441
11327
11442
11328
11443
11329
11444
11330
11445
11331
11446
11332
11447
11333
11448
11334
11449
11335
11450
11336
11451
11337
11452
11338
11453
11339
11454
11340
11455
11341
11456
11342
11457
11343
11458
11344
11459
11345
11460
11346
11461
11347
11462
11348
11463
11349
11464
11350
11465
11351
11466
11352
11467
11353
11468
11354
11469
11355
11470
11356
11471
11357
11472
11358
11473
11359
11474
11360
11475
11361
11476
11362
11477
11363
11478
11364
11479
11365
11480
11366
11481
11367
11482
11483
11369
11484
11370
11485
11371
11486
11372
11487
11373
11488
11374
11489
11375
11490
11376
11491
11377
11492
11378
11493
11379
11494
11380
11495
11381
11496
11382
11497
11383
11498
11384
11499
11385
11500
11386
11501
11387
11502
11388
11503
11389
11504
11390
11505
11391
11506
11392
11507
11393
11508
11394
11509
11395
11510
11396
11511
11397
11512
11398
11513
11399
11514
11400
11515
11401
11516
11402
11517
11403
11518
11404
11519
11405
11520
11406
11521
11407
11522
11408
11523
11409
11524
11410
11525
11411
11526
11412
11527
11413
11528
11414
11529
11415
11530
11416
11531
11417
11532
11418
11533
11419
11534
11420
11535
11421
11536
11422
11537
11423
11538
11424
11539
11425
11540
11426
11541
11427
11542
11428
11543
11429
11544
11430
11545
11431
11546
11432
11547
11433
11548
11434
11549
11435
11550
11436
11551
11437
11552
11438
11553
11439
11554
11440
11555
11441
11556
11442
11557
11443
11558
11444
11559
11445
11560
11446
11561
11447
11562
11448
11563
11449
11564
11450
11565
11451
11566
11452
11567
11453
11568
11454
11569
11455
11570
11456
11571
11457
11572
11458
11573
11459
11574
11460
11575
11461
11576
11462
11577
11463
11578
11464
11579
11465
11580
11466
11581
11467
11582
11468
11583
11469
11584
11470
11585
11471
11586
11472
11587
11473
11588
11474
11589
11475
11590
11476
11591
11477
11592
11478
11593
11479
11594
11480
11595
11481
11596
11482
11597
11483
11598
11599
11485
11600
11486
11601
11487
11602
11488
11603
11489
11604
11490
11605
11491
11606
11492
11607
11493
11608
11494
11609
11495
11610
11496
11611
11497
11612
11498
11613
11499
11614
11500
11615
11501
11616
11502
11617
11503
11618
11504
11619
11505
11620
11506
11621
11507
11622
11508
11623
11509
11624
11510
11625
11511
11626
11512
11627
11513
11628
11514
11629
11515
11630
11516
11631
11517
11632
11518
11633
11519
11634
11520
11635
11521
11636
11522
11637
11523
11638
11524
11639
11525
11640
11526
11641
11527
11642
11528
11643
11529
11644
11530
11645
11531
11646
11532
11647
11533
11648
11534
11649
11535
11650
11536
11651
11537
11652
11538
11653
11539
11654
11540
11655
11541
11656
11542
11657
11543
11658
11544
11659
11545
11660
11546
11661
11547
11662
11548
11663
11549
11664
11550
11665
11551
11666
11552
11667
11553
11668
11554
11669
11555
11670
11556
11671
11557
11672
11558
11673
11559
11674
11560
11675
11561
11676
11562
11677
11563
11678
11564
11679
11565
11680
11566
11681
11567
11682
11568
11683
11569
11684
11570
11685
11571
11686
11572
11687
11573
11688
11574
11689
11575
11690
11576
11691
11577
11692
11578
11693
11579
11694
11580
11695
11581
11696
11582
11697
11583
11698
11584
11699
11585
11700
11586
11701
11587
11702
11588
11703
11589
11704
11590
11705
11591
11706
11592
11707
11593
11708
11594
11709
11595
11710
11596
11711
11597
11712
11598
11713
11599
11714
11715
11601
11716
11602
11717
11603
11718
11604
11719
11605
11720
11606
11721
11607
11722
11608
11723
11609
11724
11610
11725
11611
11726
11612
11727
11613
11728
11614
11729
11615
11730
11616
11731
11617
11732
11618
11733
11619
11734
11620
11735
11621
11736
11622
11737
11623
11738
11624
11739
11625
11740
11626
11741
11627
11742
11628
11743
11629
11744
11630
11745
11631
11746
11632
11747
11633
11748
11634
11749
11635
11750
11636
11751
11637
11752
11638
11753
11639
11754
11640
11755
11641
11756
11642
11757
11643
11758
11644
11759
11645
11760
11646
11761
11647
11762
11648
11763
11649
11764
11650
11765
11651
11766
11652
11767
11653
11768
11654
11769
11655
11770
11656
11771
11657
11772
11658
11773
11659
11774
11660
11775
11661
11776
11662
11777
11663
11778
11664
11779
11665
11780
11666
11781
11667
11782
11668
11783
11669
11784
11670
11785
11671
11786
11672
11787
11673
11788
11674
11789
11675
11790
11676
11791
11677
11792
11678
11793
11679
11794
11680
11795
11681
11796
11682
11797
11683
11798
11684
11799
11685
11800
11686
11801
11687
11802
11688
11803
11689
11804
11690
11805
11691
11806
11692
11807
11693
11808
11694
11809
11695
11810
11696
11811
11697
11812
11698
11813
11699
11814
11700
11815
11701
11816
11702
11817
11703
11818
11704
11819
11705
11820
11706
11821
11707
11822
11708
11823
11709
11824
11710
11825
11711
11826
11712
11827
11713
11828
11714
11829
11715
11830
11831
11717
11832
11718
11833
11719
11834
11720
11835
11721
11836
11722
11837
11723
11838
11724
11839
11725
11840
11726
11841
11727
11842
11728
11843
11729
11844
11730
11845
11731
11846
11732
11847
11733
11848
11734
11849
11735
11850
11736
11851
11737
11852
11738
11853
11739
11854
11740
11855
11741
11856
11742
11857
11743
11858
11744
11859
11745
11860
11746
11861
11747
11862
11748
11863
11749
11864
11750
11865
11751
11866
11752
11867
11753
11868
11754
11869
11755
11870
11756
11871
11757
11872
11758
11873
11759
11874
11760
11875
11761
11876
11762
11877
11763
11878
11764
11879
11765
11880
11766
11881
11767
11882
11768
11883
11769
11884
11770
11885
11771
11886
11772
11887
11773
11888
11774
11889
11775
11890
11776
11891
11777
11892
11778
11893
11779
11894
11780
11895
11781
11896
11782
11897
11783
11898
11784
11899
11785
11900
11786
11901
11787
11902
11788
11903
11789
11904
11790
11905
11791
11906
11792
11907
11793
11908
11794
11909
11795
11910
11796
11911
11797
11912
11798
11913
11799
11914
11800
11915
11801
11916
11802
11917
11803
11918
11804
11919
11805
11920
11806
11921
11807
11922
11808
11923
11809
11924
11810
11925
11811
11926
11812
11927
11813
11928
11814
11929
11815
11930
11816
11931
11817
11932
11818
11933
11819
11934
11820
11935
11821
11936
11822
11937
11823
11938
11824
11939
11825
11940
11826
11941
11827
11942
11828
11943
11829
11944
11830
11945
11831
11946
11947
11833
11948
11834
11949
11835
11950
11836
11951
11837
11952
11838
11953
11839
11954
11840
11955
11841
11956
11842
11957
11843
11958
11844
11959
11845
11960
11846
11961
11847
11962
11848
11963
11849
11964
11850
11965
11851
11966
11852
11967
11853
11968
11854
11969
11855
11970
11856
11971
11857
11972
11858
11973
11859
11974
11860
11975
11861
11976
11862
11977
11863
11978
11864
11979
11865
11980
11866
11981
11867
11982
11868
11983
11869
11984
11870
11985
11871
11986
11872
11987
11873
11988
11874
11989
11875
11990
11876
11991
11877
11992
11878
11993
11879
11994
11880
11995
11881
11996
11882
11997
11883
11998
11884
11999
11885
12000
11886
12001
11887
12002
11888
12003
11889
12004
11890
12005
11891
12006
11892
12007
11893
12008
11894
12009
11895
12010
11896
12011
11897
12012
11898
12013
11899
12014
11900
12015
11901
12016
11902
12017
11903
12018
11904
12019
11905
12020
11906
12021
11907
12022
11908
12023
11909
12024
11910
12025
11911
12026
11912
12027
11913
12028
11914
12029
11915
12030
11916
12031
11917
12032
11918
12033
11919
12034
11920
12035
11921
12036
11922
12037
11923
12038
11924
12039
11925
12040
11926
12041
11927
12042
11928
12043
11929
12044
11930
12045
11931
12046
11932
12047
11933
12048
11934
12049
11935
12050
11936
12051
11937
12052
11938
12053
11939
12054
11940
12055
11941
12056
11942
12057
11943
12058
11944
12059
11945
12060
11946
12061
11947
12062
12063
11949
12064
11950
12065
11951
12066
11952
12067
11953
12068
11954
12069
11955
12070
11956
12071
11957
12072
11958
12073
11959
12074
11960
12075
11961
12076
11962
12077
11963
12078
11964
12079
11965
12080
11966
12081
11967
12082
11968
12083
11969
12084
11970
12085
11971
12086
11972
12087
11973
12088
11974
12089
11975
12090
11976
12091
11977
12092
11978
12093
11979
12094
11980
12095
11981
12096
11982
12097
11983
12098
11984
12099
11985
12100
11986
12101
11987
12102
11988
12103
11989
12104
11990
12105
11991
12106
11992
12107
11993
12108
11994
12109
11995
12110
11996
12111
11997
12112
11998
12113
11999
12114
12000
12115
12001
12116
12002
12117
12003
12118
12004
12119
12005
12120
12006
12121
12007
12122
12008
12123
12009
12124
12010
12125
12011
12126
12012
12127
12013
12128
12014
12129
12015
12130
12016
12131
12017
12132
12018
12133
12019
12134
12020
12135
12021
12136
12022
12137
12023
12138
12024
12139
12025
12140
12026
12141
12027
12142
12028
12143
12029
12144
12030
12145
12031
12146
12032
12147
12033
12148
12034
12149
12035
12150
12036
12151
12037
12152
12038
12153
12039
12154
12040
12155
12041
12156
12042
12157
12043
12158
12044
12159
12045
12160
12046
12161
12047
12162
12048
12163
12049
12164
12050
12165
12051
12166
12052
12167
12053
12168
12054
12169
12055
12170
12056
12171
12057
12172
12058
12173
12059
12174
12060
12175
12061
12176
12062
12177
12063
12178
12179
12065
12180
12066
12181
12067
12182
12068
12183
12069
12184
12070
12185
12071
12186
12072
12187
12073
12188
12074
12189
12075
12190
12076
12191
12077
12192
12078
12193
12079
12194
12080
12195
12081
12196
12082
12197
12083
12198
12084
12199
12085
12200
12086
12201
12087
12202
12088
12203
12089
12204
12090
12205
12091
12206
12092
12207
12093
12208
12094
12209
12095
12210
12096
12211
12097
12212
12098
12213
12099
12214
12100
12215
12101
12216
12102
12217
12103
12218
12104
12219
12105
12220
12106
12221
12107
12222
12108
12223
12109
12224
12110
12225
12111
12226
12112
12227
12113
12228
12114
12229
12115
12230
12116
12231
12117
12232
12118
12233
12119
12234
12120
12235
12121
12236
12122
12237
12123
12238
12124
12239
12125
12240
12126
12241
12127
12242
12128
12243
12129
12244
12130
12245
12131
12246
12132
12247
12133
12248
12134
12249
12135
12250
12136
12251
12137
12252
12138
12253
12139
12254
12140
12255
12141
12256
12142
12257
12143
12258
12144
12259
12145
12260
12146
12261
12147
12262
12148
12263
12149
12264
12150
12265
12151
12266
12152
12267
12153
12268
12154
12269
12155
12270
12156
12271
12157
12272
12158
12273
12159
12274
12160
12275
12161
12276
12162
12277
12163
12278
12164
12279
12165
12280
12166
12281
12167
12282
12168
12283
12169
12284
12170
12285
12171
12286
12172
12287
12173
12288
12174
12289
12175
12290
12176
12291
12177
12292
12178
12293
12179
12294
12295
12181
12296
12182
12297
12183
12298
12184
12299
12185
12300
12186
12301
12187
12302
12188
12303
12189
12304
12190
12305
12191
12306
12192
12307
12193
12308
12194
12309
12195
12310
12196
12311
12197
12312
12198
12313
12199
12314
12200
12315
12201
12316
12202
12317
12203
12318
12204
12319
12205
12320
12206
12321
12207
12322
12208
12323
12209
12324
12210
12325
12211
12326
12212
12327
12213
12328
12214
12329
12215
12330
12216
12331
12217
12332
12218
12333
12219
12334
12220
12335
12221
12336
12222
12337
12223
12338
12224
12339
12225
12340
12226
12341
12227
12342
12228
12343
12229
12344
12230
12345
12231
12346
12232
12347
12233
12348
12234
12349
12235
12350
12236
12351
12237
12352
12238
12353
12239
12354
12240
12355
12241
12356
12242
12357
12243
12358
12244
12359
12245
12360
12246
12361
12247
12362
12248
12363
12249
12364
12250
12365
12251
12366
12252
12367
12253
12368
12254
12369
12255
12370
12256
12371
12257
12372
12258
12373
12259
12374
12260
12375
12261
12376
12262
12377
12263
12378
12264
12379
12265
12380
12266
12381
12267
12382
12268
12383
12269
12384
12270
12385
12271
12386
12272
12387
12273
12388
12274
12389
12275
12390
12276
12391
12277
12392
12278
12393
12279
12394
12280
12395
12281
12396
12282
12397
12283
12398
12284
12399
12285
12400
12286
12401
12287
12402
12288
12403
12289
12404
12290
12405
12291
12406
12292
12407
12293
12408
12294
12409
12295
12410
12411
12297
12412
12298
12413
12299
12414
12300
12415
12301
12416
12302
12417
12303
12418
12304
12419
12305
12420
12306
12421
12307
12422
12308
12423
12309
12424
12310
12425
12311
12426
12312
12427
12313
12428
12314
12429
12315
12430
12316
12431
12317
12432
12318
12433
12319
12434
12320
12435
12321
12436
12322
12437
12323
12438
12324
12439
12325
12440
12326
12441
12327
12442
12328
12443
12329
12444
12330
12445
12331
12446
12332
12447
12333
12448
12334
12449
12335
12450
12336
12451
12337
12452
12338
12453
12339
12454
12340
12455
12341
12456
12342
12457
12343
12458
12344
12459
12345
12460
12346
12461
12347
12462
12348
12463
12349
12464
12350
12465
12351
12466
12352
12467
12353
12468
12354
12469
12355
12470
12356
12471
12357
12472
12358
12473
12359
12474
12360
12475
12361
12476
12362
12477
12363
12478
12364
12479
12365
12480
12366
12481
12367
12482
12368
12483
12369
12484
12370
12485
12371
12486
12372
12487
12373
12488
12374
12489
12375
12490
12376
12491
12377
12492
12378
12493
12379
12494
12380
12495
12381
12496
12382
12497
12383
12498
12384
12499
12385
12500
12386
12501
12387
12502
12388
12503
12389
12504
12390
12505
12391
12506
12392
12507
12393
12508
12394
12509
12395
12510
12396
12511
12397
12512
12398
12513
12399
12514
12400
12515
12401
12516
12402
12517
12403
12518
12404
12519
12405
12520
12406
12521
12407
12522
12408
12523
12409
12524
12410
12525
12411
12526
12527
12413
12528
12414
12529
12415
12530
12416
12531
12417
12532
12418
12533
12419
12534
12420
12535
12421
12536
12422
12537
12423
12538
12424
12539
12425
12540
12426
12541
12427
12542
12428
12543
12429
12544
12430
12545
12431
12546
12432
12547
12433
12548
12434
12549
12435
12550
12436
12551
12437
12552
12438
12553
12439
12554
12440
12555
12441
12556
12442
12557
12443
12558
12444
12559
12445
12560
12446
12561
12447
12562
12448
12563
12449
12564
12450
12565
12451
12566
12452
12567
12453
12568
12454
12569
12455
12570
12456
12571
12457
12572
12458
12573
12459
12574
12460
12575
12461
12576
12462
12577
12463
12578
12464
12579
12465
12580
12466
12581
12467
12582
12468
12583
12469
12584
12470
12585
12471
12586
12472
12587
12473
12588
12474
12589
12475
12590
12476
12591
12477
12592
12478
12593
12479
12594
12480
12595
12481
12596
12482
12597
12483
12598
12484
12599
12485
12600
12486
12601
12487
12602
12488
12603
12489
12604
12490
12605
12491
12606
12492
12607
12493
12608
12494
12609
12495
12610
12496
12611
12497
12612
12498
12613
12499
12614
12500
12615
12501
12616
12502
12617
12503
12618
12504
12619
12505
12620
12506
12621
12507
12622
12508
12623
12509
12624
12510
12625
12511
12626
12512
12627
12513
12628
12514
12629
12515
12630
12516
12631
12517
12632
12518
12633
12519
12634
12520
12635
12521
12636
12522
12637
12523
12638
12524
12639
12525
12640
12526
12641
12527
12642
12643
12529
12644
12530
12645
12531
12646
12532
12647
12533
12648
12534
12649
12535
12650
12536
12651
12537
12652
12538
12653
12539
12654
12540
12655
12541
12656
12542
12657
12543
12658
12544
12659
12545
12660
12546
12661
12547
12662
12548
12663
12549
12664
12550
12665
12551
12666
12552
12667
12553
12668
12554
12669
12555
12670
12556
12671
12557
12672
12558
12673
12559
12674
12560
12675
12561
12676
12562
12677
12563
12678
12564
12679
12565
12680
12566
12681
12567
12682
12568
12683
12569
12684
12570
12685
12571
12686
12572
12687
12573
12688
12574
12689
12575
12690
12576
12691
12577
12692
12578
12693
12579
12694
12580
12695
12581
12696
12582
12697
12583
12698
12584
12699
12585
12700
12586
12701
12587
12702
12588
12703
12589
12704
12590
12705
12591
12706
12592
12707
12593
12708
12594
12709
12595
12710
12596
12711
12597
12712
12598
12713
12599
12714
12600
12715
12601
12716
12602
12717
12603
12718
12604
12719
12605
12720
12606
12721
12607
12722
12608
12723
12609
12724
12610
12725
12611
12726
12612
12727
12613
12728
12614
12729
12615
12730
12616
12731
12617
12732
12618
12733
12619
12734
12620
12735
12621
12736
12622
12737
12623
12738
12624
12739
12625
12740
12626
12741
12627
12742
12628
12743
12629
12744
12630
12745
12631
12746
12632
12747
12633
12748
12634
12749
12635
12750
12636
12751
12637
12752
12638
12753
12639
12754
12640
12755
12641
12756
12642
12757
12643
12758
12759
12645
12760
12646
12761
12647
12762
12648
12763
12649
12764
12650
12765
12651
12766
12652
12767
12653
12768
12654
12769
12655
12770
12656
12771
12657
12772
12658
12773
12659
12774
12660
12775
12661
12776
12662
12777
12663
12778
12664
12779
12665
12780
12666
12781
12667
12782
12668
12783
12669
12784
12670
12785
12671
12786
12672
12787
12673
12788
12674
12789
12675
12790
12676
12791
12677
12792
12678
12793
12679
12794
12680
12795
12681
12796
12682
12797
12683
12798
12684
12799
12685
12800
12686
12801
12687
12802
12688
12803
12689
12804
12690
12805
12691
12806
12692
12807
12693
12808
12694
12809
12695
12810
12696
12811
12697
12812
12698
12813
12699
12814
12700
12815
12701
12816
12702
12817
12703
12818
12704
12819
12705
12820
12706
12821
12707
12822
12708
12823
12709
12824
12710
12825
12711
12826
12712
12827
12713
12828
12714
12829
12715
12830
12716
12831
12717
12832
12718
12833
12719
12834
12720
12835
12721
12836
12722
12837
12723
12838
12724
12839
12725
12840
12726
12841
12727
12842
12728
12843
12729
12844
12730
12845
12731
12846
12732
12847
12733
12848
12734
12849
12735
12850
12736
12851
12737
12852
12738
12853
12739
12854
12740
12855
12741
12856
12742
12857
12743
12858
12744
12859
12745
12860
12746
12861
12747
12862
12748
12863
12749
12864
12750
12865
12751
12866
12752
12867
12753
12868
12754
12869
12755
12870
12756
12871
12757
12872
12758
12873
12759
12874
12875
12761
12876
12762
12877
12763
12878
12764
12879
12765
12880
12766
12881
12767
12882
12768
12883
12769
12884
12770
12885
12771
12886
12772
12887
12773
12888
12774
12889
12775
12890
12776
12891
12777
12892
12778
12893
12779
12894
12780
12895
12781
12896
12782
12897
12783
12898
12784
12899
12785
12900
12786
12901
12787
12902
12788
12903
12789
12904
12790
12905
12791
12906
12792
12907
12793
12908
12794
12909
12795
12910
12796
12911
12797
12912
12798
12913
12799
12914
12800
12915
12801
12916
12802
12917
12803
12918
12804
12919
12805
12920
12806
12921
12807
12922
12808
12923
12809
12924
12810
12925
12811
12926
12812
12927
12813
12928
12814
12929
12815
12930
12816
12931
12817
12932
12818
12933
12819
12934
12820
12935
12821
12936
12822
12937
12823
12938
12824
12939
12825
12940
12826
12941
12827
12942
12828
12943
12829
12944
12830
12945
12831
12946
12832
12947
12833
12948
12834
12949
12835
12950
12836
12951
12837
12952
12838
12953
12839
12954
12840
12955
12841
12956
12842
12957
12843
12958
12844
12959
12845
12960
12846
12961
12847
12962
12848
12963
12849
12964
12850
12965
12851
12966
12852
12967
12853
12968
12854
12969
12855
12970
12856
12971
12857
12972
12858
12973
12859
12974
12860
12975
12861
12976
12862
12977
12863
12978
12864
12979
12865
12980
12866
12981
12867
12982
12868
12983
12869
12984
12870
12985
12871
12986
12872
12987
12873
12988
12874
12989
12875
12990
12991
12877
12992
12878
12993
12879
12994
12880
12995
12881
12996
12882
12997
12883
12998
12884
12999
12885
13000
12886
13001
12887
13002
12888
13003
12889
13004
12890
13005
12891
13006
12892
13007
12893
13008
12894
13009
12895
13010
12896
13011
12897
13012
12898
13013
12899
13014
12900
13015
12901
13016
12902
13017
12903
13018
12904
13019
12905
13020
12906
13021
12907
13022
12908
13023
12909
13024
12910
13025
12911
13026
12912
13027
12913
13028
12914
13029
12915
13030
12916
13031
12917
13032
12918
13033
12919
13034
12920
13035
12921
13036
12922
13037
12923
13038
12924
13039
12925
13040
12926
13041
12927
13042
12928
13043
12929
13044
12930
13045
12931
13046
12932
13047
12933
13048
12934
13049
12935
13050
12936
13051
12937
13052
12938
13053
12939
13054
12940
13055
12941
13056
12942
13057
12943
13058
12944
13059
12945
13060
12946
13061
12947
13062
12948
13063
12949
13064
12950
13065
12951
13066
12952
13067
12953
13068
12954
13069
12955
13070
12956
13071
12957
13072
12958
13073
12959
13074
12960
13075
12961
13076
12962
13077
12963
13078
12964
13079
12965
13080
12966
13081
12967
13082
12968
13083
12969
13084
12970
13085
12971
13086
12972
13087
12973
13088
12974
13089
12975
13090
12976
13091
12977
13092
12978
13093
12979
13094
12980
13095
12981
13096
12982
13097
12983
13098
12984
13099
12985
13100
12986
13101
12987
13102
12988
13103
12989
13104
12990
13105
12991
13106
13107
12993
13108
12994
13109
12995
13110
12996
13111
12997
13112
12998
13113
12999
13114
13000
13115
13001
13116
13002
13117
13003
13118
13004
13119
13005
13120
13006
13121
13007
13122
13008
13123
13009
13124
13010
13125
13011
13126
13012
13127
13013
13128
13014
13129
13015
13130
13016
13131
13017
13132
13018
13133
13019
13134
13020
13135
13021
13136
13022
13137
13023
13138
13024
13139
13025
13140
13026
13141
13027
13142
13028
13143
13029
13144
13030
13145
13031
13146
13032
13147
13033
13148
13034
13149
13035
13150
13036
13151
13037
13152
13038
13153
13039
13154
13040
13155
13041
13156
13042
13157
13043
13158
13044
13159
13045
13160
13046
13161
13047
13162
13048
13163
13049
13164
13050
13165
13051
13166
13052
13167
13053
13168
13054
13169
13055
13170
13056
13171
13057
13172
13058
13173
13059
13174
13060
13175
13061
13176
13062
13177
13063
13178
13064
13179
13065
13180
13066
13181
13067
13182
13068
13183
13069
13184
13070
13185
13071
13186
13072
13187
13073
13188
13074
13189
13075
13190
13076
13191
13077
13192
13078
13193
13079
13194
13080
13195
13081
13196
13082
13197
13083
13198
13084
13199
13085
13200
13086
13201
13087
13202
13088
13203
13089
13204
13090
13205
13091
13206
13092
13207
13093
13208
13094
13209
13095
13210
13096
13211
13097
13212
13098
13213
13099
13214
13100
13215
13101
13216
13102
13217
13103
13218
13104
13219
13105
13220
13106
13221
13107
13222
13223
13109
13224
13110
13225
13111
13226
13112
13227
13113
13228
13114
13229
13115
13230
13116
13231
13117
13232
13118
13233
13119
13234
13120
13235
13121
13236
13122
13237
13123
13238
13124
13239
13125
13240
13126
13241
13127
13242
13128
13243
13129
13244
13130
13245
13131
13246
13132
13247
13133
13248
13134
13249
13135
13250
13136
13251
13137
13252
13138
13253
13139
13254
13140
13255
13141
13256
13142
13257
13143
13258
13144
13259
13145
13260
13146
13261
13147
13262
13148
13263
13149
13264
13150
13265
13151
13266
13152
13267
13153
13268
13154
13269
13155
13270
13156
13271
13157
13272
13158
13273
13159
13274
13160
13275
13161
13276
13162
13277
13163
13278
13164
13279
13165
13280
13166
13281
13167
13282
13168
13283
13169
13284
13170
13285
13171
13286
13172
13287
13173
13288
13174
13289
13175
13290
13176
13291
13177
13292
13178
13293
13179
13294
13180
13295
13181
13296
13182
13297
13183
13298
13184
13299
13185
13300
13186
13301
13187
13302
13188
13303
13189
13304
13190
13305
13191
13306
13192
13307
13193
13308
13194
13309
13195
13310
13196
13311
13197
13312
13198
13313
13199
13314
13200
13315
13201
13316
13202
13317
13203
13318
13204
13319
13205
13320
13206
13321
13207
13322
13208
13323
13209
13324
13210
13325
13211
13326
13212
13327
13213
13328
13214
13329
13215
13330
13216
13331
13217
13332
13218
13333
13219
13334
13220
13335
13221
13336
13222
13337
13223
13338
13339
13225
13340
13226
13341
13227
13342
13228
13343
13229
13344
13230
13345
13231
13346
13232
13347
13233
13348
13234
13349
13235
13350
13236
13351
13237
13352
13238
13353
13239
13354
13240
13355
13241
13356
13242
13357
13243
13358
13244
13359
13245
13360
13246
13361
13247
13362
13248
13363
13249
13364
13250
13365
13251
13366
13252
13367
13253
13368
13254
13369
13255
13370
13256
13371
13257
13372
13258
13373
13259
13374
13260
13375
13261
13376
13262
13377
13263
13378
13264
13379
13265
13380
13266
13381
13267
13382
13268
13383
13269
13384
13270
13385
13271
13386
13272
13387
13273
13388
13274
13389
13275
13390
13276
13391
13277
13392
13278
13393
13279
13394
13280
13395
13281
13396
13282
13397
13283
13398
13284
13399
13285
13400
13286
13401
13287
13402
13288
13403
13289
13404
13290
13405
13291
13406
13292
13407
13293
13408
13294
13409
13295
13410
13296
13411
13297
13412
13298
13413
13299
13414
13300
13415
13301
13416
13302
13417
13303
13418
13304
13419
13305
13420
13306
13421
13307
13422
13308
13423
13309
13424
13310
13425
13311
13426
13312
13427
13313
13428
13314
13429
13315
13430
13316
13431
13317
13432
13318
13433
13319
13434
13320
13435
13321
13436
13322
13437
13323
13438
13324
13439
13325
13440
13326
13441
13327
13442
13328
13443
13329
13444
13330
13445
13331
13446
13332
13447
13333
13448
13334
13449
13335
13450
13336
13451
13337
13452
13338
13453
13339
13454
13455
13341
13456
13342
13457
13343
13458
13344
13459
13345
13460
13346
13461
13347
13462
13348
13463
13349
13464
13350
13465
13351
13466
13352
13467
13353
13468
13354
13469
13355
13470
13356
13471
13357
13472
13358
13473
13359
13474
13360
13475
13361
13476
13362
13477
13363
13478
13364
13479
13365
13480
13366
13481
13367
13482
13368
13483
13369
13484
13370
13485
13371
13486
13372
13487
13373
13488
13374
13489
13375
13490
13376
13491
13377
13492
13378
13493
13379
13494
13380
13495
13381
13496
13382
13497
13383
13498
13384
13499
13385
13500
13386
13501
13387
13502
13388
13503
13389
13504
13390
13505
13391
13506
13392
13507
13393
13508
13394
13509
13395
13510
13396
13511
13397
13512
13398
13513
13399
13514
13400
13515
13401
13516
13402
13517
13403
13518
13404
13519
13405
13520
13406
13521
13407
13522
13408
13523
13409
13524
13410
13525
13411
13526
13412
13527
13413
13528
13414
13529
13415
13530
13416
13531
13417
13532
13418
13533
13419
13534
13420
13535
13421
13536
13422
13537
13423
13538
13424
13539
13425
13540
13426
13541
13427
13542
13428
13543
13429
13544
13430
13545
13431
13546
13432
13547
13433
13548
13434
13549
13435
13550
13436
13551
13437
13552
13438
13553
13439
13554
13440
13555
13441
13556
13442
13557
13443
13558
13444
13559
13445
13560
13446
13561
13447
13562
13448
13563
13449
13564
13450
13565
13451
13566
13452
13567
13453
13568
13454
13569
13455
13570
13571
13457
13572
13458
13573
13459
13574
13460
13575
13461
13576
13462
13577
13463
13578
13464
13579
13465
13580
13466
13581
13467
13582
13468
13583
13469
13584
13470
13585
13471
13586
13472
13587
13473
13588
13474
13589
13475
13590
13476
13591
13477
13592
13478
13593
13479
13594
13480
13595
13481
13596
13482
13597
13483
13598
13484
13599
13485
13600
13486
13601
13487
13602
13488
13603
13489
13604
13490
13605
13491
13606
13492
13607
13493
13608
13494
13609
13495
13610
13496
13611
13497
13612
13498
13613
13499
13614
13500
13615
13501
13616
13502
13617
13503
13618
13504
13619
13505
13620
13506
13621
13507
13622
13508
13623
13509
13624
13510
13625
13511
13626
13512
13627
13513
13628
13514
13629
13515
13630
13516
13631
13517
13632
13518
13633
13519
13634
13520
13635
13521
13636
13522
13637
13523
13638
13524
13639
13525
13640
13526
13641
13527
13642
13528
13643
13529
13644
13530
13645
13531
13646
13532
13647
13533
13648
13534
13649
13535
13650
13536
13651
13537
13652
13538
13653
13539
13654
13540
13655
13541
13656
13542
13657
13543
13658
13544
13659
13545
13660
13546
13661
13547
13662
13548
13663
13549
13664
13550
13665
13551
13666
13552
13667
13553
13668
13554
13669
13555
13670
13556
13671
13557
13672
13558
13673
13559
13674
13560
13675
13561
13676
13562
13677
13563
13678
13564
13679
13565
13680
13566
13681
13567
13682
13568
13683
13569
13684
13570
13685
13571
13686
13687
13573
13688
13574
13689
13575
13690
13576
13691
13577
13692
13578
13693
13579
13694
13580
13695
13581
13696
13582
13697
13583
13698
13584
13699
13585
13700
13586
13701
13587
13702
13588
13703
13589
13704
13590
13705
13591
13706
13592
13707
13593
13708
13594
13709
13595
13710
13596
13711
13597
13712
13598
13713
13599
13714
13600
13715
13601
13716
13602
13717
13603
13718
13604
13719
13605
13720
13606
13721
13607
13722
13608
13723
13609
13724
13610
13725
13611
13726
13612
13727
13613
13728
13614
13729
13615
13730
13616
13731
13617
13732
13618
13733
13619
13734
13620
13735
13621
13736
13622
13737
13623
13738
13624
13739
13625
13740
13626
13741
13627
13742
13628
13743
13629
13744
13630
13745
13631
13746
13632
13747
13633
13748
13634
13749
13635
13750
13636
13751
13637
13752
13638
13753
13639
13754
13640
13755
13641
13756
13642
13757
13643
13758
13644
13759
13645
13760
13646
13761
13647
13762
13648
13763
13649
13764
13650
13765
13651
13766
13652
13767
13653
13768
13654
13769
13655
13770
13656
13771
13657
13772
13658
13773
13659
13774
13660
13775
13661
13776
13662
13777
13663
13778
13664
13779
13665
13780
13666
13781
13667
13782
13668
13783
13669
13784
13670
13785
13671
13786
13672
13787
13673
13788
13674
13789
13675
13790
13676
13791
13677
13792
13678
13793
13679
13794
13680
13795
13681
13796
13682
13797
13683
13798
13684
13799
13685
13800
13686
13801
13687
13802
13803
13689
13804
13690
13805
13691
13806
13692
13807
13693
13808
13694
13809
13695
13810
13696
13811
13697
13812
13698
13813
13699
13814
13700
13815
13701
13816
13702
13817
13703
13818
13704
13819
13705
13820
13706
13821
13707
13822
13708
13823
13709
13824
13710
13825
13711
13826
13712
13827
13713
13828
13714
13829
13715
13830
13716
13831
13717
13832
13718
13833
13719
13834
13720
13835
13721
13836
13722
13837
13723
13838
13724
13839
13725
13840
13726
13841
13727
13842
13728
13843
13729
13844
13730
13845
13731
13846
13732
13847
13733
13848
13734
13849
13735
13850
13736
13851
13737
13852
13738
13853
13739
13854
13740
13855
13741
13856
13742
13857
13743
13858
13744
13859
13745
13860
13746
13861
13747
13862
13748
13863
13749
13864
13750
13865
13751
13866
13752
13867
13753
13868
13754
13869
13755
13870
13756
13871
13757
13872
13758
13873
13759
13874
13760
13875
13761
13876
13762
13877
13763
13878
13764
13879
13765
13880
13766
13881
13767
13882
13768
13883
13769
13884
13770
13885
13771
13886
13772
13887
13773
13888
13774
13889
13775
13890
13776
13891
13777
13892
13778
13893
13779
13894
13780
13895
13781
13896
13782
13897
13783
13898
13784
13899
13785
13900
13786
13901
13787
13902
13788
13903
13789
13904
13790
13905
13791
13906
13792
13907
13793
13908
13794
13909
13795
13910
13796
13911
13797
13912
13798
13913
13799
13914
13800
13915
13801
13916
13802
13917
13803
13918
13919
13805
13920
13806
13921
13807
13922
13808
13923
13809
13924
13810
13925
13811
13926
13812
13927
13813
13928
13814
13929
13815
13930
13816
13931
13817
13932
13818
13933
13819
13934
13820
13935
13821
13936
13822
13937
13823
13938
13824
13939
13825
13940
13826
13941
13827
13942
13828
13943
13829
13944
13830
13945
13831
13946
13832
13947
13833
13948
13834
13949
13835
13950
13836
13951
13837
13952
13838
13953
13839
13954
13840
13955
13841
13956
13842
13957
13843
13958
13844
13959
13845
13960
13846
13961
13847
13962
13848
13963
13849
13964
13850
13965
13851
13966
13852
13967
13853
13968
13854
13969
13855
13970
13856
13971
13857
13972
13858
13973
13859
13974
13860
13975
13861
13976
13862
13977
13863
13978
13864
13979
13865
13980
13866
13981
13867
13982
13868
13983
13869
13984
13870
13985
13871
13986
13872
13987
13873
13988
13874
13989
13875
13990
13876
13991
13877
13992
13878
13993
13879
13994
13880
13995
13881
13996
13882
13997
13883
13998
13884
13999
13885
14000
13886
14001
13887
14002
13888
14003
13889
14004
13890
14005
13891
14006
13892
14007
13893
14008
13894
14009
13895
14010
13896
14011
13897
14012
13898
14013
13899
14014
13900
14015
13901
14016
13902
14017
13903
14018
13904
14019
13905
14020
13906
14021
13907
14022
13908
14023
13909
14024
13910
14025
13911
14026
13912
14027
13913
14028
13914
14029
13915
14030
13916
14031
13917
14032
13918
14033
13919
14034
14035
13921
14036
13922
14037
13923
14038
13924
14039
13925
14040
13926
14041
13927
14042
13928
14043
13929
14044
13930
14045
13931
14046
13932
14047
13933
14048
13934
14049
13935
14050
13936
14051
13937
14052
13938
14053
13939
14054
13940
14055
13941
14056
13942
14057
13943
14058
13944
14059
13945
14060
13946
14061
13947
14062
13948
14063
13949
14064
13950
14065
13951
14066
13952
14067
13953
14068
13954
14069
13955
14070
13956
14071
13957
14072
13958
14073
13959
14074
13960
14075
13961
14076
13962
14077
13963
14078
13964
14079
13965
14080
13966
14081
13967
14082
13968
14083
13969
14084
13970
14085
13971
14086
13972
14087
13973
14088
13974
14089
13975
14090
13976
14091
13977
14092
13978
14093
13979
14094
13980
14095
13981
14096
13982
14097
13983
14098
13984
14099
13985
14100
13986
14101
13987
14102
13988
14103
13989
14104
13990
14105
13991
14106
13992
14107
13993
14108
13994
14109
13995
14110
13996
14111
13997
14112
13998
14113
13999
14114
14000
14115
14001
14116
14002
14117
14003
14118
14004
14119
14005
14120
14006
14121
14007
14122
14008
14123
14009
14124
14010
14125
14011
14126
14012
14127
14013
14128
14014
14129
14015
14130
14016
14131
14017
14132
14018
14133
14019
14134
14020
14135
14021
14136
14022
14137
14023
14138
14024
14139
14025
14140
14026
14141
14027
14142
14028
14143
14029
14144
14030
14145
14031
14146
14032
14147
14033
14148
14034
14149
14035
14150
14151
14037
14152
14038
14153
14039
14154
14040
14155
14041
14156
14042
14157
14043
14158
14044
14159
14045
14160
14046
14161
14047
14162
14048
14163
14049
14164
14050
14165
14051
14166
14052
14167
14053
14168
14054
14169
14055
14170
14056
14171
14057
14172
14058
14173
14059
14174
14060
14175
14061
14176
14062
14177
14063
14178
14064
14179
14065
14180
14066
14181
14067
14182
14068
14183
14069
14184
14070
14185
14071
14186
14072
14187
14073
14188
14074
14189
14075
14190
14076
14191
14077
14192
14078
14193
14079
14194
14080
14195
14081
14196
14082
14197
14083
14198
14084
14199
14085
14200
14086
14201
14087
14202
14088
14203
14089
14204
14090
14205
14091
14206
14092
14207
14093
14208
14094
14209
14095
14210
14096
14211
14097
14212
14098
14213
14099
14214
14100
14215
14101
14216
14102
14217
14103
14218
14104
14219
14105
14220
14106
14221
14107
14222
14108
14223
14109
14224
14110
14225
14111
14226
14112
14227
14113
14228
14114
14229
14115
14230
14116
14231
14117
14232
14118
14233
14119
14234
14120
14235
14121
14236
14122
14237
14123
14238
14124
14239
14125
14240
14126
14241
14127
14242
14128
14243
14129
14244
14130
14245
14131
14246
14132
14247
14133
14248
14134
14249
14135
14250
14136
14251
14137
14252
14138
14253
14139
14254
14140
14255
14141
14256
14142
14257
14143
14258
14144
14259
14145
14260
14146
14261
14147
14262
14148
14263
14149
14264
14150
14265
14151
14266
14267
14153
14268
14154
14269
14155
14270
14156
14271
14157
14272
14158
14273
14159
14274
14160
14275
14161
14276
14162
14277
14163
14278
14164
14279
14165
14280
14166
14281
14167
14282
14168
14283
14169
14284
14170
14285
14171
14286
14172
14287
14173
14288
14174
14289
14175
14290
14176
14291
14177
14292
14178
14293
14179
14294
14180
14295
14181
14296
14182
14297
14183
14298
14184
14299
14185
14300
14186
14301
14187
14302
14188
14303
14189
14304
14190
14305
14191
14306
14192
14307
14193
14308
14194
14309
14195
14310
14196
14311
14197
14312
14198
14313
14199
14314
14200
14315
14201
14316
14202
14317
14203
14318
14204
14319
14205
14320
14206
14321
14207
14322
14208
14323
14209
14324
14210
14325
14211
14326
14212
14327
14213
14328
14214
14329
14215
14330
14216
14331
14217
14332
14218
14333
14219
14334
14220
14335
14221
14336
14222
14337
14223
14338
14224
14339
14225
14340
14226
14341
14227
14342
14228
14343
14229
14344
14230
14345
14231
14346
14232
14347
14233
14348
14234
14349
14235
14350
14236
14351
14237
14352
14238
14353
14239
14354
14240
14355
14241
14356
14242
14357
14243
14358
14244
14359
14245
14360
14246
14361
14247
14362
14248
14363
14249
14364
14250
14365
14251
14366
14252
14367
14253
14368
14254
14369
14255
14370
14256
14371
14257
14372
14258
14373
14259
14374
14260
14375
14261
14376
14262
14377
14263
14378
14264
14379
14265
14380
14266
14381
14267
14382
14383
14269
14384
14270
14385
14271
14386
14272
14387
14273
14388
14274
14389
14275
14390
14276
14391
14277
14392
14278
14393
14279
14394
14280
14395
14281
14396
14282
14397
14283
14398
14284
14399
14285
14400
14286
14401
14287
14402
14288
14403
14289
14404
14290
14405
14291
14406
14292
14407
14293
14408
14294
14409
14295
14410
14296
14411
14297
14412
14298
14413
14299
14414
14300
14415
14301
14416
14302
14417
14303
14418
14304
14419
14305
14420
14306
14421
14307
14422
14308
14423
14309
14424
14310
14425
14311
14426
14312
14427
14313
14428
14314
14429
14315
14430
14316
14431
14317
14432
14318
14433
14319
14434
14320
14435
14321
14436
14322
14437
14323
14438
14324
14439
14325
14440
14326
14441
14327
14442
14328
14443
14329
14444
14330
14445
14331
14446
14332
14447
14333
14448
14334
14449
14335
14450
14336
14451
14337
14452
14338
14453
14339
14454
14340
14455
14341
14456
14342
14457
14343
14458
14344
14459
14345
14460
14346
14461
14347
14462
14348
14463
14349
14464
14350
14465
14351
14466
14352
14467
14353
14468
14354
14469
14355
14470
14356
14471
14357
14472
14358
14473
14359
14474
14360
14475
14361
14476
14362
14477
14363
14478
14364
14479
14365
14480
14366
14481
14367
14482
14368
14483
14369
14484
14370
14485
14371
14486
14372
14487
14373
14488
14374
14489
14375
14490
14376
14491
14377
14492
14378
14493
14379
14494
14380
14495
14381
14496
14382
14497
14383
14498
14499
14385
14500
14386
14501
14387
14502
14388
14503
14389
14504
14390
14505
14391
14506
14392
14507
14393
14508
14394
14509
14395
14510
14396
14511
14397
14512
14398
14513
14399
14514
14400
14515
14401
14516
14402
14517
14403
14518
14404
14519
14405
14520
14406
14521
14407
14522
14408
14523
14409
14524
14410
14525
14411
14526
14412
14527
14413
14528
14414
14529
14415
14530
14416
14531
14417
14532
14418
14533
14419
14534
14420
14535
14421
14536
14422
14537
14423
14538
14424
14539
14425
14540
14426
14541
14427
14542
14428
14543
14429
14544
14430
14545
14431
14546
14432
14547
14433
14548
14434
14549
14435
14550
14436
14551
14437
14552
14438
14553
14439
14554
14440
14555
14441
14556
14442
14557
14443
14558
14444
14559
14445
14560
14446
14561
14447
14562
14448
14563
14449
14564
14450
14565
14451
14566
14452
14567
14453
14568
14454
14569
14455
14570
14456
14571
14457
14572
14458
14573
14459
14574
14460
14575
14461
14576
14462
14577
14463
14578
14464
14579
14465
14580
14466
14581
14467
14582
14468
14583
14469
14584
14470
14585
14471
14586
14472
14587
14473
14588
14474
14589
14475
14590
14476
14591
14477
14592
14478
14593
14479
14594
14480
14595
14481
14596
14482
14597
14483
14598
14484
14599
14485
14600
14486
14601
14487
14602
14488
14603
14489
14604
14490
14605
14491
14606
14492
14607
14493
14608
14494
14609
14495
14610
14496
14611
14497
14612
14498
14613
14499
14614
14615
14501
14616
14502
14617
14503
14618
14504
14619
14505
14620
14506
14621
14507
14622
14508
14623
14509
14624
14510
14625
14511
14626
14512
14627
14513
14628
14514
14629
14515
14630
14516
14631
14517
14632
14518
14633
14519
14634
14520
14635
14521
14636
14522
14637
14523
14638
14524
14639
14525
14640
14526
14641
14527
14642
14528
14643
14529
14644
14530
14645
14531
14646
14532
14647
14533
14648
14534
14649
14535
14650
14536
14651
14537
14652
14538
14653
14539
14654
14540
14655
14541
14656
14542
14657
14543
14658
14544
14659
14545
14660
14546
14661
14547
14662
14548
14663
14549
14664
14550
14665
14551
14666
14552
14667
14553
14668
14554
14669
14555
14670
14556
14671
14557
14672
14558
14673
14559
14674
14560
14675
14561
14676
14562
14677
14563
14678
14564
14679
14565
14680
14566
14681
14567
14682
14568
14683
14569
14684
14570
14685
14571
14686
14572
14687
14573
14688
14574
14689
14575
14690
14576
14691
14577
14692
14578
14693
14579
14694
14580
14695
14581
14696
14582
14697
14583
14698
14584
14699
14585
14700
14586
14701
14587
14702
14588
14703
14589
14704
14590
14705
14591
14706
14592
14707
14593
14708
14594
14709
14595
14710
14596
14711
14597
14712
14598
14713
14599
14714
14600
14715
14601
14716
14602
14717
14603
14718
14604
14719
14605
14720
14606
14721
14607
14722
14608
14723
14609
14724
14610
14725
14611
14726
14612
14727
14613
14728
14614
14729
14615
14730
14731
14617
14732
14618
14733
14619
14734
14620
14735
14621
14736
14622
14737
14623
14738
14624
14739
14625
14740
14626
14741
14627
14742
14628
14743
14629
14744
14630
14745
14631
14746
14632
14747
14633
14748
14634
14749
14635
14750
14636
14751
14637
14752
14638
14753
14639
14754
14640
14755
14641
14756
14642
14757
14643
14758
14644
14759
14645
14760
14646
14761
14647
14762
14648
14763
14649
14764
14650
14765
14651
14766
14652
14767
14653
14768
14654
14769
14655
14770
14656
14771
14657
14772
14658
14773
14659
14774
14660
14775
14661
14776
14662
14777
14663
14778
14664
14779
14665
14780
14666
14781
14667
14782
14668
14783
14669
14784
14670
14785
14671
14786
14672
14787
14673
14788
14674
14789
14675
14790
14676
14791
14677
14792
14678
14793
14679
14794
14680
14795
14681
14796
14682
14797
14683
14798
14684
14799
14685
14800
14686
14801
14687
14802
14688
14803
14689
14804
14690
14805
14691
14806
14692
14807
14693
14808
14694
14809
14695
14810
14696
14811
14697
14812
14698
14813
14699
14814
14700
14815
14701
14816
14702
14817
14703
14818
14704
14819
14705
14820
14706
14821
14707
14822
14708
14823
14709
14824
14710
14825
14711
14826
14712
14827
14713
14828
14714
14829
14715
14830
14716
14831
14717
14832
14718
14833
14719
14834
14720
14835
14721
14836
14722
14837
14723
14838
14724
14839
14725
14840
14726
14841
14727
14842
14728
14843
14729
14844
14730
14845
14731
14846
14847
14733
14848
14734
14849
14735
14850
14736
14851
14737
14852
14738
14853
14739
14854
14740
14855
14741
14856
14742
14857
14743
14858
14744
14859
14745
14860
14746
14861
14747
14862
14748
14863
14749
14864
14750
14865
14751
14866
14752
14867
14753
14868
14754
14869
14755
14870
14756
14871
14757
14872
14758
14873
14759
14874
14760
14875
14761
14876
14762
14877
14763
14878
14764
14879
14765
14880
14766
14881
14767
14882
14768
14883
14769
14884
14770
14885
14771
14886
14772
14887
14773
14888
14774
14889
14775
14890
14776
14891
14777
14892
14778
14893
14779
14894
14780
14895
14781
14896
14782
14897
14783
14898
14784
14899
14785
14900
14786
14901
14787
14902
14788
14903
14789
14904
14790
14905
14791
14906
14792
14907
14793
14908
14794
14909
14795
14910
14796
14911
14797
14912
14798
14913
14799
14914
14800
14915
14801
14916
14802
14917
14803
14918
14804
14919
14805
14920
14806
14921
14807
14922
14808
14923
14809
14924
14810
14925
14811
14926
14812
14927
14813
14928
14814
14929
14815
14930
14816
14931
14817
14932
14818
14933
14819
14934
14820
14935
14821
14936
14822
14937
14823
14938
14824
14939
14825
14940
14826
14941
14827
14942
14828
14943
14829
14944
14830
14945
14831
14946
14832
14947
14833
14948
14834
14949
14835
14950
14836
14951
14837
14952
14838
14953
14839
14954
14840
14955
14841
14956
14842
14957
14843
14958
14844
14959
14845
14960
14846
14961
14847
14962
14963
14849
14964
14850
14965
14851
14966
14852
14967
14853
14968
14854
14969
14855
14970
14856
14971
14857
14972
14858
14973
14859
14974
14860
14975
14861
14976
14862
14977
14863
14978
14864
14979
14865
14980
14866
14981
14867
14982
14868
14983
14869
14984
14870
14985
14871
14986
14872
14987
14873
14988
14874
14989
14875
14990
14876
14991
14877
14992
14878
14993
14879
14994
14880
14995
14881
14996
14882
14997
14883
14998
14884
14999
14885
15000
14886
15001
14887
15002
14888
15003
14889
15004
14890
15005
14891
15006
14892
15007
14893
15008
14894
15009
14895
15010
14896
15011
14897
15012
14898
15013
14899
15014
14900
15015
14901
15016
14902
15017
14903
15018
14904
15019
14905
15020
14906
15021
14907
15022
14908
15023
14909
15024
14910
15025
14911
15026
14912
15027
14913
15028
14914
15029
14915
15030
14916
15031
14917
15032
14918
15033
14919
15034
14920
15035
14921
15036
14922
15037
14923
15038
14924
15039
14925
15040
14926
15041
14927
15042
14928
15043
14929
15044
14930
15045
14931
15046
14932
15047
14933
15048
14934
15049
14935
15050
14936
15051
14937
15052
14938
15053
14939
15054
14940
15055
14941
15056
14942
15057
14943
15058
14944
15059
14945
15060
14946
15061
14947
15062
14948
15063
14949
15064
14950
15065
14951
15066
14952
15067
14953
15068
14954
15069
14955
15070
14956
15071
14957
15072
14958
15073
14959
15074
14960
15075
14961
15076
14962
15077
14963
15078
15079
14965
15080
14966
15081
14967
15082
14968
15083
14969
15084
14970
15085
14971
15086
14972
15087
14973
15088
14974
15089
14975
15090
14976
15091
14977
15092
14978
15093
14979
15094
14980
15095
14981
15096
14982
15097
14983
15098
14984
15099
14985
15100
14986
15101
14987
15102
14988
15103
14989
15104
14990
15105
14991
15106
14992
15107
14993
15108
14994
15109
14995
15110
14996
15111
14997
15112
14998
15113
14999
15114
15000
15115
15001
15116
15002
15117
15003
15118
15004
15119
15005
15120
15006
15121
15007
15122
15008
15123
15009
15124
15010
15125
15011
15126
15012
15127
15013
15128
15014
15129
15015
15130
15016
15131
15017
15132
15018
15133
15019
15134
15020
15135
15021
15136
15022
15137
15023
15138
15024
15139
15025
15140
15026
15141
15027
15142
15028
15143
15029
15144
15030
15145
15031
15146
15032
15147
15033
15148
15034
15149
15035
15150
15036
15151
15037
15152
15038
15153
15039
15154
15040
15155
15041
15156
15042
15157
15043
15158
15044
15159
15045
15160
15046
15161
15047
15162
15048
15163
15049
15164
15050
15165
15051
15166
15052
15167
15053
15168
15054
15169
15055
15170
15056
15171
15057
15172
15058
15173
15059
15174
15060
15175
15061
15176
15062
15177
15063
15178
15064
15179
15065
15180
15066
15181
15067
15182
15068
15183
15069
15184
15070
15185
15071
15186
15072
15187
15073
15188
15074
15189
15075
15190
15076
15191
15077
15192
15078
15193
15079
15194
15195
15081
15196
15082
15197
15083
15198
15084
15199
15085
15200
15086
15201
15087
15202
15088
15203
15089
15204
15090
15205
15091
15206
15092
15207
15093
15208
15094
15209
15095
15210
15096
15211
15097
15212
15098
15213
15099
15214
15100
15215
15101
15216
15102
15217
15103
15218
15104
15219
15105
15220
15106
15221
15107
15222
15108
15223
15109
15224
15110
15225
15111
15226
15112
15227
15113
15228
15114
15229
15115
15230
15116
15231
15117
15232
15118
15233
15119
15234
15120
15235
15121
15236
15122
15237
15123
15238
15124
15239
15125
15240
15126
15241
15127
15242
15128
15243
15129
15244
15130
15245
15131
15246
15132
15247
15133
15248
15134
15249
15135
15250
15136
15251
15137
15252
15138
15253
15139
15254
15140
15255
15141
15256
15142
15257
15143
15258
15144
15259
15145
15260
15146
15261
15147
15262
15148
15263
15149
15264
15150
15265
15151
15266
15152
15267
15153
15268
15154
15269
15155
15270
15156
15271
15157
15272
15158
15273
15159
15274
15160
15275
15161
15276
15162
15277
15163
15278
15164
15279
15165
15280
15166
15281
15167
15282
15168
15283
15169
15284
15170
15285
15171
15286
15172
15287
15173
15288
15174
15289
15175
15290
15176
15291
15177
15292
15178
15293
15179
15294
15180
15295
15181
15296
15182
15297
15183
15298
15184
15299
15185
15300
15186
15301
15187
15302
15188
15303
15189
15304
15190
15305
15191
15306
15192
15307
15193
15308
15194
15309
15195
15310
15311
15197
15312
15198
15313
15199
15314
15200
15315
15201
15316
15202
15317
15203
15318
15204
15319
15205
15320
15206
15321
15207
15322
15208
15323
15209
15324
15210
15325
15211
15326
15212
15327
15213
15328
15214
15329
15215
15330
15216
15331
15217
15332
15218
15333
15219
15334
15220
15335
15221
15336
15222
15337
15223
15338
15224
15339
15225
15340
15226
15341
15227
15342
15228
15343
15229
15344
15230
15345
15231
15346
15232
15347
15233
15348
15234
15349
15235
15350
15236
15351
15237
15352
15238
15353
15239
15354
15240
15355
15241
15356
15242
15357
15243
15358
15244
15359
15245
15360
15246
15361
15247
15362
15248
15363
15249
15364
15250
15365
15251
15366
15252
15367
15253
15368
15254
15369
15255
15370
15256
15371
15257
15372
15258
15373
15259
15374
15260
15375
15261
15376
15262
15377
15263
15378
15264
15379
15265
15380
15266
15381
15267
15382
15268
15383
15269
15384
15270
15385
15271
15386
15272
15387
15273
15388
15274
15389
15275
15390
15276
15391
15277
15392
15278
15393
15279
15394
15280
15395
15281
15396
15282
15397
15283
15398
15284
15399
15285
15400
15286
15401
15287
15402
15288
15403
15289
15404
15290
15405
15291
15406
15292
15407
15293
15408
15294
15409
15295
15410
15296
15411
15297
15412
15298
15413
15299
15414
15300
15415
15301
15416
15302
15417
15303
15418
15304
15419
15305
15420
15306
15421
15307
15422
15308
15423
15309
15424
15310
15425
15311
15426
15427
15313
15428
15314
15429
15315
15430
15316
15431
15317
15432
15318
15433
15319
15434
15320
15435
15321
15436
15322
15437
15323
15438
15324
15439
15325
15440
15326
15441
15327
15442
15328
15443
15329
15444
15330
15445
15331
15446
15332
15447
15333
15448
15334
15449
15335
15450
15336
15451
15337
15452
15338
15453
15339
15454
15340
15455
15341
15456
15342
15457
15343
15458
15344
15459
15345
15460
15346
15461
15347
15462
15348
15463
15349
15464
15350
15465
15351
15466
15352
15467
15353
15468
15354
15469
15355
15470
15356
15471
15357
15472
15358
15473
15359
15474
15360
15475
15361
15476
15362
15477
15363
15478
15364
15479
15365
15480
15366
15481
15367
15482
15368
15483
15369
15484
15370
15485
15371
15486
15372
15487
15373
15488
15374
15489
15375
15490
15376
15491
15377
15492
15378
15493
15379
15494
15380
15495
15381
15496
15382
15497
15383
15498
15384
15499
15385
15500
15386
15501
15387
15502
15388
15503
15389
15504
15390
15505
15391
15506
15392
15507
15393
15508
15394
15509
15395
15510
15396
15511
15397
15512
15398
15513
15399
15514
15400
15515
15401
15516
15402
15517
15403
15518
15404
15519
15405
15520
15406
15521
15407
15522
15408
15523
15409
15524
15410
15525
15411
15526
15412
15527
15413
15528
15414
15529
15415
15530
15416
15531
15417
15532
15418
15533
15419
15534
15420
15535
15421
15536
15422
15537
15423
15538
15424
15539
15425
15540
15426
15541
15427
15542
15543
15429
15544
15430
15545
15431
15546
15432
15547
15433
15548
15434
15549
15435
15550
15436
15551
15437
15552
15438
15553
15439
15554
15440
15555
15441
15556
15442
15557
15443
15558
15444
15559
15445
15560
15446
15561
15447
15562
15448
15563
15449
15564
15450
15565
15451
15566
15452
15567
15453
15568
15454
15569
15455
15570
15456
15571
15457
15572
15458
15573
15459
15574
15460
15575
15461
15576
15462
15577
15463
15578
15464
15579
15465
15580
15466
15581
15467
15582
15468
15583
15469
15584
15470
15585
15471
15586
15472
15587
15473
15588
15474
15589
15475
15590
15476
15591
15477
15592
15478
15593
15479
15594
15480
15595
15481
15596
15482
15597
15483
15598
15484
15599
15485
15600
15486
15601
15487
15602
15488
15603
15489
15604
15490
15605
15491
15606
15492
15607
15493
15608
15494
15609
15495
15610
15496
15611
15497
15612
15498
15613
15499
15614
15500
15615
15501
15616
15502
15617
15503
15618
15504
15619
15505
15620
15506
15621
15507
15622
15508
15623
15509
15624
15510
15625
15511
15626
15512
15627
15513
15628
15514
15629
15515
15630
15516
15631
15517
15632
15518
15633
15519
15634
15520
15635
15521
15636
15522
15637
15523
15638
15524
15639
15525
15640
15526
15641
15527
15642
15528
15643
15529
15644
15530
15645
15531
15646
15532
15647
15533
15648
15534
15649
15535
15650
15536
15651
15537
15652
15538
15653
15539
15654
15540
15655
15541
15656
15542
15657
15543
15658
15659
15545
15660
15546
15661
15547
15662
15548
15663
15549
15664
15550
15665
15551
15666
15552
15667
15553
15668
15554
15669
15555
15670
15556
15671
15557
15672
15558
15673
15559
15674
15560
15675
15561
15676
15562
15677
15563
15678
15564
15679
15565
15680
15566
15681
15567
15682
15568
15683
15569
15684
15570
15685
15571
15686
15572
15687
15573
15688
15574
15689
15575
15690
15576
15691
15577
15692
15578
15693
15579
15694
15580
15695
15581
15696
15582
15697
15583
15698
15584
15699
15585
15700
15586
15701
15587
15702
15588
15703
15589
15704
15590
15705
15591
15706
15592
15707
15593
15708
15594
15709
15595
15710
15596
15711
15597
15712
15598
15713
15599
15714
15600
15715
15601
15716
15602
15717
15603
15718
15604
15719
15605
15720
15606
15721
15607
15722
15608
15723
15609
15724
15610
15725
15611
15726
15612
15727
15613
15728
15614
15729
15615
15730
15616
15731
15617
15732
15618
15733
15619
15734
15620
15735
15621
15736
15622
15737
15623
15738
15624
15739
15625
15740
15626
15741
15627
15742
15628
15743
15629
15744
15630
15745
15631
15746
15632
15747
15633
15748
15634
15749
15635
15750
15636
15751
15637
15752
15638
15753
15639
15754
15640
15755
15641
15756
15642
15757
15643
15758
15644
15759
15645
15760
15646
15761
15647
15762
15648
15763
15649
15764
15650
15765
15651
15766
15652
15767
15653
15768
15654
15769
15655
15770
15656
15771
15657
15772
15658
15773
15659
15774
15775
15661
15776
15662
15777
15663
15778
15664
15779
15665
15780
15666
15781
15667
15782
15668
15783
15669
15784
15670
15785
15671
15786
15672
15787
15673
15788
15674
15789
15675
15790
15676
15791
15677
15792
15678
15793
15679
15794
15680
15795
15681
15796
15682
15797
15683
15798
15684
15799
15685
15800
15686
15801
15687
15802
15688
15803
15689
15804
15690
15805
15691
15806
15692
15807
15693
15808
15694
15809
15695
15810
15696
15811
15697
15812
15698
15813
15699
15814
15700
15815
15701
15816
15702
15817
15703
15818
15704
15819
15705
15820
15706
15821
15707
15822
15708
15823
15709
15824
15710
15825
15711
15826
15712
15827
15713
15828
15714
15829
15715
15830
15716
15831
15717
15832
15718
15833
15719
15834
15720
15835
15721
15836
15722
15837
15723
15838
15724
15839
15725
15840
15726
15841
15727
15842
15728
15843
15729
15844
15730
15845
15731
15846
15732
15847
15733
15848
15734
15849
15735
15850
15736
15851
15737
15852
15738
15853
15739
15854
15740
15855
15741
15856
15742
15857
15743
15858
15744
15859
15745
15860
15746
15861
15747
15862
15748
15863
15749
15864
15750
15865
15751
15866
15752
15867
15753
15868
15754
15869
15755
15870
15756
15871
15757
15872
15758
15873
15759
15874
15760
15875
15761
15876
15762
15877
15763
15878
15764
15879
15765
15880
15766
15881
15767
15882
15768
15883
15769
15884
15770
15885
15771
15886
15772
15887
15773
15888
15774
15889
15775
15890
15891
15777
15892
15778
15893
15779
15894
15780
15895
15781
15896
15782
15897
15783
15898
15784
15899
15785
15900
15786
15901
15787
15902
15788
15903
15789
15904
15790
15905
15791
15906
15792
15907
15793
15908
15794
15909
15795
15910
15796
15911
15797
15912
15798
15913
15799
15914
15800
15915
15801
15916
15802
15917
15803
15918
15804
15919
15805
15920
15806
15921
15807
15922
15808
15923
15809
15924
15810
15925
15811
15926
15812
15927
15813
15928
15814
15929
15815
15930
15816
15931
15817
15932
15818
15933
15819
15934
15820
15935
15821
15936
15822
15937
15823
15938
15824
15939
15825
15940
15826
15941
15827
15942
15828
15943
15829
15944
15830
15945
15831
15946
15832
15947
15833
15948
15834
15949
15835
15950
15836
15951
15837
15952
15838
15953
15839
15954
15840
15955
15841
15956
15842
15957
15843
15958
15844
15959
15845
15960
15846
15961
15847
15962
15848
15963
15849
15964
15850
15965
15851
15966
15852
15967
15853
15968
15854
15969
15855
15970
15856
15971
15857
15972
15858
15973
15859
15974
15860
15975
15861
15976
15862
15977
15863
15978
15864
15979
15865
15980
15866
15981
15867
15982
15868
15983
15869
15984
15870
15985
15871
15986
15872
15987
15873
15988
15874
15989
15875
15990
15876
15991
15877
15992
15878
15993
15879
15994
15880
15995
15881
15996
15882
15997
15883
15998
15884
15999
15885
16000
15886
16001
15887
16002
15888
16003
15889
16004
15890
16005
15891
16006
16007
15893
16008
15894
16009
15895
16010
15896
16011
15897
16012
15898
16013
15899
16014
15900
16015
15901
16016
15902
16017
15903
16018
15904
16019
15905
16020
15906
16021
15907
16022
15908
16023
15909
16024
15910
16025
15911
16026
15912
16027
15913
16028
15914
16029
15915
16030
15916
16031
15917
16032
15918
16033
15919
16034
15920
16035
15921
16036
15922
16037
15923
16038
15924
16039
15925
16040
15926
16041
15927
16042
15928
16043
15929
16044
15930
16045
15931
16046
15932
16047
15933
16048
15934
16049
15935
16050
15936
16051
15937
16052
15938
16053
15939
16054
15940
16055
15941
16056
15942
16057
15943
16058
15944
16059
15945
16060
15946
16061
15947
16062
15948
16063
15949
16064
15950
16065
15951
16066
15952
16067
15953
16068
15954
16069
15955
16070
15956
16071
15957
16072
15958
16073
15959
16074
15960
16075
15961
16076
15962
16077
15963
16078
15964
16079
15965
16080
15966
16081
15967
16082
15968
16083
15969
16084
15970
16085
15971
16086
15972
16087
15973
16088
15974
16089
15975
16090
15976
16091
15977
16092
15978
16093
15979
16094
15980
16095
15981
16096
15982
16097
15983
16098
15984
16099
15985
16100
15986
16101
15987
16102
15988
16103
15989
16104
15990
16105
15991
16106
15992
16107
15993
16108
15994
16109
15995
16110
15996
16111
15997
16112
15998
16113
15999
16114
16000
16115
16001
16116
16002
16117
16003
16118
16004
16119
16005
16120
16006
16121
16007
16122
16123
16009
16124
16010
16125
16011
16126
16012
16127
16013
16128
16014
16129
16015
16130
16016
16131
16017
16132
16018
16133
16019
16134
16020
16135
16021
16136
16022
16137
16023
16138
16024
16139
16025
16140
16026
16141
16027
16142
16028
16143
16029
16144
16030
16145
16031
16146
16032
16147
16033
16148
16034
16149
16035
16150
16036
16151
16037
16152
16038
16153
16039
16154
16040
16155
16041
16156
16042
16157
16043
16158
16044
16159
16045
16160
16046
16161
16047
16162
16048
16163
16049
16164
16050
16165
16051
16166
16052
16167
16053
16168
16054
16169
16055
16170
16056
16171
16057
16172
16058
16173
16059
16174
16060
16175
16061
16176
16062
16177
16063
16178
16064
16179
16065
16180
16066
16181
16067
16182
16068
16183
16069
16184
16070
16185
16071
16186
16072
16187
16073
16188
16074
16189
16075
16190
16076
16191
16077
16192
16078
16193
16079
16194
16080
16195
16081
16196
16082
16197
16083
16198
16084
16199
16085
16200
16086
16201
16087
16202
16088
16203
16089
16204
16090
16205
16091
16206
16092
16207
16093
16208
16094
16209
16095
16210
16096
16211
16097
16212
16098
16213
16099
16214
16100
16215
16101
16216
16102
16217
16103
16218
16104
16219
16105
16220
16106
16221
16107
16222
16108
16223
16109
16224
16110
16225
16111
16226
16112
16227
16113
16228
16114
16229
16115
16230
16116
16231
16117
16232
16118
16233
16119
16234
16120
16235
16121
16236
16122
16237
16123
16238
16239
16125
16240
16126
16241
16127
16242
16128
16243
16129
16244
16130
16245
16131
16246
16132
16247
16133
16248
16134
16249
16135
16250
16136
16251
16137
16252
16138
16253
16139
16254
16140
16255
16141
16256
16142
16257
16143
16258
16144
16259
16145
16260
16146
16261
16147
16262
16148
16263
16149
16264
16150
16265
16151
16266
16152
16267
16153
16268
16154
16269
16155
16270
16156
16271
16157
16272
16158
16273
16159
16274
16160
16275
16161
16276
16162
16277
16163
16278
16164
16279
16165
16280
16166
16281
16167
16282
16168
16283
16169
16284
16170
16285
16171
16286
16172
16287
16173
16288
16174
16289
16175
16290
16176
16291
16177
16292
16178
16293
16179
16294
16180
16295
16181
16296
16182
16297
16183
16298
16184
16299
16185
16300
16186
16301
16187
16302
16188
16303
16189
16304
16190
16305
16191
16306
16192
16307
16193
16308
16194
16309
16195
16310
16196
16311
16197
16312
16198
16313
16199
16314
16200
16315
16201
16316
16202
16317
16203
16318
16204
16319
16205
16320
16206
16321
16207
16322
16208
16323
16209
16324
16210
16325
16211
16326
16212
16327
16213
16328
16214
16329
16215
16330
16216
16331
16217
16332
16218
16333
16219
16334
16220
16335
16221
16336
16222
16337
16223
16338
16224
16339
16225
16340
16226
16341
16227
16342
16228
16343
16229
16344
16230
16345
16231
16346
16232
16347
16233
16348
16234
16349
16235
16350
16236
16351
16237
16352
16238
16353
16239
16354
16355
16241
16356
16242
16357
16243
16358
16244
16359
16245
16360
16246
16361
16247
16362
16248
16363
16249
16364
16250
16365
16251
16366
16252
16367
16253
16368
16254
16369
16255
16370
16256
16371
16257
16372
16258
16373
16259
16374
16260
16375
16261
16376
16262
16377
16263
16378
16264
16379
16265
16380
16266
16381
16267
16382
16268
16383
16269
16384
16270
16385
16271
16386
16272
16387
16273
16388
16274
16389
16275
16390
16276
16391
16277
16392
16278
16393
16279
16394
16280
16395
16281
16396
16282
16397
16283
16398
16284
16399
16285
16400
16286
16401
16287
16402
16288
16403
16289
16404
16290
16405
16291
16406
16292
16407
16293
16408
16294
16409
16295
16410
16296
16411
16297
16412
16298
16413
16299
16414
16300
16415
16301
16416
16302
16417
16303
16418
16304
16419
16305
16420
16306
16421
16307
16422
16308
16423
16309
16424
16310
16425
16311
16426
16312
16427
16313
16428
16314
16429
16315
16430
16316
16431
16317
16432
16318
16433
16319
16434
16320
16435
16321
16436
16322
16437
16323
16438
16324
16439
16325
16440
16326
16441
16327
16442
16328
16443
16329
16444
16330
16445
16331
16446
16332
16447
16333
16448
16334
16449
16335
16450
16336
16451
16337
16452
16338
16453
16339
16454
16340
16455
16341
16456
16342
16457
16343
16458
16344
16459
16345
16460
16346
16461
16347
16462
16348
16463
16349
16464
16350
16465
16351
16466
16352
16467
16353
16468
16354
16469
16355
16470
16471
16357
16472
16358
16473
16359
16474
16360
16475
16361
16476
16362
16477
16363
16478
16364
16479
16365
16480
16366
16481
16367
16482
16368
16483
16369
16484
16370
16485
16371
16486
16372
16487
16373
16488
16374
16489
16375
16490
16376
16491
16377
16492
16378
16493
16379
16494
16380
16495
16381
16496
16382
16497
16383
16498
16384
16499
16385
16500
16386
16501
16387
16502
16388
16503
16389
16504
16390
16505
16391
16506
16392
16507
16393
16508
16394
16509
16395
16510
16396
16511
16397
16512
16398
16513
16399
16514
16400
16515
16401
16516
16402
16517
16403
16518
16404
16519
16405
16520
16406
16521
16407
16522
16408
16523
16409
16524
16410
16525
16411
16526
16412
16527
16413
16528
16414
16529
16415
16530
16416
16531
16417
16532
16418
16533
16419
16534
16420
16535
16421
16536
16422
16537
16423
16538
16424
16539
16425
16540
16426
16541
16427
16542
16428
16543
16429
16544
16430
16545
16431
16546
16432
16547
16433
16548
16434
16549
16435
16550
16436
16551
16437
16552
16438
16553
16439
16554
16440
16555
16441
16556
16442
16557
16443
16558
16444
16559
16445
16560
16446
16561
16447
16562
16448
16563
16449
16564
16450
16565
16451
16566
16452
16567
16453
16568
16454
16569
16455
16570
16456
16571
16457
16572
16458
16573
16459
16574
16460
16575
16461
16576
16462
16577
16463
16578
16464
16579
16465
16580
16466
16581
16467
16582
16468
16583
16469
16584
16470
16585
16471
16586
16587
16473
16588
16474
16589
16475
16590
16476
16591
16477
16592
16478
16593
16479
16594
16480
16595
16481
16596
16482
16597
16483
16598
16484
16599
16485
16600
16486
16601
16487
16602
16488
16603
16489
16604
16490
16605
16491
16606
16492
16607
16493
16608
16494
16609
16495
16610
16496
16611
16497
16612
16498
16613
16499
16614
16500
16615
16501
16616
16502
16617
16503
16618
16504
16619
16505
16620
16506
16621
16507
16622
16508
16623
16509
16624
16510
16625
16511
16626
16512
16627
16513
16628
16514
16629
16515
16630
16516
16631
16517
16632
16518
16633
16519
16634
16520
16635
16521
16636
16522
16637
16523
16638
16524
16639
16525
16640
16526
16641
16527
16642
16528
16643
16529
16644
16530
16645
16531
16646
16532
16647
16533
16648
16534
16649
16535
16650
16536
16651
16537
16652
16538
16653
16539
16654
16540
16655
16541
16656
16542
16657
16543
16658
16544
16659
16545
16660
16546
16661
16547
16662
16548
16663
16549
16664
16550
16665
16551
16666
16552
16667
16553
16668
16554
16669
16555
16670
16556
16671
16557
16672
16558
16673
16559
16674
16560
16675
16561
16676
16562
16677
16563
16678
16564
16679
16565
16680
16566
16681
16567
16682
16568
16683
16569
16684
16570
16685
16571
16686
16572
16687
16573
16688
16574
16689
16575
16690
16576
16691
16577
16692
16578
16693
16579
16694
16580
16695
16581
16696
16582
16697
16583
16698
16584
16699
16585
16700
16586
16701
16587
16702
16703
16589
16704
16590
16705
16591
16706
16592
16707
16593
16708
16594
16709
16595
16710
16596
16711
16597
16712
16598
16713
16599
16714
16600
16715
16601
16716
16602
16717
16603
16718
16604
16719
16605
16720
16606
16721
16607
16722
16608
16723
16609
16724
16610
16725
16611
16726
16612
16727
16613
16728
16614
16729
16615
16730
16616
16731
16617
16732
16618
16733
16619
16734
16620
16735
16621
16736
16622
16737
16623
16738
16624
16739
16625
16740
16626
16741
16627
16742
16628
16743
16629
16744
16630
16745
16631
16746
16632
16747
16633
16748
16634
16749
16635
16750
16636
16751
16637
16752
16638
16753
16639
16754
16640
16755
16641
16756
16642
16757
16643
16758
16644
16759
16645
16760
16646
16761
16647
16762
16648
16763
16649
16764
16650
16765
16651
16766
16652
16767
16653
16768
16654
16769
16655
16770
16656
16771
16657
16772
16658
16773
16659
16774
16660
16775
16661
16776
16662
16777
16663
16778
16664
16779
16665
16780
16666
16781
16667
16782
16668
16783
16669
16784
16670
16785
16671
16786
16672
16787
16673
16788
16674
16789
16675
16790
16676
16791
16677
16792
16678
16793
16679
16794
16680
16795
16681
16796
16682
16797
16683
16798
16684
16799
16685
16800
16686
16801
16687
16802
16688
16803
16689
16804
16690
16805
16691
16806
16692
16807
16693
16808
16694
16809
16695
16810
16696
16811
16697
16812
16698
16813
16699
16814
16700
16815
16701
16816
16702
16817
16703
16818
16819
16705
16820
16706
16821
16707
16822
16708
16823
16709
16824
16710
16825
16711
16826
16712
16827
16713
16828
16714
16829
16715
16830
16716
16831
16717
16832
16718
16833
16719
16834
16720
16835
16721
16836
16722
16837
16723
16838
16724
16839
16725
16840
16726
16841
16727
16842
16728
16843
16729
16844
16730
16845
16731
16846
16732
16847
16733
16848
16734
16849
16735
16850
16736
16851
16737
16852
16738
16853
16739
16854
16740
16855
16741
16856
16742
16857
16743
16858
16744
16859
16745
16860
16746
16861
16747
16862
16748
16863
16749
16864
16750
16865
16751
16866
16752
16867
16753
16868
16754
16869
16755
16870
16756
16871
16757
16872
16758
16873
16759
16874
16760
16875
16761
16876
16762
16877
16763
16878
16764
16879
16765
16880
16766
16881
16767
16882
16768
16883
16769
16884
16770
16885
16771
16886
16772
16887
16773
16888
16774
16889
16775
16890
16776
16891
16777
16892
16778
16893
16779
16894
16780
16895
16781
16896
16782
16897
16783
16898
16784
16899
16785
16900
16786
16901
16787
16902
16788
16903
16789
16904
16790
16905
16791
16906
16792
16907
16793
16908
16794
16909
16795
16910
16796
16911
16797
16912
16798
16913
16799
16914
16800
16915
16801
16916
16802
16917
16803
16918
16804
16919
16805
16920
16806
16921
16807
16922
16808
16923
16809
16924
16810
16925
16811
16926
16812
16927
16813
16928
16814
16929
16815
16930
16816
16931
16817
16932
16818
16933
16819
16934
16935
16821
16936
16822
16937
16823
16938
16824
16939
16825
16940
16826
16941
16827
16942
16828
16943
16829
16944
16830
16945
16831
16946
16832
16947
16833
16948
16834
16949
16835
16950
16836
16951
16837
16952
16838
16953
16839
16954
16840
16955
16841
16956
16842
16957
16843
16958
16844
16959
16845
16960
16846
16961
16847
16962
16848
16963
16849
16964
16850
16965
16851
16966
16852
16967
16853
16968
16854
16969
16855
16970
16856
16971
16857
16972
16858
16973
16859
16974
16860
16975
16861
16976
16862
16977
16863
16978
16864
16979
16865
16980
16866
16981
16867
16982
16868
16983
16869
16984
16870
16985
16871
16986
16872
16987
16873
16988
16874
16989
16875
16990
16876
16991
16877
16992
16878
16993
16879
16994
16880
16995
16881
16996
16882
16997
16883
16998
16884
16999
16885
17000
16886
17001
16887
17002
16888
17003
16889
17004
16890
17005
16891
17006
16892
17007
16893
17008
16894
17009
16895
17010
16896
17011
16897
17012
16898
17013
16899
17014
16900
17015
16901
17016
16902
17017
16903
17018
16904
17019
16905
17020
16906
17021
16907
17022
16908
17023
16909
17024
16910
17025
16911
17026
16912
17027
16913
17028
16914
17029
16915
17030
16916
17031
16917
17032
16918
17033
16919
17034
16920
17035
16921
17036
16922
17037
16923
17038
16924
17039
16925
17040
16926
17041
16927
17042
16928
17043
16929
17044
16930
17045
16931
17046
16932
17047
16933
17048
16934
17049
16935
17050
17051
16937
17052
16938
17053
16939
17054
16940
17055
16941
17056
16942
17057
16943
17058
16944
17059
16945
17060
16946
17061
16947
17062
16948
17063
16949
17064
16950
17065
16951
17066
16952
17067
16953
17068
16954
17069
16955
17070
16956
17071
16957
17072
16958
17073
16959
17074
16960
17075
16961
17076
16962
17077
16963
17078
16964
17079
16965
17080
16966
17081
16967
17082
16968
17083
16969
17084
16970
17085
16971
17086
16972
17087
16973
17088
16974
17089
16975
17090
16976
17091
16977
17092
16978
17093
16979
17094
16980
17095
16981
17096
16982
17097
16983
17098
16984
17099
16985
17100
16986
17101
16987
17102
16988
17103
16989
17104
16990
17105
16991
17106
16992
17107
16993
17108
16994
17109
16995
17110
16996
17111
16997
17112
16998
17113
16999
17114
17000
17115
17001
17116
17002
17117
17003
17118
17004
17119
17005
17120
17006
17121
17007
17122
17008
17123
17009
17124
17010
17125
17011
17126
17012
17127
17013
17128
17014
17129
17015
17130
17016
17131
17017
17132
17018
17133
17019
17134
17020
17135
17021
17136
17022
17137
17023
17138
17024
17139
17025
17140
17026
17141
17027
17142
17028
17143
17029
17144
17030
17145
17031
17146
17032
17147
17033
17148
17034
17149
17035
17150
17036
17151
17037
17152
17038
17153
17039
17154
17040
17155
17041
17156
17042
17157
17043
17158
17044
17159
17045
17160
17046
17161
17047
17162
17048
17163
17049
17164
17050
17165
17051
17166
17167
17053
17168
17054
17169
17055
17170
17056
17171
17057
17172
17058
17173
17059
17174
17060
17175
17061
17176
17062
17177
17063
17178
17064
17179
17065
17180
17066
17181
17067
17182
17068
17183
17069
17184
17070
17185
17071
17186
17072
17187
17073
17188
17074
17189
17075
17190
17076
17191
17077
17192
17078
17193
17079
17194
17080
17195
17081
17196
17082
17197
17083
17198
17084
17199
17085
17200
17086
17201
17087
17202
17088
17203
17089
17204
17090
17205
17091
17206
17092
17207
17093
17208
17094
17209
17095
17210
17096
17211
17097
17212
17098
17213
17099
17214
17100
17215
17101
17216
17102
17217
17103
17218
17104
17219
17105
17220
17106
17221
17107
17222
17108
17223
17109
17224
17110
17225
17111
17226
17112
17227
17113
17228
17114
17229
17115
17230
17116
17231
17117
17232
17118
17233
17119
17234
17120
17235
17121
17236
17122
17237
17123
17238
17124
17239
17125
17240
17126
17241
17127
17242
17128
17243
17129
17244
17130
17245
17131
17246
17132
17247
17133
17248
17134
17249
17135
17250
17136
17251
17137
17252
17138
17253
17139
17254
17140
17255
17141
17256
17142
17257
17143
17258
17144
17259
17145
17260
17146
17261
17147
17262
17148
17263
17149
17264
17150
17265
17151
17266
17152
17267
17153
17268
17154
17269
17155
17270
17156
17271
17157
17272
17158
17273
17159
17274
17160
17275
17161
17276
17162
17277
17163
17278
17164
17279
17165
17280
17166
17281
17167
17282
17283
17169
17284
17170
17285
17171
17286
17172
17287
17173
17288
17174
17289
17175
17290
17176
17291
17177
17292
17178
17293
17179
17294
17180
17295
17181
17296
17182
17297
17183
17298
17184
17299
17185
17300
17186
17301
17187
17302
17188
17303
17189
17304
17190
17305
17191
17306
17192
17307
17193
17308
17194
17309
17195
17310
17196
17311
17197
17312
17198
17313
17199
17314
17200
17315
17201
17316
17202
17317
17203
17318
17204
17319
17205
17320
17206
17321
17207
17322
17208
17323
17209
17324
17210
17325
17211
17326
17212
17327
17213
17328
17214
17329
17215
17330
17216
17331
17217
17332
17218
17333
17219
17334
17220
17335
17221
17336
17222
17337
17223
17338
17224
17339
17225
17340
17226
17341
17227
17342
17228
17343
17229
17344
17230
17345
17231
17346
17232
17347
17233
17348
17234
17349
17235
17350
17236
17351
17237
17352
17238
17353
17239
17354
17240
17355
17241
17356
17242
17357
17243
17358
17244
17359
17245
17360
17246
17361
17247
17362
17248
17363
17249
17364
17250
17365
17251
17366
17252
17367
17253
17368
17254
17369
17255
17370
17256
17371
17257
17372
17258
17373
17259
17374
17260
17375
17261
17376
17262
17377
17263
17378
17264
17379
17265
17380
17266
17381
17267
17382
17268
17383
17269
17384
17270
17385
17271
17386
17272
17387
17273
17388
17274
17389
17275
17390
17276
17391
17277
17392
17278
17393
17279
17394
17280
17395
17281
17396
17282
17397
17283
17398
17399
17285
17400
17286
17401
17287
17402
17288
17403
17289
17404
17290
17405
17291
17406
17292
17407
17293
17408
17294
17409
17295
17410
17296
17411
17297
17412
17298
17413
17299
17414
17300
17415
17301
17416
17302
17417
17303
17418
17304
17419
17305
17420
17306
17421
17307
17422
17308
17423
17309
17424
17310
17425
17311
17426
17312
17427
17313
17428
17314
17429
17315
17430
17316
17431
17317
17432
17318
17433
17319
17434
17320
17435
17321
17436
17322
17437
17323
17438
17324
17439
17325
17440
17326
17441
17327
17442
17328
17443
17329
17444
17330
17445
17331
17446
17332
17447
17333
17448
17334
17449
17335
17450
17336
17451
17337
17452
17338
17453
17339
17454
17340
17455
17341
17456
17342
17457
17343
17458
17344
17459
17345
17460
17346
17461
17347
17462
17348
17463
17349
17464
17350
17465
17351
17466
17352
17467
17353
17468
17354
17469
17355
17470
17356
17471
17357
17472
17358
17473
17359
17474
17360
17475
17361
17476
17362
17477
17363
17478
17364
17479
17365
17480
17366
17481
17367
17482
17368
17483
17369
17484
17370
17485
17371
17486
17372
17487
17373
17488
17374
17489
17375
17490
17376
17491
17377
17492
17378
17493
17379
17494
17380
17495
17381
17496
17382
17497
17383
17498
17384
17499
17385
17500
17386
17501
17387
17502
17388
17503
17389
17504
17390
17505
17391
17506
17392
17507
17393
17508
17394
17509
17395
17510
17396
17511
17397
17512
17398
17513
17399
17514
17515
17401
17516
17402
17517
17403
17518
17404
17519
17405
17520
17406
17521
17407
17522
17408
17523
17409
17524
17410
17525
17411
17526
17412
17527
17413
17528
17414
17529
17415
17530
17416
17531
17417
17532
17418
17533
17419
17534
17420
17535
17421
17536
17422
17537
17423
17538
17424
17539
17425
17540
17426
17541
17427
17542
17428
17543
17429
17544
17430
17545
17431
17546
17432
17547
17433
17548
17434
17549
17435
17550
17436
17551
17437
17552
17438
17553
17439
17554
17440
17555
17441
17556
17442
17557
17443
17558
17444
17559
17445
17560
17446
17561
17447
17562
17448
17563
17449
17564
17450
17565
17451
17566
17452
17567
17453
17568
17454
17569
17455
17570
17456
17571
17457
17572
17458
17573
17459
17574
17460
17575
17461
17576
17462
17577
17463
17578
17464
17579
17465
17580
17466
17581
17467
17582
17468
17583
17469
17584
17470
17585
17471
17586
17472
17587
17473
17588
17474
17589
17475
17590
17476
17591
17477
17592
17478
17593
17479
17594
17480
17595
17481
17596
17482
17597
17483
17598
17484
17599
17485
17600
17486
17601
17487
17602
17488
17603
17489
17604
17490
17605
17491
17606
17492
17607
17493
17608
17494
17609
17495
17610
17496
17611
17497
17612
17498
17613
17499
17614
17500
17615
17501
17616
17502
17617
17503
17618
17504
17619
17505
17620
17506
17621
17507
17622
17508
17623
17509
17624
17510
17625
17511
17626
17512
17627
17513
17628
17514
17629
17515
17630
17631
17517
17632
17518
17633
17519
17634
17520
17635
17521
17636
17522
17637
17523
17638
17524
17639
17525
17640
17526
17641
17527
17642
17528
17643
17529
17644
17530
17645
17531
17646
17532
17647
17533
17648
17534
17649
17535
17650
17536
17651
17537
17652
17538
17653
17539
17654
17540
17655
17541
17656
17542
17657
17543
17658
17544
17659
17545
17660
17546
17661
17547
17662
17548
17663
17549
17664
17550
17665
17551
17666
17552
17667
17553
17668
17554
17669
17555
17670
17556
17671
17557
17672
17558
17673
17559
17674
17560
17675
17561
17676
17562
17677
17563
17678
17564
17679
17565
17680
17566
17681
17567
17682
17568
17683
17569
17684
17570
17685
17571
17686
17572
17687
17573
17688
17574
17689
17575
17690
17576
17691
17577
17692
17578
17693
17579
17694
17580
17695
17581
17696
17582
17697
17583
17698
17584
17699
17585
17700
17586
17701
17587
17702
17588
17703
17589
17704
17590
17705
17591
17706
17592
17707
17593
17708
17594
17709
17595
17710
17596
17711
17597
17712
17598
17713
17599
17714
17600
17715
17601
17716
17602
17717
17603
17718
17604
17719
17605
17720
17606
17721
17607
17722
17608
17723
17609
17724
17610
17725
17611
17726
17612
17727
17613
17728
17614
17729
17615
17730
17616
17731
17617
17732
17618
17733
17619
17734
17620
17735
17621
17736
17622
17737
17623
17738
17624
17739
17625
17740
17626
17741
17627
17742
17628
17743
17629
17744
17630
17745
17631
17746
17747
17633
17748
17634
17749
17635
17750
17636
17751
17637
17752
17638
17753
17639
17754
17640
17755
17641
17756
17642
17757
17643
17758
17644
17759
17645
17760
17646
17761
17647
17762
17648
17763
17649
17764
17650
17765
17651
17766
17652
17767
17653
17768
17654
17769
17655
17770
17656
17771
17657
17772
17658
17773
17659
17774
17660
17775
17661
17776
17662
17777
17663
17778
17664
17779
17665
17780
17666
17781
17667
17782
17668
17783
17669
17784
17670
17785
17671
17786
17672
17787
17673
17788
17674
17789
17675
17790
17676
17791
17677
17792
17678
17793
17679
17794
17680
17795
17681
17796
17682
17797
17683
17798
17684
17799
17685
17800
17686
17801
17687
17802
17688
17803
17689
17804
17690
17805
17691
17806
17692
17807
17693
17808
17694
17809
17695
17810
17696
17811
17697
17812
17698
17813
17699
17814
17700
17815
17701
17816
17702
17817
17703
17818
17704
17819
17705
17820
17706
17821
17707
17822
17708
17823
17709
17824
17710
17825
17711
17826
17712
17827
17713
17828
17714
17829
17715
17830
17716
17831
17717
17832
17718
17833
17719
17834
17720
17835
17721
17836
17722
17837
17723
17838
17724
17839
17725
17840
17726
17841
17727
17842
17728
17843
17729
17844
17730
17845
17731
17846
17732
17847
17733
17848
17734
17849
17735
17850
17736
17851
17737
17852
17738
17853
17739
17854
17740
17855
17741
17856
17742
17857
17743
17858
17744
17859
17745
17860
17746
17861
17747
17862
17863
17749
17864
17750
17865
17751
17866
17752
17867
17753
17868
17754
17869
17755
17870
17756
17871
17757
17872
17758
17873
17759
17874
17760
17875
17761
17876
17762
17877
17763
17878
17764
17879
17765
17880
17766
17881
17767
17882
17768
17883
17769
17884
17770
17885
17771
17886
17772
17887
17773
17888
17774
17889
17775
17890
17776
17891
17777
17892
17778
17893
17779
17894
17780
17895
17781
17896
17782
17897
17783
17898
17784
17899
17785
17900
17786
17901
17787
17902
17788
17903
17789
17904
17790
17905
17791
17906
17792
17907
17793
17908
17794
17909
17795
17910
17796
17911
17797
17912
17798
17913
17799
17914
17800
17915
17801
17916
17802
17917
17803
17918
17804
17919
17805
17920
17806
17921
17807
17922
17808
17923
17809
17924
17810
17925
17811
17926
17812
17927
17813
17928
17814
17929
17815
17930
17816
17931
17817
17932
17818
17933
17819
17934
17820
17935
17821
17936
17822
17937
17823
17938
17824
17939
17825
17940
17826
17941
17827
17942
17828
17943
17829
17944
17830
17945
17831
17946
17832
17947
17833
17948
17834
17949
17835
17950
17836
17951
17837
17952
17838
17953
17839
17954
17840
17955
17841
17956
17842
17957
17843
17958
17844
17959
17845
17960
17846
17961
17847
17962
17848
17963
17849
17964
17850
17965
17851
17966
17852
17967
17853
17968
17854
17969
17855
17970
17856
17971
17857
17972
17858
17973
17859
17974
17860
17975
17861
17976
17862
17977
17863
17978
17979
17865
17980
17866
17981
17867
17982
17868
17983
17869
17984
17870
17985
17871
17986
17872
17987
17873
17988
17874
17989
17875
17990
17876
17991
17877
17992
17878
17993
17879
17994
17880
17995
17881
17996
17882
17997
17883
17998
17884
17999
17885
18000
17886
18001
17887
18002
17888
18003
17889
18004
17890
18005
17891
18006
17892
18007
17893
18008
17894
18009
17895
18010
17896
18011
17897
18012
17898
18013
17899
18014
17900
18015
17901
18016
17902
18017
17903
18018
17904
18019
17905
18020
17906
18021
17907
18022
17908
18023
17909
18024
17910
18025
17911
18026
17912
18027
17913
18028
17914
18029
17915
18030
17916
18031
17917
18032
17918
18033
17919
18034
17920
18035
17921
18036
17922
18037
17923
18038
17924
18039
17925
18040
17926
18041
17927
18042
17928
18043
17929
18044
17930
18045
17931
18046
17932
18047
17933
18048
17934
18049
17935
18050
17936
18051
17937
18052
17938
18053
17939
18054
17940
18055
17941
18056
17942
18057
17943
18058
17944
18059
17945
18060
17946
18061
17947
18062
17948
18063
17949
18064
17950
18065
17951
18066
17952
18067
17953
18068
17954
18069
17955
18070
17956
18071
17957
18072
17958
18073
17959
18074
17960
18075
17961
18076
17962
18077
17963
18078
17964
18079
17965
18080
17966
18081
17967
18082
17968
18083
17969
18084
17970
18085
17971
18086
17972
18087
17973
18088
17974
18089
17975
18090
17976
18091
17977
18092
17978
18093
17979
18094
18095
17981
18096
17982
18097
17983
18098
17984
18099
17985
18100
17986
18101
17987
18102
17988
18103
17989
18104
17990
18105
17991
18106
17992
18107
17993
18108
17994
18109
17995
18110
17996
18111
17997
18112
17998
18113
17999
18114
18000
18115
18001
18116
18002
18117
18003
18118
18004
18119
18005
18120
18006
18121
18007
18122
18008
18123
18009
18124
18010
18125
18011
18126
18012
18127
18013
18128
18014
18129
18015
18130
18016
18131
18017
18132
18018
18133
18019
18134
18020
18135
18021
18136
18022
18137
18023
18138
18024
18139
18025
18140
18026
18141
18027
18142
18028
18143
18029
18144
18030
18145
18031
18146
18032
18147
18033
18148
18034
18149
18035
18150
18036
18151
18037
18152
18038
18153
18039
18154
18040
18155
18041
18156
18042
18157
18043
18158
18044
18159
18045
18160
18046
18161
18047
18162
18048
18163
18049
18164
18050
18165
18051
18166
18052
18167
18053
18168
18054
18169
18055
18170
18056
18171
18057
18172
18058
18173
18059
18174
18060
18175
18061
18176
18062
18177
18063
18178
18064
18179
18065
18180
18066
18181
18067
18182
18068
18183
18069
18184
18070
18185
18071
18186
18072
18187
18073
18188
18074
18189
18075
18190
18076
18191
18077
18192
18078
18193
18079
18194
18080
18195
18081
18196
18082
18197
18083
18198
18084
18199
18085
18200
18086
18201
18087
18202
18088
18203
18089
18204
18090
18205
18091
18206
18092
18207
18093
18208
18094
18209
18095
18210
18211
18097
18212
18098
18213
18099
18214
18100
18215
18101
18216
18102
18217
18103
18218
18104
18219
18105
18220
18106
18221
18107
18222
18108
18223
18109
18224
18110
18225
18111
18226
18112
18227
18113
18228
18114
18229
18115
18230
18116
18231
18117
18232
18118
18233
18119
18234
18120
18235
18121
18236
18122
18237
18123
18238
18124
18239
18125
18240
18126
18241
18127
18242
18128
18243
18129
18244
18130
18245
18131
18246
18132
18247
18133
18248
18134
18249
18135
18250
18136
18251
18137
18252
18138
18253
18139
18254
18140
18255
18141
18256
18142
18257
18143
18258
18144
18259
18145
18260
18146
18261
18147
18262
18148
18263
18149
18264
18150
18265
18151
18266
18152
18267
18153
18268
18154
18269
18155
18270
18156
18271
18157
18272
18158
18273
18159
18274
18160
18275
18161
18276
18162
18277
18163
18278
18164
18279
18165
18280
18166
18281
18167
18282
18168
18283
18169
18284
18170
18285
18171
18286
18172
18287
18173
18288
18174
18289
18175
18290
18176
18291
18177
18292
18178
18293
18179
18294
18180
18295
18181
18296
18182
18297
18183
18298
18184
18299
18185
18300
18186
18301
18187
18302
18188
18303
18189
18304
18190
18305
18191
18306
18192
18307
18193
18308
18194
18309
18195
18310
18196
18311
18197
18312
18198
18313
18199
18314
18200
18315
18201
18316
18202
18317
18203
18318
18204
18319
18205
18320
18206
18321
18207
18322
18208
18323
18209
18324
18210
18325
18211
18326
18327
18213
18328
18214
18329
18215
18330
18216
18331
18217
18332
18218
18333
18219
18334
18220
18335
18221
18336
18222
18337
18223
18338
18224
18339
18225
18340
18226
18341
18227
18342
18228
18343
18229
18344
18230
18345
18231
18346
18232
18347
18233
18348
18234
18349
18235
18350
18236
18351
18237
18352
18238
18353
18239
18354
18240
18355
18241
18356
18242
18357
18243
18358
18244
18359
18245
18360
18246
18361
18247
18362
18248
18363
18249
18364
18250
18365
18251
18366
18252
18367
18253
18368
18254
18369
18255
18370
18256
18371
18257
18372
18258
18373
18259
18374
18260
18375
18261
18376
18262
18377
18263
18378
18264
18379
18265
18380
18266
18381
18267
18382
18268
18383
18269
18384
18270
18385
18271
18386
18272
18387
18273
18388
18274
18389
18275
18390
18276
18391
18277
18392
18278
18393
18279
18394
18280
18395
18281
18396
18282
18397
18283
18398
18284
18399
18285
18400
18286
18401
18287
18402
18288
18403
18289
18404
18290
18405
18291
18406
18292
18407
18293
18408
18294
18409
18295
18410
18296
18411
18297
18412
18298
18413
18299
18414
18300
18415
18301
18416
18302
18417
18303
18418
18304
18419
18305
18420
18306
18421
18307
18422
18308
18423
18309
18424
18310
18425
18311
18426
18312
18427
18313
18428
18314
18429
18315
18430
18316
18431
18317
18432
18318
18433
18319
18434
18320
18435
18321
18436
18322
18437
18323
18438
18324
18439
18325
18440
18326
18441
18327
18442
18443
18329
18444
18330
18445
18331
18446
18332
18447
18333
18448
18334
18449
18335
18450
18336
18451
18337
18452
18338
18453
18339
18454
18340
18455
18341
18456
18342
18457
18343
18458
18344
18459
18345
18460
18346
18461
18347
18462
18348
18463
18349
18464
18350
18465
18351
18466
18352
18467
18353
18468
18354
18469
18355
18470
18356
18471
18357
18472
18358
18473
18359
18474
18360
18475
18361
18476
18362
18477
18363
18478
18364
18479
18365
18480
18366
18481
18367
18482
18368
18483
18369
18484
18370
18485
18371
18486
18372
18487
18373
18488
18374
18489
18375
18490
18376
18491
18377
18492
18378
18493
18379
18494
18380
18495
18381
18496
18382
18497
18383
18498
18384
18499
18385
18500
18386
18501
18387
18502
18388
18503
18389
18504
18390
18505
18391
18506
18392
18507
18393
18508
18394
18509
18395
18510
18396
18511
18397
18512
18398
18513
18399
18514
18400
18515
18401
18516
18402
18517
18403
18518
18404
18519
18405
18520
18406
18521
18407
18522
18408
18523
18409
18524
18410
18525
18411
18526
18412
18527
18413
18528
18414
18529
18415
18530
18416
18531
18417
18532
18418
18533
18419
18534
18420
18535
18421
18536
18422
18537
18423
18538
18424
18539
18425
18540
18426
18541
18427
18542
18428
18543
18429
18544
18430
18545
18431
18546
18432
18547
18433
18548
18434
18549
18435
18550
18436
18551
18437
18552
18438
18553
18439
18554
18440
18555
18441
18556
18442
18557
18443
18558
18559
18445
18560
18446
18561
18447
18562
18448
18563
18449
18564
18450
18565
18451
18566
18452
18567
18453
18568
18454
18569
18455
18570
18456
18571
18457
18572
18458
18573
18459
18574
18460
18575
18461
18576
18462
18577
18463
18578
18464
18579
18465
18580
18466
18581
18467
18582
18468
18583
18469
18584
18470
18585
18471
18586
18472
18587
18473
18588
18474
18589
18475
18590
18476
18591
18477
18592
18478
18593
18479
18594
18480
18595
18481
18596
18482
18597
18483
18598
18484
18599
18485
18600
18486
18601
18487
18602
18488
18603
18489
18604
18490
18605
18491
18606
18492
18607
18493
18608
18494
18609
18495
18610
18496
18611
18497
18612
18498
18613
18499
18614
18500
18615
18501
18616
18502
18617
18503
18618
18504
18619
18505
18620
18506
18621
18507
18622
18508
18623
18509
18624
18510
18625
18511
18626
18512
18627
18513
18628
18514
18629
18515
18630
18516
18631
18517
18632
18518
18633
18519
18634
18520
18635
18521
18636
18522
18637
18523
18638
18524
18639
18525
18640
18526
18641
18527
18642
18528
18643
18529
18644
18530
18645
18531
18646
18532
18647
18533
18648
18534
18649
18535
18650
18536
18651
18537
18652
18538
18653
18539
18654
18540
18655
18541
18656
18542
18657
18543
18658
18544
18659
18545
18660
18546
18661
18547
18662
18548
18663
18549
18664
18550
18665
18551
18666
18552
18667
18553
18668
18554
18669
18555
18670
18556
18671
18557
18672
18558
18673
18559
18674
18675
18561
18676
18562
18677
18563
18678
18564
18679
18565
18680
18566
18681
18567
18682
18568
18683
18569
18684
18570
18685
18571
18686
18572
18687
18573
18688
18574
18689
18575
18690
18576
18691
18577
18692
18578
18693
18579
18694
18580
18695
18581
18696
18582
18697
18583
18698
18584
18699
18585
18700
18586
18701
18587
18702
18588
18703
18589
18704
18590
18705
18591
18706
18592
18707
18593
18708
18594
18709
18595
18710
18596
18711
18597
18712
18598
18713
18599
18714
18600
18715
18601
18716
18602
18717
18603
18718
18604
18719
18605
18720
18606
18721
18607
18722
18608
18723
18609
18724
18610
18725
18611
18726
18612
18727
18613
18728
18614
18729
18615
18730
18616
18731
18617
18732
18618
18733
18619
18734
18620
18735
18621
18736
18622
18737
18623
18738
18624
18739
18625
18740
18626
18741
18627
18742
18628
18743
18629
18744
18630
18745
18631
18746
18632
18747
18633
18748
18634
18749
18635
18750
18636
18751
18637
18752
18638
18753
18639
18754
18640
18755
18641
18756
18642
18757
18643
18758
18644
18759
18645
18760
18646
18761
18647
18762
18648
18763
18649
18764
18650
18765
18651
18766
18652
18767
18653
18768
18654
18769
18655
18770
18656
18771
18657
18772
18658
18773
18659
18774
18660
18775
18661
18776
18662
18777
18663
18778
18664
18779
18665
18780
18666
18781
18667
18782
18668
18783
18669
18784
18670
18785
18671
18786
18672
18787
18673
18788
18674
18789
18675
18790
18791
18677
18792
18678
18793
18679
18794
18680
18795
18681
18796
18682
18797
18683
18798
18684
18799
18685
18800
18686
18801
18687
18802
18688
18803
18689
18804
18690
18805
18691
18806
18692
18807
18693
18808
18694
18809
18695
18810
18696
18811
18697
18812
18698
18813
18699
18814
18700
18815
18701
18816
18702
18817
18703
18818
18704
18819
18705
18820
18706
18821
18707
18822
18708
18823
18709
18824
18710
18825
18711
18826
18712
18827
18713
18828
18714
18829
18715
18830
18716
18831
18717
18832
18718
18833
18719
18834
18720
18835
18721
18836
18722
18837
18723
18838
18724
18839
18725
18840
18726
18841
18727
18842
18728
18843
18729
18844
18730
18845
18731
18846
18732
18847
18733
18848
18734
18849
18735
18850
18736
18851
18737
18852
18738
18853
18739
18854
18740
18855
18741
18856
18742
18857
18743
18858
18744
18859
18745
18860
18746
18861
18747
18862
18748
18863
18749
18864
18750
18865
18751
18866
18752
18867
18753
18868
18754
18869
18755
18870
18756
18871
18757
18872
18758
18873
18759
18874
18760
18875
18761
18876
18762
18877
18763
18878
18764
18879
18765
18880
18766
18881
18767
18882
18768
18883
18769
18884
18770
18885
18771
18886
18772
18887
18773
18888
18774
18889
18775
18890
18776
18891
18777
18892
18778
18893
18779
18894
18780
18895
18781
18896
18782
18897
18783
18898
18784
18899
18785
18900
18786
18901
18787
18902
18788
18903
18789
18904
18790
18905
18791
18906
18907
18793
18908
18794
18909
18795
18910
18796
18911
18797
18912
18798
18913
18799
18914
18800
18915
18801
18916
18802
18917
18803
18918
18804
18919
18805
18920
18806
18921
18807
18922
18808
18923
18809
18924
18810
18925
18811
18926
18812
18927
18813
18928
18814
18929
18815
18930
18816
18931
18817
18932
18818
18933
18819
18934
18820
18935
18821
18936
18822
18937
18823
18938
18824
18939
18825
18940
18826
18941
18827
18942
18828
18943
18829
18944
18830
18945
18831
18946
18832
18947
18833
18948
18834
18949
18835
18950
18836
18951
18837
18952
18838
18953
18839
18954
18840
18955
18841
18956
18842
18957
18843
18958
18844
18959
18845
18960
18846
18961
18847
18962
18848
18963
18849
18964
18850
18965
18851
18966
18852
18967
18853
18968
18854
18969
18855
18970
18856
18971
18857
18972
18858
18973
18859
18974
18860
18975
18861
18976
18862
18977
18863
18978
18864
18979
18865
18980
18866
18981
18867
18982
18868
18983
18869
18984
18870
18985
18871
18986
18872
18987
18873
18988
18874
18989
18875
18990
18876
18991
18877
18992
18878
18993
18879
18994
18880
18995
18881
18996
18882
18997
18883
18998
18884
18999
18885
19000
18886
19001
18887
19002
18888
19003
18889
19004
18890
19005
18891
19006
18892
19007
18893
19008
18894
19009
18895
19010
18896
19011
18897
19012
18898
19013
18899
19014
18900
19015
18901
19016
18902
19017
18903
19018
18904
19019
18905
19020
18906
19021
18907
19022
19023
18909
19024
18910
19025
18911
19026
18912
19027
18913
19028
18914
19029
18915
19030
18916
19031
18917
19032
18918
19033
18919
19034
18920
19035
18921
19036
18922
19037
18923
19038
18924
19039
18925
19040
18926
19041
18927
19042
18928
19043
18929
19044
18930
19045
18931
19046
18932
19047
18933
19048
18934
19049
18935
19050
18936
19051
18937
19052
18938
19053
18939
19054
18940
19055
18941
19056
18942
19057
18943
19058
18944
19059
18945
19060
18946
19061
18947
19062
18948
19063
18949
19064
18950
19065
18951
19066
18952
19067
18953
19068
18954
19069
18955
19070
18956
19071
18957
19072
18958
19073
18959
19074
18960
19075
18961
19076
18962
19077
18963
19078
18964
19079
18965
19080
18966
19081
18967
19082
18968
19083
18969
19084
18970
19085
18971
19086
18972
19087
18973
19088
18974
19089
18975
19090
18976
19091
18977
19092
18978
19093
18979
19094
18980
19095
18981
19096
18982
19097
18983
19098
18984
19099
18985
19100
18986
19101
18987
19102
18988
19103
18989
19104
18990
19105
18991
19106
18992
19107
18993
19108
18994
19109
18995
19110
18996
19111
18997
19112
18998
19113
18999
19114
19000
19115
19001
19116
19002
19117
19003
19118
19004
19119
19005
19120
19006
19121
19007
19122
19008
19123
19009
19124
19010
19125
19011
19126
19012
19127
19013
19128
19014
19129
19015
19130
19016
19131
19017
19132
19018
19133
19019
19134
19020
19135
19021
19136
19022
19137
19023
19138
19139
19025
19140
19026
19141
19027
19142
19028
19143
19029
19144
19030
19145
19031
19146
19032
19147
19033
19148
19034
19149
19035
19150
19036
19151
19037
19152
19038
19153
19039
19154
19040
19155
19041
19156
19042
19157
19043
19158
19044
19159
19045
19160
19046
19161
19047
19162
19048
19163
19049
19164
19050
19165
19051
19166
19052
19167
19053
19168
19054
19169
19055
19170
19056
19171
19057
19172
19058
19173
19059
19174
19060
19175
19061
19176
19062
19177
19063
19178
19064
19179
19065
19180
19066
19181
19067
19182
19068
19183
19069
19184
19070
19185
19071
19186
19072
19187
19073
19188
19074
19189
19075
19190
19076
19191
19077
19192
19078
19193
19079
19194
19080
19195
19081
19196
19082
19197
19083
19198
19084
19199
19085
19200
19086
19201
19087
19202
19088
19203
19089
19204
19090
19205
19091
19206
19092
19207
19093
19208
19094
19209
19095
19210
19096
19211
19097
19212
19098
19213
19099
19214
19100
19215
19101
19216
19102
19217
19103
19218
19104
19219
19105
19220
19106
19221
19107
19222
19108
19223
19109
19224
19110
19225
19111
19226
19112
19227
19113
19228
19114
19229
19115
19230
19116
19231
19117
19232
19118
19233
19119
19234
19120
19235
19121
19236
19122
19237
19123
19238
19124
19239
19125
19240
19126
19241
19127
19242
19128
19243
19129
19244
19130
19245
19131
19246
19132
19247
19133
19248
19134
19249
19135
19250
19136
19251
19137
19252
19138
19253
19139
19254
19255
19141
19256
19142
19257
19143
19258
19144
19259
19145
19260
19146
19261
19147
19262
19148
19263
19149
19264
19150
19265
19151
19266
19152
19267
19153
19268
19154
19269
19155
19270
19156
19271
19157
19272
19158
19273
19159
19274
19160
19275
19161
19276
19162
19277
19163
19278
19164
19279
19165
19280
19166
19281
19167
19282
19168
19283
19169
19284
19170
19285
19171
19286
19172
19287
19173
19288
19174
19289
19175
19290
19176
19291
19177
19292
19178
19293
19179
19294
19180
19295
19181
19296
19182
19297
19183
19298
19184
19299
19185
19300
19186
19301
19187
19302
19188
19303
19189
19304
19190
19305
19191
19306
19192
19307
19193
19308
19194
19309
19195
19310
19196
19311
19197
19312
19198
19313
19199
19314
19200
19315
19201
19316
19202
19317
19203
19318
19204
19319
19205
19320
19206
19321
19207
19322
19208
19323
19209
19324
19210
19325
19211
19326
19212
19327
19213
19328
19214
19329
19215
19330
19216
19331
19217
19332
19218
19333
19219
19334
19220
19335
19221
19336
19222
19337
19223
19338
19224
19339
19225
19340
19226
19341
19227
19342
19228
19343
19229
19344
19230
19345
19231
19346
19232
19347
19233
19348
19234
19349
19235
19350
19236
19351
19237
19352
19238
19353
19239
19354
19240
19355
19241
19356
19242
19357
19243
19358
19244
19359
19245
19360
19246
19361
19247
19362
19248
19363
19249
19364
19250
19365
19251
19366
19252
19367
19253
19368
19254
19369
19255
19370
19371
19257
19372
19258
19373
19259
19374
19260
19375
19261
19376
19262
19377
19263
19378
19264
19379
19265
19380
19266
19381
19267
19382
19268
19383
19269
19384
19270
19385
19271
19386
19272
19387
19273
19388
19274
19389
19275
19390
19276
19391
19277
19392
19278
19393
19279
19394
19280
19395
19281
19396
19282
19397
19283
19398
19284
19399
19285
19400
19286
19401
19287
19402
19288
19403
19289
19404
19290
19405
19291
19406
19292
19407
19293
19408
19294
19409
19295
19410
19296
19411
19297
19412
19298
19413
19299
19414
19300
19415
19301
19416
19302
19417
19303
19418
19304
19419
19305
19420
19306
19421
19307
19422
19308
19423
19309
19424
19310
19425
19311
19426
19312
19427
19313
19428
19314
19429
19315
19430
19316
19431
19317
19432
19318
19433
19319
19434
19320
19435
19321
19436
19322
19437
19323
19438
19324
19439
19325
19440
19326
19441
19327
19442
19328
19443
19329
19444
19330
19445
19331
19446
19332
19447
19333
19448
19334
19449
19335
19450
19336
19451
19337
19452
19338
19453
19339
19454
19340
19455
19341
19456
19342
19457
19343
19458
19344
19459
19345
19460
19346
19461
19347
19462
19348
19463
19349
19464
19350
19465
19351
19466
19352
19467
19353
19468
19354
19469
19355
19470
19356
19471
19357
19472
19358
19473
19359
19474
19360
19475
19361
19476
19362
19477
19363
19478
19364
19479
19365
19480
19366
19481
19367
19482
19368
19483
19369
19484
19370
19485
19371
19486
19487
19373
19488
19374
19489
19375
19490
19376
19491
19377
19492
19378
19493
19379
19494
19380
19495
19381
19496
19382
19497
19383
19498
19384
19499
19385
19500
19386
19501
19387
19502
19388
19503
19389
19504
19390
19505
19391
19506
19392
19507
19393
19508
19394
19509
19395
19510
19396
19511
19397
19512
19398
19513
19399
19514
19400
19515
19401
19516
19402
19517
19403
19518
19404
19519
19405
19520
19406
19521
19407
19522
19408
19523
19409
19524
19410
19525
19411
19526
19412
19527
19413
19528
19414
19529
19415
19530
19416
19531
19417
19532
19418
19533
19419
19534
19420
19535
19421
19536
19422
19537
19423
19538
19424
19539
19425
19540
19426
19541
19427
19542
19428
19543
19429
19544
19430
19545
19431
19546
19432
19547
19433
19548
19434
19549
19435
19550
19436
19551
19437
19552
19438
19553
19439
19554
19440
19555
19441
19556
19442
19557
19443
19558
19444
19559
19445
19560
19446
19561
19447
19562
19448
19563
19449
19564
19450
19565
19451
19566
19452
19567
19453
19568
19454
19569
19455
19570
19456
19571
19457
19572
19458
19573
19459
19574
19460
19575
19461
19576
19462
19577
19463
19578
19464
19579
19465
19580
19466
19581
19467
19582
19468
19583
19469
19584
19470
19585
19471
19586
19472
19587
19473
19588
19474
19589
19475
19590
19476
19591
19477
19592
19478
19593
19479
19594
19480
19595
19481
19596
19482
19597
19483
19598
19484
19599
19485
19600
19486
19601
19487
19602
19603
19489
19604
19490
19605
19491
19606
19492
19607
19493
19608
19494
19609
19495
19610
19496
19611
19497
19612
19498
19613
19499
19614
19500
19615
19501
19616
19502
19617
19503
19618
19504
19619
19505
19620
19506
19621
19507
19622
19508
19623
19509
19624
19510
19625
19511
19626
19512
19627
19513
19628
19514
19629
19515
19630
19516
19631
19517
19632
19518
19633
19519
19634
19520
19635
19521
19636
19522
19637
19523
19638
19524
19639
19525
19640
19526
19641
19527
19642
19528
19643
19529
19644
19530
19645
19531
19646
19532
19647
19533
19648
19534
19649
19535
19650
19536
19651
19537
19652
19538
19653
19539
19654
19540
19655
19541
19656
19542
19657
19543
19658
19544
19659
19545
19660
19546
19661
19547
19662
19548
19663
19549
19664
19550
19665
19551
19666
19552
19667
19553
19668
19554
19669
19555
19670
19556
19671
19557
19672
19558
19673
19559
19674
19560
19675
19561
19676
19562
19677
19563
19678
19564
19679
19565
19680
19566
19681
19567
19682
19568
19683
19569
19684
19570
19685
19571
19686
19572
19687
19573
19688
19574
19689
19575
19690
19576
19691
19577
19692
19578
19693
19579
19694
19580
19695
19581
19696
19582
19697
19583
19698
19584
19699
19585
19700
19586
19701
19587
19702
19588
19703
19589
19704
19590
19705
19591
19706
19592
19707
19593
19708
19594
19709
19595
19710
19596
19711
19597
19712
19598
19713
19599
19714
19600
19715
19601
19716
19602
19717
19603
19718
19719
19605
19720
19606
19721
19607
19722
19608
19723
19609
19724
19610
19725
19611
19726
19612
19727
19613
19728
19614
19729
19615
19730
19616
19731
19617
19732
19618
19733
19619
19734
19620
19735
19621
19736
19622
19737
19623
19738
19624
19739
19625
19740
19626
19741
19627
19742
19628
19743
19629
19744
19630
19745
19631
19746
19632
19747
19633
19748
19634
19749
19635
19750
19636
19751
19637
19752
19638
19753
19639
19754
19640
19755
19641
19756
19642
19757
19643
19758
19644
19759
19645
19760
19646
19761
19647
19762
19648
19763
19649
19764
19650
19765
19651
19766
19652
19767
19653
19768
19654
19769
19655
19770
19656
19771
19657
19772
19658
19773
19659
19774
19660
19775
19661
19776
19662
19777
19663
19778
19664
19779
19665
19780
19666
19781
19667
19782
19668
19783
19669
19784
19670
19785
19671
19786
19672
19787
19673
19788
19674
19789
19675
19790
19676
19791
19677
19792
19678
19793
19679
19794
19680
19795
19681
19796
19682
19797
19683
19798
19684
19799
19685
19800
19686
19801
19687
19802
19688
19803
19689
19804
19690
19805
19691
19806
19692
19807
19693
19808
19694
19809
19695
19810
19696
19811
19697
19812
19698
19813
19699
19814
19700
19815
19701
19816
19702
19817
19703
19818
19704
19819
19705
19820
19706
19821
19707
19822
19708
19823
19709
19824
19710
19825
19711
19826
19712
19827
19713
19828
19714
19829
19715
19830
19716
19831
19717
19832
19718
19833
19719
19834
19835
19721
19836
19722
19837
19723
19838
19724
19839
19725
19840
19726
19841
19727
19842
19728
19843
19729
19844
19730
19845
19731
19846
19732
19847
19733
19848
19734
19849
19735
19850
19736
19851
19737
19852
19738
19853
19739
19854
19740
19855
19741
19856
19742
19857
19743
19858
19744
19859
19745
19860
19746
19861
19747
19862
19748
19863
19749
19864
19750
19865
19751
19866
19752
19867
19753
19868
19754
19869
19755
19870
19756
19871
19757
19872
19758
19873
19759
19874
19760
19875
19761
19876
19762
19877
19763
19878
19764
19879
19765
19880
19766
19881
19767
19882
19768
19883
19769
19884
19770
19885
19771
19886
19772
19887
19773
19888
19774
19889
19775
19890
19776
19891
19777
19892
19778
19893
19779
19894
19780
19895
19781
19896
19782
19897
19783
19898
19784
19899
19785
19900
19786
19901
19787
19902
19788
19903
19789
19904
19790
19905
19791
19906
19792
19907
19793
19908
19794
19909
19795
19910
19796
19911
19797
19912
19798
19913
19799
19914
19800
19915
19801
19916
19802
19917
19803
19918
19804
19919
19805
19920
19806
19921
19807
19922
19808
19923
19809
19924
19810
19925
19811
19926
19812
19927
19813
19928
19814
19929
19815
19930
19816
19931
19817
19932
19818
19933
19819
19934
19820
19935
19821
19936
19822
19937
19823
19938
19824
19939
19825
19940
19826
19941
19827
19942
19828
19943
19829
19944
19830
19945
19831
19946
19832
19947
19833
19948
19834
19949
19835
19950
19951
19837
19952
19838
19953
19839
19954
19840
19955
19841
19956
19842
19957
19843
19958
19844
19959
19845
19960
19846
19961
19847
19962
19848
19963
19849
19964
19850
19965
19851
19966
19852
19967
19853
19968
19854
19969
19855
19970
19856
19971
19857
19972
19858
19973
19859
19974
19860
19975
19861
19976
19862
19977
19863
19978
19864
19979
19865
19980
19866
19981
19867
19982
19868
19983
19869
19984
19870
19985
19871
19986
19872
19987
19873
19988
19874
19989
19875
19990
19876
19991
19877
19992
19878
19993
19879
19994
19880
19995
19881
19996
19882
19997
19883
19998
19884
19999
19885
20000
19886
20001
19887
20002
19888
20003
19889
20004
19890
20005
19891
20006
19892
20007
19893
20008
19894
20009
19895
20010
19896
20011
19897
20012
19898
20013
19899
20014
19900
20015
19901
20016
19902
20017
19903
20018
19904
20019
19905
20020
19906
20021
19907
20022
19908
20023
19909
20024
19910
20025
19911
20026
19912
20027
19913
20028
19914
20029
19915
20030
19916
20031
19917
20032
19918
20033
19919
20034
19920
20035
19921
20036
19922
20037
19923
20038
19924
20039
19925
20040
19926
20041
19927
20042
19928
20043
19929
20044
19930
20045
19931
20046
19932
20047
19933
20048
19934
20049
19935
20050
19936
20051
19937
20052
19938
20053
19939
20054
19940
20055
19941
20056
19942
20057
19943
20058
19944
20059
19945
20060
19946
20061
19947
20062
19948
20063
19949
20064
19950
20065
19951
20066
20067
19953
20068
19954
20069
19955
20070
19956
20071
19957
20072
19958
20073
19959
20074
19960
20075
19961
20076
19962
20077
19963
20078
19964
20079
19965
20080
19966
20081
19967
20082
19968
20083
19969
20084
19970
20085
19971
20086
19972
20087
19973
20088
19974
20089
19975
20090
19976
20091
19977
20092
19978
20093
19979
20094
19980
20095
19981
20096
19982
20097
19983
20098
19984
20099
19985
20100
19986
20101
19987
20102
19988
20103
19989
20104
19990
20105
19991
20106
19992
20107
19993
20108
19994
20109
19995
20110
19996
20111
19997
20112
19998
20113
19999
20114
20000
20115
20001
20116
20002
20117
20003
20118
20004
20119
20005
20120
20006
20121
20007
20122
20008
20123
20009
20124
20010
20125
20011
20126
20012
20127
20013
20128
20014
20129
20015
20130
20016
20131
20017
20132
20018
20133
20019
20134
20020
20135
20021
20136
20022
20137
20023
20138
20024
20139
20025
20140
20026
20141
20027
20142
20028
20143
20029
20144
20030
20145
20031
20146
20032
20147
20033
20148
20034
20149
20035
20150
20036
20151
20037
20152
20038
20153
20039
20154
20040
20155
20041
20156
20042
20157
20043
20158
20044
20159
20045
20160
20046
20161
20047
20162
20048
20163
20049
20164
20050
20165
20051
20166
20052
20167
20053
20168
20054
20169
20055
20170
20056
20171
20057
20172
20058
20173
20059
20174
20060
20175
20061
20176
20062
20177
20063
20178
20064
20179
20065
20180
20066
20181
20067
20182
20183
20069
20184
20070
20185
20071
20186
20072
20187
20073
20188
20074
20189
20075
20190
20076
20191
20077
20192
20078
20193
20079
20194
20080
20195
20081
20196
20082
20197
20083
20198
20084
20199
20085
20200
20086
20201
20087
20202
20088
20203
20089
20204
20090
20205
20091
20206
20092
20207
20093
20208
20094
20209
20095
20210
20096
20211
20097
20212
20098
20213
20099
20214
20100
20215
20101
20216
20102
20217
20103
20218
20104
20219
20105
20220
20106
20221
20107
20222
20108
20223
20109
20224
20110
20225
20111
20226
20112
20227
20113
20228
20114
20229
20115
20230
20116
20231
20117
20232
20118
20233
20119
20234
20120
20235
20121
20236
20122
20237
20123
20238
20124
20239
20125
20240
20126
20241
20127
20242
20128
20243
20129
20244
20130
20245
20131
20246
20132
20247
20133
20248
20134
20249
20135
20250
20136
20251
20137
20252
20138
20253
20139
20254
20140
20255
20141
20256
20142
20257
20143
20258
20144
20259
20145
20260
20146
20261
20147
20262
20148
20263
20149
20264
20150
20265
20151
20266
20152
20267
20153
20268
20154
20269
20155
20270
20156
20271
20157
20272
20158
20273
20159
20274
20160
20275
20161
20276
20162
20277
20163
20278
20164
20279
20165
20280
20166
20281
20167
20282
20168
20283
20169
20284
20170
20285
20171
20286
20172
20287
20173
20288
20174
20289
20175
20290
20176
20291
20177
20292
20178
20293
20179
20294
20180
20295
20181
20296
20182
20297
20183
20298
20299
20185
20300
20186
20301
20187
20302
20188
20303
20189
20304
20190
20305
20191
20306
20192
20307
20193
20308
20194
20309
20195
20310
20196
20311
20197
20312
20198
20313
20199
20314
20200
20315
20201
20316
20202
20317
20203
20318
20204
20319
20205
20320
20206
20321
20207
20322
20208
20323
20209
20324
20210
20325
20211
20326
20212
20327
20213
20328
20214
20329
20215
20330
20216
20331
20217
20332
20218
20333
20219
20334
20220
20335
20221
20336
20222
20337
20223
20338
20224
20339
20225
20340
20226
20341
20227
20342
20228
20343
20229
20344
20230
20345
20231
20346
20232
20347
20233
20348
20234
20349
20235
20350
20236
20351
20237
20352
20238
20353
20239
20354
20240
20355
20241
20356
20242
20357
20243
20358
20244
20359
20245
20360
20246
20361
20247
20362
20248
20363
20249
20364
20250
20365
20251
20366
20252
20367
20253
20368
20254
20369
20255
20370
20256
20371
20257
20372
20258
20373
20259
20374
20260
20375
20261
20376
20262
20377
20263
20378
20264
20379
20265
20380
20266
20381
20267
20382
20268
20383
20269
20384
20270
20385
20271
20386
20272
20387
20273
20388
20274
20389
20275
20390
20276
20391
20277
20392
20278
20393
20279
20394
20280
20395
20281
20396
20282
20397
20283
20398
20284
20399
20285
20400
20286
20401
20287
20402
20288
20403
20289
20404
20290
20405
20291
20406
20292
20407
20293
20408
20294
20409
20295
20410
20296
20411
20297
20412
20298
20413
20299
20414
20415
20301
20416
20302
20417
20303
20418
20304
20419
20305
20420
20306
20421
20307
20422
20308
20423
20309
20424
20310
20425
20311
20426
20312
20427
20313
20428
20314
20429
20315
20430
20316
20431
20317
20432
20318
20433
20319
20434
20320
20435
20321
20436
20322
20437
20323
20438
20324
20439
20325
20440
20326
20441
20327
20442
20328
20443
20329
20444
20330
20445
20331
20446
20332
20447
20333
20448
20334
20449
20335
20450
20336
20451
20337
20452
20338
20453
20339
20454
20340
20455
20341
20456
20342
20457
20343
20458
20344
20459
20345
20460
20346
20461
20347
20462
20348
20463
20349
20464
20350
20465
20351
20466
20352
20467
20353
20468
20354
20469
20355
20470
20356
20471
20357
20472
20358
20473
20359
20474
20360
20475
20361
20476
20362
20477
20363
20478
20364
20479
20365
20480
20366
20481
20367
20482
20368
20483
20369
20484
20370
20485
20371
20486
20372
20487
20373
20488
20374
20489
20375
20490
20376
20491
20377
20492
20378
20493
20379
20494
20380
20495
20381
20496
20382
20497
20383
20498
20384
20499
20385
20500
20386
20501
20387
20502
20388
20503
20389
20504
20390
20505
20391
20506
20392
20507
20393
20508
20394
20509
20395
20510
20396
20511
20397
20512
20398
20513
20399
20514
20400
20515
20401
20516
20402
20517
20403
20518
20404
20519
20405
20520
20406
20521
20407
20522
20408
20523
20409
20524
20410
20525
20411
20526
20412
20527
20413
20528
20414
20529
20415
20530
20531
20417
20532
20418
20533
20419
20534
20420
20535
20421
20536
20422
20537
20423
20538
20424
20539
20425
20540
20426
20541
20427
20542
20428
20543
20429
20544
20430
20545
20431
20546
20432
20547
20433
20548
20434
20549
20435
20550
20436
20551
20437
20552
20438
20553
20439
20554
20440
20555
20441
20556
20442
20557
20443
20558
20444
20559
20445
20560
20446
20561
20447
20562
20448
20563
20449
20564
20450
20565
20451
20566
20452
20567
20453
20568
20454
20569
20455
20570
20456
20571
20457
20572
20458
20573
20459
20574
20460
20575
20461
20576
20462
20577
20463
20578
20464
20579
20465
20580
20466
20581
20467
20582
20468
20583
20469
20584
20470
20585
20471
20586
20472
20587
20473
20588
20474
20589
20475
20590
20476
20591
20477
20592
20478
20593
20479
20594
20480
20595
20481
20596
20482
20597
20483
20598
20484
20599
20485
20600
20486
20601
20487
20602
20488
20603
20489
20604
20490
20605
20491
20606
20492
20607
20493
20608
20494
20609
20495
20610
20496
20611
20497
20612
20498
20613
20499
20614
20500
20615
20501
20616
20502
20617
20503
20618
20504
20619
20505
20620
20506
20621
20507
20622
20508
20623
20509
20624
20510
20625
20511
20626
20512
20627
20513
20628
20514
20629
20515
20630
20516
20631
20517
20632
20518
20633
20519
20634
20520
20635
20521
20636
20522
20637
20523
20638
20524
20639
20525
20640
20526
20641
20527
20642
20528
20643
20529
20644
20530
20645
20531
20646
20647
20533
20648
20534
20649
20535
20650
20536
20651
20537
20652
20538
20653
20539
20654
20540
20655
20541
20656
20542
20657
20543
20658
20544
20659
20545
20660
20546
20661
20547
20662
20548
20663
20549
20664
20550
20665
20551
20666
20552
20667
20553
20668
20554
20669
20555
20670
20556
20671
20557
20672
20558
20673
20559
20674
20560
20675
20561
20676
20562
20677
20563
20678
20564
20679
20565
20680
20566
20681
20567
20682
20568
20683
20569
20684
20570
20685
20571
20686
20572
20687
20573
20688
20574
20689
20575
20690
20576
20691
20577
20692
20578
20693
20579
20694
20580
20695
20581
20696
20582
20697
20583
20698
20584
20699
20585
20700
20586
20701
20587
20702
20588
20703
20589
20704
20590
20705
20591
20706
20592
20707
20593
20708
20594
20709
20595
20710
20596
20711
20597
20712
20598
20713
20599
20714
20600
20715
20601
20716
20602
20717
20603
20718
20604
20719
20605
20720
20606
20721
20607
20722
20608
20723
20609
20724
20610
20725
20611
20726
20612
20727
20613
20728
20614
20729
20615
20730
20616
20731
20617
20732
20618
20733
20619
20734
20620
20735
20621
20736
20622
20737
20623
20738
20624
20739
20625
20740
20626
20741
20627
20742
20628
20743
20629
20744
20630
20745
20631
20746
20632
20747
20633
20748
20634
20749
20635
20750
20636
20751
20637
20752
20638
20753
20639
20754
20640
20755
20641
20756
20642
20757
20643
20758
20644
20759
20645
20760
20646
20761
20647
20762
20763
20649
20764
20650
20765
20651
20766
20652
20767
20653
20768
20654
20769
20655
20770
20656
20771
20657
20772
20658
20773
20659
20774
20660
20775
20661
20776
20662
20777
20663
20778
20664
20779
20665
20780
20666
20781
20667
20782
20668
20783
20669
20784
20670
20785
20671
20786
20672
20787
20673
20788
20674
20789
20675
20790
20676
20791
20677
20792
20678
20793
20679
20794
20680
20795
20681
20796
20682
20797
20683
20798
20684
20799
20685
20800
20686
20801
20687
20802
20688
20803
20689
20804
20690
20805
20691
20806
20692
20807
20693
20808
20694
20809
20695
20810
20696
20811
20697
20812
20698
20813
20699
20814
20700
20815
20701
20816
20702
20817
20703
20818
20704
20819
20705
20820
20706
20821
20707
20822
20708
20823
20709
20824
20710
20825
20711
20826
20712
20827
20713
20828
20714
20829
20715
20830
20716
20831
20717
20832
20718
20833
20719
20834
20720
20835
20721
20836
20722
20837
20723
20838
20724
20839
20725
20840
20726
20841
20727
20842
20728
20843
20729
20844
20730
20845
20731
20846
20732
20847
20733
20848
20734
20849
20735
20850
20736
20851
20737
20852
20738
20853
20739
20854
20740
20855
20741
20856
20742
20857
20743
20858
20744
20859
20745
20860
20746
20861
20747
20862
20748
20863
20749
20864
20750
20865
20751
20866
20752
20867
20753
20868
20754
20869
20755
20870
20756
20871
20757
20872
20758
20873
20759
20874
20760
20875
20761
20876
20762
20877
20763
20878
20879
20765
20880
20766
20881
20767
20882
20768
20883
20769
20884
20770
20885
20771
20886
20772
20887
20773
20888
20774
20889
20775
20890
20776
20891
20777
20892
20778
20893
20779
20894
20780
20895
20781
20896
20782
20897
20783
20898
20784
20899
20785
20900
20786
20901
20787
20902
20788
20903
20789
20904
20790
20905
20791
20906
20792
20907
20793
20908
20794
20909
20795
20910
20796
20911
20797
20912
20798
20913
20799
20914
20800
20915
20801
20916
20802
20917
20803
20918
20804
20919
20805
20920
20806
20921
20807
20922
20808
20923
20809
20924
20810
20925
20811
20926
20812
20927
20813
20928
20814
20929
20815
20930
20816
20931
20817
20932
20818
20933
20819
20934
20820
20935
20821
20936
20822
20937
20823
20938
20824
20939
20825
20940
20826
20941
20827
20942
20828
20943
20829
20944
20830
20945
20831
20946
20832
20947
20833
20948
20834
20949
20835
20950
20836
20951
20837
20952
20838
20953
20839
20954
20840
20955
20841
20956
20842
20957
20843
20958
20844
20959
20845
20960
20846
20961
20847
20962
20848
20963
20849
20964
20850
20965
20851
20966
20852
20967
20853
20968
20854
20969
20855
20970
20856
20971
20857
20972
20858
20973
20859
20974
20860
20975
20861
20976
20862
20977
20863
20978
20864
20979
20865
20980
20866
20981
20867
20982
20868
20983
20869
20984
20870
20985
20871
20986
20872
20987
20873
20988
20874
20989
20875
20990
20876
20991
20877
20992
20878
20993
20879
20994
20995
20881
20996
20882
20997
20883
20998
20884
20999
20885
21000
20886
21001
20887
21002
20888
21003
20889
21004
20890
21005
20891
21006
20892
21007
20893
21008
20894
21009
20895
21010
20896
21011
20897
21012
20898
21013
20899
21014
20900
21015
20901
21016
20902
21017
20903
21018
20904
21019
20905
21020
20906
21021
20907
21022
20908
21023
20909
21024
20910
21025
20911
21026
20912
21027
20913
21028
20914
21029
20915
21030
20916
21031
20917
21032
20918
21033
20919
21034
20920
21035
20921
21036
20922
21037
20923
21038
20924
21039
20925
21040
20926
21041
20927
21042
20928
21043
20929
21044
20930
21045
20931
21046
20932
21047
20933
21048
20934
21049
20935
21050
20936
21051
20937
21052
20938
21053
20939
21054
20940
21055
20941
21056
20942
21057
20943
21058
20944
21059
20945
21060
20946
21061
20947
21062
20948
21063
20949
21064
20950
21065
20951
21066
20952
21067
20953
21068
20954
21069
20955
21070
20956
21071
20957
21072
20958
21073
20959
21074
20960
21075
20961
21076
20962
21077
20963
21078
20964
21079
20965
21080
20966
21081
20967
21082
20968
21083
20969
21084
20970
21085
20971
21086
20972
21087
20973
21088
20974
21089
20975
21090
20976
21091
20977
21092
20978
21093
20979
21094
20980
21095
20981
21096
20982
21097
20983
21098
20984
21099
20985
21100
20986
21101
20987
21102
20988
21103
20989
21104
20990
21105
20991
21106
20992
21107
20993
21108
20994
21109
20995
21110
21111
20997
21112
20998
21113
20999
21114
21000
21115
21001
21116
21002
21117
21003
21118
21004
21119
21005
21120
21006
21121
21007
21122
21008
21123
21009
21124
21010
21125
21011
21126
21012
21127
21013
21128
21014
21129
21015
21130
21016
21131
21017
21132
21018
21133
21019
21134
21020
21135
21021
21136
21022
21137
21023
21138
21024
21139
21025
21140
21026
21141
21027
21142
21028
21143
21029
21144
21030
21145
21031
21146
21032
21147
21033
21148
21034
21149
21035
21150
21036
21151
21037
21152
21038
21153
21039
21154
21040
21155
21041
21156
21042
21157
21043
21158
21044
21159
21045
21160
21046
21161
21047
21162
21048
21163
21049
21164
21050
21165
21051
21166
21052
21167
21053
21168
21054
21169
21055
21170
21056
21171
21057
21172
21058
21173
21059
21174
21060
21175
21061
21176
21062
21177
21063
21178
21064
21179
21065
21180
21066
21181
21067
21182
21068
21183
21069
21184
21070
21185
21071
21186
21072
21187
21073
21188
21074
21189
21075
21190
21076
21191
21077
21192
21078
21193
21079
21194
21080
21195
21081
21196
21082
21197
21083
21198
21084
21199
21085
21200
21086
21201
21087
21202
21088
21203
21089
21204
21090
21205
21091
21206
21092
21207
21093
21208
21094
21209
21095
21210
21096
21211
21097
21212
21098
21213
21099
21214
21100
21215
21101
21216
21102
21217
21103
21218
21104
21219
21105
21220
21106
21221
21107
21222
21108
21223
21109
21224
21110
21225
21111
21226
21227
21113
21228
21114
21229
21115
21230
21116
21231
21117
21232
21118
21233
21119
21234
21120
21235
21121
21236
21122
21237
21123
21238
21124
21239
21125
21240
21126
21241
21127
21242
21128
21243
21129
21244
21130
21245
21131
21246
21132
21247
21133
21248
21134
21249
21135
21250
21136
21251
21137
21252
21138
21253
21139
21254
21140
21255
21141
21256
21142
21257
21143
21258
21144
21259
21145
21260
21146
21261
21147
21262
21148
21263
21149
21264
21150
21265
21151
21266
21152
21267
21153
21268
21154
21269
21155
21270
21156
21271
21157
21272
21158
21273
21159
21274
21160
21275
21161
21276
21162
21277
21163
21278
21164
21279
21165
21280
21166
21281
21167
21282
21168
21283
21169
21284
21170
21285
21171
21286
21172
21287
21173
21288
21174
21289
21175
21290
21176
21291
21177
21292
21178
21293
21179
21294
21180
21295
21181
21296
21182
21297
21183
21298
21184
21299
21185
21300
21186
21301
21187
21302
21188
21303
21189
21304
21190
21305
21191
21306
21192
21307
21193
21308
21194
21309
21195
21310
21196
21311
21197
21312
21198
21313
21199
21314
21200
21315
21201
21316
21202
21317
21203
21318
21204
21319
21205
21320
21206
21321
21207
21322
21208
21323
21209
21324
21210
21325
21211
21326
21212
21327
21213
21328
21214
21329
21215
21330
21216
21331
21217
21332
21218
21333
21219
21334
21220
21335
21221
21336
21222
21337
21223
21338
21224
21339
21225
21340
21226
21341
21227
21342
21343
21229
21344
21230
21345
21231
21346
21232
21347
21233
21348
21234
21349
21235
21350
21236
21351
21237
21352
21238
21353
21239
21354
21240
21355
21241
21356
21242
21357
21243
21358
21244
21359
21245
21360
21246
21361
21247
21362
21248
21363
21249
21364
21250
21365
21251
21366
21252
21367
21253
21368
21254
21369
21255
21370
21256
21371
21257
21372
21258
21373
21259
21374
21260
21375
21261
21376
21262
21377
21263
21378
21264
21379
21265
21380
21266
21381
21267
21382
21268
21383
21269
21384
21270
21385
21271
21386
21272
21387
21273
21388
21274
21389
21275
21390
21276
21391
21277
21392
21278
21393
21279
21394
21280
21395
21281
21396
21282
21397
21283
21398
21284
21399
21285
21400
21286
21401
21287
21402
21288
21403
21289
21404
21290
21405
21291
21406
21292
21407
21293
21408
21294
21409
21295
21410
21296
21411
21297
21412
21298
21413
21299
21414
21300
21415
21301
21416
21302
21417
21303
21418
21304
21419
21305
21420
21306
21421
21307
21422
21308
21423
21309
21424
21310
21425
21311
21426
21312
21427
21313
21428
21314
21429
21315
21430
21316
21431
21317
21432
21318
21433
21319
21434
21320
21435
21321
21436
21322
21437
21323
21438
21324
21439
21325
21440
21326
21441
21327
21442
21328
21443
21329
21444
21330
21445
21331
21446
21332
21447
21333
21448
21334
21449
21335
21450
21336
21451
21337
21452
21338
21453
21339
21454
21340
21455
21341
21456
21342
21457
21343
21458
21459
21345
21460
21346
21461
21347
21462
21348
21463
21349
21464
21350
21465
21351
21466
21352
21467
21353
21468
21354
21469
21355
21470
21356
21471
21357
21472
21358
21473
21359
21474
21360
21475
21361
21476
21362
21477
21363
21478
21364
21479
21365
21480
21366
21481
21367
21482
21368
21483
21369
21484
21370
21485
21371
21486
21372
21487
21373
21488
21374
21489
21375
21490
21376
21491
21377
21492
21378
21493
21379
21494
21380
21495
21381
21496
21382
21497
21383
21498
21384
21499
21385
21500
21386
21501
21387
21502
21388
21503
21389
21504
21390
21505
21391
21506
21392
21507
21393
21508
21394
21509
21395
21510
21396
21511
21397
21512
21398
21513
21399
21514
21400
21515
21401
21516
21402
21517
21403
21518
21404
21519
21405
21520
21406
21521
21407
21522
21408
21523
21409
21524
21410
21525
21411
21526
21412
21527
21413
21528
21414
21529
21415
21530
21416
21531
21417
21532
21418
21533
21419
21534
21420
21535
21421
21536
21422
21537
21423
21538
21424
21539
21425
21540
21426
21541
21427
21542
21428
21543
21429
21544
21430
21545
21431
21546
21432
21547
21433
21548
21434
21549
21435
21550
21436
21551
21437
21552
21438
21553
21439
21554
21440
21555
21441
21556
21442
21557
21443
21558
21444
21559
21445
21560
21446
21561
21447
21562
21448
21563
21449
21564
21450
21565
21451
21566
21452
21567
21453
21568
21454
21569
21455
21570
21456
21571
21457
21572
21458
21573
21459
21574
21575
21461
21576
21462
21577
21463
21578
21464
21579
21465
21580
21466
21581
21467
21582
21468
21583
21469
21584
21470
21585
21471
21586
21472
21587
21473
21588
21474
21589
21475
21590
21476
21591
21477
21592
21478
21593
21479
21594
21480
21595
21481
21596
21482
21597
21483
21598
21484
21599
21485
21600
21486
21601
21487
21602
21488
21603
21489
21604
21490
21605
21491
21606
21492
21607
21493
21608
21494
21609
21495
21610
21496
21611
21497
21612
21498
21613
21499
21614
21500
21615
21501
21616
21502
21617
21503
21618
21504
21619
21505
21620
21506
21621
21507
21622
21508
21623
21509
21624
21510
21625
21511
21626
21512
21627
21513
21628
21514
21629
21515
21630
21516
21631
21517
21632
21518
21633
21519
21634
21520
21635
21521
21636
21522
21637
21523
21638
21524
21639
21525
21640
21526
21641
21527
21642
21528
21643
21529
21644
21530
21645
21531
21646
21532
21647
21533
21648
21534
21649
21535
21650
21536
21651
21537
21652
21538
21653
21539
21654
21540
21655
21541
21656
21542
21657
21543
21658
21544
21659
21545
21660
21546
21661
21547
21662
21548
21663
21549
21664
21550
21665
21551
21666
21552
21667
21553
21668
21554
21669
21555
21670
21556
21671
21557
21672
21558
21673
21559
21674
21560
21675
21561
21676
21562
21677
21563
21678
21564
21679
21565
21680
21566
21681
21567
21682
21568
21683
21569
21684
21570
21685
21571
21686
21572
21687
21573
21688
21574
21689
21575
21690
21691
21577
21692
21578
21693
21579
21694
21580
21695
21581
21696
21582
21697
21583
21698
21584
21699
21585
21700
21586
21701
21587
21702
21588
21703
21589
21704
21590
21705
21591
21706
21592
21707
21593
21708
21594
21709
21595
21710
21596
21711
21597
21712
21598
21713
21599
21714
21600
21715
21601
21716
21602
21717
21603
21718
21604
21719
21605
21720
21606
21721
21607
21722
21608
21723
21609
21724
21610
21725
21611
21726
21612
21727
21613
21728
21614
21729
21615
21730
21616
21731
21617
21732
21618
21733
21619
21734
21620
21735
21621
21736
21622
21737
21623
21738
21624
21739
21625
21740
21626
21741
21627
21742
21628
21743
21629
21744
21630
21745
21631
21746
21632
21747
21633
21748
21634
21749
21635
21750
21636
21751
21637
21752
21638
21753
21639
21754
21640
21755
21641
21756
21642
21757
21643
21758
21644
21759
21645
21760
21646
21761
21647
21762
21648
21763
21649
21764
21650
21765
21651
21766
21652
21767
21653
21768
21654
21769
21655
21770
21656
21771
21657
21772
21658
21773
21659
21774
21660
21775
21661
21776
21662
21777
21663
21778
21664
21779
21665
21780
21666
21781
21667
21782
21668
21783
21669
21784
21670
21785
21671
21786
21672
21787
21673
21788
21674
21789
21675
21790
21676
21791
21677
21792
21678
21793
21679
21794
21680
21795
21681
21796
21682
21797
21683
21798
21684
21799
21685
21800
21686
21801
21687
21802
21688
21803
21689
21804
21690
21805
21691
21806
21807
21693
21808
21694
21809
21695
21810
21696
21811
21697
21812
21698
21813
21699
21814
21700
21815
21701
21816
21702
21817
21703
21818
21704
21819
21705
21820
21706
21821
21707
21822
21708
21823
21709
21824
21710
21825
21711
21826
21712
21827
21713
21828
21714
21829
21715
21830
21716
21831
21717
21832
21718
21833
21719
21834
21720
21835
21721
21836
21722
21837
21723
21838
21724
21839
21725
21840
21726
21841
21727
21842
21728
21843
21729
21844
21730
21845
21731
21846
21732
21847
21733
21848
21734
21849
21735
21850
21736
21851
21737
21852
21738
21853
21739
21854
21740
21855
21741
21856
21742
21857
21743
21858
21744
21859
21745
21860
21746
21861
21747
21862
21748
21863
21749
21864
21750
21865
21751
21866
21752
21867
21753
21868
21754
21869
21755
21870
21756
21871
21757
21872
21758
21873
21759
21874
21760
21875
21761
21876
21762
21877
21763
21878
21764
21879
21765
21880
21766
21881
21767
21882
21768
21883
21769
21884
21770
21885
21771
21886
21772
21887
21773
21888
21774
21889
21775
21890
21776
21891
21777
21892
21778
21893
21779
21894
21780
21895
21781
21896
21782
21897
21783
21898
21784
21899
21785
21900
21786
21901
21787
21902
21788
21903
21789
21904
21790
21905
21791
21906
21792
21907
21793
21908
21794
21909
21795
21910
21796
21911
21797
21912
21798
21913
21799
21914
21800
21915
21801
21916
21802
21917
21803
21918
21804
21919
21805
21920
21806
21921
21807
21922
21923
21809
21924
21810
21925
21811
21926
21812
21927
21813
21928
21814
21929
21815
21930
21816
21931
21817
21932
21818
21933
21819
21934
21820
21935
21821
21936
21822
21937
21823
21938
21824
21939
21825
21940
21826
21941
21827
21942
21828
21943
21829
21944
21830
21945
21831
21946
21832
21947
21833
21948
21834
21949
21835
21950
21836
21951
21837
21952
21838
21953
21839
21954
21840
21955
21841
21956
21842
21957
21843
21958
21844
21959
21845
21960
21846
21961
21847
21962
21848
21963
21849
21964
21850
21965
21851
21966
21852
21967
21853
21968
21854
21969
21855
21970
21856
21971
21857
21972
21858
21973
21859
21974
21860
21975
21861
21976
21862
21977
21863
21978
21864
21979
21865
21980
21866
21981
21867
21982
21868
21983
21869
21984
21870
21985
21871
21986
21872
21987
21873
21988
21874
21989
21875
21990
21876
21991
21877
21992
21878
21993
21879
21994
21880
21995
21881
21996
21882
21997
21883
21998
21884
21999
21885
22000
21886
22001
21887
22002
21888
22003
21889
22004
21890
22005
21891
22006
21892
22007
21893
22008
21894
22009
21895
22010
21896
22011
21897
22012
21898
22013
21899
22014
21900
22015
21901
22016
21902
22017
21903
22018
21904
22019
21905
22020
21906
22021
21907
22022
21908
22023
21909
22024
21910
22025
21911
22026
21912
22027
21913
22028
21914
22029
21915
22030
21916
22031
21917
22032
21918
22033
21919
22034
21920
22035
21921
22036
21922
22037
21923
22038
22039
21925
22040
21926
22041
21927
22042
21928
22043
21929
22044
21930
22045
21931
22046
21932
22047
21933
22048
21934
22049
21935
22050
21936
22051
21937
22052
21938
22053
21939
22054
21940
22055
21941
22056
21942
22057
21943
22058
21944
22059
21945
22060
21946
22061
21947
22062
21948
22063
21949
22064
21950
22065
21951
22066
21952
22067
21953
22068
21954
22069
21955
22070
21956
22071
21957
22072
21958
22073
21959
22074
21960
22075
21961
22076
21962
22077
21963
22078
21964
22079
21965
22080
21966
22081
21967
22082
21968
22083
21969
22084
21970
22085
21971
22086
21972
22087
21973
22088
21974
22089
21975
22090
21976
22091
21977
22092
21978
22093
21979
22094
21980
22095
21981
22096
21982
22097
21983
22098
21984
22099
21985
22100
21986
22101
21987
22102
21988
22103
21989
22104
21990
22105
21991
22106
21992
22107
21993
22108
21994
22109
21995
22110
21996
22111
21997
22112
21998
22113
21999
22114
22000
22115
22001
22116
22002
22117
22003
22118
22004
22119
22005
22120
22006
22121
22007
22122
22008
22123
22009
22124
22010
22125
22011
22126
22012
22127
22013
22128
22014
22129
22015
22130
22016
22131
22017
22132
22018
22133
22019
22134
22020
22135
22021
22136
22022
22137
22023
22138
22024
22139
22025
22140
22026
22141
22027
22142
22028
22143
22029
22144
22030
22145
22031
22146
22032
22147
22033
22148
22034
22149
22035
22150
22036
22151
22037
22152
22038
22153
22039
22154
22155
22041
22156
22042
22157
22043
22158
22044
22159
22045
22160
22046
22161
22047
22162
22048
22163
22049
22164
22050
22165
22051
22166
22052
22167
22053
22168
22054
22169
22055
22170
22056
22171
22057
22172
22058
22173
22059
22174
22060
22175
22061
22176
22062
22177
22063
22178
22064
22179
22065
22180
22066
22181
22067
22182
22068
22183
22069
22184
22070
22185
22071
22186
22072
22187
22073
22188
22074
22189
22075
22190
22076
22191
22077
22192
22078
22193
22079
22194
22080
22195
22081
22196
22082
22197
22083
22198
22084
22199
22085
22200
22086
22201
22087
22202
22088
22203
22089
22204
22090
22205
22091
22206
22092
22207
22093
22208
22094
22209
22095
22210
22096
22211
22097
22212
22098
22213
22099
22214
22100
22215
22101
22216
22102
22217
22103
22218
22104
22219
22105
22220
22106
22221
22107
22222
22108
22223
22109
22224
22110
22225
22111
22226
22112
22227
22113
22228
22114
22229
22115
22230
22116
22231
22117
22232
22118
22233
22119
22234
22120
22235
22121
22236
22122
22237
22123
22238
22124
22239
22125
22240
22126
22241
22127
22242
22128
22243
22129
22244
22130
22245
22131
22246
22132
22247
22133
22248
22134
22249
22135
22250
22136
22251
22137
22252
22138
22253
22139
22254
22140
22255
22141
22256
22142
22257
22143
22258
22144
22259
22145
22260
22146
22261
22147
22262
22148
22263
22149
22264
22150
22265
22151
22266
22152
22267
22153
22268
22154
22269
22155
22270
22271
22157
22272
22158
22273
22159
22274
22160
22275
22161
22276
22162
22277
22163
22278
22164
22279
22165
22280
22166
22281
22167
22282
22168
22283
22169
22284
22170
22285
22171
22286
22172
22287
22173
22288
22174
22289
22175
22290
22176
22291
22177
22292
22178
22293
22179
22294
22180
22295
22181
22296
22182
22297
22183
22298
22184
22299
22185
22300
22186
22301
22187
22302
22188
22303
22189
22304
22190
22305
22191
22306
22192
22307
22193
22308
22194
22309
22195
22310
22196
22311
22197
22312
22198
22313
22199
22314
22200
22315
22201
22316
22202
22317
22203
22318
22204
22319
22205
22320
22206
22321
22207
22322
22208
22323
22209
22324
22210
22325
22211
22326
22212
22327
22213
22328
22214
22329
22215
22330
22216
22331
22217
22332
22218
22333
22219
22334
22220
22335
22221
22336
22222
22337
22223
22338
22224
22339
22225
22340
22226
22341
22227
22342
22228
22343
22229
22344
22230
22345
22231
22346
22232
22347
22233
22348
22234
22349
22235
22350
22236
22351
22237
22352
22238
22353
22239
22354
22240
22355
22241
22356
22242
22357
22243
22358
22244
22359
22245
22360
22246
22361
22247
22362
22248
22363
22249
22364
22250
22365
22251
22366
22252
22367
22253
22368
22254
22369
22255
22370
22256
22371
22257
22372
22258
22373
22259
22374
22260
22375
22261
22376
22262
22377
22263
22378
22264
22379
22265
22380
22266
22381
22267
22382
22268
22383
22269
22384
22270
22385
22271
22386
22387
22273
22388
22274
22389
22275
22390
22276
22391
22277
22392
22278
22393
22279
22394
22280
22395
22281
22396
22282
22397
22283
22398
22284
22399
22285
22400
22286
22401
22287
22402
22288
22403
22289
22404
22290
22405
22291
22406
22292
22407
22293
22408
22294
22409
22295
22410
22296
22411
22297
22412
22298
22413
22299
22414
22300
22415
22301
22416
22302
22417
22303
22418
22304
22419
22305
22420
22306
22421
22307
22422
22308
22423
22309
22424
22310
22425
22311
22426
22312
22427
22313
22428
22314
22429
22315
22430
22316
22431
22317
22432
22318
22433
22319
22434
22320
22435
22321
22436
22322
22437
22323
22438
22324
22439
22325
22440
22326
22441
22327
22442
22328
22443
22329
22444
22330
22445
22331
22446
22332
22447
22333
22448
22334
22449
22335
22450
22336
22451
22337
22452
22338
22453
22339
22454
22340
22455
22341
22456
22342
22457
22343
22458
22344
22459
22345
22460
22346
22461
22347
22462
22348
22463
22349
22464
22350
22465
22351
22466
22352
22467
22353
22468
22354
22469
22355
22470
22356
22471
22357
22472
22358
22473
22359
22474
22360
22475
22361
22476
22362
22477
22363
22478
22364
22479
22365
22480
22366
22481
22367
22482
22368
22483
22369
22484
22370
22485
22371
22486
22372
22487
22373
22488
22374
22489
22375
22490
22376
22491
22377
22492
22378
22493
22379
22494
22380
22495
22381
22496
22382
22497
22383
22498
22384
22499
22385
22500
22386
22501
22387
22502
22503
22389
22504
22390
22505
22391
22506
22392
22507
22393
22508
22394
22509
22395
22510
22396
22511
22397
22512
22398
22513
22399
22514
22400
22515
22401
22516
22402
22517
22403
22518
22404
22519
22405
22520
22406
22521
22407
22522
22408
22523
22409
22524
22410
22525
22411
22526
22412
22527
22413
22528
22414
22529
22415
22530
22416
22531
22417
22532
22418
22533
22419
22534
22420
22535
22421
22536
22422
22537
22423
22538
22424
22539
22425
22540
22426
22541
22427
22542
22428
22543
22429
22544
22430
22545
22431
22546
22432
22547
22433
22548
22434
22549
22435
22550
22436
22551
22437
22552
22438
22553
22439
22554
22440
22555
22441
22556
22442
22557
22443
22558
22444
22559
22445
22560
22446
22561
22447
22562
22448
22563
22449
22564
22450
22565
22451
22566
22452
22567
22453
22568
22454
22569
22455
22570
22456
22571
22457
22572
22458
22573
22459
22574
22460
22575
22461
22576
22462
22577
22463
22578
22464
22579
22465
22580
22466
22581
22467
22582
22468
22583
22469
22584
22470
22585
22471
22586
22472
22587
22473
22588
22474
22589
22475
22590
22476
22591
22477
22592
22478
22593
22479
22594
22480
22595
22481
22596
22482
22597
22483
22598
22484
22599
22485
22600
22486
22601
22487
22602
22488
22603
22489
22604
22490
22605
22491
22606
22492
22607
22493
22608
22494
22609
22495
22610
22496
22611
22497
22612
22498
22613
22499
22614
22500
22615
22501
22616
22502
22617
22503
22618
22619
22505
22620
22506
22621
22507
22622
22508
22623
22509
22624
22510
22625
22511
22626
22512
22627
22513
22628
22514
22629
22515
22630
22516
22631
22517
22632
22518
22633
22519
22634
22520
22635
22521
22636
22522
22637
22523
22638
22524
22639
22525
22640
22526
22641
22527
22642
22528
22643
22529
22644
22530
22645
22531
22646
22532
22647
22533
22648
22534
22649
22535
22650
22536
22651
22537
22652
22538
22653
22539
22654
22540
22655
22541
22656
22542
22657
22543
22658
22544
22659
22545
22660
22546
22661
22547
22662
22548
22663
22549
22664
22550
22665
22551
22666
22552
22667
22553
22668
22554
22669
22555
22670
22556
22671
22557
22672
22558
22673
22559
22674
22560
22675
22561
22676
22562
22677
22563
22678
22564
22679
22565
22680
22566
22681
22567
22682
22568
22683
22569
22684
22570
22685
22571
22686
22572
22687
22573
22688
22574
22689
22575
22690
22576
22691
22577
22692
22578
22693
22579
22694
22580
22695
22581
22696
22582
22697
22583
22698
22584
22699
22585
22700
22586
22701
22587
22702
22588
22703
22589
22704
22590
22705
22591
22706
22592
22707
22593
22708
22594
22709
22595
22710
22596
22711
22597
22712
22598
22713
22599
22714
22600
22715
22601
22716
22602
22717
22603
22718
22604
22719
22605
22720
22606
22721
22607
22722
22608
22723
22609
22724
22610
22725
22611
22726
22612
22727
22613
22728
22614
22729
22615
22730
22616
22731
22617
22732
22618
22733
22619
22734
22735
22621
22736
22622
22737
22623
22738
22624
22739
22625
22740
22626
22741
22627
22742
22628
22743
22629
22744
22630
22745
22631
22746
22632
22747
22633
22748
22634
22749
22635
22750
22636
22751
22637
22752
22638
22753
22639
22754
22640
22755
22641
22756
22642
22757
22643
22758
22644
22759
22645
22760
22646
22761
22647
22762
22648
22763
22649
22764
22650
22765
22651
22766
22652
22767
22653
22768
22654
22769
22655
22770
22656
22771
22657
22772
22658
22773
22659
22774
22660
22775
22661
22776
22662
22777
22663
22778
22664
22779
22665
22780
22666
22781
22667
22782
22668
22783
22669
22784
22670
22785
22671
22786
22672
22787
22673
22788
22674
22789
22675
22790
22676
22791
22677
22792
22678
22793
22679
22794
22680
22795
22681
22796
22682
22797
22683
22798
22684
22799
22685
22800
22686
22801
22687
22802
22688
22803
22689
22804
22690
22805
22691
22806
22692
22807
22693
22808
22694
22809
22695
22810
22696
22811
22697
22812
22698
22813
22699
22814
22700
22815
22701
22816
22702
22817
22703
22818
22704
22819
22705
22820
22706
22821
22707
22822
22708
22823
22709
22824
22710
22825
22711
22826
22712
22827
22713
22828
22714
22829
22715
22830
22716
22831
22717
22832
22718
22833
22719
22834
22720
22835
22721
22836
22722
22837
22723
22838
22724
22839
22725
22840
22726
22841
22727
22842
22728
22843
22729
22844
22730
22845
22731
22846
22732
22847
22733
22848
22734
22849
22735
22850
22851
22737
22852
22738
22853
22739
22854
22740
22855
22741
22856
22742
22857
22743
22858
22744
22859
22745
22860
22746
22861
22747
22862
22748
22863
22749
22864
22750
22865
22751
22866
22752
22867
22753
22868
22754
22869
22755
22870
22756
22871
22757
22872
22758
22873
22759
22874
22760
22875
22761
22876
22762
22877
22763
22878
22764
22879
22765
22880
22766
22881
22767
22882
22768
22883
22769
22884
22770
22885
22771
22886
22772
22887
22773
22888
22774
22889
22775
22890
22776
22891
22777
22892
22778
22893
22779
22894
22780
22895
22781
22896
22782
22897
22783
22898
22784
22899
22785
22900
22786
22901
22787
22902
22788
22903
22789
22904
22790
22905
22791
22906
22792
22907
22793
22908
22794
22909
22795
22910
22796
22911
22797
22912
22798
22913
22799
22914
22800
22915
22801
22916
22802
22917
22803
22918
22804
22919
22805
22920
22806
22921
22807
22922
22808
22923
22809
22924
22810
22925
22811
22926
22812
22927
22813
22928
22814
22929
22815
22930
22816
22931
22817
22932
22818
22933
22819
22934
22820
22935
22821
22936
22822
22937
22823
22938
22824
22939
22825
22940
22826
22941
22827
22942
22828
22943
22829
22944
22830
22945
22831
22946
22832
22947
22833
22948
22834
22949
22835
22950
22836
22951
22837
22952
22838
22953
22839
22954
22840
22955
22841
22956
22842
22957
22843
22958
22844
22959
22845
22960
22846
22961
22847
22962
22848
22963
22849
22964
22850
22965
22851
22966
22967
22853
22968
22854
22969
22855
22970
22856
22971
22857
22972
22858
22973
22859
22974
22860
22975
22861
22976
22862
22977
22863
22978
22864
22979
22865
22980
22866
22981
22867
22982
22868
22983
22869
22984
22870
22985
22871
22986
22872
22987
22873
22988
22874
22989
22875
22990
22876
22991
22877
22992
22878
22993
22879
22994
22880
22995
22881
22996
22882
22997
22883
22998
22884
22999
22885
23000
22886
23001
22887
23002
22888
23003
22889
23004
22890
23005
22891
23006
22892
23007
22893
23008
22894
23009
22895
23010
22896
23011
22897
23012
22898
23013
22899
23014
22900
23015
22901
23016
22902
23017
22903
23018
22904
23019
22905
23020
22906
23021
22907
23022
22908
23023
22909
23024
22910
23025
22911
23026
22912
23027
22913
23028
22914
23029
22915
23030
22916
23031
22917
23032
22918
23033
22919
23034
22920
23035
22921
23036
22922
23037
22923
23038
22924
23039
22925
23040
22926
23041
22927
23042
22928
23043
22929
23044
22930
23045
22931
23046
22932
23047
22933
23048
22934
23049
22935
23050
22936
23051
22937
23052
22938
23053
22939
23054
22940
23055
22941
23056
22942
23057
22943
23058
22944
23059
22945
23060
22946
23061
22947
23062
22948
23063
22949
23064
22950
23065
22951
23066
22952
23067
22953
23068
22954
23069
22955
23070
22956
23071
22957
23072
22958
23073
22959
23074
22960
23075
22961
23076
22962
23077
22963
23078
22964
23079
22965
23080
22966
23081
22967
23082
23083
22969
23084
22970
23085
22971
23086
22972
23087
22973
23088
22974
23089
22975
23090
22976
23091
22977
23092
22978
23093
22979
23094
22980
23095
22981
23096
22982
23097
22983
23098
22984
23099
22985
23100
22986
23101
22987
23102
22988
23103
22989
23104
22990
23105
22991
23106
22992
23107
22993
23108
22994
23109
22995
23110
22996
23111
22997
23112
22998
23113
22999
23114
23000
23115
23001
23116
23002
23117
23003
23118
23004
23119
23005
23120
23006
23121
23007
23122
23008
23123
23009
23124
23010
23125
23011
23126
23012
23127
23013
23128
23014
23129
23015
23130
23016
23131
23017
23132
23018
23133
23019
23134
23020
23135
23021
23136
23022
23137
23023
23138
23024
23139
23025
23140
23026
23141
23027
23142
23028
23143
23029
23144
23030
23145
23031
23146
23032
23147
23033
23148
23034
23149
23035
23150
23036
23151
23037
23152
23038
23153
23039
23154
23040
23155
23041
23156
23042
23157
23043
23158
23044
23159
23045
23160
23046
23161
23047
23162
23048
23163
23049
23164
23050
23165
23051
23166
23052
23167
23053
23168
23054
23169
23055
23170
23056
23171
23057
23172
23058
23173
23059
23174
23060
23175
23061
23176
23062
23177
23063
23178
23064
23179
23065
23180
23066
23181
23067
23182
23068
23183
23069
23184
23070
23185
23071
23186
23072
23187
23073
23188
23074
23189
23075
23190
23076
23191
23077
23192
23078
23193
23079
23194
23080
23195
23081
23196
23082
23197
23083
23198
23199
23085
23200
23086
23201
23087
23202
23088
23203
23089
23204
23090
23205
23091
23206
23092
23207
23093
23208
23094
23209
23095
23210
23096
23211
23097
23212
23098
23213
23099
23214
23100
23215
23101
23216
23102
23217
23103
23218
23104
23219
23105
23220
23106
23221
23107
23222
23108
23223
23109
23224
23110
23225
23111
23226
23112
23227
23113
23228
23114
23229
23115
23230
23116
23231
23117
23232
23118
23233
23119
23234
23120
23235
23121
23236
23122
23237
23123
23238
23124
23239
23125
23240
23126
23241
23127
23242
23128
23243
23129
23244
23130
23245
23131
23246
23132
23247
23133
23248
23134
23249
23135
23250
23136
23251
23137
23252
23138
23253
23139
23254
23140
23255
23141
23256
23142
23257
23143
23258
23144
23259
23145
23260
23146
23261
23147
23262
23148
23263
23149
23264
23150
23265
23151
23266
23152
23267
23153
23268
23154
23269
23155
23270
23156
23271
23157
23272
23158
23273
23159
23274
23160
23275
23161
23276
23162
23277
23163
23278
23164
23279
23165
23280
23166
23281
23167
23282
23168
23283
23169
23284
23170
23285
23171
23286
23172
23287
23173
23288
23174
23289
23175
23290
23176
23291
23177
23292
23178
23293
23179
23294
23180
23295
23181
23296
23182
23297
23183
23298
23184
23299
23185
23300
23186
23301
23187
23302
23188
23303
23189
23304
23190
23305
23191
23306
23192
23307
23193
23308
23194
23309
23195
23310
23196
23311
23197
23312
23198
23313
23199
23314
23315
23201
23316
23202
23317
23203
23318
23204
23319
23205
23320
23206
23321
23207
23322
23208
23323
23209
23324
23210
23325
23211
23326
23212
23327
23213
23328
23214
23329
23215
23330
23216
23331
23217
23332
23218
23333
23219
23334
23220
23335
23221
23336
23222
23337
23223
23338
23224
23339
23225
23340
23226
23341
23227
23342
23228
23343
23229
23344
23230
23345
23231
23346
23232
23347
23233
23348
23234
23349
23235
23350
23236
23351
23237
23352
23238
23353
23239
23354
23240
23355
23241
23356
23242
23357
23243
23358
23244
23359
23245
23360
23246
23361
23247
23362
23248
23363
23249
23364
23250
23365
23251
23366
23252
23367
23253
23368
23254
23369
23255
23370
23256
23371
23257
23372
23258
23373
23259
23374
23260
23375
23261
23376
23262
23377
23263
23378
23264
23379
23265
23380
23266
23381
23267
23382
23268
23383
23269
23384
23270
23385
23271
23386
23272
23387
23273
23388
23274
23389
23275
23390
23276
23391
23277
23392
23278
23393
23279
23394
23280
23395
23281
23396
23282
23397
23283
23398
23284
23399
23285
23400
23286
23401
23287
23402
23288
23403
23289
23404
23290
23405
23291
23406
23292
23407
23293
23408
23294
23409
23295
23410
23296
23411
23297
23412
23298
23413
23299
23414
23300
23415
23301
23416
23302
23417
23303
23418
23304
23419
23305
23420
23306
23421
23307
23422
23308
23423
23309
23424
23310
23425
23311
23426
23312
23427
23313
23428
23314
23429
23315
23430
23431
23317
23432
23318
23433
23319
23434
23320
23435
23321
23436
23322
23437
23323
23438
23324
23439
23325
23440
23326
23441
23327
23442
23328
23443
23329
23444
23330
23445
23331
23446
23332
23447
23333
23448
23334
23449
23335
23450
23336
23451
23337
23452
23338
23453
23339
23454
23340
23455
23341
23456
23342
23457
23343
23458
23344
23459
23345
23460
23346
23461
23347
23462
23348
23463
23349
23464
23350
23465
23351
23466
23352
23467
23353
23468
23354
23469
23355
23470
23356
23471
23357
23472
23358
23473
23359
23474
23360
23475
23361
23476
23362
23477
23363
23478
23364
23479
23365
23480
23366
23481
23367
23482
23368
23483
23369
23484
23370
23485
23371
23486
23372
23487
23373
23488
23374
23489
23375
23490
23376
23491
23377
23492
23378
23493
23379
23494
23380
23495
23381
23496
23382
23497
23383
23498
23384
23499
23385
23500
23386
23501
23387
23502
23388
23503
23389
23504
23390
23505
23391
23506
23392
23507
23393
23508
23394
23509
23395
23510
23396
23511
23397
23512
23398
23513
23399
23514
23400
23515
23401
23516
23402
23517
23403
23518
23404
23519
23405
23520
23406
23521
23407
23522
23408
23523
23409
23524
23410
23525
23411
23526
23412
23527
23413
23528
23414
23529
23415
23530
23416
23531
23417
23532
23418
23533
23419
23534
23420
23535
23421
23536
23422
23537
23423
23538
23424
23539
23425
23540
23426
23541
23427
23542
23428
23543
23429
23544
23430
23545
23431
23546
23547
23433
23548
23434
23549
23435
23550
23436
23551
23437
23552
23438
23553
23439
23554
23440
23555
23441
23556
23442
23557
23443
23558
23444
23559
23445
23560
23446
23561
23447
23562
23448
23563
23449
23564
23450
23565
23451
23566
23452
23567
23453
23568
23454
23569
23455
23570
23456
23571
23457
23572
23458
23573
23459
23574
23460
23575
23461
23576
23462
23577
23463
23578
23464
23579
23465
23580
23466
23581
23467
23582
23468
23583
23469
23584
23470
23585
23471
23586
23472
23587
23473
23588
23474
23589
23475
23590
23476
23591
23477
23592
23478
23593
23479
23594
23480
23595
23481
23596
23482
23597
23483
23598
23484
23599
23485
23600
23486
23601
23487
23602
23488
23603
23489
23604
23490
23605
23491
23606
23492
23607
23493
23608
23494
23609
23495
23610
23496
23611
23497
23612
23498
23613
23499
23614
23500
23615
23501
23616
23502
23617
23503
23618
23504
23619
23505
23620
23506
23621
23507
23622
23508
23623
23509
23624
23510
23625
23511
23626
23512
23627
23513
23628
23514
23629
23515
23630
23516
23631
23517
23632
23518
23633
23519
23634
23520
23635
23521
23636
23522
23637
23523
23638
23524
23639
23525
23640
23526
23641
23527
23642
23528
23643
23529
23644
23530
23645
23531
23646
23532
23647
23533
23648
23534
23649
23535
23650
23536
23651
23537
23652
23538
23653
23539
23654
23540
23655
23541
23656
23542
23657
23543
23658
23544
23659
23545
23660
23546
23661
23547
23662
23663
23549
23664
23550
23665
23551
23666
23552
23667
23553
23668
23554
23669
23555
23670
23556
23671
23557
23672
23558
23673
23559
23674
23560
23675
23561
23676
23562
23677
23563
23678
23564
23679
23565
23680
23566
23681
23567
23682
23568
23683
23569
23684
23570
23685
23571
23686
23572
23687
23573
23688
23574
23689
23575
23690
23576
23691
23577
23692
23578
23693
23579
23694
23580
23695
23581
23696
23582
23697
23583
23698
23584
23699
23585
23700
23586
23701
23587
23702
23588
23703
23589
23704
23590
23705
23591
23706
23592
23707
23593
23708
23594
23709
23595
23710
23596
23711
23597
23712
23598
23713
23599
23714
23600
23715
23601
23716
23602
23717
23603
23718
23604
23719
23605
23720
23606
23721
23607
23722
23608
23723
23609
23724
23610
23725
23611
23726
23612
23727
23613
23728
23614
23729
23615
23730
23616
23731
23617
23732
23618
23733
23619
23734
23620
23735
23621
23736
23622
23737
23623
23738
23624
23739
23625
23740
23626
23741
23627
23742
23628
23743
23629
23744
23630
23745
23631
23746
23632
23747
23633
23748
23634
23749
23635
23750
23636
23751
23637
23752
23638
23753
23639
23754
23640
23755
23641
23756
23642
23757
23643
23758
23644
23759
23645
23760
23646
23761
23647
23762
23648
23763
23649
23764
23650
23765
23651
23766
23652
23767
23653
23768
23654
23769
23655
23770
23656
23771
23657
23772
23658
23773
23659
23774
23660
23775
23661
23776
23662
23777
23663
23778
23779
23665
23780
23666
23781
23667
23782
23668
23783
23669
23784
23670
23785
23671
23786
23672
23787
23673
23788
23674
23789
23675
23790
23676
23791
23677
23792
23678
23793
23679
23794
23680
23795
23681
23796
23682
23797
23683
23798
23684
23799
23685
23800
23686
23801
23687
23802
23688
23803
23689
23804
23690
23805
23691
23806
23692
23807
23693
23808
23694
23809
23695
23810
23696
23811
23697
23812
23698
23813
23699
23814
23700
23815
23701
23816
23702
23817
23703
23818
23704
23819
23705
23820
23706
23821
23707
23822
23708
23823
23709
23824
23710
23825
23711
23826
23712
23827
23713
23828
23714
23829
23715
23830
23716
23831
23717
23832
23718
23833
23719
23834
23720
23835
23721
23836
23722
23837
23723
23838
23724
23839
23725
23840
23726
23841
23727
23842
23728
23843
23729
23844
23730
23845
23731
23846
23732
23847
23733
23848
23734
23849
23735
23850
23736
23851
23737
23852
23738
23853
23739
23854
23740
23855
23741
23856
23742
23857
23743
23858
23744
23859
23745
23860
23746
23861
23747
23862
23748
23863
23749
23864
23750
23865
23751
23866
23752
23867
23753
23868
23754
23869
23755
23870
23756
23871
23757
23872
23758
23873
23759
23874
23760
23875
23761
23876
23762
23877
23763
23878
23764
23879
23765
23880
23766
23881
23767
23882
23768
23883
23769
23884
23770
23885
23771
23886
23772
23887
23773
23888
23774
23889
23775
23890
23776
23891
23777
23892
23778
23893
23779
23894
23895
23781
23896
23782
23897
23783
23898
23784
23899
23785
23900
23786
23901
23787
23902
23788
23903
23789
23904
23790
23905
23791
23906
23792
23907
23793
23908
23794
23909
23795
23910
23796
23911
23797
23912
23798
23913
23799
23914
23800
23915
23801
23916
23802
23917
23803
23918
23804
23919
23805
23920
23806
23921
23807
23922
23808
23923
23809
23924
23810
23925
23811
23926
23812
23927
23813
23928
23814
23929
23815
23930
23816
23931
23817
23932
23818
23933
23819
23934
23820
23935
23821
23936
23822
23937
23823
23938
23824
23939
23825
23940
23826
23941
23827
23942
23828
23943
23829
23944
23830
23945
23831
23946
23832
23947
23833
23948
23834
23949
23835
23950
23836
23951
23837
23952
23838
23953
23839
23954
23840
23955
23841
23956
23842
23957
23843
23958
23844
23959
23845
23960
23846
23961
23847
23962
23848
23963
23849
23964
23850
23965
23851
23966
23852
23967
23853
23968
23854
23969
23855
23970
23856
23971
23857
23972
23858
23973
23859
23974
23860
23975
23861
23976
23862
23977
23863
23978
23864
23979
23865
23980
23866
23981
23867
23982
23868
23983
23869
23984
23870
23985
23871
23986
23872
23987
23873
23988
23874
23989
23875
23990
23876
23991
23877
23992
23878
23993
23879
23994
23880
23995
23881
23996
23882
23997
23883
23998
23884
23999
23885
24000
23886
24001
23887
24002
23888
24003
23889
24004
23890
24005
23891
24006
23892
24007
23893
24008
23894
24009
23895
24010
24011
23897
24012
23898
24013
23899
24014
23900
24015
23901
24016
23902
24017
23903
24018
23904
24019
23905
24020
23906
24021
23907
24022
23908
24023
23909
24024
23910
24025
23911
24026
23912
24027
23913
24028
23914
24029
23915
24030
23916
24031
23917
24032
23918
24033
23919
24034
23920
24035
23921
24036
23922
24037
23923
24038
23924
24039
23925
24040
23926
24041
23927
24042
23928
24043
23929
24044
23930
24045
23931
24046
23932
24047
23933
24048
23934
24049
23935
24050
23936
24051
23937
24052
23938
24053
23939
24054
23940
24055
23941
24056
23942
24057
23943
24058
23944
24059
23945
24060
23946
24061
23947
24062
23948
24063
23949
24064
23950
24065
23951
24066
23952
24067
23953
24068
23954
24069
23955
24070
23956
24071
23957
24072
23958
24073
23959
24074
23960
24075
23961
24076
23962
24077
23963
24078
23964
24079
23965
24080
23966
24081
23967
24082
23968
24083
23969
24084
23970
24085
23971
24086
23972
24087
23973
24088
23974
24089
23975
24090
23976
24091
23977
24092
23978
24093
23979
24094
23980
24095
23981
24096
23982
24097
23983
24098
23984
24099
23985
24100
23986
24101
23987
24102
23988
24103
23989
24104
23990
24105
23991
24106
23992
24107
23993
24108
23994
24109
23995
24110
23996
24111
23997
24112
23998
24113
23999
24114
24000
24115
24001
24116
24002
24117
24003
24118
24004
24119
24005
24120
24006
24121
24007
24122
24008
24123
24009
24124
24010
24125
24011
24126
24127
24013
24128
24014
24129
24015
24130
24016
24131
24017
24132
24018
24133
24019
24134
24020
24135
24021
24136
24022
24137
24023
24138
24024
24139
24025
24140
24026
24141
24027
24142
24028
24143
24029
24144
24030
24145
24031
24146
24032
24147
24033
24148
24034
24149
24035
24150
24036
24151
24037
24152
24038
24153
24039
24154
24040
24155
24041
24156
24042
24157
24043
24158
24044
24159
24045
24160
24046
24161
24047
24162
24048
24163
24049
24164
24050
24165
24051
24166
24052
24167
24053
24168
24054
24169
24055
24170
24056
24171
24057
24172
24058
24173
24059
24174
24060
24175
24061
24176
24062
24177
24063
24178
24064
24179
24065
24180
24066
24181
24067
24182
24068
24183
24069
24184
24070
24185
24071
24186
24072
24187
24073
24188
24074
24189
24075
24190
24076
24191
24077
24192
24078
24193
24079
24194
24080
24195
24081
24196
24082
24197
24083
24198
24084
24199
24085
24200
24086
24201
24087
24202
24088
24203
24089
24204
24090
24205
24091
24206
24092
24207
24093
24208
24094
24209
24095
24210
24096
24211
24097
24212
24098
24213
24099
24214
24100
24215
24101
24216
24102
24217
24103
24218
24104
24219
24105
24220
24106
24221
24107
24222
24108
24223
24109
24224
24110
24225
24111
24226
24112
24227
24113
24228
24114
24229
24115
24230
24116
24231
24117
24232
24118
24233
24119
24234
24120
24235
24121
24236
24122
24237
24123
24238
24124
24239
24125
24240
24126
24241
24127
24242
24243
24129
24244
24130
24245
24131
24246
24132
24247
24133
24248
24134
24249
24135
24250
24136
24251
24137
24252
24138
24253
24139
24254
24140
24255
24141
24256
24142
24257
24143
24258
24144
24259
24145
24260
24146
24261
24147
24262
24148
24263
24149
24264
24150
24265
24151
24266
24152
24267
24153
24268
24154
24269
24155
24270
24156
24271
24157
24272
24158
24273
24159
24274
24160
24275
24161
24276
24162
24277
24163
24278
24164
24279
24165
24280
24166
24281
24167
24282
24168
24283
24169
24284
24170
24285
24171
24286
24172
24287
24173
24288
24174
24289
24175
24290
24176
24291
24177
24292
24178
24293
24179
24294
24180
24295
24181
24296
24182
24297
24183
24298
24184
24299
24185
24300
24186
24301
24187
24302
24188
24303
24189
24304
24190
24305
24191
24306
24192
24307
24193
24308
24194
24309
24195
24310
24196
24311
24197
24312
24198
24313
24199
24314
24200
24315
24201
24316
24202
24317
24203
24318
24204
24319
24205
24320
24206
24321
24207
24322
24208
24323
24209
24324
24210
24325
24211
24326
24212
24327
24213
24328
24214
24329
24215
24330
24216
24331
24217
24332
24218
24333
24219
24334
24220
24335
24221
24336
24222
24337
24223
24338
24224
24339
24225
24340
24226
24341
24227
24342
24228
24343
24229
24344
24230
24345
24231
24346
24232
24347
24233
24348
24234
24349
24235
24350
24236
24351
24237
24352
24238
24353
24239
24354
24240
24355
24241
24356
24242
24357
24243
24358
24359
24245
24360
24246
24361
24247
24362
24248
24363
24249
24364
24250
24365
24251
24366
24252
24367
24253
24368
24254
24369
24255
24370
24256
24371
24257
24372
24258
24373
24259
24374
24260
24375
24261
24376
24262
24377
24263
24378
24264
24379
24265
24380
24266
24381
24267
24382
24268
24383
24269
24384
24270
24385
24271
24386
24272
24387
24273
24388
24274
24389
24275
24390
24276
24391
24277
24392
24278
24393
24279
24394
24280
24395
24281
24396
24282
24397
24283
24398
24284
24399
24285
24400
24286
24401
24287
24402
24288
24403
24289
24404
24290
24405
24291
24406
24292
24407
24293
24408
24294
24409
24295
24410
24296
24411
24297
24412
24298
24413
24299
24414
24300
24415
24301
24416
24302
24417
24303
24418
24304
24419
24305
24420
24306
24421
24307
24422
24308
24423
24309
24424
24310
24425
24311
24426
24312
24427
24313
24428
24314
24429
24315
24430
24316
24431
24317
24432
24318
24433
24319
24434
24320
24435
24321
24436
24322
24437
24323
24438
24324
24439
24325
24440
24326
24441
24327
24442
24328
24443
24329
24444
24330
24445
24331
24446
24332
24447
24333
24448
24334
24449
24335
24450
24336
24451
24337
24452
24338
24453
24339
24454
24340
24455
24341
24456
24342
24457
24343
24458
24344
24459
24345
24460
24346
24461
24347
24462
24348
24463
24349
24464
24350
24465
24351
24466
24352
24467
24353
24468
24354
24469
24355
24470
24356
24471
24357
24472
24358
24473
24359
24474
24475
24361
24476
24362
24477
24363
24478
24364
24479
24365
24480
24366
24481
24367
24482
24368
24483
24369
24484
24370
24485
24371
24486
24372
24487
24373
24488
24374
24489
24375
24490
24376
24491
24377
24492
24378
24493
24379
24494
24380
24495
24381
24496
24382
24497
24383
24498
24384
24499
24385
24500
24386
24501
24387
24502
24388
24503
24389
24504
24390
24505
24391
24506
24392
24507
24393
24508
24394
24509
24395
24510
24396
24511
24397
24512
24398
24513
24399
24514
24400
24515
24401
24516
24402
24517
24403
24518
24404
24519
24405
24520
24406
24521
24407
24522
24408
24523
24409
24524
24410
24525
24411
24526
24412
24527
24413
24528
24414
24529
24415
24530
24416
24531
24417
24532
24418
24533
24419
24534
24420
24535
24421
24536
24422
24537
24423
24538
24424
24539
24425
24540
24426
24541
24427
24542
24428
24543
24429
24544
24430
24545
24431
24546
24432
24547
24433
24548
24434
24549
24435
24550
24436
24551
24437
24552
24438
24553
24439
24554
24440
24555
24441
24556
24442
24557
24443
24558
24444
24559
24445
24560
24446
24561
24447
24562
24448
24563
24449
24564
24450
24565
24451
24566
24452
24567
24453
24568
24454
24569
24455
24570
24456
24571
24457
24572
24458
24573
24459
24574
24460
24575
24461
24576
24462
24577
24463
24578
24464
24579
24465
24580
24466
24581
24467
24582
24468
24583
24469
24584
24470
24585
24471
24586
24472
24587
24473
24588
24474
24589
24475
24590
24591
24477
24592
24478
24593
24479
24594
24480
24595
24481
24596
24482
24597
24483
24598
24484
24599
24485
24600
24486
24601
24487
24602
24488
24603
24489
24604
24490
24605
24491
24606
24492
24607
24493
24608
24494
24609
24495
24610
24496
24611
24497
24612
24498
24613
24499
24614
24500
24615
24501
24616
24502
24617
24503
24618
24504
24619
24505
24620
24506
24621
24507
24622
24508
24623
24509
24624
24510
24625
24511
24626
24512
24627
24513
24628
24514
24629
24515
24630
24516
24631
24517
24632
24518
24633
24519
24634
24520
24635
24521
24636
24522
24637
24523
24638
24524
24639
24525
24640
24526
24641
24527
24642
24528
24643
24529
24644
24530
24645
24531
24646
24532
24647
24533
24648
24534
24649
24535
24650
24536
24651
24537
24652
24538
24653
24539
24654
24540
24655
24541
24656
24542
24657
24543
24658
24544
24659
24545
24660
24546
24661
24547
24662
24548
24663
24549
24664
24550
24665
24551
24666
24552
24667
24553
24668
24554
24669
24555
24670
24556
24671
24557
24672
24558
24673
24559
24674
24560
24675
24561
24676
24562
24677
24563
24678
24564
24679
24565
24680
24566
24681
24567
24682
24568
24683
24569
24684
24570
24685
24571
24686
24572
24687
24573
24688
24574
24689
24575
24690
24576
24691
24577
24692
24578
24693
24579
24694
24580
24695
24581
24696
24582
24697
24583
24698
24584
24699
24585
24700
24586
24701
24587
24702
24588
24703
24589
24704
24590
24705
24591
24706
24707
24593
24708
24594
24709
24595
24710
24596
24711
24597
24712
24598
24713
24599
24714
24600
24715
24601
24716
24602
24717
24603
24718
24604
24719
24605
24720
24606
24721
24607
24722
24608
24723
24609
24724
24610
24725
24611
24726
24612
24727
24613
24728
24614
24729
24615
24730
24616
24731
24617
24732
24618
24733
24619
24734
24620
24735
24621
24736
24622
24737
24623
24738
24624
24739
24625
24740
24626
24741
24627
24742
24628
24743
24629
24744
24630
24745
24631
24746
24632
24747
24633
24748
24634
24749
24635
24750
24636
24751
24637
24752
24638
24753
24639
24754
24640
24755
24641
24756
24642
24757
24643
24758
24644
24759
24645
24760
24646
24761
24647
24762
24648
24763
24649
24764
24650
24765
24651
24766
24652
24767
24653
24768
24654
24769
24655
24770
24656
24771
24657
24772
24658
24773
24659
24774
24660
24775
24661
24776
24662
24777
24663
24778
24664
24779
24665
24780
24666
24781
24667
24782
24668
24783
24669
24784
24670
24785
24671
24786
24672
24787
24673
24788
24674
24789
24675
24790
24676
24791
24677
24792
24678
24793
24679
24794
24680
24795
24681
24796
24682
24797
24683
24798
24684
24799
24685
24800
24686
24801
24687
24802
24688
24803
24689
24804
24690
24805
24691
24806
24692
24807
24693
24808
24694
24809
24695
24810
24696
24811
24697
24812
24698
24813
24699
24814
24700
24815
24701
24816
24702
24817
24703
24818
24704
24819
24705
24820
24706
24821
24707
24822
24823
24709
24824
24710
24825
24711
24826
24712
24827
24713
24828
24714
24829
24715
24830
24716
24831
24717
24832
24718
24833
24719
24834
24720
24835
24721
24836
24722
24837
24723
24838
24724
24839
24725
24840
24726
24841
24727
24842
24728
24843
24729
24844
24730
24845
24731
24846
24732
24847
24733
24848
24734
24849
24735
24850
24736
24851
24737
24852
24738
24853
24739
24854
24740
24855
24741
24856
24742
24857
24743
24858
24744
24859
24745
24860
24746
24861
24747
24862
24748
24863
24749
24864
24750
24865
24751
24866
24752
24867
24753
24868
24754
24869
24755
24870
24756
24871
24757
24872
24758
24873
24759
24874
24760
24875
24761
24876
24762
24877
24763
24878
24764
24879
24765
24880
24766
24881
24767
24882
24768
24883
24769
24884
24770
24885
24771
24886
24772
24887
24773
24888
24774
24889
24775
24890
24776
24891
24777
24892
24778
24893
24779
24894
24780
24895
24781
24896
24782
24897
24783
24898
24784
24899
24785
24900
24786
24901
24787
24902
24788
24903
24789
24904
24790
24905
24791
24906
24792
24907
24793
24908
24794
24909
24795
24910
24796
24911
24797
24912
24798
24913
24799
24914
24800
24915
24801
24916
24802
24917
24803
24918
24804
24919
24805
24920
24806
24921
24807
24922
24808
24923
24809
24924
24810
24925
24811
24926
24812
24927
24813
24928
24814
24929
24815
24930
24816
24931
24817
24932
24818
24933
24819
24934
24820
24935
24821
24936
24822
24937
24823
24938
24939
24825
24940
24826
24941
24827
24942
24828
24943
24829
24944
24830
24945
24831
24946
24832
24947
24833
24948
24834
24949
24835
24950
24836
24951
24837
24952
24838
24953
24839
24954
24840
24955
24841
24956
24842
24957
24843
24958
24844
24959
24845
24960
24846
24961
24847
24962
24848
24963
24849
24964
24850
24965
24851
24966
24852
24967
24853
24968
24854
24969
24855
24970
24856
24971
24857
24972
24858
24973
24859
24974
24860
24975
24861
24976
24862
24977
24863
24978
24864
24979
24865
24980
24866
24981
24867
24982
24868
24983
24869
24984
24870
24985
24871
24986
24872
24987
24873
24988
24874
24989
24875
24990
24876
24991
24877
24992
24878
24993
24879
24994
24880
24995
24881
24996
24882
24997
24883
24998
24884
24999
24885
25000
24886
25001
24887
25002
24888
25003
24889
25004
24890
25005
24891
25006
24892
25007
24893
25008
24894
25009
24895
25010
24896
25011
24897
25012
24898
25013
24899
25014
24900
25015
24901
25016
24902
25017
24903
25018
24904
25019
24905
25020
24906
25021
24907
25022
24908
25023
24909
25024
24910
25025
24911
25026
24912
25027
24913
25028
24914
25029
24915
25030
24916
25031
24917
25032
24918
25033
24919
25034
24920
25035
24921
25036
24922
25037
24923
25038
24924
25039
24925
25040
24926
25041
24927
25042
24928
25043
24929
25044
24930
25045
24931
25046
24932
25047
24933
25048
24934
25049
24935
25050
24936
25051
24937
25052
24938
25053
24939
25054
25055
24941
25056
24942
25057
24943
25058
24944
25059
24945
25060
24946
25061
24947
25062
24948
25063
24949
25064
24950
25065
24951
25066
24952
25067
24953
25068
24954
25069
24955
25070
24956
25071
24957
25072
24958
25073
24959
25074
24960
25075
24961
25076
24962
25077
24963
25078
24964
25079
24965
25080
24966
25081
24967
25082
24968
25083
24969
25084
24970
25085
24971
25086
24972
25087
24973
25088
24974
25089
24975
25090
24976
25091
24977
25092
24978
25093
24979
25094
24980
25095
24981
25096
24982
25097
24983
25098
24984
25099
24985
25100
24986
25101
24987
25102
24988
25103
24989
25104
24990
25105
24991
25106
24992
25107
24993
25108
24994
25109
24995
25110
24996
25111
24997
25112
24998
25113
24999
25114
25000
25115
25001
25116
25002
25117
25003
25118
25004
25119
25005
25120
25006
25121
25007
25122
25008
25123
25009
25124
25010
25125
25011
25126
25012
25127
25013
25128
25014
25129
25015
25130
25016
25131
25017
25132
25018
25133
25019
25134
25020
25135
25021
25136
25022
25137
25023
25138
25024
25139
25025
25140
25026
25141
25027
25142
25028
25143
25029
25144
25030
25145
25031
25146
25032
25147
25033
25148
25034
25149
25035
25150
25036
25151
25037
25152
25038
25153
25039
25154
25040
25155
25041
25156
25042
25157
25043
25158
25044
25159
25045
25160
25046
25161
25047
25162
25048
25163
25049
25164
25050
25165
25051
25166
25052
25167
25053
25168
25054
25169
25055
25170
25171
25057
25172
25058
25173
25059
25174
25060
25175
25061
25176
25062
25177
25063
25178
25064
25179
25065
25180
25066
25181
25067
25182
25068
25183
25069
25184
25070
25185
25071
25186
25072
25187
25073
25188
25074
25189
25075
25190
25076
25191
25077
25192
25078
25193
25079
25194
25080
25195
25081
25196
25082
25197
25083
25198
25084
25199
25085
25200
25086
25201
25087
25202
25088
25203
25089
25204
25090
25205
25091
25206
25092
25207
25093
25208
25094
25209
25095
25210
25096
25211
25097
25212
25098
25213
25099
25214
25100
25215
25101
25216
25102
25217
25103
25218
25104
25219
25105
25220
25106
25221
25107
25222
25108
25223
25109
25224
25110
25225
25111
25226
25112
25227
25113
25228
25114
25229
25115
25230
25116
25231
25117
25232
25118
25233
25119
25234
25120
25235
25121
25236
25122
25237
25123
25238
25124
25239
25125
25240
25126
25241
25127
25242
25128
25243
25129
25244
25130
25245
25131
25246
25132
25247
25133
25248
25134
25249
25135
25250
25136
25251
25137
25252
25138
25253
25139
25254
25140
25255
25141
25256
25142
25257
25143
25258
25144
25259
25145
25260
25146
25261
25147
25262
25148
25263
25149
25264
25150
25265
25151
25266
25152
25267
25153
25268
25154
25269
25155
25270
25156
25271
25157
25272
25158
25273
25159
25274
25160
25275
25161
25276
25162
25277
25163
25278
25164
25279
25165
25280
25166
25281
25167
25282
25168
25283
25169
25284
25170
25285
25171
25286
25287
25173
25288
25174
25289
25175
25290
25176
25291
25177
25292
25178
25293
25179
25294
25180
25295
25181
25296
25182
25297
25183
25298
25184
25299
25185
25300
25186
25301
25187
25302
25188
25303
25189
25304
25190
25305
25191
25306
25192
25307
25193
25308
25194
25309
25195
25310
25196
25311
25197
25312
25198
25313
25199
25314
25200
25315
25201
25316
25202
25317
25203
25318
25204
25319
25205
25320
25206
25321
25207
25322
25208
25323
25209
25324
25210
25325
25211
25326
25212
25327
25213
25328
25214
25329
25215
25330
25216
25331
25217
25332
25218
25333
25219
25334
25220
25335
25221
25336
25222
25337
25223
25338
25224
25339
25225
25340
25226
25341
25227
25342
25228
25343
25229
25344
25230
25345
25231
25346
25232
25347
25233
25348
25234
25349
25235
25350
25236
25351
25237
25352
25238
25353
25239
25354
25240
25355
25241
25356
25242
25357
25243
25358
25244
25359
25245
25360
25246
25361
25247
25362
25248
25363
25249
25364
25250
25365
25251
25366
25252
25367
25253
25368
25254
25369
25255
25370
25256
25371
25257
25372
25258
25373
25259
25374
25260
25375
25261
25376
25262
25377
25263
25378
25264
25379
25265
25380
25266
25381
25267
25382
25268
25383
25269
25384
25270
25385
25271
25386
25272
25387
25273
25388
25274
25389
25275
25390
25276
25391
25277
25392
25278
25393
25279
25394
25280
25395
25281
25396
25282
25397
25283
25398
25284
25399
25285
25400
25286
25401
25287
25402
25403
25289
25404
25290
25405
25291
25406
25292
25407
25293
25408
25294
25409
25295
25410
25296
25411
25297
25412
25298
25413
25299
25414
25300
25415
25301
25416
25302
25417
25303
25418
25304
25419
25305
25420
25306
25421
25307
25422
25308
25423
25309
25424
25310
25425
25311
25426
25312
25427
25313
25428
25314
25429
25315
25430
25316
25431
25317
25432
25318
25433
25319
25434
25320
25435
25321
25436
25322
25437
25323
25438
25324
25439
25325
25440
25326
25441
25327
25442
25328
25443
25329
25444
25330
25445
25331
25446
25332
25447
25333
25448
25334
25449
25335
25450
25336
25451
25337
25452
25338
25453
25339
25454
25340
25455
25341
25456
25342
25457
25343
25458
25344
25459
25345
25460
25346
25461
25347
25462
25348
25463
25349
25464
25350
25465
25351
25466
25352
25467
25353
25468
25354
25469
25355
25470
25356
25471
25357
25472
25358
25473
25359
25474
25360
25475
25361
25476
25362
25477
25363
25478
25364
25479
25365
25480
25366
25481
25367
25482
25368
25483
25369
25484
25370
25485
25371
25486
25372
25487
25373
25488
25374
25489
25375
25490
25376
25491
25377
25492
25378
25493
25379
25494
25380
25495
25381
25496
25382
25497
25383
25498
25384
25499
25385
25500
25386
25501
25387
25502
25388
25503
25389
25504
25390
25505
25391
25506
25392
25507
25393
25508
25394
25509
25395
25510
25396
25511
25397
25512
25398
25513
25399
25514
25400
25515
25401
25516
25402
25517
25403
25518
25519
25405
25520
25406
25521
25407
25522
25408
25523
25409
25524
25410
25525
25411
25526
25412
25527
25413
25528
25414
25529
25415
25530
25416
25531
25417
25532
25418
25533
25419
25534
25420
25535
25421
25536
25422
25537
25423
25538
25424
25539
25425
25540
25426
25541
25427
25542
25428
25543
25429
25544
25430
25545
25431
25546
25432
25547
25433
25548
25434
25549
25435
25550
25436
25551
25437
25552
25438
25553
25439
25554
25440
25555
25441
25556
25442
25557
25443
25558
25444
25559
25445
25560
25446
25561
25447
25562
25448
25563
25449
25564
25450
25565
25451
25566
25452
25567
25453
25568
25454
25569
25455
25570
25456
25571
25457
25572
25458
25573
25459
25574
25460
25575
25461
25576
25462
25577
25463
25578
25464
25579
25465
25580
25466
25581
25467
25582
25468
25583
25469
25584
25470
25585
25471
25586
25472
25587
25473
25588
25474
25589
25475
25590
25476
25591
25477
25592
25478
25593
25479
25594
25480
25595
25481
25596
25482
25597
25483
25598
25484
25599
25485
25600
25486
25601
25487
25602
25488
25603
25489
25604
25490
25605
25491
25606
25492
25607
25493
25608
25494
25609
25495
25610
25496
25611
25497
25612
25498
25613
25499
25614
25500
25615
25501
25616
25502
25617
25503
25618
25504
25619
25505
25620
25506
25621
25507
25622
25508
25623
25509
25624
25510
25625
25511
25626
25512
25627
25513
25628
25514
25629
25515
25630
25516
25631
25517
25632
25518
25633
25519
25634
25635
25521
25636
25522
25637
25523
25638
25524
25639
25525
25640
25526
25641
25527
25642
25528
25643
25529
25644
25530
25645
25531
25646
25532
25647
25533
25648
25534
25649
25535
25650
25536
25651
25537
25652
25538
25653
25539
25654
25540
25655
25541
25656
25542
25657
25543
25658
25544
25659
25545
25660
25546
25661
25547
25662
25548
25663
25549
25664
25550
25665
25551
25666
25552
25667
25553
25668
25554
25669
25555
25670
25556
25671
25557
25672
25558
25673
25559
25674
25560
25675
25561
25676
25562
25677
25563
25678
25564
25679
25565
25680
25566
25681
25567
25682
25568
25683
25569
25684
25570
25685
25571
25686
25572
25687
25573
25688
25574
25689
25575
25690
25576
25691
25577
25692
25578
25693
25579
25694
25580
25695
25581
25696
25582
25697
25583
25698
25584
25699
25585
25700
25586
25701
25587
25702
25588
25703
25589
25704
25590
25705
25591
25706
25592
25707
25593
25708
25594
25709
25595
25710
25596
25711
25597
25712
25598
25713
25599
25714
25600
25715
25601
25716
25602
25717
25603
25718
25604
25719
25605
25720
25606
25721
25607
25722
25608
25723
25609
25724
25610
25725
25611
25726
25612
25727
25613
25728
25614
25729
25615
25730
25616
25731
25617
25732
25618
25733
25619
25734
25620
25735
25621
25736
25622
25737
25623
25738
25624
25739
25625
25740
25626
25741
25627
25742
25628
25743
25629
25744
25630
25745
25631
25746
25632
25747
25633
25748
25634
25749
25635
25750
25751
25637
25752
25638
25753
25639
25754
25640
25755
25641
25756
25642
25757
25643
25758
25644
25759
25645
25760
25646
25761
25647
25762
25648
25763
25649
25764
25650
25765
25651
25766
25652
25767
25653
25768
25654
25769
25655
25770
25656
25771
25657
25772
25658
25773
25659
25774
25660
25775
25661
25776
25662
25777
25663
25778
25664
25779
25665
25780
25666
25781
25667
25782
25668
25783
25669
25784
25670
25785
25671
25786
25672
25787
25673
25788
25674
25789
25675
25790
25676
25791
25677
25792
25678
25793
25679
25794
25680
25795
25681
25796
25682
25797
25683
25798
25684
25799
25685
25800
25686
25801
25687
25802
25688
25803
25689
25804
25690
25805
25691
25806
25692
25807
25693
25808
25694
25809
25695
25810
25696
25811
25697
25812
25698
25813
25699
25814
25700
25815
25701
25816
25702
25817
25703
25818
25704
25819
25705
25820
25706
25821
25707
25822
25708
25823
25709
25824
25710
25825
25711
25826
25712
25827
25713
25828
25714
25829
25715
25830
25716
25831
25717
25832
25718
25833
25719
25834
25720
25835
25721
25836
25722
25837
25723
25838
25724
25839
25725
25840
25726
25841
25727
25842
25728
25843
25729
25844
25730
25845
25731
25846
25732
25847
25733
25848
25734
25849
25735
25850
25736
25851
25737
25852
25738
25853
25739
25854
25740
25855
25741
25856
25742
25857
25743
25858
25744
25859
25745
25860
25746
25861
25747
25862
25748
25863
25749
25864
25750
25865
25751
25866
25867
25753
25868
25754
25869
25755
25870
25756
25871
25757
25872
25758
25873
25759
25874
25760
25875
25761
25876
25762
25877
25763
25878
25764
25879
25765
25880
25766
25881
25767
25882
25768
25883
25769
25884
25770
25885
25771
25886
25772
25887
25773
25888
25774
25889
25775
25890
25776
25891
25777
25892
25778
25893
25779
25894
25780
25895
25781
25896
25782
25897
25783
25898
25784
25899
25785
25900
25786
25901
25787
25902
25788
25903
25789
25904
25790
25905
25791
25906
25792
25907
25793
25908
25794
25909
25795
25910
25796
25911
25797
25912
25798
25913
25799
25914
25800
25915
25801
25916
25802
25917
25803
25918
25804
25919
25805
25920
25806
25921
25807
25922
25808
25923
25809
25924
25810
25925
25811
25926
25812
25927
25813
25928
25814
25929
25815
25930
25816
25931
25817
25932
25818
25933
25819
25934
25820
25935
25821
25936
25822
25937
25823
25938
25824
25939
25825
25940
25826
25941
25827
25942
25828
25943
25829
25944
25830
25945
25831
25946
25832
25947
25833
25948
25834
25949
25835
25950
25836
25951
25837
25952
25838
25953
25839
25954
25840
25955
25841
25956
25842
25957
25843
25958
25844
25959
25845
25960
25846
25961
25847
25962
25848
25963
25849
25964
25850
25965
25851
25966
25852
25967
25853
25968
25854
25969
25855
25970
25856
25971
25857
25972
25858
25973
25859
25974
25860
25975
25861
25976
25862
25977
25863
25978
25864
25979
25865
25980
25866
25981
25867
25982
25983
25869
25984
25870
25985
25871
25986
25872
25987
25873
25988
25874
25989
25875
25990
25876
25991
25877
25992
25878
25993
25879
25994
25880
25995
25881
25996
25882
25997
25883
25998
25884
25999
25885
26000
25886
26001
25887
26002
25888
26003
25889
26004
25890
26005
25891
26006
25892
26007
25893
26008
25894
26009
25895
26010
25896
26011
25897
26012
25898
26013
25899
26014
25900
26015
25901
26016
25902
26017
25903
26018
25904
26019
25905
26020
25906
26021
25907
26022
25908
26023
25909
26024
25910
26025
25911
26026
25912
26027
25913
26028
25914
26029
25915
26030
25916
26031
25917
26032
25918
26033
25919
26034
25920
26035
25921
26036
25922
26037
25923
26038
25924
26039
25925
26040
25926
26041
25927
26042
25928
26043
25929
26044
25930
26045
25931
26046
25932
26047
25933
26048
25934
26049
25935
26050
25936
26051
25937
26052
25938
26053
25939
26054
25940
26055
25941
26056
25942
26057
25943
26058
25944
26059
25945
26060
25946
26061
25947
26062
25948
26063
25949
26064
25950
26065
25951
26066
25952
26067
25953
26068
25954
26069
25955
26070
25956
26071
25957
26072
25958
26073
25959
26074
25960
26075
25961
26076
25962
26077
25963
26078
25964
26079
25965
26080
25966
26081
25967
26082
25968
26083
25969
26084
25970
26085
25971
26086
25972
26087
25973
26088
25974
26089
25975
26090
25976
26091
25977
26092
25978
26093
25979
26094
25980
26095
25981
26096
25982
26097
25983
26098
26099
25985
26100
25986
26101
25987
26102
25988
26103
25989
26104
25990
26105
25991
26106
25992
26107
25993
26108
25994
26109
25995
26110
25996
26111
25997
26112
25998
26113
25999
26114
26000
26115
26001
26116
26002
26117
26003
26118
26004
26119
26005
26120
26006
26121
26007
26122
26008
26123
26009
26124
26010
26125
26011
26126
26012
26127
26013
26128
26014
26129
26015
26130
26016
26131
26017
26132
26018
26133
26019
26134
26020
26135
26021
26136
26022
26137
26023
26138
26024
26139
26025
26140
26026
26141
26027
26142
26028
26143
26029
26144
26030
26145
26031
26146
26032
26147
26033
26148
26034
26149
26035
26150
26036
26151
26037
26152
26038
26153
26039
26154
26040
26155
26041
26156
26042
26157
26043
26158
26044
26159
26045
26160
26046
26161
26047
26162
26048
26163
26049
26164
26050
26165
26051
26166
26052
26167
26053
26168
26054
26169
26055
26170
26056
26171
26057
26172
26058
26173
26059
26174
26060
26175
26061
26176
26062
26177
26063
26178
26064
26179
26065
26180
26066
26181
26067
26182
26068
26183
26069
26184
26070
26185
26071
26186
26072
26187
26073
26188
26074
26189
26075
26190
26076
26191
26077
26192
26078
26193
26079
26194
26080
26195
26081
26196
26082
26197
26083
26198
26084
26199
26085
26200
26086
26201
26087
26202
26088
26203
26089
26204
26090
26205
26091
26206
26092
26207
26093
26208
26094
26209
26095
26210
26096
26211
26097
26212
26098
26213
26099
26214
26215
26101
26216
26102
26217
26103
26218
26104
26219
26105
26220
26106
26221
26107
26222
26108
26223
26109
26224
26110
26225
26111
26226
26112
26227
26113
26228
26114
26229
26115
26230
26116
26231
26117
26232
26118
26233
26119
26234
26120
26235
26121
26236
26122
26237
26123
26238
26124
26239
26125
26240
26126
26241
26127
26242
26128
26243
26129
26244
26130
26245
26131
26246
26132
26247
26133
26248
26134
26249
26135
26250
26136
26251
26137
26252
26138
26253
26139
26254
26140
26255
26141
26256
26142
26257
26143
26258
26144
26259
26145
26260
26146
26261
26147
26262
26148
26263
26149
26264
26150
26265
26151
26266
26152
26267
26153
26268
26154
26269
26155
26270
26156
26271
26157
26272
26158
26273
26159
26274
26160
26275
26161
26276
26162
26277
26163
26278
26164
26279
26165
26280
26166
26281
26167
26282
26168
26283
26169
26284
26170
26285
26171
26286
26172
26287
26173
26288
26174
26289
26175
26290
26176
26291
26177
26292
26178
26293
26179
26294
26180
26295
26181
26296
26182
26297
26183
26298
26184
26299
26185
26300
26186
26301
26187
26302
26188
26303
26189
26304
26190
26305
26191
26306
26192
26307
26193
26308
26194
26309
26195
26310
26196
26311
26197
26312
26198
26313
26199
26314
26200
26315
26201
26316
26202
26317
26203
26318
26204
26319
26205
26320
26206
26321
26207
26322
26208
26323
26209
26324
26210
26325
26211
26326
26212
26327
26213
26328
26214
26329
26215
26330
26331
26217
26332
26218
26333
26219
26334
26220
26335
26221
26336
26222
26337
26223
26338
26224
26339
26225
26340
26226
26341
26227
26342
26228
26343
26229
26344
26230
26345
26231
26346
26232
26347
26233
26348
26234
26349
26235
26350
26236
26351
26237
26352
26238
26353
26239
26354
26240
26355
26241
26356
26242
26357
26243
26358
26244
26359
26245
26360
26246
26361
26247
26362
26248
26363
26249
26364
26250
26365
26251
26366
26252
26367
26253
26368
26254
26369
26255
26370
26256
26371
26257
26372
26258
26373
26259
26374
26260
26375
26261
26376
26262
26377
26263
26378
26264
26379
26265
26380
26266
26381
26267
26382
26268
26383
26269
26384
26270
26385
26271
26386
26272
26387
26273
26388
26274
26389
26275
26390
26276
26391
26277
26392
26278
26393
26279
26394
26280
26395
26281
26396
26282
26397
26283
26398
26284
26399
26285
26400
26286
26401
26287
26402
26288
26403
26289
26404
26290
26405
26291
26406
26292
26407
26293
26408
26294
26409
26295
26410
26296
26411
26297
26412
26298
26413
26299
26414
26300
26415
26301
26416
26302
26417
26303
26418
26304
26419
26305
26420
26306
26421
26307
26422
26308
26423
26309
26424
26310
26425
26311
26426
26312
26427
26313
26428
26314
26429
26315
26430
26316
26431
26317
26432
26318
26433
26319
26434
26320
26435
26321
26436
26322
26437
26323
26438
26324
26439
26325
26440
26326
26441
26327
26442
26328
26443
26329
26444
26330
26445
26331
26446
26447
26333
26448
26334
26449
26335
26450
26336
26451
26337
26452
26338
26453
26339
26454
26340
26455
26341
26456
26342
26457
26343
26458
26344
26459
26345
26460
26346
26461
26347
26462
26348
26463
26349
26464
26350
26465
26351
26466
26352
26467
26353
26468
26354
26469
26355
26470
26356
26471
26357
26472
26358
26473
26359
26474
26360
26475
26361
26476
26362
26477
26363
26478
26364
26479
26365
26480
26366
26481
26367
26482
26368
26483
26369
26484
26370
26485
26371
26486
26372
26487
26373
26488
26374
26489
26375
26490
26376
26491
26377
26492
26378
26493
26379
26494
26380
26495
26381
26496
26382
26497
26383
26498
26384
26499
26385
26500
26386
26501
26387
26502
26388
26503
26389
26504
26390
26505
26391
26506
26392
26507
26393
26508
26394
26509
26395
26510
26396
26511
26397
26512
26398
26513
26399
26514
26400
26515
26401
26516
26402
26517
26403
26518
26404
26519
26405
26520
26406
26521
26407
26522
26408
26523
26409
26524
26410
26525
26411
26526
26412
26527
26413
26528
26414
26529
26415
26530
26416
26531
26417
26532
26418
26533
26419
26534
26420
26535
26421
26536
26422
26537
26423
26538
26424
26539
26425
26540
26426
26541
26427
26542
26428
26543
26429
26544
26430
26545
26431
26546
26432
26547
26433
26548
26434
26549
26435
26550
26436
26551
26437
26552
26438
26553
26439
26554
26440
26555
26441
26556
26442
26557
26443
26558
26444
26559
26445
26560
26446
26561
26447
26562
26563
26449
26564
26450
26565
26451
26566
26452
26567
26453
26568
26454
26569
26455
26570
26456
26571
26457
26572
26458
26573
26459
26574
26460
26575
26461
26576
26462
26577
26463
26578
26464
26579
26465
26580
26466
26581
26467
26582
26468
26583
26469
26584
26470
26585
26471
26586
26472
26587
26473
26588
26474
26589
26475
26590
26476
26591
26477
26592
26478
26593
26479
26594
26480
26595
26481
26596
26482
26597
26483
26598
26484
26599
26485
26600
26486
26601
26487
26602
26488
26603
26489
26604
26490
26605
26491
26606
26492
26607
26493
26608
26494
26609
26495
26610
26496
26611
26497
26612
26498
26613
26499
26614
26500
26615
26501
26616
26502
26617
26503
26618
26504
26619
26505
26620
26506
26621
26507
26622
26508
26623
26509
26624
26510
26625
26511
26626
26512
26627
26513
26628
26514
26629
26515
26630
26516
26631
26517
26632
26518
26633
26519
26634
26520
26635
26521
26636
26522
26637
26523
26638
26524
26639
26525
26640
26526
26641
26527
26642
26528
26643
26529
26644
26530
26645
26531
26646
26532
26647
26533
26648
26534
26649
26535
26650
26536
26651
26537
26652
26538
26653
26539
26654
26540
26655
26541
26656
26542
26657
26543
26658
26544
26659
26545
26660
26546
26661
26547
26662
26548
26663
26549
26664
26550
26665
26551
26666
26552
26667
26553
26668
26554
26669
26555
26670
26556
26671
26557
26672
26558
26673
26559
26674
26560
26675
26561
26676
26562
26677
26563
26678
26679
26565
26680
26566
26681
26567
26682
26568
26683
26569
26684
26570
26685
26571
26686
26572
26687
26573
26688
26574
26689
26575
26690
26576
26691
26577
26692
26578
26693
26579
26694
26580
26695
26581
26696
26582
26697
26583
26698
26584
26699
26585
26700
26586
26701
26587
26702
26588
26703
26589
26704
26590
26705
26591
26706
26592
26707
26593
26708
26594
26709
26595
26710
26596
26711
26597
26712
26598
26713
26599
26714
26600
26715
26601
26716
26602
26717
26603
26718
26604
26719
26605
26720
26606
26721
26607
26722
26608
26723
26609
26724
26610
26725
26611
26726
26612
26727
26613
26728
26614
26729
26615
26730
26616
26731
26617
26732
26618
26733
26619
26734
26620
26735
26621
26736
26622
26737
26623
26738
26624
26739
26625
26740
26626
26741
26627
26742
26628
26743
26629
26744
26630
26745
26631
26746
26632
26747
26633
26748
26634
26749
26635
26750
26636
26751
26637
26752
26638
26753
26639
26754
26640
26755
26641
26756
26642
26757
26643
26758
26644
26759
26645
26760
26646
26761
26647
26762
26648
26763
26649
26764
26650
26765
26651
26766
26652
26767
26653
26768
26654
26769
26655
26770
26656
26771
26657
26772
26658
26773
26659
26774
26660
26775
26661
26776
26662
26777
26663
26778
26664
26779
26665
26780
26666
26781
26667
26782
26668
26783
26669
26784
26670
26785
26671
26786
26672
26787
26673
26788
26674
26789
26675
26790
26676
26791
26677
26792
26678
26793
26679
26794
26795
26681
26796
26682
26797
26683
26798
26684
26799
26685
26800
26686
26801
26687
26802
26688
26803
26689
26804
26690
26805
26691
26806
26692
26807
26693
26808
26694
26809
26695
26810
26696
26811
26697
26812
26698
26813
26699
26814
26700
26815
26701
26816
26702
26817
26703
26818
26704
26819
26705
26820
26706
26821
26707
26822
26708
26823
26709
26824
26710
26825
26711
26826
26712
26827
26713
26828
26714
26829
26715
26830
26716
26831
26717
26832
26718
26833
26719
26834
26720
26835
26721
26836
26722
26837
26723
26838
26724
26839
26725
26840
26726
26841
26727
26842
26728
26843
26729
26844
26730
26845
26731
26846
26732
26847
26733
26848
26734
26849
26735
26850
26736
26851
26737
26852
26738
26853
26739
26854
26740
26855
26741
26856
26742
26857
26743
26858
26744
26859
26745
26860
26746
26861
26747
26862
26748
26863
26749
26864
26750
26865
26751
26866
26752
26867
26753
26868
26754
26869
26755
26870
26756
26871
26757
26872
26758
26873
26759
26874
26760
26875
26761
26876
26762
26877
26763
26878
26764
26879
26765
26880
26766
26881
26767
26882
26768
26883
26769
26884
26770
26885
26771
26886
26772
26887
26773
26888
26774
26889
26775
26890
26776
26891
26777
26892
26778
26893
26779
26894
26780
26895
26781
26896
26782
26897
26783
26898
26784
26899
26785
26900
26786
26901
26787
26902
26788
26903
26789
26904
26790
26905
26791
26906
26792
26907
26793
26908
26794
26909
26795
26910
26911
26797
26912
26798
26913
26799
26914
26800
26915
26801
26916
26802
26917
26803
26918
26804
26919
26805
26920
26806
26921
26807
26922
26808
26923
26809
26924
26810
26925
26811
26926
26812
26927
26813
26928
26814
26929
26815
26930
26816
26931
26817
26932
26818
26933
26819
26934
26820
26935
26821
26936
26822
26937
26823
26938
26824
26939
26825
26940
26826
26941
26827
26942
26828
26943
26829
26944
26830
26945
26831
26946
26832
26947
26833
26948
26834
26949
26835
26950
26836
26951
26837
26952
26838
26953
26839
26954
26840
26955
26841
26956
26842
26957
26843
26958
26844
26959
26845
26960
26846
26961
26847
26962
26848
26963
26849
26964
26850
26965
26851
26966
26852
26967
26853
26968
26854
26969
26855
26970
26856
26971
26857
26972
26858
26973
26859
26974
26860
26975
26861
26976
26862
26977
26863
26978
26864
26979
26865
26980
26866
26981
26867
26982
26868
26983
26869
26984
26870
26985
26871
26986
26872
26987
26873
26988
26874
26989
26875
26990
26876
26991
26877
26992
26878
26993
26879
26994
26880
26995
26881
26996
26882
26997
26883
26998
26884
26999
26885
27000
26886
27001
26887
27002
26888
27003
26889
27004
26890
27005
26891
27006
26892
27007
26893
27008
26894
27009
26895
27010
26896
27011
26897
27012
26898
27013
26899
27014
26900
27015
26901
27016
26902
27017
26903
27018
26904
27019
26905
27020
26906
27021
26907
27022
26908
27023
26909
27024
26910
27025
26911
27026
27027
26913
27028
26914
27029
26915
27030
26916
27031
26917
27032
26918
27033
26919
27034
26920
27035
26921
27036
26922
27037
26923
27038
26924
27039
26925
27040
26926
27041
26927
27042
26928
27043
26929
27044
26930
27045
26931
27046
26932
27047
26933
27048
26934
27049
26935
27050
26936
27051
26937
27052
26938
27053
26939
27054
26940
27055
26941
27056
26942
27057
26943
27058
26944
27059
26945
27060
26946
27061
26947
27062
26948
27063
26949
27064
26950
27065
26951
27066
26952
27067
26953
27068
26954
27069
26955
27070
26956
27071
26957
27072
26958
27073
26959
27074
26960
27075
26961
27076
26962
27077
26963
27078
26964
27079
26965
27080
26966
27081
26967
27082
26968
27083
26969
27084
26970
27085
26971
27086
26972
27087
26973
27088
26974
27089
26975
27090
26976
27091
26977
27092
26978
27093
26979
27094
26980
27095
26981
27096
26982
27097
26983
27098
26984
27099
26985
27100
26986
27101
26987
27102
26988
27103
26989
27104
26990
27105
26991
27106
26992
27107
26993
27108
26994
27109
26995
27110
26996
27111
26997
27112
26998
27113
26999
27114
27000
27115
27001
27116
27002
27117
27003
27118
27004
27119
27005
27120
27006
27121
27007
27122
27008
27123
27009
27124
27010
27125
27011
27126
27012
27127
27013
27128
27014
27129
27015
27130
27016
27131
27017
27132
27018
27133
27019
27134
27020
27135
27021
27136
27022
27137
27023
27138
27024
27139
27025
27140
27026
27141
27027
27142
27143
27029
27144
27030
27145
27031
27146
27032
27147
27033
27148
27034
27149
27035
27150
27036
27151
27037
27152
27038
27153
27039
27154
27040
27155
27041
27156
27042
27157
27043
27158
27044
27159
27045
27160
27046
27161
27047
27162
27048
27163
27049
27164
27050
27165
27051
27166
27052
27167
27053
27168
27054
27169
27055
27170
27056
27171
27057
27172
27058
27173
27059
27174
27060
27175
27061
27176
27062
27177
27063
27178
27064
27179
27065
27180
27066
27181
27067
27182
27068
27183
27069
27184
27070
27185
27071
27186
27072
27187
27073
27188
27074
27189
27075
27190
27076
27191
27077
27192
27078
27193
27079
27194
27080
27195
27081
27196
27082
27197
27083
27198
27084
27199
27085
27200
27086
27201
27087
27202
27088
27203
27089
27204
27090
27205
27091
27206
27092
27207
27093
27208
27094
27209
27095
27210
27096
27211
27097
27212
27098
27213
27099
27214
27100
27215
27101
27216
27102
27217
27103
27218
27104
27219
27105
27220
27106
27221
27107
27222
27108
27223
27109
27224
27110
27225
27111
27226
27112
27227
27113
27228
27114
27229
27115
27230
27116
27231
27117
27232
27118
27233
27119
27234
27120
27235
27121
27236
27122
27237
27123
27238
27124
27239
27125
27240
27126
27241
27127
27242
27128
27243
27129
27244
27130
27245
27131
27246
27132
27247
27133
27248
27134
27249
27135
27250
27136
27251
27137
27252
27138
27253
27139
27254
27140
27255
27141
27256
27142
27257
27143
27258
27259
27145
27260
27146
27261
27147
27262
27148
27263
27149
27264
27150
27265
27151
27266
27152
27267
27153
27268
27154
27269
27155
27270
27156
27271
27157
27272
27158
27273
27159
27274
27160
27275
27161
27276
27162
27277
27163
27278
27164
27279
27165
27280
27166
27281
27167
27282
27168
27283
27169
27284
27170
27285
27171
27286
27172
27287
27173
27288
27174
27289
27175
27290
27176
27291
27177
27292
27178
27293
27179
27294
27180
27295
27181
27296
27182
27297
27183
27298
27184
27299
27185
27300
27186
27301
27187
27302
27188
27303
27189
27304
27190
27305
27191
27306
27192
27307
27193
27308
27194
27309
27195
27310
27196
27311
27197
27312
27198
27313
27199
27314
27200
27315
27201
27316
27202
27317
27203
27318
27204
27319
27205
27320
27206
27321
27207
27322
27208
27323
27209
27324
27210
27325
27211
27326
27212
27327
27213
27328
27214
27329
27215
27330
27216
27331
27217
27332
27218
27333
27219
27334
27220
27335
27221
27336
27222
27337
27223
27338
27224
27339
27225
27340
27226
27341
27227
27342
27228
27343
27229
27344
27230
27345
27231
27346
27232
27347
27233
27348
27234
27349
27235
27350
27236
27351
27237
27352
27238
27353
27239
27354
27240
27355
27241
27356
27242
27357
27243
27358
27244
27359
27245
27360
27246
27361
27247
27362
27248
27363
27249
27364
27250
27365
27251
27366
27252
27367
27253
27368
27254
27369
27255
27370
27256
27371
27257
27372
27258
27373
27259
27374
27375
27261
27376
27262
27377
27263
27378
27264
27379
27265
27380
27266
27381
27267
27382
27268
27383
27269
27384
27270
27385
27271
27386
27272
27387
27273
27388
27274
27389
27275
27390
27276
27391
27277
27392
27278
27393
27279
27394
27280
27395
27281
27396
27282
27397
27283
27398
27284
27399
27285
27400
27286
27401
27287
27402
27288
27403
27289
27404
27290
27405
27291
27406
27292
27407
27293
27408
27294
27409
27295
27410
27296
27411
27297
27412
27298
27413
27299
27414
27300
27415
27301
27416
27302
27417
27303
27418
27304
27419
27305
27420
27306
27421
27307
27422
27308
27423
27309
27424
27310
27425
27311
27426
27312
27427
27313
27428
27314
27429
27315
27430
27316
27431
27317
27432
27318
27433
27319
27434
27320
27435
27321
27436
27322
27437
27323
27438
27324
27439
27325
27440
27326
27441
27327
27442
27328
27443
27329
27444
27330
27445
27331
27446
27332
27447
27333
27448
27334
27449
27335
27450
27336
27451
27337
27452
27338
27453
27339
27454
27340
27455
27341
27456
27342
27457
27343
27458
27344
27459
27345
27460
27346
27461
27347
27462
27348
27463
27349
27464
27350
27465
27351
27466
27352
27467
27353
27468
27354
27469
27355
27470
27356
27471
27357
27472
27358
27473
27359
27474
27360
27475
27361
27476
27362
27477
27363
27478
27364
27479
27365
27480
27366
27481
27367
27482
27368
27483
27369
27484
27370
27485
27371
27486
27372
27487
27373
27488
27374
27489
27375
27490
27491
27377
27492
27378
27493
27379
27494
27380
27495
27381
27496
27382
27497
27383
27498
27384
27499
27385
27500
27386
27501
27387
27502
27388
27503
27389
27504
27390
27505
27391
27506
27392
27507
27393
27508
27394
27509
27395
27510
27396
27511
27397
27512
27398
27513
27399
27514
27400
27515
27401
27516
27402
27517
27403
27518
27404
27519
27405
27520
27406
27521
27407
27522
27408
27523
27409
27524
27410
27525
27411
27526
27412
27527
27413
27528
27414
27529
27415
27530
27416
27531
27417
27532
27418
27533
27419
27534
27420
27535
27421
27536
27422
27537
27423
27538
27424
27539
27425
27540
27426
27541
27427
27542
27428
27543
27429
27544
27430
27545
27431
27546
27432
27547
27433
27548
27434
27549
27435
27550
27436
27551
27437
27552
27438
27553
27439
27554
27440
27555
27441
27556
27442
27557
27443
27558
27444
27559
27445
27560
27446
27561
27447
27562
27448
27563
27449
27564
27450
27565
27451
27566
27452
27567
27453
27568
27454
27569
27455
27570
27456
27571
27457
27572
27458
27573
27459
27574
27460
27575
27461
27576
27462
27577
27463
27578
27464
27579
27465
27580
27466
27581
27467
27582
27468
27583
27469
27584
27470
27585
27471
27586
27472
27587
27473
27588
27474
27589
27475
27590
27476
27591
27477
27592
27478
27593
27479
27594
27480
27595
27481
27596
27482
27597
27483
27598
27484
27599
27485
27600
27486
27601
27487
27602
27488
27603
27489
27604
27490
27605
27491
27606
27607
27493
27608
27494
27609
27495
27610
27496
27611
27497
27612
27498
27613
27499
27614
27500
27615
27501
27616
27502
27617
27503
27618
27504
27619
27505
27620
27506
27621
27507
27622
27508
27623
27509
27624
27510
27625
27511
27626
27512
27627
27513
27628
27514
27629
27515
27630
27516
27631
27517
27632
27518
27633
27519
27634
27520
27635
27521
27636
27522
27637
27523
27638
27524
27639
27525
27640
27526
27641
27527
27642
27528
27643
27529
27644
27530
27645
27531
27646
27532
27647
27533
27648
27534
27649
27535
27650
27536
27651
27537
27652
27538
27653
27539
27654
27540
27655
27541
27656
27542
27657
27543
27658
27544
27659
27545
27660
27546
27661
27547
27662
27548
27663
27549
27664
27550
27665
27551
27666
27552
27667
27553
27668
27554
27669
27555
27670
27556
27671
27557
27672
27558
27673
27559
27674
27560
27675
27561
27676
27562
27677
27563
27678
27564
27679
27565
27680
27566
27681
27567
27682
27568
27683
27569
27684
27570
27685
27571
27686
27572
27687
27573
27688
27574
27689
27575
27690
27576
27691
27577
27692
27578
27693
27579
27694
27580
27695
27581
27696
27582
27697
27583
27698
27584
27699
27585
27700
27586
27701
27587
27702
27588
27703
27589
27704
27590
27705
27591
27706
27592
27707
27593
27708
27594
27709
27595
27710
27596
27711
27597
27712
27598
27713
27599
27714
27600
27715
27601
27716
27602
27717
27603
27718
27604
27719
27605
27720
27606
27721
27607
27722
27723
27609
27724
27610
27725
27611
27726
27612
27727
27613
27728
27614
27729
27615
27730
27616
27731
27617
27732
27618
27733
27619
27734
27620
27735
27621
27736
27622
27737
27623
27738
27624
27739
27625
27740
27626
27741
27627
27742
27628
27743
27629
27744
27630
27745
27631
27746
27632
27747
27633
27748
27634
27749
27635
27750
27636
27751
27637
27752
27638
27753
27639
27754
27640
27755
27641
27756
27642
27757
27643
27758
27644
27759
27645
27760
27646
27761
27647
27762
27648
27763
27649
27764
27650
27765
27651
27766
27652
27767
27653
27768
27654
27769
27655
27770
27656
27771
27657
27772
27658
27773
27659
27774
27660
27775
27661
27776
27662
27777
27663
27778
27664
27779
27665
27780
27666
27781
27667
27782
27668
27783
27669
27784
27670
27785
27671
27786
27672
27787
27673
27788
27674
27789
27675
27790
27676
27791
27677
27792
27678
27793
27679
27794
27680
27795
27681
27796
27682
27797
27683
27798
27684
27799
27685
27800
27686
27801
27687
27802
27688
27803
27689
27804
27690
27805
27691
27806
27692
27807
27693
27808
27694
27809
27695
27810
27696
27811
27697
27812
27698
27813
27699
27814
27700
27815
27701
27816
27702
27817
27703
27818
27704
27819
27705
27820
27706
27821
27707
27822
27708
27823
27709
27824
27710
27825
27711
27826
27712
27827
27713
27828
27714
27829
27715
27830
27716
27831
27717
27832
27718
27833
27719
27834
27720
27835
27721
27836
27722
27837
27723
27838
27839
27725
27840
27726
27841
27727
27842
27728
27843
27729
27844
27730
27845
27731
27846
27732
27847
27733
27848
27734
27849
27735
27850
27736
27851
27737
27852
27738
27853
27739
27854
27740
27855
27741
27856
27742
27857
27743
27858
27744
27859
27745
27860
27746
27861
27747
27862
27748
27863
27749
27864
27750
27865
27751
27866
27752
27867
27753
27868
27754
27869
27755
27870
27756
27871
27757
27872
27758
27873
27759
27874
27760
27875
27761
27876
27762
27877
27763
27878
27764
27879
27765
27880
27766
27881
27767
27882
27768
27883
27769
27884
27770
27885
27771
27886
27772
27887
27773
27888
27774
27889
27775
27890
27776
27891
27777
27892
27778
27893
27779
27894
27780
27895
27781
27896
27782
27897
27783
27898
27784
27899
27785
27900
27786
27901
27787
27902
27788
27903
27789
27904
27790
27905
27791
27906
27792
27907
27793
27908
27794
27909
27795
27910
27796
27911
27797
27912
27798
27913
27799
27914
27800
27915
27801
27916
27802
27917
27803
27918
27804
27919
27805
27920
27806
27921
27807
27922
27808
27923
27809
27924
27810
27925
27811
27926
27812
27927
27813
27928
27814
27929
27815
27930
27816
27931
27817
27932
27818
27933
27819
27934
27820
27935
27821
27936
27822
27937
27823
27938
27824
27939
27825
27940
27826
27941
27827
27942
27828
27943
27829
27944
27830
27945
27831
27946
27832
27947
27833
27948
27834
27949
27835
27950
27836
27951
27837
27952
27838
27953
27839
27954
27955
27841
27956
27842
27957
27843
27958
27844
27959
27845
27960
27846
27961
27847
27962
27848
27963
27849
27964
27850
27965
27851
27966
27852
27967
27853
27968
27854
27969
27855
27970
27856
27971
27857
27972
27858
27973
27859
27974
27860
27975
27861
27976
27862
27977
27863
27978
27864
27979
27865
27980
27866
27981
27867
27982
27868
27983
27869
27984
27870
27985
27871
27986
27872
27987
27873
27988
27874
27989
27875
27990
27876
27991
27877
27992
27878
27993
27879
27994
27880
27995
27881
27996
27882
27997
27883
27998
27884
27999
27885
28000
27886
28001
27887
28002
27888
28003
27889
28004
27890
28005
27891
28006
27892
28007
27893
28008
27894
28009
27895
28010
27896
28011
27897
28012
27898
28013
27899
28014
27900
28015
27901
28016
27902
28017
27903
28018
27904
28019
27905
28020
27906
28021
27907
28022
27908
28023
27909
28024
27910
28025
27911
28026
27912
28027
27913
28028
27914
28029
27915
28030
27916
28031
27917
28032
27918
28033
27919
28034
27920
28035
27921
28036
27922
28037
27923
28038
27924
28039
27925
28040
27926
28041
27927
28042
27928
28043
27929
28044
27930
28045
27931
28046
27932
28047
27933
28048
27934
28049
27935
28050
27936
28051
27937
28052
27938
28053
27939
28054
27940
28055
27941
28056
27942
28057
27943
28058
27944
28059
27945
28060
27946
28061
27947
28062
27948
28063
27949
28064
27950
28065
27951
28066
27952
28067
27953
28068
27954
28069
27955
28070
28071
27957
28072
27958
28073
27959
28074
27960
28075
27961
28076
27962
28077
27963
28078
27964
28079
27965
28080
27966
28081
27967
28082
27968
28083
27969
28084
27970
28085
27971
28086
27972
28087
27973
28088
27974
28089
27975
28090
27976
28091
27977
28092
27978
28093
27979
28094
27980
28095
27981
28096
27982
28097
27983
28098
27984
28099
27985
28100
27986
28101
27987
28102
27988
28103
27989
28104
27990
28105
27991
28106
27992
28107
27993
28108
27994
28109
27995
28110
27996
28111
27997
28112
27998
28113
27999
28114
28000
28115
28001
28116
28002
28117
28003
28118
28004
28119
28005
28120
28006
28121
28007
28122
28008
28123
28009
28124
28010
28125
28011
28126
28012
28127
28013
28128
28014
28129
28015
28130
28016
28131
28017
28132
28018
28133
28019
28134
28020
28135
28021
28136
28022
28137
28023
28138
28024
28139
28025
28140
28026
28141
28027
28142
28028
28143
28029
28144
28030
28145
28031
28146
28032
28147
28033
28148
28034
28149
28035
28150
28036
28151
28037
28152
28038
28153
28039
28154
28040
28155
28041
28156
28042
28157
28043
28158
28044
28159
28045
28160
28046
28161
28047
28162
28048
28163
28049
28164
28050
28165
28051
28166
28052
28167
28053
28168
28054
28169
28055
28170
28056
28171
28057
28172
28058
28173
28059
28174
28060
28175
28061
28176
28062
28177
28063
28178
28064
28179
28065
28180
28066
28181
28067
28182
28068
28183
28069
28184
28070
28185
28071
28186
28187
28073
28188
28074
28189
28075
28190
28076
28191
28077
28192
28078
28193
28079
28194
28080
28195
28081
28196
28082
28197
28083
28198
28084
28199
28085
28200
28086
28201
28087
28202
28088
28203
28089
28204
28090
28205
28091
28206
28092
28207
28093
28208
28094
28209
28095
28210
28096
28211
28097
28212
28098
28213
28099
28214
28100
28215
28101
28216
28102
28217
28103
28218
28104
28219
28105
28220
28106
28221
28107
28222
28108
28223
28109
28224
28110
28225
28111
28226
28112
28227
28113
28228
28114
28229
28115
28230
28116
28231
28117
28232
28118
28233
28119
28234
28120
28235
28121
28236
28122
28237
28123
28238
28124
28239
28125
28240
28126
28241
28127
28242
28128
28243
28129
28244
28130
28245
28131
28246
28132
28247
28133
28248
28134
28249
28135
28250
28136
28251
28137
28252
28138
28253
28139
28254
28140
28255
28141
28256
28142
28257
28143
28258
28144
28259
28145
28260
28146
28261
28147
28262
28148
28263
28149
28264
28150
28265
28151
28266
28152
28267
28153
28268
28154
28269
28155
28270
28156
28271
28157
28272
28158
28273
28159
28274
28160
28275
28161
28276
28162
28277
28163
28278
28164
28279
28165
28280
28166
28281
28167
28282
28168
28283
28169
28284
28170
28285
28171
28286
28172
28287
28173
28288
28174
28289
28175
28290
28176
28291
28177
28292
28178
28293
28179
28294
28180
28295
28181
28296
28182
28297
28183
28298
28184
28299
28185
28300
28186
28301
28187
28302
28303
28189
28304
28190
28305
28191
28306
28192
28307
28193
28308
28194
28309
28195
28310
28196
28311
28197
28312
28198
28313
28199
28314
28200
28315
28201
28316
28202
28317
28203
28318
28204
28319
28205
28320
28206
28321
28207
28322
28208
28323
28209
28324
28210
28325
28211
28326
28212
28327
28213
28328
28214
28329
28215
28330
28216
28331
28217
28332
28218
28333
28219
28334
28220
28335
28221
28336
28222
28337
28223
28338
28224
28339
28225
28340
28226
28341
28227
28342
28228
28343
28229
28344
28230
28345
28231
28346
28232
28347
28233
28348
28234
28349
28235
28350
28236
28351
28237
28352
28238
28353
28239
28354
28240
28355
28241
28356
28242
28357
28243
28358
28244
28359
28245
28360
28246
28361
28247
28362
28248
28363
28249
28364
28250
28365
28251
28366
28252
28367
28253
28368
28254
28369
28255
28370
28256
28371
28257
28372
28258
28373
28259
28374
28260
28375
28261
28376
28262
28377
28263
28378
28264
28379
28265
28380
28266
28381
28267
28382
28268
28383
28269
28384
28270
28385
28271
28386
28272
28387
28273
28388
28274
28389
28275
28390
28276
28391
28277
28392
28278
28393
28279
28394
28280
28395
28281
28396
28282
28397
28283
28398
28284
28399
28285
28400
28286
28401
28287
28402
28288
28403
28289
28404
28290
28405
28291
28406
28292
28407
28293
28408
28294
28409
28295
28410
28296
28411
28297
28412
28298
28413
28299
28414
28300
28415
28301
28416
28302
28417
28303
28418
28419
28305
28420
28306
28421
28307
28422
28308
28423
28309
28424
28310
28425
28311
28426
28312
28427
28313
28428
28314
28429
28315
28430
28316
28431
28317
28432
28318
28433
28319
28434
28320
28435
28321
28436
28322
28437
28323
28438
28324
28439
28325
28440
28326
28441
28327
28442
28328
28443
28329
28444
28330
28445
28331
28446
28332
28447
28333
28448
28334
28449
28335
28450
28336
28451
28337
28452
28338
28453
28339
28454
28340
28455
28341
28456
28342
28457
28343
28458
28344
28459
28345
28460
28346
28461
28347
28462
28348
28463
28349
28464
28350
28465
28351
28466
28352
28467
28353
28468
28354
28469
28355
28470
28356
28471
28357
28472
28358
28473
28359
28474
28360
28475
28361
28476
28362
28477
28363
28478
28364
28479
28365
28480
28366
28481
28367
28482
28368
28483
28369
28484
28370
28485
28371
28486
28372
28487
28373
28488
28374
28489
28375
28490
28376
28491
28377
28492
28378
28493
28379
28494
28380
28495
28381
28496
28382
28497
28383
28498
28384
28499
28385
28500
28386
28501
28387
28502
28388
28503
28389
28504
28390
28505
28391
28506
28392
28507
28393
28508
28394
28509
28395
28510
28396
28511
28397
28512
28398
28513
28399
28514
28400
28515
28401
28516
28402
28517
28403
28518
28404
28519
28405
28520
28406
28521
28407
28522
28408
28523
28409
28524
28410
28525
28411
28526
28412
28527
28413
28528
28414
28529
28415
28530
28416
28531
28417
28532
28418
28533
28419
28534
28535
28421
28536
28422
28537
28423
28538
28424
28539
28425
28540
28426
28541
28427
28542
28428
28543
28429
28544
28430
28545
28431
28546
28432
28547
28433
28548
28434
28549
28435
28550
28436
28551
28437
28552
28438
28553
28439
28554
28440
28555
28441
28556
28442
28557
28443
28558
28444
28559
28445
28560
28446
28561
28447
28562
28448
28563
28449
28564
28450
28565
28451
28566
28452
28567
28453
28568
28454
28569
28455
28570
28456
28571
28457
28572
28458
28573
28459
28574
28460
28575
28461
28576
28462
28577
28463
28578
28464
28579
28465
28580
28466
28581
28467
28582
28468
28583
28469
28584
28470
28585
28471
28586
28472
28587
28473
28588
28474
28589
28475
28590
28476
28591
28477
28592
28478
28593
28479
28594
28480
28595
28481
28596
28482
28597
28483
28598
28484
28599
28485
28600
28486
28601
28487
28602
28488
28603
28489
28604
28490
28605
28491
28606
28492
28607
28493
28608
28494
28609
28495
28610
28496
28611
28497
28612
28498
28613
28499
28614
28500
28615
28501
28616
28502
28617
28503
28618
28504
28619
28505
28620
28506
28621
28507
28622
28508
28623
28509
28624
28510
28625
28511
28626
28512
28627
28513
28628
28514
28629
28515
28630
28516
28631
28517
28632
28518
28633
28519
28634
28520
28635
28521
28636
28522
28637
28523
28638
28524
28639
28525
28640
28526
28641
28527
28642
28528
28643
28529
28644
28530
28645
28531
28646
28532
28647
28533
28648
28534
28649
28535
28650
28651
28537
28652
28538
28653
28539
28654
28540
28655
28541
28656
28542
28657
28543
28658
28544
28659
28545
28660
28546
28661
28547
28662
28548
28663
28549
28664
28550
28665
28551
28666
28552
28667
28553
28668
28554
28669
28555
28670
28556
28671
28557
28672
28558
28673
28559
28674
28560
28675
28561
28676
28562
28677
28563
28678
28564
28679
28565
28680
28566
28681
28567
28682
28568
28683
28569
28684
28570
28685
28571
28686
28572
28687
28573
28688
28574
28689
28575
28690
28576
28691
28577
28692
28578
28693
28579
28694
28580
28695
28581
28696
28582
28697
28583
28698
28584
28699
28585
28700
28586
28701
28587
28702
28588
28703
28589
28704
28590
28705
28591
28706
28592
28707
28593
28708
28594
28709
28595
28710
28596
28711
28597
28712
28598
28713
28599
28714
28600
28715
28601
28716
28602
28717
28603
28718
28604
28719
28605
28720
28606
28721
28607
28722
28608
28723
28609
28724
28610
28725
28611
28726
28612
28727
28613
28728
28614
28729
28615
28730
28616
28731
28617
28732
28618
28733
28619
28734
28620
28735
28621
28736
28622
28737
28623
28738
28624
28739
28625
28740
28626
28741
28627
28742
28628
28743
28629
28744
28630
28745
28631
28746
28632
28747
28633
28748
28634
28749
28635
28750
28636
28751
28637
28752
28638
28753
28639
28754
28640
28755
28641
28756
28642
28757
28643
28758
28644
28759
28645
28760
28646
28761
28647
28762
28648
28763
28649
28764
28650
28765
28651
28766
28767
28653
28768
28654
28769
28655
28770
28656
28771
28657
28772
28658
28773
28659
28774
28660
28775
28661
28776
28662
28777
28663
28778
28664
28779
28665
28780
28666
28781
28667
28782
28668
28783
28669
28784
28670
28785
28671
28786
28672
28787
28673
28788
28674
28789
28675
28790
28676
28791
28677
28792
28678
28793
28679
28794
28680
28795
28681
28796
28682
28797
28683
28798
28684
28799
28685
28800
28686
28801
28687
28802
28688
28803
28689
28804
28690
28805
28691
28806
28692
28807
28693
28808
28694
28809
28695
28810
28696
28811
28697
28812
28698
28813
28699
28814
28700
28815
28701
28816
28702
28817
28703
28818
28704
28819
28705
28820
28706
28821
28707
28822
28708
28823
28709
28824
28710
28825
28711
28826
28712
28827
28713
28828
28714
28829
28715
28830
28716
28831
28717
28832
28718
28833
28719
28834
28720
28835
28721
28836
28722
28837
28723
28838
28724
28839
28725
28840
28726
28841
28727
28842
28728
28843
28729
28844
28730
28845
28731
28846
28732
28847
28733
28848
28734
28849
28735
28850
28736
28851
28737
28852
28738
28853
28739
28854
28740
28855
28741
28856
28742
28857
28743
28858
28744
28859
28745
28860
28746
28861
28747
28862
28748
28863
28749
28864
28750
28865
28751
28866
28752
28867
28753
28868
28754
28869
28755
28870
28756
28871
28757
28872
28758
28873
28759
28874
28760
28875
28761
28876
28762
28877
28763
28878
28764
28879
28765
28880
28766
28881
28767
28882
28883
28769
28884
28770
28885
28771
28886
28772
28887
28773
28888
28774
28889
28775
28890
28776
28891
28777
28892
28778
28893
28779
28894
28780
28895
28781
28896
28782
28897
28783
28898
28784
28899
28785
28900
28786
28901
28787
28902
28788
28903
28789
28904
28790
28905
28791
28906
28792
28907
28793
28908
28794
28909
28795
28910
28796
28911
28797
28912
28798
28913
28799
28914
28800
28915
28801
28916
28802
28917
28803
28918
28804
28919
28805
28920
28806
28921
28807
28922
28808
28923
28809
28924
28810
28925
28811
28926
28812
28927
28813
28928
28814
28929
28815
28930
28816
28931
28817
28932
28818
28933
28819
28934
28820
28935
28821
28936
28822
28937
28823
28938
28824
28939
28825
28940
28826
28941
28827
28942
28828
28943
28829
28944
28830
28945
28831
28946
28832
28947
28833
28948
28834
28949
28835
28950
28836
28951
28837
28952
28838
28953
28839
28954
28840
28955
28841
28956
28842
28957
28843
28958
28844
28959
28845
28960
28846
28961
28847
28962
28848
28963
28849
28964
28850
28965
28851
28966
28852
28967
28853
28968
28854
28969
28855
28970
28856
28971
28857
28972
28858
28973
28859
28974
28860
28975
28861
28976
28862
28977
28863
28978
28864
28979
28865
28980
28866
28981
28867
28982
28868
28983
28869
28984
28870
28985
28871
28986
28872
28987
28873
28988
28874
28989
28875
28990
28876
28991
28877
28992
28878
28993
28879
28994
28880
28995
28881
28996
28882
28997
28883
28998
28999
28885
29000
28886
29001
28887
29002
28888
29003
28889
29004
28890
29005
28891
29006
28892
29007
28893
29008
28894
29009
28895
29010
28896
29011
28897
29012
28898
29013
28899
29014
28900
29015
28901
29016
28902
29017
28903
29018
28904
29019
28905
29020
28906
29021
28907
29022
28908
29023
28909
29024
28910
29025
28911
29026
28912
29027
28913
29028
28914
29029
28915
29030
28916
29031
28917
29032
28918
29033
28919
29034
28920
29035
28921
29036
28922
29037
28923
29038
28924
29039
28925
29040
28926
29041
28927
29042
28928
29043
28929
29044
28930
29045
28931
29046
28932
29047
28933
29048
28934
29049
28935
29050
28936
29051
28937
29052
28938
29053
28939
29054
28940
29055
28941
29056
28942
29057
28943
29058
28944
29059
28945
29060
28946
29061
28947
29062
28948
29063
28949
29064
28950
29065
28951
29066
28952
29067
28953
29068
28954
29069
28955
29070
28956
29071
28957
29072
28958
29073
28959
29074
28960
29075
28961
29076
28962
29077
28963
29078
28964
29079
28965
29080
28966
29081
28967
29082
28968
29083
28969
29084
28970
29085
28971
29086
28972
29087
28973
29088
28974
29089
28975
29090
28976
29091
28977
29092
28978
29093
28979
29094
28980
29095
28981
29096
28982
29097
28983
29098
28984
29099
28985
29100
28986
29101
28987
29102
28988
29103
28989
29104
28990
29105
28991
29106
28992
29107
28993
29108
28994
29109
28995
29110
28996
29111
28997
29112
28998
29113
28999
29114
29115
29001
29116
29002
29117
29003
29118
29004
29119
29005
29120
29006
29121
29007
29122
29008
29123
29009
29124
29010
29125
29011
29126
29012
29127
29013
29128
29014
29129
29015
29130
29016
29131
29017
29132
29018
29133
29019
29134
29020
29135
29021
29136
29022
29137
29023
29138
29024
29139
29025
29140
29026
29141
29027
29142
29028
29143
29029
29144
29030
29145
29031
29146
29032
29147
29033
29148
29034
29149
29035
29150
29036
29151
29037
29152
29038
29153
29039
29154
29040
29155
29041
29156
29042
29157
29043
29158
29044
29159
29045
29160
29046
29161
29047
29162
29048
29163
29049
29164
29050
29165
29051
29166
29052
29167
29053
29168
29054
29169
29055
29170
29056
29171
29057
29172
29058
29173
29059
29174
29060
29175
29061
29176
29062
29177
29063
29178
29064
29179
29065
29180
29066
29181
29067
29182
29068
29183
29069
29184
29070
29185
29071
29186
29072
29187
29073
29188
29074
29189
29075
29190
29076
29191
29077
29192
29078
29193
29079
29194
29080
29195
29081
29196
29082
29197
29083
29198
29084
29199
29085
29200
29086
29201
29087
29202
29088
29203
29089
29204
29090
29205
29091
29206
29092
29207
29093
29208
29094
29209
29095
29210
29096
29211
29097
29212
29098
29213
29099
29214
29100
29215
29101
29216
29102
29217
29103
29218
29104
29219
29105
29220
29106
29221
29107
29222
29108
29223
29109
29224
29110
29225
29111
29226
29112
29227
29113
29228
29114
29229
29115
29230
29231
29117
29232
29118
29233
29119
29234
29120
29235
29121
29236
29122
29237
29123
29238
29124
29239
29125
29240
29126
29241
29127
29242
29128
29243
29129
29244
29130
29245
29131
29246
29132
29247
29133
29248
29134
29249
29135
29250
29136
29251
29137
29252
29138
29253
29139
29254
29140
29255
29141
29256
29142
29257
29143
29258
29144
29259
29145
29260
29146
29261
29147
29262
29148
29263
29149
29264
29150
29265
29151
29266
29152
29267
29153
29268
29154
29269
29155
29270
29156
29271
29157
29272
29158
29273
29159
29274
29160
29275
29161
29276
29162
29277
29163
29278
29164
29279
29165
29280
29166
29281
29167
29282
29168
29283
29169
29284
29170
29285
29171
29286
29172
29287
29173
29288
29174
29289
29175
29290
29176
29291
29177
29292
29178
29293
29179
29294
29180
29295
29181
29296
29182
29297
29183
29298
29184
29299
29185
29300
29186
29301
29187
29302
29188
29303
29189
29304
29190
29305
29191
29306
29192
29307
29193
29308
29194
29309
29195
29310
29196
29311
29197
29312
29198
29313
29199
29314
29200
29315
29201
29316
29202
29317
29203
29318
29204
29319
29205
29320
29206
29321
29207
29322
29208
29323
29209
29324
29210
29325
29211
29326
29212
29327
29213
29328
29214
29329
29215
29330
29216
29331
29217
29332
29218
29333
29219
29334
29220
29335
29221
29336
29222
29337
29223
29338
29224
29339
29225
29340
29226
29341
29227
29342
29228
29343
29229
29344
29230
29345
29231
29346
29347
29233
29348
29234
29349
29235
29350
29236
29351
29237
29352
29238
29353
29239
29354
29240
29355
29241
29356
29242
29357
29243
29358
29244
29359
29245
29360
29246
29361
29247
29362
29248
29363
29249
29364
29250
29365
29251
29366
29252
29367
29253
29368
29254
29369
29255
29370
29256
29371
29257
29372
29258
29373
29259
29374
29260
29375
29261
29376
29262
29377
29263
29378
29264
29379
29265
29380
29266
29381
29267
29382
29268
29383
29269
29384
29270
29385
29271
29386
29272
29387
29273
29388
29274
29389
29275
29390
29276
29391
29277
29392
29278
29393
29279
29394
29280
29395
29281
29396
29282
29397
29283
29398
29284
29399
29285
29400
29286
29401
29287
29402
29288
29403
29289
29404
29290
29405
29291
29406
29292
29407
29293
29408
29294
29409
29295
29410
29296
29411
29297
29412
29298
29413
29299
29414
29300
29415
29301
29416
29302
29417
29303
29418
29304
29419
29305
29420
29306
29421
29307
29422
29308
29423
29309
29424
29310
29425
29311
29426
29312
29427
29313
29428
29314
29429
29315
29430
29316
29431
29317
29432
29318
29433
29319
29434
29320
29435
29321
29436
29322
29437
29323
29438
29324
29439
29325
29440
29326
29441
29327
29442
29328
29443
29329
29444
29330
29445
29331
29446
29332
29447
29333
29448
29334
29449
29335
29450
29336
29451
29337
29452
29338
29453
29339
29454
29340
29455
29341
29456
29342
29457
29343
29458
29344
29459
29345
29460
29346
29461
29347
29462
29463
29349
29464
29350
29465
29351
29466
29352
29467
29353
29468
29354
29469
29355
29470
29356
29471
29357
29472
29358
29473
29359
29474
29360
29475
29361
29476
29362
29477
29363
29478
29364
29479
29365
29480
29366
29481
29367
29482
29368
29483
29369
29484
29370
29485
29371
29486
29372
29487
29373
29488
29374
29489
29375
29490
29376
29491
29377
29492
29378
29493
29379
29494
29380
29495
29381
29496
29382
29497
29383
29498
29384
29499
29385
29500
29386
29501
29387
29502
29388
29503
29389
29504
29390
29505
29391
29506
29392
29507
29393
29508
29394
29509
29395
29510
29396
29511
29397
29512
29398
29513
29399
29514
29400
29515
29401
29516
29402
29517
29403
29518
29404
29519
29405
29520
29406
29521
29407
29522
29408
29523
29409
29524
29410
29525
29411
29526
29412
29527
29413
29528
29414
29529
29415
29530
29416
29531
29417
29532
29418
29533
29419
29534
29420
29535
29421
29536
29422
29537
29423
29538
29424
29539
29425
29540
29426
29541
29427
29542
29428
29543
29429
29544
29430
29545
29431
29546
29432
29547
29433
29548
29434
29549
29435
29550
29436
29551
29437
29552
29438
29553
29439
29554
29440
29555
29441
29556
29442
29557
29443
29558
29444
29559
29445
29560
29446
29561
29447
29562
29448
29563
29449
29564
29450
29565
29451
29566
29452
29567
29453
29568
29454
29569
29455
29570
29456
29571
29457
29572
29458
29573
29459
29574
29460
29575
29461
29576
29462
29577
29463
29578
29579
29465
29580
29466
29581
29467
29582
29468
29583
29469
29584
29470
29585
29471
29586
29472
29587
29473
29588
29474
29589
29475
29590
29476
29591
29477
29592
29478
29593
29479
29594
29480
29595
29481
29596
29482
29597
29483
29598
29484
29599
29485
29600
29486
29601
29487
29602
29488
29603
29489
29604
29490
29605
29491
29606
29492
29607
29493
29608
29494
29609
29495
29610
29496
29611
29497
29612
29498
29613
29499
29614
29500
29615
29501
29616
29502
29617
29503
29618
29504
29619
29505
29620
29506
29621
29507
29622
29508
29623
29509
29624
29510
29625
29511
29626
29512
29627
29513
29628
29514
29629
29515
29630
29516
29631
29517
29632
29518
29633
29519
29634
29520
29635
29521
29636
29522
29637
29523
29638
29524
29639
29525
29640
29526
29641
29527
29642
29528
29643
29529
29644
29530
29645
29531
29646
29532
29647
29533
29648
29534
29649
29535
29650
29536
29651
29537
29652
29538
29653
29539
29654
29540
29655
29541
29656
29542
29657
29543
29658
29544
29659
29545
29660
29546
29661
29547
29662
29548
29663
29549
29664
29550
29665
29551
29666
29552
29667
29553
29668
29554
29669
29555
29670
29556
29671
29557
29672
29558
29673
29559
29674
29560
29675
29561
29676
29562
29677
29563
29678
29564
29679
29565
29680
29566
29681
29567
29682
29568
29683
29569
29684
29570
29685
29571
29686
29572
29687
29573
29688
29574
29689
29575
29690
29576
29691
29577
29692
29578
29693
29579
29694
29695
29581
29696
29582
29697
29583
29698
29584
29699
29585
29700
29586
29701
29587
29702
29588
29703
29589
29704
29590
29705
29591
29706
29592
29707
29593
29708
29594
29709
29595
29710
29596
29711
29597
29712
29598
29713
29599
29714
29600
29715
29601
29716
29602
29717
29603
29718
29604
29719
29605
29720
29606
29721
29607
29722
29608
29723
29609
29724
29610
29725
29611
29726
29612
29727
29613
29728
29614
29729
29615
29730
29616
29731
29617
29732
29618
29733
29619
29734
29620
29735
29621
29736
29622
29737
29623
29738
29624
29739
29625
29740
29626
29741
29627
29742
29628
29743
29629
29744
29630
29745
29631
29746
29632
29747
29633
29748
29634
29749
29635
29750
29636
29751
29637
29752
29638
29753
29639
29754
29640
29755
29641
29756
29642
29757
29643
29758
29644
29759
29645
29760
29646
29761
29647
29762
29648
29763
29649
29764
29650
29765
29651
29766
29652
29767
29653
29768
29654
29769
29655
29770
29656
29771
29657
29772
29658
29773
29659
29774
29660
29775
29661
29776
29662
29777
29663
29778
29664
29779
29665
29780
29666
29781
29667
29782
29668
29783
29669
29784
29670
29785
29671
29786
29672
29787
29673
29788
29674
29789
29675
29790
29676
29791
29677
29792
29678
29793
29679
29794
29680
29795
29681
29796
29682
29797
29683
29798
29684
29799
29685
29800
29686
29801
29687
29802
29688
29803
29689
29804
29690
29805
29691
29806
29692
29807
29693
29808
29694
29809
29695
29810
29811
29697
29812
29698
29813
29699
29814
29700
29815
29701
29816
29702
29817
29703
29818
29704
29819
29705
29820
29706
29821
29707
29822
29708
29823
29709
29824
29710
29825
29711
29826
29712
29827
29713
29828
29714
29829
29715
29830
29716
29831
29717
29832
29718
29833
29719
29834
29720
29835
29721
29836
29722
29837
29723
29838
29724
29839
29725
29840
29726
29841
29727
29842
29728
29843
29729
29844
29730
29845
29731
29846
29732
29847
29733
29848
29734
29849
29735
29850
29736
29851
29737
29852
29738
29853
29739
29854
29740
29855
29741
29856
29742
29857
29743
29858
29744
29859
29745
29860
29746
29861
29747
29862
29748
29863
29749
29864
29750
29865
29751
29866
29752
29867
29753
29868
29754
29869
29755
29870
29756
29871
29757
29872
29758
29873
29759
29874
29760
29875
29761
29876
29762
29877
29763
29878
29764
29879
29765
29880
29766
29881
29767
29882
29768
29883
29769
29884
29770
29885
29771
29886
29772
29887
29773
29888
29774
29889
29775
29890
29776
29891
29777
29892
29778
29893
29779
29894
29780
29895
29781
29896
29782
29897
29783
29898
29784
29899
29785
29900
29786
29901
29787
29902
29788
29903
29789
29904
29790
29905
29791
29906
29792
29907
29793
29908
29794
29909
29795
29910
29796
29911
29797
29912
29798
29913
29799
29914
29800
29915
29801
29916
29802
29917
29803
29918
29804
29919
29805
29920
29806
29921
29807
29922
29808
29923
29809
29924
29810
29925
29811
29926
29927
29813
29928
29814
29929
29815
29930
29816
29931
29817
29932
29818
29933
29819
29934
29820
29935
29821
29936
29822
29937
29823
29938
29824
29939
29825
29940
29826
29941
29827
29942
29828
29943
29829
29944
29830
29945
29831
29946
29832
29947
29833
29948
29834
29949
29835
29950
29836
29951
29837
29952
29838
29953
29839
29954
29840
29955
29841
29956
29842
29957
29843
29958
29844
29959
29845
29960
29846
29961
29847
29962
29848
29963
29849
29964
29850
29965
29851
29966
29852
29967
29853
29968
29854
29969
29855
29970
29856
29971
29857
29972
29858
29973
29859
29974
29860
29975
29861
29976
29862
29977
29863
29978
29864
29979
29865
29980
29866
29981
29867
29982
29868
29983
29869
29984
29870
29985
29871
29986
29872
29987
29873
29988
29874
29989
29875
29990
29876
29991
29877
29992
29878
29993
29879
29994
29880
29995
29881
29996
29882
29997
29883
29998
29884
29999
29885
30000
29886
30001
29887
30002
29888
30003
29889
30004
29890
30005
29891
30006
29892
30007
29893
30008
29894
30009
29895
30010
29896
30011
29897
30012
29898
30013
29899
30014
29900
30015
29901
30016
29902
30017
29903
30018
29904
30019
29905
30020
29906
30021
29907
30022
29908
30023
29909
30024
29910
30025
29911
30026
29912
30027
29913
30028
29914
30029
29915
30030
29916
30031
29917
30032
29918
30033
29919
30034
29920
30035
29921
30036
29922
30037
29923
30038
29924
30039
29925
30040
29926
30041
29927
30042
30043
29929
30044
29930
30045
29931
30046
29932
30047
29933
30048
29934
30049
29935
30050
29936
30051
29937
30052
29938
30053
29939
30054
29940
30055
29941
30056
29942
30057
29943
30058
29944
30059
29945
30060
29946
30061
29947
30062
29948
30063
29949
30064
29950
30065
29951
30066
29952
30067
29953
30068
29954
30069
29955
30070
29956
30071
29957
30072
29958
30073
29959
30074
29960
30075
29961
30076
29962
30077
29963
30078
29964
30079
29965
30080
29966
30081
29967
30082
29968
30083
29969
30084
29970
30085
29971
30086
29972
30087
29973
30088
29974
30089
29975
30090
29976
30091
29977
30092
29978
30093
29979
30094
29980
30095
29981
30096
29982
30097
29983
30098
29984
30099
29985
30100
29986
30101
29987
30102
29988
30103
29989
30104
29990
30105
29991
30106
29992
30107
29993
30108
29994
30109
29995
30110
29996
30111
29997
30112
29998
30113
29999
30114
30000
30115
30001
30116
30002
30117
30003
30118
30004
30119
30005
30120
30006
30121
30007
30122
30008
30123
30009
30124
30010
30125
30011
30126
30012
30127
30013
30128
30014
30129
30015
30130
30016
30131
30017
30132
30018
30133
30019
30134
30020
30135
30021
30136
30022
30137
30023
30138
30024
30139
30025
30140
30026
30141
30027
30142
30028
30143
30029
30144
30030
30145
30031
30146
30032
30147
30033
30148
30034
30149
30035
30150
30036
30151
30037
30152
30038
30153
30039
30154
30040
30155
30041
30156
30042
30157
30043
30158
30159
30045
30160
30046
30161
30047
30162
30048
30163
30049
30164
30050
30165
30051
30166
30052
30167
30053
30168
30054
30169
30055
30170
30056
30171
30057
30172
30058
30173
30059
30174
30060
30175
30061
30176
30062
30177
30063
30178
30064
30179
30065
30180
30066
30181
30067
30182
30068
30183
30069
30184
30070
30185
30071
30186
30072
30187
30073
30188
30074
30189
30075
30190
30076
30191
30077
30192
30078
30193
30079
30194
30080
30195
30081
30196
30082
30197
30083
30198
30084
30199
30085
30200
30086
30201
30087
30202
30088
30203
30089
30204
30090
30205
30091
30206
30092
30207
30093
30208
30094
30209
30095
30210
30096
30211
30097
30212
30098
30213
30099
30214
30100
30215
30101
30216
30102
30217
30103
30218
30104
30219
30105
30220
30106
30221
30107
30222
30108
30223
30109
30224
30110
30225
30111
30226
30112
30227
30113
30228
30114
30229
30115
30230
30116
30231
30117
30232
30118
30233
30119
30234
30120
30235
30121
30236
30122
30237
30123
30238
30124
30239
30125
30240
30126
30241
30127
30242
30128
30243
30129
30244
30130
30245
30131
30246
30132
30247
30133
30248
30134
30249
30135
30250
30136
30251
30137
30252
30138
30253
30139
30254
30140
30255
30141
30256
30142
30257
30143
30258
30144
30259
30145
30260
30146
30261
30147
30262
30148
30263
30149
30264
30150
30265
30151
30266
30152
30267
30153
30268
30154
30269
30155
30270
30156
30271
30157
30272
30158
30273
30159
30274
30275
30161
30276
30162
30277
30163
30278
30164
30279
30165
30280
30166
30281
30167
30282
30168
30283
30169
30284
30170
30285
30171
30286
30172
30287
30173
30288
30174
30289
30175
30290
30176
30291
30177
30292
30178
30293
30179
30294
30180
30295
30181
30296
30182
30297
30183
30298
30184
30299
30185
30300
30186
30301
30187
30302
30188
30303
30189
30304
30190
30305
30191
30306
30192
30307
30193
30308
30194
30309
30195
30310
30196
30311
30197
30312
30198
30313
30199
30314
30200
30315
30201
30316
30202
30317
30203
30318
30204
30319
30205
30320
30206
30321
30207
30322
30208
30323
30209
30324
30210
30325
30211
30326
30212
30327
30213
30328
30214
30329
30215
30330
30216
30331
30217
30332
30218
30333
30219
30334
30220
30335
30221
30336
30222
30337
30223
30338
30224
30339
30225
30340
30226
30341
30227
30342
30228
30343
30229
30344
30230
30345
30231
30346
30232
30347
30233
30348
30234
30349
30235
30350
30236
30351
30237
30352
30238
30353
30239
30354
30240
30355
30241
30356
30242
30357
30243
30358
30244
30359
30245
30360
30246
30361
30247
30362
30248
30363
30249
30364
30250
30365
30251
30366
30252
30367
30253
30368
30254
30369
30255
30370
30256
30371
30257
30372
30258
30373
30259
30374
30260
30375
30261
30376
30262
30377
30263
30378
30264
30379
30265
30380
30266
30381
30267
30382
30268
30383
30269
30384
30270
30385
30271
30386
30272
30387
30273
30388
30274
30389
30275
30390
30391
30277
30392
30278
30393
30279
30394
30280
30395
30281
30396
30282
30397
30283
30398
30284
30399
30285
30400
30286
30401
30287
30402
30288
30403
30289
30404
30290
30405
30291
30406
30292
30407
30293
30408
30294
30409
30295
30410
30296
30411
30297
30412
30298
30413
30299
30414
30300
30415
30301
30416
30302
30417
30303
30418
30304
30419
30305
30420
30306
30421
30307
30422
30308
30423
30309
30424
30310
30425
30311
30426
30312
30427
30313
30428
30314
30429
30315
30430
30316
30431
30317
30432
30318
30433
30319
30434
30320
30435
30321
30436
30322
30437
30323
30438
30324
30439
30325
30440
30326
30441
30327
30442
30328
30443
30329
30444
30330
30445
30331
30446
30332
30447
30333
30448
30334
30449
30335
30450
30336
30451
30337
30452
30338
30453
30339
30454
30340
30455
30341
30456
30342
30457
30343
30458
30344
30459
30345
30460
30346
30461
30347
30462
30348
30463
30349
30464
30350
30465
30351
30466
30352
30467
30353
30468
30354
30469
30355
30470
30356
30471
30357
30472
30358
30473
30359
30474
30360
30475
30361
30476
30362
30477
30363
30478
30364
30479
30365
30480
30366
30481
30367
30482
30368
30483
30369
30484
30370
30485
30371
30486
30372
30487
30373
30488
30374
30489
30375
30490
30376
30491
30377
30492
30378
30493
30379
30494
30380
30495
30381
30496
30382
30497
30383
30498
30384
30499
30385
30500
30386
30501
30387
30502
30388
30503
30389
30504
30390
30505
30391
30506
30507
30393
30508
30394
30509
30395
30510
30396
30511
30397
30512
30398
30513
30399
30514
30400
30515
30401
30516
30402
30517
30403
30518
30404
30519
30405
30520
30406
30521
30407
30522
30408
30523
30409
30524
30410
30525
30411
30526
30412
30527
30413
30528
30414
30529
30415
30530
30416
30531
30417
30532
30418
30533
30419
30534
30420
30535
30421
30536
30422
30537
30423
30538
30424
30539
30425
30540
30426
30541
30427
30542
30428
30543
30429
30544
30430
30545
30431
30546
30432
30547
30433
30548
30434
30549
30435
30550
30436
30551
30437
30552
30438
30553
30439
30554
30440
30555
30441
30556
30442
30557
30443
30558
30444
30559
30445
30560
30446
30561
30447
30562
30448
30563
30449
30564
30450
30565
30451
30566
30452
30567
30453
30568
30454
30569
30455
30570
30456
30571
30457
30572
30458
30573
30459
30574
30460
30575
30461
30576
30462
30577
30463
30578
30464
30579
30465
30580
30466
30581
30467
30582
30468
30583
30469
30584
30470
30585
30471
30586
30472
30587
30473
30588
30474
30589
30475
30590
30476
30591
30477
30592
30478
30593
30479
30594
30480
30595
30481
30596
30482
30597
30483
30598
30484
30599
30485
30600
30486
30601
30487
30602
30488
30603
30489
30604
30490
30605
30491
30606
30492
30607
30493
30608
30494
30609
30495
30610
30496
30611
30497
30612
30498
30613
30499
30614
30500
30615
30501
30616
30502
30617
30503
30618
30504
30619
30505
30620
30506
30621
30507
30622
30623
30509
30624
30510
30625
30511
30626
30512
30627
30513
30628
30514
30629
30515
30630
30516
30631
30517
30632
30518
30633
30519
30634
30520
30635
30521
30636
30522
30637
30523
30638
30524
30639
30525
30640
30526
30641
30527
30642
30528
30643
30529
30644
30530
30645
30531
30646
30532
30647
30533
30648
30534
30649
30535
30650
30536
30651
30537
30652
30538
30653
30539
30654
30540
30655
30541
30656
30542
30657
30543
30658
30544
30659
30545
30660
30546
30661
30547
30662
30548
30663
30549
30664
30550
30665
30551
30666
30552
30667
30553
30668
30554
30669
30555
30670
30556
30671
30557
30672
30558
30673
30559
30674
30560
30675
30561
30676
30562
30677
30563
30678
30564
30679
30565
30680
30566
30681
30567
30682
30568
30683
30569
30684
30570
30685
30571
30686
30572
30687
30573
30688
30574
30689
30575
30690
30576
30691
30577
30692
30578
30693
30579
30694
30580
30695
30581
30696
30582
30697
30583
30698
30584
30699
30585
30700
30586
30701
30587
30702
30588
30703
30589
30704
30590
30705
30591
30706
30592
30707
30593
30708
30594
30709
30595
30710
30596
30711
30597
30712
30598
30713
30599
30714
30600
30715
30601
30716
30602
30717
30603
30718
30604
30719
30605
30720
30606
30721
30607
30722
30608
30723
30609
30724
30610
30725
30611
30726
30612
30727
30613
30728
30614
30729
30615
30730
30616
30731
30617
30732
30618
30733
30619
30734
30620
30735
30621
30736
30622
30737
30623
30738
30739
30625
30740
30626
30741
30627
30742
30628
30743
30629
30744
30630
30745
30631
30746
30632
30747
30633
30748
30634
30749
30635
30750
30636
30751
30637
30752
30638
30753
30639
30754
30640
30755
30641
30756
30642
30757
30643
30758
30644
30759
30645
30760
30646
30761
30647
30762
30648
30763
30649
30764
30650
30765
30651
30766
30652
30767
30653
30768
30654
30769
30655
30770
30656
30771
30657
30772
30658
30773
30659
30774
30660
30775
30661
30776
30662
30777
30663
30778
30664
30779
30665
30780
30666
30781
30667
30782
30668
30783
30669
30784
30670
30785
30671
30786
30672
30787
30673
30788
30674
30789
30675
30790
30676
30791
30677
30792
30678
30793
30679
30794
30680
30795
30681
30796
30682
30797
30683
30798
30684
30799
30685
30800
30686
30801
30687
30802
30688
30803
30689
30804
30690
30805
30691
30806
30692
30807
30693
30808
30694
30809
30695
30810
30696
30811
30697
30812
30698
30813
30699
30814
30700
30815
30701
30816
30702
30817
30703
30818
30704
30819
30705
30820
30706
30821
30707
30822
30708
30823
30709
30824
30710
30825
30711
30826
30712
30827
30713
30828
30714
30829
30715
30830
30716
30831
30717
30832
30718
30833
30719
30834
30720
30835
30721
30836
30722
30837
30723
30838
30724
30839
30725
30840
30726
30841
30727
30842
30728
30843
30729
30844
30730
30845
30731
30846
30732
30847
30733
30848
30734
30849
30735
30850
30736
30851
30737
30852
30738
30853
30739
30854
30855
30741
30856
30742
30857
30743
30858
30744
30859
30745
30860
30746
30861
30747
30862
30748
30863
30749
30864
30750
30865
30751
30866
30752
30867
30753
30868
30754
30869
30755
30870
30756
30871
30757
30872
30758
30873
30759
30874
30760
30875
30761
30876
30762
30877
30763
30878
30764
30879
30765
30880
30766
30881
30767
30882
30768
30883
30769
30884
30770
30885
30771
30886
30772
30887
30773
30888
30774
30889
30775
30890
30776
30891
30777
30892
30778
30893
30779
30894
30780
30895
30781
30896
30782
30897
30783
30898
30784
30899
30785
30900
30786
30901
30787
30902
30788
30903
30789
30904
30790
30905
30791
30906
30792
30907
30793
30908
30794
30909
30795
30910
30796
30911
30797
30912
30798
30913
30799
30914
30800
30915
30801
30916
30802
30917
30803
30918
30804
30919
30805
30920
30806
30921
30807
30922
30808
30923
30809
30924
30810
30925
30811
30926
30812
30927
30813
30928
30814
30929
30815
30930
30816
30931
30817
30932
30818
30933
30819
30934
30820
30935
30821
30936
30822
30937
30823
30938
30824
30939
30825
30940
30826
30941
30827
30942
30828
30943
30829
30944
30830
30945
30831
30946
30832
30947
30833
30948
30834
30949
30835
30950
30836
30951
30837
30952
30838
30953
30839
30954
30840
30955
30841
30956
30842
30957
30843
30958
30844
30959
30845
30960
30846
30961
30847
30962
30848
30963
30849
30964
30850
30965
30851
30966
30852
30967
30853
30968
30854
30969
30855
30970
30971
30857
30972
30858
30973
30859
30974
30860
30975
30861
30976
30862
30977
30863
30978
30864
30979
30865
30980
30866
30981
30867
30982
30868
30983
30869
30984
30870
30985
30871
30986
30872
30987
30873
30988
30874
30989
30875
30990
30876
30991
30877
30992
30878
30993
30879
30994
30880
30995
30881
30996
30882
30997
30883
30998
30884
30999
30885
31000
30886
31001
30887
31002
30888
31003
30889
31004
30890
31005
30891
31006
30892
31007
30893
31008
30894
31009
30895
31010
30896
31011
30897
31012
30898
31013
30899
31014
30900
31015
30901
31016
30902
31017
30903
31018
30904
31019
30905
31020
30906
31021
30907
31022
30908
31023
30909
31024
30910
31025
30911
31026
30912
31027
30913
31028
30914
31029
30915
31030
30916
31031
30917
31032
30918
31033
30919
31034
30920
31035
30921
31036
30922
31037
30923
31038
30924
31039
30925
31040
30926
31041
30927
31042
30928
31043
30929
31044
30930
31045
30931
31046
30932
31047
30933
31048
30934
31049
30935
31050
30936
31051
30937
31052
30938
31053
30939
31054
30940
31055
30941
31056
30942
31057
30943
31058
30944
31059
30945
31060
30946
31061
30947
31062
30948
31063
30949
31064
30950
31065
30951
31066
30952
31067
30953
31068
30954
31069
30955
31070
30956
31071
30957
31072
30958
31073
30959
31074
30960
31075
30961
31076
30962
31077
30963
31078
30964
31079
30965
31080
30966
31081
30967
31082
30968
31083
30969
31084
30970
31085
30971
31086
31087
30973
31088
30974
31089
30975
31090
30976
31091
30977
31092
30978
31093
30979
31094
30980
31095
30981
31096
30982
31097
30983
31098
30984
31099
30985
31100
30986
31101
30987
31102
30988
31103
30989
31104
30990
31105
30991
31106
30992
31107
30993
31108
30994
31109
30995
31110
30996
31111
30997
31112
30998
31113
30999
31114
31000
31115
31001
31116
31002
31117
31003
31118
31004
31119
31005
31120
31006
31121
31007
31122
31008
31123
31009
31124
31010
31125
31011
31126
31012
31127
31013
31128
31014
31129
31015
31130
31016
31131
31017
31132
31018
31133
31019
31134
31020
31135
31021
31136
31022
31137
31023
31138
31024
31139
31025
31140
31026
31141
31027
31142
31028
31143
31029
31144
31030
31145
31031
31146
31032
31147
31033
31148
31034
31149
31035
31150
31036
31151
31037
31152
31038
31153
31039
31154
31040
31155
31041
31156
31042
31157
31043
31158
31044
31159
31045
31160
31046
31161
31047
31162
31048
31163
31049
31164
31050
31165
31051
31166
31052
31167
31053
31168
31054
31169
31055
31170
31056
31171
31057
31172
31058
31173
31059
31174
31060
31175
31061
31176
31062
31177
31063
31178
31064
31179
31065
31180
31066
31181
31067
31182
31068
31183
31069
31184
31070
31185
31071
31186
31072
31187
31073
31188
31074
31189
31075
31190
31076
31191
31077
31192
31078
31193
31079
31194
31080
31195
31081
31196
31082
31197
31083
31198
31084
31199
31085
31200
31086
31201
31087
31202
31203
31089
31204
31090
31205
31091
31206
31092
31207
31093
31208
31094
31209
31095
31210
31096
31211
31097
31212
31098
31213
31099
31214
31100
31215
31101
31216
31102
31217
31103
31218
31104
31219
31105
31220
31106
31221
31107
31222
31108
31223
31109
31224
31110
31225
31111
31226
31112
31227
31113
31228
31114
31229
31115
31230
31116
31231
31117
31232
31118
31233
31119
31234
31120
31235
31121
31236
31122
31237
31123
31238
31124
31239
31125
31240
31126
31241
31127
31242
31128
31243
31129
31244
31130
31245
31131
31246
31132
31247
31133
31248
31134
31249
31135
31250
31136
31251
31137
31252
31138
31253
31139
31254
31140
31255
31141
31256
31142
31257
31143
31258
31144
31259
31145
31260
31146
31261
31147
31262
31148
31263
31149
31264
31150
31265
31151
31266
31152
31267
31153
31268
31154
31269
31155
31270
31156
31271
31157
31272
31158
31273
31159
31274
31160
31275
31161
31276
31162
31277
31163
31278
31164
31279
31165
31280
31166
31281
31167
31282
31168
31283
31169
31284
31170
31285
31171
31286
31172
31287
31173
31288
31174
31289
31175
31290
31176
31291
31177
31292
31178
31293
31179
31294
31180
31295
31181
31296
31182
31297
31183
31298
31184
31299
31185
31300
31186
31301
31187
31302
31188
31303
31189
31304
31190
31305
31191
31306
31192
31307
31193
31308
31194
31309
31195
31310
31196
31311
31197
31312
31198
31313
31199
31314
31200
31315
31201
31316
31202
31317
31203
31318
31319
31205
31206
31207
31208
31209
31210
31211
31212
31213
31214
31215
31216
31217
31218
31219
31220
31221
31222
31223
31224
31225
31226
31227
31228
31229
31230
31231
31232
31233
31234
31235
31236
31237
31238
31239
31240
31241
31242
31243
31244
31245
31246
31247
31248
31249
31250
31251
31252
31253
31254
31255
31256
31257
31258
31259
31260
31261
31262
31263
31264
31265
31266
31267
31268
31269
31270
31271
31272
31273
31274
31275
31276
31277
31278
31279
31280
31281
31282
31283
31284
31285
31286
31287
31288
31289
31290
31291
31292
31293
31294
31295
31296
31297
31298
31299
31300
31301
31302
31303
31304
31305
31306
31307
31308
31309
31310
31311
31312
31313
31314
31315
31316
31317
31318
31319
)


// ************************************************************************* //
