solid Created by Gmsh
facet normal -0.564878 -0.611278 0.554304
  outer loop
    vertex -0.01744936688560956 -0.02720668231643414 0.02356514444309693
    vertex -0.02624583028159296 -0.01973532785029106 0.02284016697555743
    vertex -0.02310040661944159 -0.0277626960647789 0.01719313587543497
  endloop
endfacet
facet normal 0.685504 -0.519358 -0.510247
  outer loop
    vertex 0.02996950098715633 -0.0220766873875764 -0.01464407335996584
    vertex 0.0240151940904968 -0.02595997673385234 -0.01869090850583815
    vertex 0.02570755114445536 -0.01711428025810719 -0.02542092101797602
  endloop
endfacet
facet normal -0.752045 -0.379842 0.538654
  outer loop
    vertex -0.03162210595285432 -0.009406209559884119 0.02261781680052255
    vertex -0.03293616940674026 -0.0158809941304853 0.01621736015009836
    vertex -0.02624583028159296 -0.01973532785029106 0.02284016697555743
  endloop
endfacet
facet normal 0.488962 -0.328779 0.807973
  outer loop
    vertex 0.02365423290224125 -0.008876720928947228 0.03101098339872694
    vertex 0.0161593484942823 -0.009199597592412715 0.03541529133549533
    vertex 0.01736301323157769 -0.01861015125007524 0.03085754432824136
  endloop
endfacet
facet normal -0.731846 0.632873 -0.25273
  outer loop
    vertex -0.02856948371453264 0.02355218792967894 -0.01513535741269892
    vertex -0.03165698425661659 0.02381637190007735 -0.005533152563732149
    vertex -0.02621935578002709 0.02915260028923362 -0.007916519365007337
  endloop
endfacet
facet normal 0.70393 -0.497126 -0.507296
  outer loop
    vertex 0.02996950098715633 -0.0220766873875764 -0.01464407335996584
    vertex 0.02570755114445536 -0.01711428025810719 -0.02542092101797602
    vertex 0.03196646178494513 -0.01508837612312345 -0.01872127738480472
  endloop
endfacet
facet normal -0.348903 0.492505 0.797312
  outer loop
    vertex -0.01725539178258401 0.02201477879456834 0.02859372254631699
    vertex -0.01718440841517077 0.0156660185078485 0.0325464586634607
    vertex -0.009462783985328752 0.02233210901357258 0.03180774475270003
  endloop
endfacet
facet normal -0.779701 0.566703 -0.266297
  outer loop
    vertex -0.03390015315872977 0.0181658825480624 -0.01099001033050772
    vertex -0.03165698425661659 0.02381637190007735 -0.005533152563732149
    vertex -0.02856948371453264 0.02355218792967894 -0.01513535741269892
  endloop
endfacet
facet normal 0.27752 0.768365 -0.576713
  outer loop
    vertex 0.01471428708944276 0.03257530569048009 -0.01795380780283764
    vertex 0.01581510364468408 0.02674827909103025 -0.02518753783870616
    vertex 0.004850971430179777 0.03257985445915081 -0.02269407763281271
  endloop
endfacet
facet normal 0.310574 -0.302582 -0.901104
  outer loop
    vertex 0.01526357816944689 -0.00805010081379807 -0.03608627243638323
    vertex 0.01641960824543558 -0.01388291026271462 -0.03372923461485359
    vertex 0.008055875881062187 -0.01051038947507496 -0.03774433171843362
  endloop
endfacet
facet normal 0.794217 0.561926 -0.231211
  outer loop
    vertex 0.03460843982809331 0.01733320898774825 -0.01009037951973502
    vertex 0.0278225169808301 0.02660822231988579 -0.01085863959374989
    vertex 0.03216259905444149 0.02353431060075577 -0.003421030051080156
  endloop
endfacet
facet normal 0.63052 0.757059 -0.171187
  outer loop
    vertex 0.02609488260156605 0.03030313686945791 -0.0008814748330985416
    vertex 0.0278225169808301 0.02660822231988579 -0.01085863959374989
    vertex 0.02078952211385126 0.03261291634275696 -0.01020751967414344
  endloop
endfacet
facet normal 0.677312 0.364002 0.639337
  outer loop
    vertex 0.02602303723043388 0.01975493008839019 0.0230769207327639
    vertex 0.02255317178494616 0.01554607385718239 0.02914916859990587
    vertex 0.03062803249727451 0.01034084109674201 0.02355823912684961
  endloop
endfacet
facet normal -0.715241 -0.645912 -0.266885
  outer loop
    vertex -0.02795326012193826 -0.02808855916545717 -0.005445006204208469
    vertex -0.03229129807315388 -0.021590263706903 -0.009546338660298829
    vertex -0.02699082502019632 -0.02476456981287137 -0.0160689591048258
  endloop
endfacet
facet normal 0.777197 0.542167 -0.319406
  outer loop
    vertex 0.02880248746352957 0.02072015302154438 -0.01846867549871965
    vertex 0.0278225169808301 0.02660822231988579 -0.01085863959374989
    vertex 0.03460843982809331 0.01733320898774825 -0.01009037951973502
  endloop
endfacet
facet normal 0.244121 0.731295 -0.636877
  outer loop
    vertex 0.01581510364468408 0.02674827909103025 -0.02518753783870616
    vertex 0.006778103050701767 0.02557202347512041 -0.03000214883007479
    vertex 0.004850971430179777 0.03257985445915081 -0.02269407763281271
  endloop
endfacet
facet normal 0.699146 -0.710536 -0.0795852
  outer loop
    vertex 0.0315407517438778 -0.02413300966323027 -0.004772716629499759
    vertex 0.02584890740794206 -0.03047179034145354 0.001817685121834013
    vertex 0.02609789434556377 -0.02905513681245746 -0.00864285459423964
  endloop
endfacet
facet normal 0.559707 0.820651 -0.115153
  outer loop
    vertex 0.0177559312275882 0.03574787213783765 -0.002610851174994256
    vertex 0.02609488260156605 0.03030313686945791 -0.0008814748330985416
    vertex 0.02078952211385126 0.03261291634275696 -0.01020751967414344
  endloop
endfacet
facet normal 0.405131 -0.356025 0.84209
  outer loop
    vertex 0.01736301323157769 -0.01861015125007524 0.03085754432824136
    vertex 0.0161593484942823 -0.009199597592412715 0.03541529133549533
    vertex 0.01120158582570203 -0.01512695587176923 0.03529447096986974
  endloop
endfacet
facet normal -0.482958 -0.765094 -0.42589
  outer loop
    vertex -0.01408998473094382 -0.0328950206129326 -0.0178714842460415
    vertex -0.02195363279173842 -0.03123182483422281 -0.01194198998366399
    vertex -0.02031683641344948 -0.02698914611194004 -0.02141990080036519
  endloop
endfacet
facet normal 0.252419 0.3016 0.919414
  outer loop
    vertex 0.01460182730132253 0.015071453208439 0.03405345705869209
    vertex 0.006487106951588419 0.01681646633825015 0.03570887709370252
    vertex 0.006234898018587343 0.007818314824680293 0.03872983346207417
  endloop
endfacet
facet normal -0.711784 -0.210828 0.670011
  outer loop
    vertex -0.02960645494208451 -0.003230185995102617 0.02670250408106631
    vertex -0.03162210595285432 -0.009406209559884119 0.02261781680052255
    vertex -0.02543097734955468 -0.01257729556600559 0.02819711026491497
  endloop
endfacet
facet normal -0.868325 0.316944 0.381521
  outer loop
    vertex -0.03640759372536251 0.01297321353248438 0.01030450628460717
    vertex -0.03596931941911742 0.00761003655314826 0.01575739204897974
    vertex -0.03190803753840967 0.01630045304941055 0.01778123648207294
  endloop
endfacet
facet normal -0.664114 -0.69427 -0.277384
  outer loop
    vertex -0.02699082502019632 -0.02476456981287137 -0.0160689591048258
    vertex -0.02195363279173842 -0.03123182483422281 -0.01194198998366399
    vertex -0.02795326012193826 -0.02808855916545717 -0.005445006204208469
  endloop
endfacet
facet normal 0.261174 0.291936 0.920088
  outer loop
    vertex 0.006234898018587343 0.007818314824680293 0.03872983346207417
    vertex 0.01274410678097821 0.006137238365092019 0.03741553217054473
    vertex 0.01460182730132253 0.015071453208439 0.03405345705869209
  endloop
endfacet
facet normal 0.509324 -0.439063 -0.740144
  outer loop
    vertex 0.01486777118811353 -0.02148695017801198 -0.03028630634371798
    vertex 0.01641960824543558 -0.01388291026271462 -0.03372923461485359
    vertex 0.02570755114445536 -0.01711428025810719 -0.02542092101797602
  endloop
endfacet
facet normal -0.29693 0.437979 0.848532
  outer loop
    vertex -0.009462783985328752 0.02233210901357258 0.03180774475270003
    vertex -0.01718440841517077 0.0156660185078485 0.0325464586634607
    vertex -0.01010522352314924 0.01267154950124537 0.03656933538888394
  endloop
endfacet
facet normal 0.511886 -0.465861 -0.721766
  outer loop
    vertex 0.01486777118811353 -0.02148695017801198 -0.03028630634371798
    vertex 0.02570755114445536 -0.01711428025810719 -0.02542092101797602
    vertex 0.02078241104683818 -0.02357846236421031 -0.02474161481431186
  endloop
endfacet
facet normal 0.113075 0.517179 -0.848375
  outer loop
    vertex 0.006778103050701767 0.02557202347512041 -0.03000214883007479
    vertex 0.009501841046183205 0.01644278504781662 -0.03520440081302856
    vertex -0.00212428962453936 0.02116137096238991 -0.03387748179223473
  endloop
endfacet
facet normal 0.0376979 0.353125 0.934816
  outer loop
    vertex -0.00222520933956313 0.009749279121818239 0.03872983346207417
    vertex 0.006487106951588419 0.01681646633825015 0.03570887709370252
    vertex -0.003133758845278902 0.0174389846465081 0.03586169781254774
  endloop
endfacet
facet normal 0.782673 -0.542259 0.305577
  outer loop
    vertex 0.03468212574013094 -0.0173359890074208 0.009829223737423644
    vertex 0.02868592953219365 -0.02159625502741442 0.01762722938141152
    vertex 0.028263700686803 -0.0264288798544947 0.01013299230846922
  endloop
endfacet
facet normal -0.719519 -0.361746 0.592818
  outer loop
    vertex -0.03162210595285432 -0.009406209559884119 0.02261781680052255
    vertex -0.02624583028159296 -0.01973532785029106 0.02284016697555743
    vertex -0.02543097734955468 -0.01257729556600559 0.02819711026491497
  endloop
endfacet
facet normal -0.662303 -0.179547 0.727405
  outer loop
    vertex -0.02543097734955468 -0.01257729556600559 0.02819711026491497
    vertex -0.02234760876298161 -0.006000593077950332 0.03262786026219866
    vertex -0.02960645494208451 -0.003230185995102617 0.02670250408106631
  endloop
endfacet
facet normal -0.247363 0.936004 -0.250417
  outer loop
    vertex -0.009222809641329998 0.03570256498874831 -0.01550053662116231
    vertex -0.01506643208884192 0.03624512123389453 -0.007700247453985061
    vertex -0.004338837391175535 0.03872983346207417 -0.009009688679024212
  endloop
endfacet
facet normal 0.741034 0.390415 0.546301
  outer loop
    vertex 0.03062803249727451 0.01034084109674201 0.02355823912684961
    vertex 0.03199883490822456 0.01701190395317997 0.0169313227009578
    vertex 0.02602303723043388 0.01975493008839019 0.0230769207327639
  endloop
endfacet
facet normal -0.545984 -0.584585 0.600135
  outer loop
    vertex -0.01928056284222223 -0.02052608085796138 0.02840668761224284
    vertex -0.02624583028159296 -0.01973532785029106 0.02284016697555743
    vertex -0.01744936688560956 -0.02720668231643414 0.02356514444309693
  endloop
endfacet
facet normal -0.848046 0.293575 0.441172
  outer loop
    vertex -0.03190803753840967 0.01630045304941055 0.01778123648207294
    vertex -0.03596931941911742 0.00761003655314826 0.01575739204897974
    vertex -0.03220711877253091 0.009481198349975285 0.02174415733525936
  endloop
endfacet
facet normal 0.799917 -0.557195 0.222858
  outer loop
    vertex 0.028263700686803 -0.0264288798544947 0.01013299230846922
    vertex 0.03210830380682429 -0.02361633752954752 0.003365327374737627
    vertex 0.03468212574013094 -0.0173359890074208 0.009829223737423644
  endloop
endfacet
facet normal -0.102004 0.593134 0.798616
  outer loop
    vertex -0.009462783985328752 0.02233210901357258 0.03180774475270003
    vertex 0.001422852066773282 0.02319857846124057 0.03255459183239354
    vertex -0.003481168786005726 0.02796145357393887 0.02839081854959101
  endloop
endfacet
facet normal -0.851083 0.523944 -0.0337741
  outer loop
    vertex -0.03255889873741027 0.02294454295161588 0.003669613296863645
    vertex -0.03165698425661659 0.02381637190007735 -0.005533152563732149
    vertex -0.03640505384411533 0.01625061356039353 -0.00325416863696664
  endloop
endfacet
facet normal -0.849323 0.414735 0.326567
  outer loop
    vertex -0.03640759372536251 0.01297321353248438 0.01030450628460717
    vertex -0.03190803753840967 0.01630045304941055 0.01778123648207294
    vertex -0.03242997387711527 0.02086618550010607 0.01062539867509848
  endloop
endfacet
facet normal 0.140386 -0.87577 -0.461865
  outer loop
    vertex 6.28032277495595e-05 -0.03575919224575728 -0.01792417991668118
    vertex 0.01084402304555607 -0.03321011970112667 -0.01948063432294461
    vertex 0.006821453536953012 -0.03707606154126448 -0.01337286178166665
  endloop
endfacet
facet normal -0.869116 0.494587 0.00462552
  outer loop
    vertex -0.03640505384411533 0.01625061356039353 -0.00325416863696664
    vertex -0.0361644498064283 0.01660510525475072 0.004050067860786828
    vertex -0.03255889873741027 0.02294454295161588 0.003669613296863645
  endloop
endfacet
facet normal 0.739445 -0.673159 -0.00883147
  outer loop
    vertex 0.0315407517438778 -0.02413300966323027 -0.004772716629499759
    vertex 0.03210830380682429 -0.02361633752954752 0.003365327374737627
    vertex 0.02584890740794206 -0.03047179034145354 0.001817685121834013
  endloop
endfacet
facet normal 0.284527 -0.35471 -0.890632
  outer loop
    vertex 0.008055875881062187 -0.01051038947507496 -0.03774433171843362
    vertex 0.01641960824543558 -0.01388291026271462 -0.03372923461485359
    vertex 0.007592815465183652 -0.01796113984074741 -0.03492487092220649
  endloop
endfacet
facet normal 0.651435 -0.753749 -0.0865731
  outer loop
    vertex 0.02584890740794206 -0.03047179034145354 0.001817685121834013
    vertex 0.02182119434223526 -0.03331076777280126 -0.003772032325538179
    vertex 0.02609789434556377 -0.02905513681245746 -0.00864285459423964
  endloop
endfacet
facet normal -0.126962 -0.841654 0.52488
  outer loop
    vertex 4.446049920249101e-05 -0.03361192185339637 0.02168494253128623
    vertex -0.009438143169571854 -0.03151530216024443 0.02275317962965082
    vertex -0.007058581604784346 -0.0356728212735269 0.01666212015667894
  endloop
endfacet
facet normal -0.745373 -0.452285 0.489753
  outer loop
    vertex -0.02624583028159296 -0.01973532785029106 0.02284016697555743
    vertex -0.03293616940674026 -0.0158809941304853 0.01621736015009836
    vertex -0.02883486910643713 -0.02215320559635772 0.01666690749419767
  endloop
endfacet
facet normal 0.130159 -0.855999 -0.500325
  outer loop
    vertex 0.003399798722311073 -0.03132802128617855 -0.02463729796346417
    vertex 0.01084402304555607 -0.03321011970112667 -0.01948063432294461
    vertex 6.28032277495595e-05 -0.03575919224575728 -0.01792417991668118
  endloop
endfacet
facet normal 0.0720406 0.31563 0.946144
  outer loop
    vertex 0.006234898018587343 0.007818314824680293 0.03872983346207417
    vertex 0.006487106951588419 0.01681646633825015 0.03570887709370252
    vertex -0.00222520933956313 0.009749279121818239 0.03872983346207417
  endloop
endfacet
facet normal -0.434535 -0.832931 -0.342644
  outer loop
    vertex -0.01455819914889172 -0.03589096311497977 -0.009994878899735087
    vertex -0.02195363279173842 -0.03123182483422281 -0.01194198998366399
    vertex -0.01408998473094382 -0.0328950206129326 -0.0178714842460415
  endloop
endfacet
facet normal -0.629422 -0.596754 0.497707
  outer loop
    vertex -0.02310040661944159 -0.0277626960647789 0.01719313587543497
    vertex -0.02624583028159296 -0.01973532785029106 0.02284016697555743
    vertex -0.02883486910643713 -0.02215320559635772 0.01666690749419767
  endloop
endfacet
facet normal -0.569647 -0.708985 -0.415745
  outer loop
    vertex -0.02031683641344948 -0.02698914611194004 -0.02141990080036519
    vertex -0.02195363279173842 -0.03123182483422281 -0.01194198998366399
    vertex -0.02699082502019632 -0.02476456981287137 -0.0160689591048258
  endloop
endfacet
facet normal -0.100801 0.554183 0.826269
  outer loop
    vertex -0.003133758845278902 0.0174389846465081 0.03586169781254774
    vertex 0.001422852066773282 0.02319857846124057 0.03255459183239354
    vertex -0.009462783985328752 0.02233210901357258 0.03180774475270003
  endloop
endfacet
facet normal -0.0325379 0.198877 -0.979484
  outer loop
    vertex -0.00673758888095288 0.004313215080256536 -0.03919184955756373
    vertex -0.005396329607719867 0.0127804146186029 -0.0375172044393162
    vertex 0.005119998667435953 0.0090790394711517 -0.03861808716038022
  endloop
endfacet
facet normal -0.243802 0.950137 -0.194425
  outer loop
    vertex -0.004338837391175535 0.03872983346207417 -0.009009688679024212
    vertex -0.01506643208884192 0.03624512123389453 -0.007700247453985061
    vertex -0.009749279121818217 0.03872983346207417 -0.002225209339563233
  endloop
endfacet
facet normal -0.214771 0.443241 0.870293
  outer loop
    vertex -0.003133758845278902 0.0174389846465081 0.03586169781254774
    vertex -0.009462783985328752 0.02233210901357258 0.03180774475270003
    vertex -0.01010522352314924 0.01267154950124537 0.03656933538888394
  endloop
endfacet
facet normal -0.875255 0.432258 0.216982
  outer loop
    vertex -0.03242997387711527 0.02086618550010607 0.01062539867509848
    vertex -0.0361644498064283 0.01660510525475072 0.004050067860786828
    vertex -0.03640759372536251 0.01297321353248438 0.01030450628460717
  endloop
endfacet
facet normal 0.107157 0.504883 -0.85651
  outer loop
    vertex 0.009501841046183205 0.01644278504781662 -0.03520440081302856
    vertex 0.001599463630215931 0.01498401288162481 -0.03705294959998352
    vertex -0.00212428962453936 0.02116137096238991 -0.03387748179223473
  endloop
endfacet
facet normal -0.930703 -0.347461 0.114298
  outer loop
    vertex -0.03872983346207417 -0.009749279121818237 0.002225209339563139
    vertex -0.0354536402896093 -0.01828339767701905 0.002959182251732188
    vertex -0.03663323664045376 -0.01298858429807798 0.009450007998739381
  endloop
endfacet
facet normal 0.666997 0.30417 0.680144
  outer loop
    vertex 0.03062803249727451 0.01034084109674201 0.02355823912684961
    vertex 0.02255317178494616 0.01554607385718239 0.02914916859990587
    vertex 0.02363115903316502 0.009172131373626576 0.03094253268260693
  endloop
endfacet
facet normal 0.544615 -0.363924 0.755615
  outer loop
    vertex 0.01736301323157769 -0.01861015125007524 0.03085754432824136
    vertex 0.02538224856565678 -0.01681481858466084 0.02594230779472325
    vertex 0.02365423290224125 -0.008876720928947228 0.03101098339872694
  endloop
endfacet
facet normal -0.87878 0.290034 -0.378981
  outer loop
    vertex -0.03656933538888318 0.007032179441864568 -0.01460247107556778
    vertex -0.03650010953005362 0.01245283092477561 -0.01061456575904268
    vertex -0.03262515870317197 0.01460051746310656 -0.01795616633366829
  endloop
endfacet
facet normal 0.713114 0.688599 -0.131532
  outer loop
    vertex 0.03216259905444149 0.02353431060075577 -0.003421030051080156
    vertex 0.0278225169808301 0.02660822231988579 -0.01085863959374989
    vertex 0.02609488260156605 0.03030313686945791 -0.0008814748330985416
  endloop
endfacet
facet normal 0.542693 -0.373918 -0.75211
  outer loop
    vertex 0.02570755114445536 -0.01711428025810719 -0.02542092101797602
    vertex 0.01641960824543558 -0.01388291026271462 -0.03372923461485359
    vertex 0.02379152892259979 -0.008843695089026731 -0.0309152423360617
  endloop
endfacet
facet normal -0.706739 0.505102 0.49537
  outer loop
    vertex -0.026721926648464 0.02468510896467402 0.01663081572251585
    vertex -0.03190803753840967 0.01630045304941055 0.01778123648207294
    vertex -0.02451678607727304 0.0204322281515667 0.02411330033826884
  endloop
endfacet
facet normal -0.89207 0.0889042 0.443065
  outer loop
    vertex -0.03364604507234011 0.002208233572871605 0.02151899987168783
    vertex -0.03596931941911742 0.00761003655314826 0.01575739204897974
    vertex -0.03678489216815962 -0.0003306690763596632 0.01570867168600861
  endloop
endfacet
facet normal -0.857566 0.154477 0.49063
  outer loop
    vertex -0.03220711877253091 0.009481198349975285 0.02174415733525936
    vertex -0.03596931941911742 0.00761003655314826 0.01575739204897974
    vertex -0.03364604507234011 0.002208233572871605 0.02151899987168783
  endloop
endfacet
facet normal -0.853256 0.495116 0.163753
  outer loop
    vertex -0.03255889873741027 0.02294454295161588 0.003669613296863645
    vertex -0.0361644498064283 0.01660510525475072 0.004050067860786828
    vertex -0.03242997387711527 0.02086618550010607 0.01062539867509848
  endloop
endfacet
facet normal 0.375102 -0.08155 0.923389
  outer loop
    vertex 0.01000000000000001 -2.449293598294709e-18 0.03872983346207417
    vertex 0.0161593484942823 -0.009199597592412715 0.03541529133549533
    vertex 0.01984184464035868 -4.859850305598865e-18 0.03473184707538413
  endloop
endfacet
facet normal -0.0163228 0.159446 -0.987072
  outer loop
    vertex 2.449293598294706e-18 -5.999039130647431e-34 -0.04
    vertex -0.00673758888095288 0.004313215080256536 -0.03919184955756373
    vertex 0.005119998667435953 0.0090790394711517 -0.03861808716038022
  endloop
endfacet
facet normal 0.503352 -0.14332 -0.852113
  outer loop
    vertex 0.02379152892259979 -0.008843695089026731 -0.0309152423360617
    vertex 0.01526357816944689 -0.00805010081379807 -0.03608627243638323
    vertex 0.02012622507487546 -4.929503423373087e-18 -0.03456783279633616
  endloop
endfacet
facet normal -0.857125 0.490919 -0.155997
  outer loop
    vertex -0.03640505384411533 0.01625061356039353 -0.00325416863696664
    vertex -0.03165698425661659 0.02381637190007735 -0.005533152563732149
    vertex -0.03390015315872977 0.0181658825480624 -0.01099001033050772
  endloop
endfacet
facet normal -0.422982 0.902977 -0.0756263
  outer loop
    vertex -0.01538947413032733 0.03688160817369989 0.001706184196872894
    vertex -0.01506643208884192 0.03624512123389453 -0.007700247453985061
    vertex -0.02133007061034303 0.03373857629804751 -0.002595487842122917
  endloop
endfacet
facet normal -0.0139659 0.248394 -0.968558
  outer loop
    vertex -0.005396329607719867 0.0127804146186029 -0.0375172044393162
    vertex 0.001599463630215931 0.01498401288162481 -0.03705294959998352
    vertex 0.005119998667435953 0.0090790394711517 -0.03861808716038022
  endloop
endfacet
facet normal -0.357499 0.930876 -0.0752653
  outer loop
    vertex -0.009749279121818217 0.03872983346207417 -0.002225209339563233
    vertex -0.01506643208884192 0.03624512123389453 -0.007700247453985061
    vertex -0.01538947413032733 0.03688160817369989 0.001706184196872894
  endloop
endfacet
facet normal 0.471994 -0.564073 0.677528
  outer loop
    vertex 0.01696519850614571 -0.02699795832539913 0.0241514447995784
    vertex 0.02306079813219978 -0.02291705582309821 0.02330253509614204
    vertex 0.01736301323157769 -0.01861015125007524 0.03085754432824136
  endloop
endfacet
facet normal -0.758732 0.522641 0.388808
  outer loop
    vertex -0.03242997387711527 0.02086618550010607 0.01062539867509848
    vertex -0.03190803753840967 0.01630045304941055 0.01778123648207294
    vertex -0.026721926648464 0.02468510896467402 0.01663081572251585
  endloop
endfacet
facet normal -0.88478 -0.25471 -0.390239
  outer loop
    vertex -0.0369302363924089 -0.005751369654256222 -0.01425059251753757
    vertex -0.0331272295287725 -0.01024122290604456 -0.01994251782340263
    vertex -0.03559735576718336 -0.01362208322550528 -0.01213536612476054
  endloop
endfacet
facet normal 0.365652 -0.840285 -0.400275
  outer loop
    vertex 0.01348085631135428 -0.03585435138285712 -0.01152093746303795
    vertex 0.01084402304555607 -0.03321011970112667 -0.01948063432294461
    vertex 0.01800097149109211 -0.03058573801041782 -0.01845203662837714
  endloop
endfacet
facet normal 0.449657 0.566348 -0.690694
  outer loop
    vertex 0.02246616546795428 0.0214682748807054 -0.02518699233360292
    vertex 0.01503787507577765 0.02011413489353684 -0.03113332444005795
    vertex 0.01581510364468408 0.02674827909103025 -0.02518753783870616
  endloop
endfacet
facet normal 0.634312 -0.541293 -0.551951
  outer loop
    vertex 0.02570755114445536 -0.01711428025810719 -0.02542092101797602
    vertex 0.0240151940904968 -0.02595997673385234 -0.01869090850583815
    vertex 0.02078241104683818 -0.02357846236421031 -0.02474161481431186
  endloop
endfacet
facet normal 0.295665 -0.142385 0.944621
  outer loop
    vertex 0.006234898018587291 -0.007818314824680333 0.03872983346207417
    vertex 0.0161593484942823 -0.009199597592412715 0.03541529133549533
    vertex 0.01000000000000001 -2.449293598294709e-18 0.03872983346207417
  endloop
endfacet
facet normal -0.33386 0.889497 -0.311982
  outer loop
    vertex -0.01726413102481764 0.03301336540104041 -0.01456253703361187
    vertex -0.01506643208884192 0.03624512123389453 -0.007700247453985061
    vertex -0.009222809641329998 0.03570256498874831 -0.01550053662116231
  endloop
endfacet
facet normal 0.719916 -0.438365 0.538105
  outer loop
    vertex 0.02868592953219365 -0.02159625502741442 0.01762722938141152
    vertex 0.03240719183767076 -0.01466808214794021 0.01829265654019895
    vertex 0.02538224856565678 -0.01681481858466084 0.02594230779472325
  endloop
endfacet
facet normal 0.403621 -0.582936 0.705178
  outer loop
    vertex 0.01736301323157769 -0.01861015125007524 0.03085754432824136
    vertex 0.01123164283608945 -0.02586740004680429 0.02836772486508408
    vertex 0.01696519850614571 -0.02699795832539913 0.0241514447995784
  endloop
endfacet
facet normal -0.115414 -0.812869 0.570897
  outer loop
    vertex 4.446049920249101e-05 -0.03361192185339637 0.02168494253128623
    vertex -0.003691248857783382 -0.0295752588464609 0.02667730769839321
    vertex -0.009438143169571854 -0.03151530216024443 0.02275317962965082
  endloop
endfacet
facet normal -0.861108 -0.415665 0.292773
  outer loop
    vertex -0.03272929774100263 -0.02074718871545916 0.009917017181891157
    vertex -0.03293616940674026 -0.0158809941304853 0.01621736015009836
    vertex -0.03663323664045376 -0.01298858429807798 0.009450007998739381
  endloop
endfacet
facet normal -0.455708 0.466785 0.757919
  outer loop
    vertex -0.01725539178258401 0.02201477879456834 0.02859372254631699
    vertex -0.02157991295134386 0.0173372584056754 0.02887432818244018
    vertex -0.01718440841517077 0.0156660185078485 0.0325464586634607
  endloop
endfacet
facet normal -0.859318 0.250155 -0.446089
  outer loop
    vertex -0.03262515870317197 0.01460051746310656 -0.01795616633366829
    vertex -0.03343115663962389 0.006371583306374974 -0.02101810390846082
    vertex -0.03656933538888318 0.007032179441864568 -0.01460247107556778
  endloop
endfacet
facet normal -0.84034 -0.347231 -0.416245
  outer loop
    vertex -0.03559735576718336 -0.01362208322550528 -0.01213536612476054
    vertex -0.0331272295287725 -0.01024122290604456 -0.01994251782340263
    vertex -0.0310597245559374 -0.0179965359453785 -0.01764704520524607
  endloop
endfacet
facet normal -0.634917 -0.202252 -0.745637
  outer loop
    vertex -0.0233675042377801 -0.003333942587269695 -0.03229310410168274
    vertex -0.02301377662423477 -0.0133001305721248 -0.02989101223201143
    vertex -0.02955129136584914 -0.00705393212108801 -0.0260185168724463
  endloop
endfacet
facet normal -0.793837 -0.49362 0.355192
  outer loop
    vertex -0.02883486910643713 -0.02215320559635772 0.01666690749419767
    vertex -0.03293616940674026 -0.0158809941304853 0.01621736015009836
    vertex -0.03272929774100263 -0.02074718871545916 0.009917017181891157
  endloop
endfacet
facet normal -0.862046 0.369512 -0.346898
  outer loop
    vertex -0.03262515870317197 0.01460051746310656 -0.01795616633366829
    vertex -0.03650010953005362 0.01245283092477561 -0.01061456575904268
    vertex -0.03390015315872977 0.0181658825480624 -0.01099001033050772
  endloop
endfacet
facet normal 0.743921 0.417345 -0.521924
  outer loop
    vertex 0.03272688836632924 0.01405847363770697 -0.01820192563537502
    vertex 0.02764053728691043 0.01489986792126087 -0.02477891511789601
    vertex 0.02880248746352957 0.02072015302154438 -0.01846867549871965
  endloop
endfacet
facet normal 0.662107 0.486153 -0.570324
  outer loop
    vertex 0.02880248746352957 0.02072015302154438 -0.01846867549871965
    vertex 0.02764053728691043 0.01489986792126087 -0.02477891511789601
    vertex 0.02246616546795428 0.0214682748807054 -0.02518699233360292
  endloop
endfacet
facet normal 0.506151 -0.139377 0.851108
  outer loop
    vertex 0.01984184464035868 -4.859850305598865e-18 0.03473184707538413
    vertex 0.0161593484942823 -0.009199597592412715 0.03541529133549533
    vertex 0.02365423290224125 -0.008876720928947228 0.03101098339872694
  endloop
endfacet
facet normal -0.724819 0.393891 -0.565232
  outer loop
    vertex -0.02773289254486907 0.01134402200473328 -0.02649905348971681
    vertex -0.03262515870317197 0.01460051746310656 -0.01795616633366829
    vertex -0.0250564007455575 0.02014574133813832 -0.02379760256023389
  endloop
endfacet
facet normal -0.881242 -0.431855 0.19213
  outer loop
    vertex -0.03663323664045376 -0.01298858429807798 0.009450007998739381
    vertex -0.0354536402896093 -0.01828339767701905 0.002959182251732188
    vertex -0.03272929774100263 -0.02074718871545916 0.009917017181891157
  endloop
endfacet
facet normal -0.933841 -0.357503 0.0115419
  outer loop
    vertex -0.03632932524958225 -0.01622444664205333 -0.004116729049771172
    vertex -0.0354536402896093 -0.01828339767701905 0.002959182251732188
    vertex -0.03872983346207417 -0.009749279121818237 0.002225209339563139
  endloop
endfacet
facet normal -0.596511 -0.784065 -0.171514
  outer loop
    vertex -0.02195363279173842 -0.03123182483422281 -0.01194198998366399
    vertex -0.02032241874266022 -0.03423073741221067 -0.003905881803671686
    vertex -0.02795326012193826 -0.02808855916545717 -0.005445006204208469
  endloop
endfacet
facet normal 0.402836 -0.835942 -0.372725
  outer loop
    vertex 0.01800097149109211 -0.03058573801041782 -0.01845203662837714
    vertex 0.01978004875006386 -0.03274048551838943 -0.01169659264338251
    vertex 0.01348085631135428 -0.03585435138285712 -0.01152093746303795
  endloop
endfacet
facet normal 0.306916 0.615013 -0.726334
  outer loop
    vertex 0.01581510364468408 0.02674827909103025 -0.02518753783870616
    vertex 0.01503787507577765 0.02011413489353684 -0.03113332444005795
    vertex 0.006778103050701767 0.02557202347512041 -0.03000214883007479
  endloop
endfacet
facet normal -0.542516 -0.214984 -0.812071
  outer loop
    vertex -0.01686258319209078 -0.009336870525738313 -0.03504962391917232
    vertex -0.02301377662423477 -0.0133001305721248 -0.02989101223201143
    vertex -0.0233675042377801 -0.003333942587269695 -0.03229310410168274
  endloop
endfacet
facet normal -0.618643 -0.783433 -0.0592677
  outer loop
    vertex -0.02795326012193826 -0.02808855916545717 -0.005445006204208469
    vertex -0.02032241874266022 -0.03423073741221067 -0.003905881803671686
    vertex -0.02454450176443754 -0.03142893022833447 0.003128862067590444
  endloop
endfacet
facet normal 0.591999 -0.727505 -0.346804
  outer loop
    vertex 0.02609789434556377 -0.02905513681245746 -0.00864285459423964
    vertex 0.01978004875006386 -0.03274048551838943 -0.01169659264338251
    vertex 0.0240151940904968 -0.02595997673385234 -0.01869090850583815
  endloop
endfacet
facet normal 0.236957 0.837584 -0.492244
  outer loop
    vertex 0.004850971430179777 0.03257985445915081 -0.02269407763281271
    vertex 0.007429634388021149 0.03622391929657408 -0.01525215406608593
    vertex 0.01471428708944276 0.03257530569048009 -0.01795380780283764
  endloop
endfacet
facet normal 0.700322 -0.150973 0.69768
  outer loop
    vertex 0.02828427124746133 -6.927648449883806e-18 0.02828427124746247
    vertex 0.02365423290224125 -0.008876720928947228 0.03101098339872694
    vertex 0.03094253268253875 -0.009172131373777677 0.02363115903319565
  endloop
endfacet
facet normal 0.718696 -0.684189 0.123941
  outer loop
    vertex 0.02584890740794206 -0.03047179034145354 0.001817685121834013
    vertex 0.03210830380682429 -0.02361633752954752 0.003365327374737627
    vertex 0.028263700686803 -0.0264288798544947 0.01013299230846922
  endloop
endfacet
facet normal -0.0652292 -0.887405 0.456353
  outer loop
    vertex -0.007058581604784346 -0.0356728212735269 0.01666212015667894
    vertex 7.059054507807031e-06 -0.03720002726948279 0.01470231006745151
    vertex 4.446049920249101e-05 -0.03361192185339637 0.02168494253128623
  endloop
endfacet
facet normal 0.486358 -0.242788 -0.839351
  outer loop
    vertex 0.02379152892259979 -0.008843695089026731 -0.0309152423360617
    vertex 0.01641960824543558 -0.01388291026271462 -0.03372923461485359
    vertex 0.01526357816944689 -0.00805010081379807 -0.03608627243638323
  endloop
endfacet
facet normal 0.423952 0.392061 -0.816427
  outer loop
    vertex 0.01503787507577765 0.02011413489353684 -0.03113332444005795
    vertex 0.02135160427043081 0.01529814922732904 -0.03016745970905228
    vertex 0.01712204519244085 0.01094955736807887 -0.03445203567093189
  endloop
endfacet
facet normal 0.717613 0.516394 0.467299
  outer loop
    vertex 0.02602303723043388 0.01975493008839019 0.0230769207327639
    vertex 0.03199883490822456 0.01701190395317997 0.0169313227009578
    vertex 0.02677658812253951 0.02486083317438817 0.0162773862272515
  endloop
endfacet
facet normal -0.0437662 -0.145376 -0.988408
  outer loop
    vertex 2.449293598294706e-18 -5.999039130647431e-34 -0.04
    vertex 0.000441158232122893 -0.01137162927634259 -0.03834698719607132
    vertex -0.007755702730402713 -0.005006244464347236 -0.03892025939688502
  endloop
endfacet
facet normal 0.0444573 0.470768 0.881136
  outer loop
    vertex 0.006487106951588419 0.01681646633825015 0.03570887709370252
    vertex 0.001422852066773282 0.02319857846124057 0.03255459183239354
    vertex -0.003133758845278902 0.0174389846465081 0.03586169781254774
  endloop
endfacet
facet normal 0.605133 0.0773491 0.792358
  outer loop
    vertex 0.02828427124746133 -6.927648449883806e-18 0.02828427124746247
    vertex 0.02363115903316502 0.009172131373626576 0.03094253268260693
    vertex 0.01984184464035868 -4.859850305598865e-18 0.03473184707538413
  endloop
endfacet
facet normal 0.792358 -0.0773491 0.605133
  outer loop
    vertex 0.02828427124746133 -6.927648449883806e-18 0.02828427124746247
    vertex 0.03094253268253875 -0.009172131373777677 0.02363115903319565
    vertex 0.03473184707538332 -8.506849069868709e-18 0.01984184464036011
  endloop
endfacet
facet normal 0.298531 0.174376 -0.938335
  outer loop
    vertex 0.01042321179259431 -2.552950591727113e-18 -0.03861808716038021
    vertex 0.005119998667435953 0.0090790394711517 -0.03861808716038022
    vertex 0.01712204519244085 0.01094955736807887 -0.03445203567093189
  endloop
endfacet
facet normal -0.728636 0.483104 -0.485489
  outer loop
    vertex -0.03262515870317197 0.01460051746310656 -0.01795616633366829
    vertex -0.02856948371453264 0.02355218792967894 -0.01513535741269892
    vertex -0.0250564007455575 0.02014574133813832 -0.02379760256023389
  endloop
endfacet
facet normal -0.619587 0.396352 -0.677508
  outer loop
    vertex -0.02049493272926721 0.01596200229483732 -0.03041664371955623
    vertex -0.02773289254486907 0.01134402200473328 -0.02649905348971681
    vertex -0.0250564007455575 0.02014574133813832 -0.02379760256023389
  endloop
endfacet
facet normal -0.629465 0.0462671 -0.77565
  outer loop
    vertex -0.0233675042377801 -0.003333942587269695 -0.03229310410168274
    vertex -0.02925142744011803 0.002434102925326452 -0.02717405261760615
    vertex -0.02226674408734401 0.006410661078850115 -0.03260514579450378
  endloop
endfacet
facet normal 0.382668 0.114686 -0.91674
  outer loop
    vertex 0.01042321179259431 -2.552950591727113e-18 -0.03861808716038021
    vertex 0.01712204519244085 0.01094955736807887 -0.03445203567093189
    vertex 0.02012622507487546 -4.929503423373087e-18 -0.03456783279633616
  endloop
endfacet
facet normal -0.690903 -0.0658453 -0.719942
  outer loop
    vertex -0.0233675042377801 -0.003333942587269695 -0.03229310410168274
    vertex -0.02955129136584914 -0.00705393212108801 -0.0260185168724463
    vertex -0.02925142744011803 0.002434102925326452 -0.02717405261760615
  endloop
endfacet
facet normal 0.745439 0.666559 0.00444617
  outer loop
    vertex 0.03216259905444149 0.02353431060075577 -0.003421030051080156
    vertex 0.02609488260156605 0.03030313686945791 -0.0008814748330985416
    vertex 0.03184264784835985 0.02384129089334408 0.004199836490185372
  endloop
endfacet
facet normal 0.868134 0.48285 0.114888
  outer loop
    vertex 0.03623025799647961 0.01695194400381635 -3.316940286428298e-17
    vertex 0.03184264784835985 0.02384129089334408 0.004199836490185372
    vertex 0.03529746766106541 0.01645875106622009 0.00912130966781859
  endloop
endfacet
facet normal 0.740833 -0.624246 -0.247958
  outer loop
    vertex 0.0315407517438778 -0.02413300966323027 -0.004772716629499759
    vertex 0.02609789434556377 -0.02905513681245746 -0.00864285459423964
    vertex 0.02996950098715633 -0.0220766873875764 -0.01464407335996584
  endloop
endfacet
facet normal 0.865923 -0.484561 -0.124008
  outer loop
    vertex 0.03629365463605329 -0.0168148219896255 -0.000179985044085154
    vertex 0.0315407517438778 -0.02413300966323027 -0.004772716629499759
    vertex 0.03508603559892728 -0.01650362622531558 -0.009828551641309273
  endloop
endfacet
facet normal 0.727094 0.132522 -0.673626
  outer loop
    vertex 0.02843860391495425 -6.965449051333622e-18 -0.02812909183333775
    vertex 0.02568161957990018 0.008833013201405436 -0.0293671975771793
    vertex 0.03105663493517704 0.009079039471107067 -0.0235171526504639
  endloop
endfacet
facet normal 0.546377 0.837536 0.00228245
  outer loop
    vertex 0.0177559312275882 0.03574787213783765 -0.002610851174994256
    vertex 0.02042606248785624 0.03398448576674195 0.005275480870243649
    vertex 0.02609488260156605 0.03030313686945791 -0.0008814748330985416
  endloop
endfacet
facet normal -0.669845 0.676256 -0.306572
  outer loop
    vertex -0.02621935578002709 0.02915260028923362 -0.007916519365007337
    vertex -0.02299515533393695 0.0297299439320802 -0.01368770488297724
    vertex -0.02856948371453264 0.02355218792967894 -0.01513535741269892
  endloop
endfacet
facet normal 0.123968 -0.596254 0.793166
  outer loop
    vertex 0.009149592707262367 -0.02129444607062817 0.03260109691155069
    vertex 0.0005937126474319032 -0.02207256445600635 0.03335340168000447
    vertex 0.002947775027777548 -0.02745951191168931 0.02893589169107121
  endloop
endfacet
facet normal -0.431227 0.692047 -0.57889
  outer loop
    vertex -0.01693343830809208 0.02406992407182229 -0.02709054119508781
    vertex -0.02139317023892764 0.02740423609918689 -0.01978231813889067
    vertex -0.01312478130630108 0.03082944995658461 -0.02184685631930176
  endloop
endfacet
facet normal -0.610627 -0.606168 -0.509603
  outer loop
    vertex -0.02031683641344948 -0.02698914611194004 -0.02141990080036519
    vertex -0.02699082502019632 -0.02476456981287137 -0.0160689591048258
    vertex -0.02567781653617322 -0.02017915317708022 -0.02309656933378986
  endloop
endfacet
facet normal 0.795049 -0.0738097 -0.602038
  outer loop
    vertex 0.03478599916048618 -8.520112505406385e-18 -0.01974675321177267
    vertex 0.03120638596505942 -0.008916095465102331 -0.02338086218805722
    vertex 0.02843860391495425 -6.965449051333622e-18 -0.02812909183333775
  endloop
endfacet
facet normal 0.432144 -0.69131 -0.579087
  outer loop
    vertex 0.02078241104683818 -0.02357846236421031 -0.02474161481431186
    vertex 0.01800097149109211 -0.03058573801041782 -0.01845203662837714
    vertex 0.01227270342365678 -0.02818543312284546 -0.02559222753791801
  endloop
endfacet
facet normal 0.130613 -0.111318 -0.985164
  outer loop
    vertex 0.01042321179259431 -2.552950591727113e-18 -0.03861808716038021
    vertex 0.008055875881062187 -0.01051038947507496 -0.03774433171843362
    vertex 2.449293598294706e-18 -5.999039130647431e-34 -0.04
  endloop
endfacet
facet normal -0.761967 -0.541069 -0.355879
  outer loop
    vertex -0.02699082502019632 -0.02476456981287137 -0.0160689591048258
    vertex -0.03229129807315388 -0.021590263706903 -0.009546338660298829
    vertex -0.0310597245559374 -0.0179965359453785 -0.01764704520524607
  endloop
endfacet
facet normal 0.131045 0.0765453 -0.988417
  outer loop
    vertex 2.449293598294706e-18 -5.999039130647431e-34 -0.04
    vertex 0.005119998667435953 0.0090790394711517 -0.03861808716038022
    vertex 0.01042321179259431 -2.552950591727113e-18 -0.03861808716038021
  endloop
endfacet
facet normal 0.924299 -0.358799 0.130134
  outer loop
    vertex 0.03872983346207417 -0.008660254037844385 0.005000000000000004
    vertex 0.03468212574013094 -0.0173359890074208 0.009829223737423644
    vertex 0.03629365463605329 -0.0168148219896255 -0.000179985044085154
  endloop
endfacet
facet normal -0.532013 0.59936 -0.598105
  outer loop
    vertex -0.0250564007455575 0.02014574133813832 -0.02379760256023389
    vertex -0.02139317023892764 0.02740423609918689 -0.01978231813889067
    vertex -0.01693343830809208 0.02406992407182229 -0.02709054119508781
  endloop
endfacet
facet normal 0.847279 0.530959 0.014184
  outer loop
    vertex 0.03623025799647961 0.01695194400381635 -3.316940286428298e-17
    vertex 0.03216259905444149 0.02353431060075577 -0.003421030051080156
    vertex 0.03184264784835985 0.02384129089334408 0.004199836490185372
  endloop
endfacet
facet normal 0.703821 -0.151161 -0.694108
  outer loop
    vertex 0.03120638596505942 -0.008916095465102331 -0.02338086218805722
    vertex 0.02379152892259979 -0.008843695089026731 -0.0309152423360617
    vertex 0.02843860391495425 -6.965449051333622e-18 -0.02812909183333775
  endloop
endfacet
facet normal -0.523161 0.509927 -0.682845
  outer loop
    vertex -0.02049493272926721 0.01596200229483732 -0.03041664371955623
    vertex -0.0250564007455575 0.02014574133813832 -0.02379760256023389
    vertex -0.01693343830809208 0.02406992407182229 -0.02709054119508781
  endloop
endfacet
facet normal 0.930115 0.349129 0.113996
  outer loop
    vertex 0.03623025799647961 0.01695194400381635 -3.316940286428298e-17
    vertex 0.03529746766106541 0.01645875106622009 0.00912130966781859
    vertex 0.03872983346207417 0.008660254037844404 0.00499999999999997
  endloop
endfacet
facet normal 0.794884 0.0765453 -0.601914
  outer loop
    vertex 0.02843860391495425 -6.965449051333622e-18 -0.02812909183333775
    vertex 0.03105663493517704 0.009079039471107067 -0.0235171526504639
    vertex 0.03478599916048618 -8.520112505406385e-18 -0.01974675321177267
  endloop
endfacet
facet normal -0.699317 -0.531797 -0.477648
  outer loop
    vertex -0.02699082502019632 -0.02476456981287137 -0.0160689591048258
    vertex -0.0310597245559374 -0.0179965359453785 -0.01764704520524607
    vertex -0.02567781653617322 -0.02017915317708022 -0.02309656933378986
  endloop
endfacet
facet normal 0.675937 -0.286429 0.67902
  outer loop
    vertex 0.02365423290224125 -0.008876720928947228 0.03101098339872694
    vertex 0.02538224856565678 -0.01681481858466084 0.02594230779472325
    vertex 0.03094253268253875 -0.009172131373777677 0.02363115903319565
  endloop
endfacet
facet normal -0.553711 -0.270887 0.787416
  outer loop
    vertex -0.01826057016425305 -0.01360064595302827 0.03288729248413082
    vertex -0.02234760876298161 -0.006000593077950332 0.03262786026219866
    vertex -0.02543097734955468 -0.01257729556600559 0.02819711026491497
  endloop
endfacet
facet normal -0.513601 -0.0375151 0.857209
  outer loop
    vertex -0.02301906166875539 0.002658600076053453 0.03260451878997212
    vertex -0.02234760876298161 -0.006000593077950332 0.03262786026219866
    vertex -0.01620752014392261 5.236794246704207e-17 0.03656933538887934
  endloop
endfacet
facet normal 0.809578 -0.535521 -0.240418
  outer loop
    vertex 0.0315407517438778 -0.02413300966323027 -0.004772716629499759
    vertex 0.02996950098715633 -0.0220766873875764 -0.01464407335996584
    vertex 0.03508603559892728 -0.01650362622531558 -0.009828551641309273
  endloop
endfacet
facet normal 0.958155 -0.286249 6.95188e-16
  outer loop
    vertex 0.03872983346207417 -0.008660254037844385 0.005000000000000004
    vertex 0.03629365463605329 -0.0168148219896255 -0.000179985044085154
    vertex 0.03872983346207417 -0.008660254037844409 -0.004999999999999959
  endloop
endfacet
facet normal 0.957442 0.288626 -5.50755e-16
  outer loop
    vertex 0.03872983346207417 0.008660254037844385 -0.005000000000000004
    vertex 0.03623025799647961 0.01695194400381635 -3.316940286428298e-17
    vertex 0.03872983346207417 0.008660254037844404 0.00499999999999997
  endloop
endfacet
facet normal 0.5326 0.154927 -0.832066
  outer loop
    vertex 0.01712204519244085 0.01094955736807887 -0.03445203567093189
    vertex 0.02568161957990018 0.008833013201405436 -0.0293671975771793
    vertex 0.02012622507487546 -4.929503423373087e-18 -0.03456783279633616
  endloop
endfacet
facet normal 0.927173 -0.352302 -0.127408
  outer loop
    vertex 0.03629365463605329 -0.0168148219896255 -0.000179985044085154
    vertex 0.03508603559892728 -0.01650362622531558 -0.009828551641309273
    vertex 0.03872983346207417 -0.008660254037844409 -0.004999999999999959
  endloop
endfacet
facet normal 0.856984 -0.150413 0.492905
  outer loop
    vertex 0.03094253268253875 -0.009172131373777677 0.02363115903319565
    vertex 0.03627062327056181 -0.008478998241603929 0.01457904236854594
    vertex 0.03473184707538332 -8.506849069868709e-18 0.01984184464036011
  endloop
endfacet
facet normal 0.130548 -0.838654 0.528787
  outer loop
    vertex 0.009314365152733728 -0.031151311324779 0.0232988927751564
    vertex 4.446049920249101e-05 -0.03361192185339637 0.02168494253128623
    vertex 0.007038675101573623 -0.03563799772967109 0.01674485504966963
  endloop
endfacet
facet normal 0.376185 0.030115 0.926055
  outer loop
    vertex 0.01984184464035868 -4.859850305598865e-18 0.03473184707538413
    vertex 0.01274410678097821 0.006137238365092019 0.03741553217054473
    vertex 0.01000000000000001 -2.449293598294709e-18 0.03872983346207417
  endloop
endfacet
facet normal 0.605364 -0.0722677 0.792661
  outer loop
    vertex 0.01984184464035868 -4.859850305598865e-18 0.03473184707538413
    vertex 0.02365423290224125 -0.008876720928947228 0.03101098339872694
    vertex 0.02828427124746133 -6.927648449883806e-18 0.02828427124746247
  endloop
endfacet
facet normal 0.477636 0.841763 0.251593
  outer loop
    vertex 0.02081843158013186 0.03115389756189026 0.01400098472417625
    vertex 0.02042606248785624 0.03398448576674195 0.005275480870243649
    vertex 0.01459531609806862 0.03572314114706503 0.01052776968708607
  endloop
endfacet
facet normal 0.704418 0.156726 0.692266
  outer loop
    vertex 0.02828427124746133 -6.927648449883806e-18 0.02828427124746247
    vertex 0.03062803249727451 0.01034084109674201 0.02355823912684961
    vertex 0.02363115903316502 0.009172131373626576 0.03094253268260693
  endloop
endfacet
facet normal 0.0984298 -0.777899 0.620633
  outer loop
    vertex 0.009314365152733728 -0.031151311324779 0.0232988927751564
    vertex 0.002947775027777548 -0.02745951191168931 0.02893589169107121
    vertex 4.446049920249101e-05 -0.03361192185339637 0.02168494253128623
  endloop
endfacet
facet normal -0.51578 0.0308469 -0.856166
  outer loop
    vertex -0.01561454953955044 0.0006226605392915205 -0.03682116424734197
    vertex -0.0233675042377801 -0.003333942587269695 -0.03229310410168274
    vertex -0.02226674408734401 0.006410661078850115 -0.03260514579450378
  endloop
endfacet
facet normal 0.85975 -0.145653 -0.489505
  outer loop
    vertex 0.03478599916048618 -8.520112505406385e-18 -0.01974675321177267
    vertex 0.03625607053408821 -0.00838327042235722 -0.01467031446332529
    vertex 0.03120638596505942 -0.008916095465102331 -0.02338086218805722
  endloop
endfacet
facet normal -0.934975 -0.230738 -0.269409
  outer loop
    vertex -0.0369302363924089 -0.005751369654256222 -0.01425059251753757
    vertex -0.03559735576718336 -0.01362208322550528 -0.01213536612476054
    vertex -0.03872983346207417 -0.007818314824680294 -0.006234898018587341
  endloop
endfacet
facet normal 0.338845 0.604088 0.721292
  outer loop
    vertex 0.0121537838601399 0.02799497920725702 0.0258566563396401
    vertex 0.009861034471366751 0.0222569675825881 0.03173936661595721
    vertex 0.01783974314589538 0.02148086862596626 0.02864115653325573
  endloop
endfacet
facet normal -0.637055 0.593557 -0.491783
  outer loop
    vertex -0.02856948371453264 0.02355218792967894 -0.01513535741269892
    vertex -0.02139317023892764 0.02740423609918689 -0.01978231813889067
    vertex -0.0250564007455575 0.02014574133813832 -0.02379760256023389
  endloop
endfacet
facet normal -0.766469 0.611362 0.196879
  outer loop
    vertex -0.03255889873741027 0.02294454295161588 0.003669613296863645
    vertex -0.03242997387711527 0.02086618550010607 0.01062539867509848
    vertex -0.02733428685921321 0.02765171122907279 0.009392530436587039
  endloop
endfacet
facet normal -0.330631 0.835733 -0.438444
  outer loop
    vertex -0.01312478130630108 0.03082944995658461 -0.02184685631930176
    vertex -0.01726413102481764 0.03301336540104041 -0.01456253703361187
    vertex -0.009222809641329998 0.03570256498874831 -0.01550053662116231
  endloop
endfacet
facet normal -0.733889 0.668571 0.120081
  outer loop
    vertex -0.02738769323347374 0.0291433507140174 0.0007611626034679475
    vertex -0.03255889873741027 0.02294454295161588 0.003669613296863645
    vertex -0.02733428685921321 0.02765171122907279 0.009392530436587039
  endloop
endfacet
facet normal 0.229151 0.859764 0.456394
  outer loop
    vertex 0.007122362288739172 0.03661337670519064 0.01444758117027725
    vertex 0.006358231574051451 0.03285411904090894 0.02191300420518648
    vertex 0.0136860145019424 0.03264408162171188 0.0186294643542866
  endloop
endfacet
facet normal 0.364113 0.389209 -0.846131
  outer loop
    vertex 0.01712204519244085 0.01094955736807887 -0.03445203567093189
    vertex 0.009501841046183205 0.01644278504781662 -0.03520440081302856
    vertex 0.01503787507577765 0.02011413489353684 -0.03113332444005795
  endloop
endfacet
facet normal -0.51446 0.584705 0.627257
  outer loop
    vertex -0.01947757689750353 0.02716443974597061 0.02197082637247331
    vertex -0.02451678607727304 0.0204322281515667 0.02411330033826884
    vertex -0.01725539178258401 0.02201477879456834 0.02859372254631699
  endloop
endfacet
facet normal -0.955802 0.286641 -0.0654238
  outer loop
    vertex -0.03872983346207417 0.009749279121818217 0.002225209339563233
    vertex -0.03640505384411533 0.01625061356039353 -0.00325416863696664
    vertex -0.03872983346207417 0.007818314824680333 -0.006234898018587291
  endloop
endfacet
facet normal -0.179246 -0.224767 0.957784
  outer loop
    vertex -0.009009688679024212 -0.00433883739117554 0.03872983346207417
    vertex -0.01010522352321887 -0.01267154950133246 0.03656933538883452
    vertex -0.002225209339563224 -0.009749279121818218 0.03872983346207417
  endloop
endfacet
facet normal 0.0639721 -0.28028 0.957784
  outer loop
    vertex -0.002225209339563224 -0.009749279121818218 0.03872983346207417
    vertex 0.003606512519556413 -0.01580116377562546 0.03656933538884929
    vertex 0.006234898018587291 -0.007818314824680333 0.03872983346207417
  endloop
endfacet
facet normal -0.95837 -0.223235 0.178024
  outer loop
    vertex -0.03872983346207417 -0.009749279121818237 0.002225209339563139
    vertex -0.03663323664045376 -0.01298858429807798 0.009450007998739381
    vertex -0.03872983346207417 -0.004338837391175594 0.009009688679024184
  endloop
endfacet
facet normal -0.0293036 -0.360996 0.932107
  outer loop
    vertex -0.002225209339563224 -0.009749279121818218 0.03872983346207417
    vertex -0.004870040674843122 -0.01742792374929965 0.0356728212735406
    vertex 0.003606512519556413 -0.01580116377562546 0.03656933538884929
  endloop
endfacet
facet normal -0.123752 0.958462 0.256973
  outer loop
    vertex -0.007818314824680333 0.03872983346207417 0.006234898018587291
    vertex -0.007122686947294649 0.0366271930174676 0.01441235797196322
    vertex -2.449293598294706e-18 0.03872983346207417 0.01
  endloop
endfacet
facet normal -0.300508 0.202167 0.932107
  outer loop
    vertex -0.01010522352314924 0.01267154950124537 0.03656933538888394
    vertex -0.01666212015670046 0.007058581604850697 0.03567282127350372
    vertex -0.009009688679024182 0.004338837391175599 0.03872983346207417
  endloop
endfacet
facet normal -0.202167 -0.932107 0.300508
  outer loop
    vertex -0.004338837391175535 -0.03872983346207417 0.009009688679024212
    vertex -0.007058581604784346 -0.0356728212735269 0.01666212015667894
    vertex -0.01267154950124543 -0.03656933538888387 0.01010522352314942
  endloop
endfacet
facet normal -0.249997 0.932403 0.261012
  outer loop
    vertex -0.007818314824680333 0.03872983346207417 0.006234898018587291
    vertex -0.01467368384571289 0.03567282127352123 0.01058927876597246
    vertex -0.007122686947294649 0.0366271930174676 0.01441235797196322
  endloop
endfacet
facet normal -0.287488 9.77003e-16 0.957784
  outer loop
    vertex -0.009009688679024182 0.004338837391175599 0.03872983346207417
    vertex -0.01620752014392261 5.236794246704207e-17 0.03656933538887934
    vertex -0.009009688679024212 -0.00433883739117554 0.03872983346207417
  endloop
endfacet
facet normal -0.960343 -8.91807e-16 0.27882
  outer loop
    vertex -0.03872983346207417 -0.004338837391175594 0.009009688679024184
    vertex -0.03678489216815962 -0.0003306690763596632 0.01570867168600861
    vertex -0.03872983346207417 0.004338837391175535 0.009009688679024212
  endloop
endfacet
facet normal -0.454669 0.762506 0.460284
  outer loop
    vertex -0.02093809160501638 0.03097926700585783 0.0142084951954706
    vertex -0.01947757689750353 0.02716443974597061 0.02197082637247331
    vertex -0.0136291178172238 0.0326522059618435 0.01865691810963389
  endloop
endfacet
facet normal -0.413452 0.833845 0.365733
  outer loop
    vertex -0.01467368384571289 0.03567282127352123 0.01058927876597246
    vertex -0.02093809160501638 0.03097926700585783 0.0142084951954706
    vertex -0.0136291178172238 0.0326522059618435 0.01865691810963389
  endloop
endfacet
facet normal -0.224767 -0.957784 0.179246
  outer loop
    vertex -0.004338837391175535 -0.03872983346207417 0.009009688679024212
    vertex -0.01267154950124543 -0.03656933538888387 0.01010522352314942
    vertex -0.009749279121818217 -0.03872983346207417 0.002225209339563233
  endloop
endfacet
facet normal -0.955895 0.229629 0.183123
  outer loop
    vertex -0.03872983346207417 0.004338837391175535 0.009009688679024212
    vertex -0.03640759372536251 0.01297321353248438 0.01030450628460717
    vertex -0.03872983346207417 0.009749279121818217 0.002225209339563233
  endloop
endfacet
facet normal -0.179246 0.224767 0.957784
  outer loop
    vertex -0.00222520933956313 0.009749279121818239 0.03872983346207417
    vertex -0.01010522352314924 0.01267154950124537 0.03656933538888394
    vertex -0.009009688679024182 0.004338837391175599 0.03872983346207417
  endloop
endfacet
facet normal -0.667566 -0.648049 0.366589
  outer loop
    vertex -0.02310040661944159 -0.0277626960647789 0.01719313587543497
    vertex -0.02883486910643713 -0.02215320559635772 0.01666690749419767
    vertex -0.02735781326140813 -0.02735539966913492 0.01016032295233839
  endloop
endfacet
facet normal -0.592781 -0.740803 0.315945
  outer loop
    vertex -0.02310040661944159 -0.0277626960647789 0.01719313587543497
    vertex -0.02735781326140813 -0.02735539966913492 0.01016032295233839
    vertex -0.02043803387154851 -0.03272456637347114 0.01055412370278642
  endloop
endfacet
facet normal -0.492215 -0.780309 0.3858
  outer loop
    vertex -0.01515638619471615 -0.03265220596199222 0.01743896222062132
    vertex -0.02310040661944159 -0.0277626960647789 0.01719313587543497
    vertex -0.02043803387154851 -0.03272456637347114 0.01055412370278642
  endloop
endfacet
facet normal -0.29779 0.880721 0.368309
  outer loop
    vertex -0.01467368384571289 0.03567282127352123 0.01058927876597246
    vertex -0.0136291178172238 0.0326522059618435 0.01865691810963389
    vertex -0.007122686947294649 0.0366271930174676 0.01441235797196322
  endloop
endfacet
facet normal 0.123989 0.958299 0.257466
  outer loop
    vertex -2.449293598294706e-18 0.03872983346207417 0.01
    vertex 0.007122362288739172 0.03661337670519064 0.01444758117027725
    vertex 0.007818314824680294 0.03872983346207417 0.006234898018587341
  endloop
endfacet
facet normal -0.293029 -0.881058 0.37131
  outer loop
    vertex -0.007058581604784346 -0.0356728212735269 0.01666212015667894
    vertex -0.01515638619471615 -0.03265220596199222 0.01743896222062132
    vertex -0.01267154950124543 -0.03656933538888387 0.01010522352314942
  endloop
endfacet
facet normal -0.954945 -0.289341 -0.0660402
  outer loop
    vertex -0.03872983346207417 -0.007818314824680294 -0.006234898018587341
    vertex -0.03632932524958225 -0.01622444664205333 -0.004116729049771172
    vertex -0.03872983346207417 -0.009749279121818237 0.002225209339563139
  endloop
endfacet
facet normal -0.405409 -0.856294 0.320006
  outer loop
    vertex -0.01515638619471615 -0.03265220596199222 0.01743896222062132
    vertex -0.02043803387154851 -0.03272456637347114 0.01055412370278642
    vertex -0.01267154950124543 -0.03656933538888387 0.01010522352314942
  endloop
endfacet
facet normal -0.407477 0.649621 0.641837
  outer loop
    vertex -0.01947757689750353 0.02716443974597061 0.02197082637247331
    vertex -0.01725539178258401 0.02201477879456834 0.02859372254631699
    vertex -0.01177887720186662 0.0281622549016202 0.02584850964213441
  endloop
endfacet
facet normal -0.377015 0.738977 0.558366
  outer loop
    vertex -0.01947757689750353 0.02716443974597061 0.02197082637247331
    vertex -0.01177887720186662 0.0281622549016202 0.02584850964213441
    vertex -0.0136291178172238 0.0326522059618435 0.01865691810963389
  endloop
endfacet
facet normal -0.323063 0.610663 0.722995
  outer loop
    vertex -0.01725539178258401 0.02201477879456834 0.02859372254631699
    vertex -0.009462783985328752 0.02233210901357258 0.03180774475270003
    vertex -0.01177887720186662 0.0281622549016202 0.02584850964213441
  endloop
endfacet
facet normal 0.923305 0.35963 -0.134813
  outer loop
    vertex 0.03872983346207417 0.008660254037844385 -0.005000000000000004
    vertex 0.03460843982809331 0.01733320898774825 -0.01009037951973502
    vertex 0.03623025799647961 0.01695194400381635 -3.316940286428298e-17
  endloop
endfacet
facet normal -0.642516 -0.0477606 0.764782
  outer loop
    vertex -0.02960645494208451 -0.003230185995102617 0.02670250408106631
    vertex -0.02234760876298161 -0.006000593077950332 0.03262786026219866
    vertex -0.02301906166875539 0.002658600076053453 0.03260451878997212
  endloop
endfacet
facet normal -0.13266 0.33258 0.933698
  outer loop
    vertex -0.00222520933956313 0.009749279121818239 0.03872983346207417
    vertex -0.003133758845278902 0.0174389846465081 0.03586169781254774
    vertex -0.01010522352314924 0.01267154950124537 0.03656933538888394
  endloop
endfacet
facet normal -0.354094 -0.760861 0.54379
  outer loop
    vertex -0.009438143169571854 -0.03151530216024443 0.02275317962965082
    vertex -0.01744936688560956 -0.02720668231643414 0.02356514444309693
    vertex -0.01515638619471615 -0.03265220596199222 0.01743896222062132
  endloop
endfacet
facet normal 0.610407 0.080065 -0.788031
  outer loop
    vertex 0.02012622507487546 -4.929503423373087e-18 -0.03456783279633616
    vertex 0.02568161957990018 0.008833013201405436 -0.0293671975771793
    vertex 0.02843860391495425 -6.965449051333622e-18 -0.02812909183333775
  endloop
endfacet
facet normal 0.267875 -0.835841 0.479179
  outer loop
    vertex 0.01527158765846562 -0.03255377499109111 0.01752228136457156
    vertex 0.009314365152733728 -0.031151311324779 0.0232988927751564
    vertex 0.007038675101573623 -0.03563799772967109 0.01674485504966963
  endloop
endfacet
facet normal -0.268776 -0.84121 0.469176
  outer loop
    vertex -0.007058581604784346 -0.0356728212735269 0.01666212015667894
    vertex -0.009438143169571854 -0.03151530216024443 0.02275317962965082
    vertex -0.01515638619471615 -0.03265220596199222 0.01743896222062132
  endloop
endfacet
facet normal 0.857835 0.147984 -0.492158
  outer loop
    vertex 0.03105663493517704 0.009079039471107067 -0.0235171526504639
    vertex 0.03623025799647966 0.008475972001908107 -0.01468081415083615
    vertex 0.03478599916048618 -8.520112505406385e-18 -0.01974675321177267
  endloop
endfacet
facet normal -0.690209 -0.710786 0.135624
  outer loop
    vertex -0.02735781326140813 -0.02735539966913492 0.01016032295233839
    vertex -0.03067782710319715 -0.02548395050417538 0.003072326630923517
    vertex -0.02454450176443754 -0.03142893022833447 0.003128862067590444
  endloop
endfacet
facet normal -0.607541 -0.768186 0.201953
  outer loop
    vertex -0.02735781326140813 -0.02735539966913492 0.01016032295233839
    vertex -0.02454450176443754 -0.03142893022833447 0.003128862067590444
    vertex -0.02043803387154851 -0.03272456637347114 0.01055412370278642
  endloop
endfacet
facet normal -0.541117 -0.399177 0.740169
  outer loop
    vertex -0.01826057016425305 -0.01360064595302827 0.03288729248413082
    vertex -0.02543097734955468 -0.01257729556600559 0.02819711026491497
    vertex -0.01928056284222223 -0.02052608085796138 0.02840668761224284
  endloop
endfacet
facet normal -0.682045 0.0306504 0.730667
  outer loop
    vertex -0.02869713960958566 0.006258996743849939 0.02715325280677116
    vertex -0.02960645494208451 -0.003230185995102617 0.02670250408106631
    vertex -0.02301906166875539 0.002658600076053453 0.03260451878997212
  endloop
endfacet
facet normal -0.536874 -0.574706 -0.61764
  outer loop
    vertex -0.02031683641344948 -0.02698914611194004 -0.02141990080036519
    vertex -0.02567781653617322 -0.02017915317708022 -0.02309656933378986
    vertex -0.01821256157739408 -0.02130690383755272 -0.02853626551682806
  endloop
endfacet
facet normal 0.735091 -0.361326 0.57366
  outer loop
    vertex 0.02538224856565678 -0.01681481858466084 0.02594230779472325
    vertex 0.03240719183767076 -0.01466808214794021 0.01829265654019895
    vertex 0.03094253268253875 -0.009172131373777677 0.02363115903319565
  endloop
endfacet
facet normal -0.463933 -0.0984613 -0.880382
  outer loop
    vertex -0.01561454953955044 0.0006226605392915205 -0.03682116424734197
    vertex -0.01686258319209078 -0.009336870525738313 -0.03504962391917232
    vertex -0.0233675042377801 -0.003333942587269695 -0.03229310410168274
  endloop
endfacet
facet normal 0.464405 -0.733587 0.496164
  outer loop
    vertex 0.02280438783819039 -0.02799332208444521 0.01721434907284926
    vertex 0.01696519850614571 -0.02699795832539913 0.0241514447995784
    vertex 0.01527158765846562 -0.03255377499109111 0.01752228136457156
  endloop
endfacet
facet normal -0.205911 0.658288 0.724057
  outer loop
    vertex -0.009462783985328752 0.02233210901357258 0.03180774475270003
    vertex -0.003481168786005726 0.02796145357393887 0.02839081854959101
    vertex -0.01177887720186662 0.0281622549016202 0.02584850964213441
  endloop
endfacet
facet normal -0.587335 0.770517 0.247671
  outer loop
    vertex -0.02160941566971336 0.03314102509573815 0.005891146748910676
    vertex -0.02733428685921321 0.02765171122907279 0.009392530436587039
    vertex -0.02093809160501638 0.03097926700585783 0.0142084951954706
  endloop
endfacet
facet normal -0.641742 0.755043 0.134454
  outer loop
    vertex -0.02160941566971336 0.03314102509573815 0.005891146748910676
    vertex -0.02738769323347374 0.0291433507140174 0.0007611626034679475
    vertex -0.02733428685921321 0.02765171122907279 0.009392530436587039
  endloop
endfacet
facet normal 0.356415 0.491128 0.794835
  outer loop
    vertex 0.009861034471366751 0.0222569675825881 0.03173936661595721
    vertex 0.01460182730132253 0.015071453208439 0.03405345705869209
    vertex 0.01783974314589538 0.02148086862596626 0.02864115653325573
  endloop
endfacet
facet normal 0.531413 -0.498461 0.684936
  outer loop
    vertex 0.01736301323157769 -0.01861015125007524 0.03085754432824136
    vertex 0.02306079813219978 -0.02291705582309821 0.02330253509614204
    vertex 0.02538224856565678 -0.01681481858466084 0.02594230779472325
  endloop
endfacet
facet normal 0.924963 0.066085 -0.374268
  outer loop
    vertex 0.03478599916048618 -8.520112505406385e-18 -0.01974675321177267
    vertex 0.03623025799647966 0.008475972001908107 -0.01468081415083615
    vertex 0.03872983346207417 -9.486073316167836e-18 -0.01000000000000002
  endloop
endfacet
facet normal 0.957442 0.144313 -0.249958
  outer loop
    vertex 0.03872983346207417 -9.486073316167836e-18 -0.01000000000000002
    vertex 0.03623025799647966 0.008475972001908107 -0.01468081415083615
    vertex 0.03872983346207417 0.008660254037844385 -0.005000000000000004
  endloop
endfacet
facet normal -0.480113 0.838788 0.256761
  outer loop
    vertex -0.01467368384571289 0.03567282127352123 0.01058927876597246
    vertex -0.02160941566971336 0.03314102509573815 0.005891146748910676
    vertex -0.02093809160501638 0.03097926700585783 0.0142084951954706
  endloop
endfacet
facet normal 0.957734 -0.143828 -0.249117
  outer loop
    vertex 0.03872983346207417 -0.008660254037844409 -0.004999999999999959
    vertex 0.03625607053408821 -0.00838327042235722 -0.01467031446332529
    vertex 0.03872983346207417 -9.486073316167836e-18 -0.01000000000000002
  endloop
endfacet
facet normal -0.477737 -0.850411 -0.220382
  outer loop
    vertex -0.01455819914889172 -0.03589096311497977 -0.009994878899735087
    vertex -0.02032241874266022 -0.03423073741221067 -0.003905881803671686
    vertex -0.02195363279173842 -0.03123182483422281 -0.01194198998366399
  endloop
endfacet
facet normal -0.476494 0.279395 -0.833602
  outer loop
    vertex -0.01402036277418984 0.0102336898611579 -0.03603749463414106
    vertex -0.02226674408734401 0.006410661078850115 -0.03260514579450378
    vertex -0.02049493272926721 0.01596200229483732 -0.03041664371955623
  endloop
endfacet
facet normal 0.925062 -0.0644434 -0.374308
  outer loop
    vertex 0.03872983346207417 -9.486073316167836e-18 -0.01000000000000002
    vertex 0.03625607053408821 -0.00838327042235722 -0.01467031446332529
    vertex 0.03478599916048618 -8.520112505406385e-18 -0.01974675321177267
  endloop
endfacet
facet normal 0.871443 0.475052 -0.122116
  outer loop
    vertex 0.03623025799647961 0.01695194400381635 -3.316940286428298e-17
    vertex 0.03460843982809331 0.01733320898774825 -0.01009037951973502
    vertex 0.03216259905444149 0.02353431060075577 -0.003421030051080156
  endloop
endfacet
facet normal -0.590745 0.805996 0.037306
  outer loop
    vertex -0.02160941566971336 0.03314102509573815 0.005891146748910676
    vertex -0.02133007061034303 0.03373857629804751 -0.002595487842122917
    vertex -0.02738769323347374 0.0291433507140174 0.0007611626034679475
  endloop
endfacet
facet normal 0.665327 -0.663465 -0.342276
  outer loop
    vertex 0.02609789434556377 -0.02905513681245746 -0.00864285459423964
    vertex 0.0240151940904968 -0.02595997673385234 -0.01869090850583815
    vertex 0.02996950098715633 -0.0220766873875764 -0.01464407335996584
  endloop
endfacet
facet normal -0.695978 -0.718057 -0.00305051
  outer loop
    vertex -0.03067782710319715 -0.02548395050417538 0.003072326630923517
    vertex -0.02795326012193826 -0.02808855916545717 -0.005445006204208469
    vertex -0.02454450176443754 -0.03142893022833447 0.003128862067590444
  endloop
endfacet
facet normal -0.62518 0.168038 0.762176
  outer loop
    vertex -0.02266119152367818 0.01109603327893767 0.03103785501931285
    vertex -0.02869713960958566 0.006258996743849939 0.02715325280677116
    vertex -0.02301906166875539 0.002658600076053453 0.03260451878997212
  endloop
endfacet
facet normal -0.417264 -0.449537 0.789815
  outer loop
    vertex -0.01826057016425305 -0.01360064595302827 0.03288729248413082
    vertex -0.01928056284222223 -0.02052608085796138 0.02840668761224284
    vertex -0.0122735729600073 -0.01965463714425275 0.03260451878993367
  endloop
endfacet
facet normal -0.246302 -0.932873 -0.262836
  outer loop
    vertex -0.007818314824680333 -0.03872983346207417 -0.006234898018587291
    vertex -0.01455819914889172 -0.03589096311497977 -0.009994878899735087
    vertex -0.00706773546455881 -0.03658971372714682 -0.01453409662718882
  endloop
endfacet
facet normal -0.435385 0.763849 -0.476419
  outer loop
    vertex -0.01312478130630108 0.03082944995658461 -0.02184685631930176
    vertex -0.02139317023892764 0.02740423609918689 -0.01978231813889067
    vertex -0.01726413102481764 0.03301336540104041 -0.01456253703361187
  endloop
endfacet
facet normal 0.61076 -0.0725264 -0.788487
  outer loop
    vertex 0.02843860391495425 -6.965449051333622e-18 -0.02812909183333775
    vertex 0.02379152892259979 -0.008843695089026731 -0.0309152423360617
    vertex 0.02012622507487546 -4.929503423373087e-18 -0.03456783279633616
  endloop
endfacet
facet normal -0.732192 0.606249 0.310414
  outer loop
    vertex -0.03242997387711527 0.02086618550010607 0.01062539867509848
    vertex -0.026721926648464 0.02468510896467402 0.01663081572251585
    vertex -0.02733428685921321 0.02765171122907279 0.009392530436587039
  endloop
endfacet
facet normal -0.389149 -0.739953 -0.548665
  outer loop
    vertex -0.01408998473094382 -0.0328950206129326 -0.0178714842460415
    vertex -0.02031683641344948 -0.02698914611194004 -0.02141990080036519
    vertex -0.01223671550162358 -0.02790852393701794 -0.02591094528166083
  endloop
endfacet
facet normal 0.186523 -0.444643 0.876072
  outer loop
    vertex 0.003606512519556413 -0.01580116377562546 0.03656933538884929
    vertex 0.009149592707262367 -0.02129444607062817 0.03260109691155069
    vertex 0.01120158582570203 -0.01512695587176923 0.03529447096986974
  endloop
endfacet
facet normal -0.124389 -0.958024 -0.258296
  outer loop
    vertex -0.007818314824680333 -0.03872983346207417 -0.006234898018587291
    vertex -0.00706773546455881 -0.03658971372714682 -0.01453409662718882
    vertex -2.449293598294706e-18 -0.03872983346207417 -0.01
  endloop
endfacet
facet normal -0.961827 -0.118735 -0.246556
  outer loop
    vertex -0.03872983346207417 2.449293598294706e-18 -0.01
    vertex -0.0369302363924089 -0.005751369654256222 -0.01425059251753757
    vertex -0.03872983346207417 -0.007818314824680294 -0.006234898018587341
  endloop
endfacet
facet normal -0.957784 0.124736 -0.259018
  outer loop
    vertex -0.03872983346207417 0.007818314824680333 -0.006234898018587291
    vertex -0.03656933538888318 0.007032179441864568 -0.01460247107556778
    vertex -0.03872983346207417 2.449293598294706e-18 -0.01
  endloop
endfacet
facet normal -0.631415 0.770861 -0.0841903
  outer loop
    vertex -0.02133007061034303 0.03373857629804751 -0.002595487842122917
    vertex -0.02621935578002709 0.02915260028923362 -0.007916519365007337
    vertex -0.02738769323347374 0.0291433507140174 0.0007611626034679475
  endloop
endfacet
facet normal 0.201872 -0.931704 0.301952
  outer loop
    vertex 0.01267154950109196 -0.03656933538885573 0.01010522352344373
    vertex 0.007038675101573623 -0.03563799772967109 0.01674485504966963
    vertex 0.004338837391175594 -0.03872983346207417 0.009009688679024184
  endloop
endfacet
facet normal 0.624792 -0.758038 0.187117
  outer loop
    vertex 0.02064846633637892 -0.03263251333028271 0.01042880202632822
    vertex 0.02584890740794206 -0.03047179034145354 0.001817685121834013
    vertex 0.028263700686803 -0.0264288798544947 0.01013299230846922
  endloop
endfacet
facet normal 0.298029 0.880702 0.368161
  outer loop
    vertex 0.007122362288739172 0.03661337670519064 0.01444758117027725
    vertex 0.0136860145019424 0.03264408162171188 0.0186294643542866
    vertex 0.01459531609806862 0.03572314114706503 0.01052776968708607
  endloop
endfacet
facet normal 0.9579 -0.14355 0.248636
  outer loop
    vertex 0.03872983346207337 -3.518389858936468e-18 0.01000000000000155
    vertex 0.03627062327056181 -0.008478998241603929 0.01457904236854594
    vertex 0.03872983346207417 -0.008660254037844385 0.005000000000000004
  endloop
endfacet
facet normal 0.957618 0.144021 0.249452
  outer loop
    vertex 0.03872983346207417 0.008660254037844404 0.00499999999999997
    vertex 0.036246256069625 0.008331302241211286 0.01472407293858465
    vertex 0.03872983346207337 -3.518389858936468e-18 0.01000000000000155
  endloop
endfacet
facet normal 0.184173 -0.31282 0.931785
  outer loop
    vertex 0.003606512519556413 -0.01580116377562546 0.03656933538884929
    vertex 0.01120158582570203 -0.01512695587176923 0.03529447096986974
    vertex 0.006234898018587291 -0.007818314824680333 0.03872983346207417
  endloop
endfacet
facet normal 0.224767 -0.957784 0.179246
  outer loop
    vertex 0.009749279121818237 -0.03872983346207417 0.002225209339563139
    vertex 0.01267154950109196 -0.03656933538885573 0.01010522352344373
    vertex 0.004338837391175594 -0.03872983346207417 0.009009688679024184
  endloop
endfacet
facet normal 0.115317 -0.964034 -0.239459
  outer loop
    vertex -2.449293598294706e-18 -0.03872983346207417 -0.01
    vertex 0.006821453536953012 -0.03707606154126448 -0.01337286178166665
    vertex 0.007818314824680294 -0.03872983346207417 -0.006234898018587341
  endloop
endfacet
facet normal 0.278314 -0.958387 -0.0635233
  outer loop
    vertex 0.007818314824680294 -0.03872983346207417 -0.006234898018587341
    vertex 0.01557164411658751 -0.03662579374597275 -0.004009380498756585
    vertex 0.009749279121818237 -0.03872983346207417 0.002225209339563139
  endloop
endfacet
facet normal 0.248238 0.93276 0.261414
  outer loop
    vertex 0.007122362288739172 0.03661337670519064 0.01444758117027725
    vertex 0.01459531609806862 0.03572314114706503 0.01052776968708607
    vertex 0.007818314824680294 0.03872983346207417 0.006234898018587341
  endloop
endfacet
facet normal -0.409359 0.494386 -0.766816
  outer loop
    vertex -0.01143012033703513 0.01907204519260434 -0.03325070587599839
    vertex -0.02049493272926721 0.01596200229483732 -0.03041664371955623
    vertex -0.01693343830809208 0.02406992407182229 -0.02709054119508781
  endloop
endfacet
facet normal 0.404951 -0.624733 -0.667625
  outer loop
    vertex 0.01486777118811353 -0.02148695017801198 -0.03028630634371798
    vertex 0.02078241104683818 -0.02357846236421031 -0.02474161481431186
    vertex 0.01227270342365678 -0.02818543312284546 -0.02559222753791801
  endloop
endfacet
facet normal 0.273657 0.781474 0.560724
  outer loop
    vertex 0.006358231574051451 0.03285411904090894 0.02191300420518648
    vertex 0.0121537838601399 0.02799497920725702 0.0258566563396401
    vertex 0.0136860145019424 0.03264408162171188 0.0186294643542866
  endloop
endfacet
facet normal 0.176799 -0.707196 -0.684556
  outer loop
    vertex 0.005409505674710397 -0.02457953986109822 -0.03108992551570298
    vertex 0.01227270342365678 -0.02818543312284546 -0.02559222753791801
    vertex 0.003399798722311073 -0.03132802128617855 -0.02463729796346417
  endloop
endfacet
facet normal 0.294368 -0.879834 0.373148
  outer loop
    vertex 0.01267154950109196 -0.03656933538885573 0.01010522352344373
    vertex 0.01527158765846562 -0.03255377499109111 0.01752228136457156
    vertex 0.007038675101573623 -0.03563799772967109 0.01674485504966963
  endloop
endfacet
facet normal -0.567989 -0.456469 -0.684854
  outer loop
    vertex -0.02567781653617322 -0.02017915317708022 -0.02309656933378986
    vertex -0.02301377662423477 -0.0133001305721248 -0.02989101223201143
    vertex -0.01821256157739408 -0.02130690383755272 -0.02853626551682806
  endloop
endfacet
facet normal 9.16072e-16 0.958108 -0.286407
  outer loop
    vertex 0.004338837391175594 0.03872983346207417 -0.009009688679024184
    vertex -1.996886011788674e-05 0.03659668250946074 -0.01614566290204142
    vertex -0.004338837391175535 0.03872983346207417 -0.009009688679024212
  endloop
endfacet
facet normal -0.0458442 -0.764041 -0.643536
  outer loop
    vertex -0.003536146689108548 -0.02693117903593885 -0.02936336599110045
    vertex 0.003399798722311073 -0.03132802128617855 -0.02463729796346417
    vertex -0.005579333197934069 -0.03263568386093708 -0.02244511483587022
  endloop
endfacet
facet normal -0.436699 0.144831 -0.887873
  outer loop
    vertex -0.01402036277418984 0.0102336898611579 -0.03603749463414106
    vertex -0.01561454953955044 0.0006226605392915205 -0.03682116424734197
    vertex -0.02226674408734401 0.006410661078850115 -0.03260514579450378
  endloop
endfacet
facet normal 0.224767 0.957784 -0.179246
  outer loop
    vertex 0.009749279121818237 0.03872983346207417 -0.002225209339563139
    vertex 0.01267154950124536 0.03656933538888395 -0.01010522352314924
    vertex 0.004338837391175594 0.03872983346207417 -0.009009688679024184
  endloop
endfacet
facet normal 0.351509 -0.759785 0.546963
  outer loop
    vertex 0.01527158765846562 -0.03255377499109111 0.01752228136457156
    vertex 0.01696519850614571 -0.02699795832539913 0.0241514447995784
    vertex 0.009314365152733728 -0.031151311324779 0.0232988927751564
  endloop
endfacet
facet normal 0.924496 -0.0653217 0.375552
  outer loop
    vertex 0.03473184707538332 -8.506849069868709e-18 0.01984184464036011
    vertex 0.03627062327056181 -0.008478998241603929 0.01457904236854594
    vertex 0.03872983346207337 -3.518389858936468e-18 0.01000000000000155
  endloop
endfacet
facet normal 0.924655 0.0626568 0.375616
  outer loop
    vertex 0.03872983346207337 -3.518389858936468e-18 0.01000000000000155
    vertex 0.036246256069625 0.008331302241211286 0.01472407293858465
    vertex 0.03473184707538332 -8.506849069868709e-18 0.01984184464036011
  endloop
endfacet
facet normal -0.790916 -0.136402 0.596529
  outer loop
    vertex -0.02960645494208451 -0.003230185995102617 0.02670250408106631
    vertex -0.03397715272920272 -0.004189685396623051 0.02068815189169289
    vertex -0.03162210595285432 -0.009406209559884119 0.02261781680052255
  endloop
endfacet
facet normal 0.672218 -0.4942 0.551261
  outer loop
    vertex 0.02538224856565678 -0.01681481858466084 0.02594230779472325
    vertex 0.02306079813219978 -0.02291705582309821 0.02330253509614204
    vertex 0.02868592953219365 -0.02159625502741442 0.01762722938141152
  endloop
endfacet
facet normal -0.297687 -0.886283 -0.354802
  outer loop
    vertex -0.01455819914889172 -0.03589096311497977 -0.009994878899735087
    vertex -0.01408998473094382 -0.0328950206129326 -0.0178714842460415
    vertex -0.00706773546455881 -0.03658971372714682 -0.01453409662718882
  endloop
endfacet
facet normal 0.923855 -0.29589 0.242778
  outer loop
    vertex 0.03872983346207417 -0.008660254037844385 0.005000000000000004
    vertex 0.03627062327056181 -0.008478998241603929 0.01457904236854594
    vertex 0.03468212574013094 -0.0173359890074208 0.009829223737423644
  endloop
endfacet
facet normal -0.47016 -0.739664 0.481505
  outer loop
    vertex -0.01515638619471615 -0.03265220596199222 0.01743896222062132
    vertex -0.01744936688560956 -0.02720668231643414 0.02356514444309693
    vertex -0.02310040661944159 -0.0277626960647789 0.01719313587543497
  endloop
endfacet
facet normal -0.114782 0.930574 -0.347645
  outer loop
    vertex -1.996886011788674e-05 0.03659668250946074 -0.01614566290204142
    vertex -0.009222809641329998 0.03570256498874831 -0.01550053662116231
    vertex -0.004338837391175535 0.03872983346207417 -0.009009688679024212
  endloop
endfacet
facet normal 0.017895 0.668444 0.743547
  outer loop
    vertex -0.003481168786005726 0.02796145357393887 0.02839081854959101
    vertex 0.001422852066773282 0.02319857846124057 0.03255459183239354
    vertex 0.004533498657207848 0.02837678543579053 0.02782454740433707
  endloop
endfacet
facet normal 0.928319 0.278307 0.246512
  outer loop
    vertex 0.03529746766106541 0.01645875106622009 0.00912130966781859
    vertex 0.036246256069625 0.008331302241211286 0.01472407293858465
    vertex 0.03872983346207417 0.008660254037844404 0.00499999999999997
  endloop
endfacet
facet normal -0.31932 0.686604 -0.653154
  outer loop
    vertex -0.008064745700802149 0.0266170310069772 -0.02874880062115648
    vertex -0.01693343830809208 0.02406992407182229 -0.02709054119508781
    vertex -0.01312478130630108 0.03082944995658461 -0.02184685631930176
  endloop
endfacet
facet normal -0.773695 -0.614309 -0.154984
  outer loop
    vertex -0.02795326012193826 -0.02808855916545717 -0.005445006204208469
    vertex -0.03313055770163158 -0.022240567352728 -0.002779084418946178
    vertex -0.03229129807315388 -0.021590263706903 -0.009546338660298829
  endloop
endfacet
facet normal 0.928077 -0.280063 -0.245433
  outer loop
    vertex 0.03508603559892728 -0.01650362622531558 -0.009828551641309273
    vertex 0.03625607053408821 -0.00838327042235722 -0.01467031446332529
    vertex 0.03872983346207417 -0.008660254037844409 -0.004999999999999959
  endloop
endfacet
facet normal 0.408922 -0.854829 0.319453
  outer loop
    vertex 0.01267154950109196 -0.03656933538885573 0.01010522352344373
    vertex 0.02064846633637892 -0.03263251333028271 0.01042880202632822
    vertex 0.01527158765846562 -0.03255377499109111 0.01752228136457156
  endloop
endfacet
facet normal 0.621564 0.584915 -0.521089
  outer loop
    vertex 0.02236088178104783 0.02749500917825968 -0.01854765312004241
    vertex 0.02880248746352957 0.02072015302154438 -0.01846867549871965
    vertex 0.02246616546795428 0.0214682748807054 -0.02518699233360292
  endloop
endfacet
facet normal -0.427444 -0.640605 -0.6379
  outer loop
    vertex -0.02031683641344948 -0.02698914611194004 -0.02141990080036519
    vertex -0.01821256157739408 -0.02130690383755272 -0.02853626551682806
    vertex -0.01223671550162358 -0.02790852393701794 -0.02591094528166083
  endloop
endfacet
facet normal 0.340636 0.931301 -0.129016
  outer loop
    vertex 0.009749279121818237 0.03872983346207417 -0.002225209339563139
    vertex 0.0177559312275882 0.03574787213783765 -0.002610851174994256
    vertex 0.01267154950124536 0.03656933538888395 -0.01010522352314924
  endloop
endfacet
facet normal 0.327117 -0.467481 0.821253
  outer loop
    vertex 0.009149592707262367 -0.02129444607062817 0.03260109691155069
    vertex 0.01736301323157769 -0.01861015125007524 0.03085754432824136
    vertex 0.01120158582570203 -0.01512695587176923 0.03529447096986974
  endloop
endfacet
facet normal -0.219707 0.83434 -0.505575
  outer loop
    vertex -0.004232585453704785 0.03260234112609925 -0.02278535875237747
    vertex -0.01312478130630108 0.03082944995658461 -0.02184685631930176
    vertex -0.009222809641329998 0.03570256498874831 -0.01550053662116231
  endloop
endfacet
facet normal 0.4903 -0.784179 0.380354
  outer loop
    vertex 0.02064846633637892 -0.03263251333028271 0.01042880202632822
    vertex 0.02280438783819039 -0.02799332208444521 0.01721434907284926
    vertex 0.01527158765846562 -0.03255377499109111 0.01752228136457156
  endloop
endfacet
facet normal 0.603934 0.60377 0.520313
  outer loop
    vertex 0.02602303723043388 0.01975493008839019 0.0230769207327639
    vertex 0.02677658812253951 0.02486083317438817 0.0162773862272515
    vertex 0.01984180440962691 0.02703693330064347 0.0218015374564884
  endloop
endfacet
facet normal -0.222969 0.858362 0.46206
  outer loop
    vertex -0.0136291178172238 0.0326522059618435 0.01865691810963389
    vertex -0.005866927073835129 0.0327946630616841 0.02213795928672995
    vertex -0.007122686947294649 0.0366271930174676 0.01441235797196322
  endloop
endfacet
facet normal 0.419123 0.640787 0.643217
  outer loop
    vertex 0.0121537838601399 0.02799497920725702 0.0258566563396401
    vertex 0.01783974314589538 0.02148086862596626 0.02864115653325573
    vertex 0.01984180440962691 0.02703693330064347 0.0218015374564884
  endloop
endfacet
facet normal -0.33778 -0.123641 -0.933069
  outer loop
    vertex -0.01561454953955044 0.0006226605392915205 -0.03682116424734197
    vertex -0.007755702730402713 -0.005006244464347236 -0.03892025939688502
    vertex -0.01686258319209078 -0.009336870525738313 -0.03504962391917232
  endloop
endfacet
facet normal 0.444287 0.729505 -0.520031
  outer loop
    vertex 0.02236088178104783 0.02749500917825968 -0.01854765312004241
    vertex 0.01581510364468408 0.02674827909103025 -0.02518753783870616
    vertex 0.01471428708944276 0.03257530569048009 -0.01795380780283764
  endloop
endfacet
facet normal -0.209484 -0.719275 0.66239
  outer loop
    vertex -0.009438143169571854 -0.03151530216024443 0.02275317962965082
    vertex -0.003691248857783382 -0.0295752588464609 0.02667730769839321
    vertex -0.01192283289689409 -0.02596702246819718 0.02799213817929747
  endloop
endfacet
facet normal -0.39213 0.379187 -0.838124
  outer loop
    vertex -0.01143012033703513 0.01907204519260434 -0.03325070587599839
    vertex -0.01402036277418984 0.0102336898611579 -0.03603749463414106
    vertex -0.02049493272926721 0.01596200229483732 -0.03041664371955623
  endloop
endfacet
facet normal 0.265493 -0.620154 -0.738189
  outer loop
    vertex 0.005409505674710397 -0.02457953986109822 -0.03108992551570298
    vertex 0.01486777118811353 -0.02148695017801198 -0.03028630634371798
    vertex 0.01227270342365678 -0.02818543312284546 -0.02559222753791801
  endloop
endfacet
facet normal 0.0452807 -0.697389 -0.715261
  outer loop
    vertex -0.003536146689108548 -0.02693117903593885 -0.02936336599110045
    vertex 0.005409505674710397 -0.02457953986109822 -0.03108992551570298
    vertex 0.003399798722311073 -0.03132802128617855 -0.02463729796346417
  endloop
endfacet
facet normal 0.608196 -0.731941 0.307181
  outer loop
    vertex 0.02064846633637892 -0.03263251333028271 0.01042880202632822
    vertex 0.028263700686803 -0.0264288798544947 0.01013299230846922
    vertex 0.02280438783819039 -0.02799332208444521 0.01721434907284926
  endloop
endfacet
facet normal -0.180567 0.562119 -0.807104
  outer loop
    vertex -0.008064745700802149 0.0266170310069772 -0.02874880062115648
    vertex -0.00212428962453936 0.02116137096238991 -0.03387748179223473
    vertex -0.01143012033703513 0.01907204519260434 -0.03325070587599839
  endloop
endfacet
facet normal -0.226141 -0.853642 -0.469208
  outer loop
    vertex -0.01408998473094382 -0.0328950206129326 -0.0178714842460415
    vertex -0.005579333197934069 -0.03263568386093708 -0.02244511483587022
    vertex -0.00706773546455881 -0.03658971372714682 -0.01453409662718882
  endloop
endfacet
facet normal 0.410798 0.851332 -0.326313
  outer loop
    vertex 0.02078952211385126 0.03261291634275696 -0.01020751967414344
    vertex 0.01471428708944276 0.03257530569048009 -0.01795380780283764
    vertex 0.01267154950124536 0.03656933538888395 -0.01010522352314924
  endloop
endfacet
facet normal 0.00165361 -0.595894 -0.803062
  outer loop
    vertex -0.003536146689108548 -0.02693117903593885 -0.02936336599110045
    vertex -0.00163349699588554 -0.01942888609253127 -0.03492635212512005
    vertex 0.005409505674710397 -0.02457953986109822 -0.03108992551570298
  endloop
endfacet
facet normal 0.00733047 0.854809 -0.518891
  outer loop
    vertex -1.996886011788674e-05 0.03659668250946074 -0.01614566290204142
    vertex 0.004850971430179777 0.03257985445915081 -0.02269407763281271
    vertex -0.004232585453704785 0.03260234112609925 -0.02278535875237747
  endloop
endfacet
facet normal 0.670178 -0.640385 0.375191
  outer loop
    vertex 0.028263700686803 -0.0264288798544947 0.01013299230846922
    vertex 0.02868592953219365 -0.02159625502741442 0.01762722938141152
    vertex 0.02280438783819039 -0.02799332208444521 0.01721434907284926
  endloop
endfacet
facet normal 0.50914 0.641288 -0.574044
  outer loop
    vertex 0.02236088178104783 0.02749500917825968 -0.01854765312004241
    vertex 0.02246616546795428 0.0214682748807054 -0.02518699233360292
    vertex 0.01581510364468408 0.02674827909103025 -0.02518753783870616
  endloop
endfacet
facet normal -0.308287 0.585074 -0.750098
  outer loop
    vertex -0.008064745700802149 0.0266170310069772 -0.02874880062115648
    vertex -0.01143012033703513 0.01907204519260434 -0.03325070587599839
    vertex -0.01693343830809208 0.02406992407182229 -0.02709054119508781
  endloop
endfacet
facet normal -0.589812 0.282733 -0.756429
  outer loop
    vertex -0.02226674408734401 0.006410661078850115 -0.03260514579450378
    vertex -0.02773289254486907 0.01134402200473328 -0.02649905348971681
    vertex -0.02049493272926721 0.01596200229483732 -0.03041664371955623
  endloop
endfacet
facet normal -0.305068 0.127554 -0.94375
  outer loop
    vertex -0.01402036277418984 0.0102336898611579 -0.03603749463414106
    vertex -0.00673758888095288 0.004313215080256536 -0.03919184955756373
    vertex -0.01561454953955044 0.0006226605392915205 -0.03682116424734197
  endloop
endfacet
facet normal 0.384923 0.736935 0.555662
  outer loop
    vertex 0.0121537838601399 0.02799497920725702 0.0258566563396401
    vertex 0.01984180440962691 0.02703693330064347 0.0218015374564884
    vertex 0.0136860145019424 0.03264408162171188 0.0186294643542866
  endloop
endfacet
facet normal -0.26502 0.785818 0.558797
  outer loop
    vertex -0.01177887720186662 0.0281622549016202 0.02584850964213441
    vertex -0.005866927073835129 0.0327946630616841 0.02213795928672995
    vertex -0.0136291178172238 0.0326522059618435 0.01865691810963389
  endloop
endfacet
facet normal -0.33305 -0.593012 -0.733085
  outer loop
    vertex -0.01821256157739408 -0.02130690383755272 -0.02853626551682806
    vertex -0.009536410867642075 -0.02128131260728703 -0.03249865537948369
    vertex -0.01223671550162358 -0.02790852393701794 -0.02591094528166083
  endloop
endfacet
facet normal -0.117675 0.882151 -0.456029
  outer loop
    vertex -1.996886011788674e-05 0.03659668250946074 -0.01614566290204142
    vertex -0.004232585453704785 0.03260234112609925 -0.02278535875237747
    vertex -0.009222809641329998 0.03570256498874831 -0.01550053662116231
  endloop
endfacet
facet normal -0.272481 -0.788256 -0.551731
  outer loop
    vertex -0.01408998473094382 -0.0328950206129326 -0.0178714842460415
    vertex -0.01223671550162358 -0.02790852393701794 -0.02591094528166083
    vertex -0.005579333197934069 -0.03263568386093708 -0.02244511483587022
  endloop
endfacet
facet normal -0.786757 0.479095 -0.389205
  outer loop
    vertex -0.03262515870317197 0.01460051746310656 -0.01795616633366829
    vertex -0.03390015315872977 0.0181658825480624 -0.01099001033050772
    vertex -0.02856948371453264 0.02355218792967894 -0.01513535741269892
  endloop
endfacet
facet normal 0.427854 0.882894 -0.193493
  outer loop
    vertex 0.0177559312275882 0.03574787213783765 -0.002610851174994256
    vertex 0.02078952211385126 0.03261291634275696 -0.01020751967414344
    vertex 0.01267154950124536 0.03656933538888395 -0.01010522352314924
  endloop
endfacet
facet normal -0.373064 -0.560806 0.739135
  outer loop
    vertex -0.01928056284222223 -0.02052608085796138 0.02840668761224284
    vertex -0.01192283289689409 -0.02596702246819718 0.02799213817929747
    vertex -0.0122735729600073 -0.01965463714425275 0.03260451878993367
  endloop
endfacet
facet normal 0.821135 -0.443925 -0.358704
  outer loop
    vertex 0.02996950098715633 -0.0220766873875764 -0.01464407335996584
    vertex 0.03196646178494513 -0.01508837612312345 -0.01872127738480472
    vertex 0.03508603559892728 -0.01650362622531558 -0.009828551641309273
  endloop
endfacet
facet normal -0.178318 -0.732678 -0.656799
  outer loop
    vertex -0.01223671550162358 -0.02790852393701794 -0.02591094528166083
    vertex -0.003536146689108548 -0.02693117903593885 -0.02936336599110045
    vertex -0.005579333197934069 -0.03263568386093708 -0.02244511483587022
  endloop
endfacet
facet normal -0.215881 0.755057 -0.619099
  outer loop
    vertex -0.004232585453704785 0.03260234112609925 -0.02278535875237747
    vertex -0.008064745700802149 0.0266170310069772 -0.02874880062115648
    vertex -0.01312478130630108 0.03082944995658461 -0.02184685631930176
  endloop
endfacet
facet normal -0.771317 0.636267 -0.0153157
  outer loop
    vertex -0.02738769323347374 0.0291433507140174 0.0007611626034679475
    vertex -0.03165698425661659 0.02381637190007735 -0.005533152563732149
    vertex -0.03255889873741027 0.02294454295161588 0.003669613296863645
  endloop
endfacet
facet normal -0.409916 -0.606249 0.681492
  outer loop
    vertex -0.01744936688560956 -0.02720668231643414 0.02356514444309693
    vertex -0.01192283289689409 -0.02596702246819718 0.02799213817929747
    vertex -0.01928056284222223 -0.02052608085796138 0.02840668761224284
  endloop
endfacet
facet normal -0.159249 0.44491 -0.881303
  outer loop
    vertex -0.00212428962453936 0.02116137096238991 -0.03387748179223473
    vertex -0.005396329607719867 0.0127804146186029 -0.0375172044393162
    vertex -0.01143012033703513 0.01907204519260434 -0.03325070587599839
  endloop
endfacet
facet normal -0.524438 0.176891 0.832871
  outer loop
    vertex -0.01666212015670046 0.007058581604850697 0.03567282127350372
    vertex -0.02266119152367818 0.01109603327893767 0.03103785501931285
    vertex -0.02301906166875539 0.002658600076053453 0.03260451878997212
  endloop
endfacet
facet normal -0.344191 -0.380475 0.858354
  outer loop
    vertex -0.01010522352321887 -0.01267154950133246 0.03656933538883452
    vertex -0.01826057016425305 -0.01360064595302827 0.03288729248413082
    vertex -0.0122735729600073 -0.01965463714425275 0.03260451878993367
  endloop
endfacet
facet normal 0.835949 0.290661 0.465517
  outer loop
    vertex 0.036246256069625 0.008331302241211286 0.01472407293858465
    vertex 0.03199883490822456 0.01701190395317997 0.0169313227009578
    vertex 0.03062803249727451 0.01034084109674201 0.02355823912684961
  endloop
endfacet
facet normal 0.541316 0.56806 0.619907
  outer loop
    vertex 0.01783974314589538 0.02148086862596626 0.02864115653325573
    vertex 0.02602303723043388 0.01975493008839019 0.0230769207327639
    vertex 0.01984180440962691 0.02703693330064347 0.0218015374564884
  endloop
endfacet
facet normal 0.489113 0.78147 -0.387394
  outer loop
    vertex 0.02078952211385126 0.03261291634275696 -0.01020751967414344
    vertex 0.02236088178104783 0.02749500917825968 -0.01854765312004241
    vertex 0.01471428708944276 0.03257530569048009 -0.01795380780283764
  endloop
endfacet
facet normal -0.189145 -0.519408 0.833331
  outer loop
    vertex -0.0122735729600073 -0.01965463714425275 0.03260451878993367
    vertex -0.005277831721673787 -0.02451793204009618 0.03116112162286395
    vertex -0.004870040674843122 -0.01742792374929965 0.0356728212735406
  endloop
endfacet
facet normal 0.923592 0.295624 -0.244098
  outer loop
    vertex 0.03623025799647966 0.008475972001908107 -0.01468081415083615
    vertex 0.03460843982809331 0.01733320898774825 -0.01009037951973502
    vertex 0.03872983346207417 0.008660254037844385 -0.005000000000000004
  endloop
endfacet
facet normal 0.241802 0.533865 -0.810259
  outer loop
    vertex 0.01503787507577765 0.02011413489353684 -0.03113332444005795
    vertex 0.009501841046183205 0.01644278504781662 -0.03520440081302856
    vertex 0.006778103050701767 0.02557202347512041 -0.03000214883007479
  endloop
endfacet
facet normal 0.56596 0.791333 0.231261
  outer loop
    vertex 0.02081843158013186 0.03115389756189026 0.01400098472417625
    vertex 0.02665909765333659 0.02861537879389726 0.008393605232058432
    vertex 0.02042606248785624 0.03398448576674195 0.005275480870243649
  endloop
endfacet
facet normal -0.718299 0.689082 -0.0959752
  outer loop
    vertex -0.02621935578002709 0.02915260028923362 -0.007916519365007337
    vertex -0.03165698425661659 0.02381637190007735 -0.005533152563732149
    vertex -0.02738769323347374 0.0291433507140174 0.0007611626034679475
  endloop
endfacet
facet normal -0.187148 -0.683905 0.705159
  outer loop
    vertex -0.01192283289689409 -0.02596702246819718 0.02799213817929747
    vertex -0.003691248857783382 -0.0295752588464609 0.02667730769839321
    vertex -0.005277831721673787 -0.02451793204009618 0.03116112162286395
  endloop
endfacet
facet normal -0.764462 -0.61418 0.195911
  outer loop
    vertex -0.02735781326140813 -0.02735539966913492 0.01016032295233839
    vertex -0.03272929774100263 -0.02074718871545916 0.009917017181891157
    vertex -0.03067782710319715 -0.02548395050417538 0.003072326630923517
  endloop
endfacet
facet normal 0.341541 -0.550023 0.762119
  outer loop
    vertex 0.009149592707262367 -0.02129444607062817 0.03260109691155069
    vertex 0.01123164283608945 -0.02586740004680429 0.02836772486508408
    vertex 0.01736301323157769 -0.01861015125007524 0.03085754432824136
  endloop
endfacet
facet normal 0.553887 -0.73986 -0.381858
  outer loop
    vertex 0.0240151940904968 -0.02595997673385234 -0.01869090850583815
    vertex 0.01978004875006386 -0.03274048551838943 -0.01169659264338251
    vertex 0.01800097149109211 -0.03058573801041782 -0.01845203662837714
  endloop
endfacet
facet normal -0.744299 -0.593746 0.305753
  outer loop
    vertex -0.02883486910643713 -0.02215320559635772 0.01666690749419767
    vertex -0.03272929774100263 -0.02074718871545916 0.009917017181891157
    vertex -0.02735781326140813 -0.02735539966913492 0.01016032295233839
  endloop
endfacet
facet normal -0.931264 -0.31295 -0.186574
  outer loop
    vertex -0.03872983346207417 -0.007818314824680294 -0.006234898018587341
    vertex -0.03559735576718336 -0.01362208322550528 -0.01213536612476054
    vertex -0.03632932524958225 -0.01622444664205333 -0.004116729049771172
  endloop
endfacet
facet normal 0.87172 -0.476184 0.115557
  outer loop
    vertex 0.03468212574013094 -0.0173359890074208 0.009829223737423644
    vertex 0.03210830380682429 -0.02361633752954752 0.003365327374737627
    vertex 0.03629365463605329 -0.0168148219896255 -0.000179985044085154
  endloop
endfacet
facet normal 0.486828 0.493712 -0.720588
  outer loop
    vertex 0.02246616546795428 0.0214682748807054 -0.02518699233360292
    vertex 0.02135160427043081 0.01529814922732904 -0.03016745970905228
    vertex 0.01503787507577765 0.02011413489353684 -0.03113332444005795
  endloop
endfacet
facet normal 0.747471 0.530624 0.399656
  outer loop
    vertex 0.03199883490822456 0.01701190395317997 0.0169313227009578
    vertex 0.03132965464253856 0.02206050516646174 0.01147984545975149
    vertex 0.02677658812253951 0.02486083317438817 0.0162773862272515
  endloop
endfacet
facet normal -0.527402 -0.849338 0.0217413
  outer loop
    vertex -0.02032241874266022 -0.03423073741221067 -0.003905881803671686
    vertex -0.01730365628177842 -0.03592417974858065 0.003168089120232961
    vertex -0.02454450176443754 -0.03142893022833447 0.003128862067590444
  endloop
endfacet
facet normal 0.0938104 -0.139652 -0.985747
  outer loop
    vertex 0.008055875881062187 -0.01051038947507496 -0.03774433171843362
    vertex 0.000441158232122893 -0.01137162927634259 -0.03834698719607132
    vertex 2.449293598294706e-18 -5.999039130647431e-34 -0.04
  endloop
endfacet
facet normal 0.0363996 0.617143 -0.786009
  outer loop
    vertex -0.00212428962453936 0.02116137096238991 -0.03387748179223473
    vertex -0.0005096618142202741 0.02859216185680408 -0.02796834863179168
    vertex 0.006778103050701767 0.02557202347512041 -0.03000214883007479
  endloop
endfacet
facet normal 0.680878 -0.289256 -0.672857
  outer loop
    vertex 0.03120638596505942 -0.008916095465102331 -0.02338086218805722
    vertex 0.02570755114445536 -0.01711428025810719 -0.02542092101797602
    vertex 0.02379152892259979 -0.008843695089026731 -0.0309152423360617
  endloop
endfacet
facet normal 0.849181 0.155637 0.504647
  outer loop
    vertex 0.03473184707538332 -8.506849069868709e-18 0.01984184464036011
    vertex 0.036246256069625 0.008331302241211286 0.01472407293858465
    vertex 0.03062803249727451 0.01034084109674201 0.02355823912684961
  endloop
endfacet
facet normal -0.179167 0.744139 0.64355
  outer loop
    vertex -0.003481168786005726 0.02796145357393887 0.02839081854959101
    vertex -0.005866927073835129 0.0327946630616841 0.02213795928672995
    vertex -0.01177887720186662 0.0281622549016202 0.02584850964213441
  endloop
endfacet
facet normal -0.663004 0.16826 -0.729462
  outer loop
    vertex -0.02925142744011803 0.002434102925326452 -0.02717405261760615
    vertex -0.02773289254486907 0.01134402200473328 -0.02649905348971681
    vertex -0.02226674408734401 0.006410661078850115 -0.03260514579450378
  endloop
endfacet
facet normal 0.806005 0.459897 -0.372627
  outer loop
    vertex 0.03460843982809331 0.01733320898774825 -0.01009037951973502
    vertex 0.03272688836632924 0.01405847363770697 -0.01820192563537502
    vertex 0.02880248746352957 0.02072015302154438 -0.01846867549871965
  endloop
endfacet
facet normal 0.120809 -0.498295 0.858549
  outer loop
    vertex 0.003606512519556413 -0.01580116377562546 0.03656933538884929
    vertex 0.0005937126474319032 -0.02207256445600635 0.03335340168000447
    vertex 0.009149592707262367 -0.02129444607062817 0.03260109691155069
  endloop
endfacet
facet normal -0.623057 0.703844 0.34118
  outer loop
    vertex -0.02733428685921321 0.02765171122907279 0.009392530436587039
    vertex -0.026721926648464 0.02468510896467402 0.01663081572251585
    vertex -0.02093809160501638 0.03097926700585783 0.0142084951954706
  endloop
endfacet
facet normal -0.594398 0.611228 0.522582
  outer loop
    vertex -0.01947757689750353 0.02716443974597061 0.02197082637247331
    vertex -0.026721926648464 0.02468510896467402 0.01663081572251585
    vertex -0.02451678607727304 0.0204322281515667 0.02411330033826884
  endloop
endfacet
facet normal 0.466137 -0.865713 -0.182364
  outer loop
    vertex 0.01557164411658751 -0.03662579374597275 -0.004009380498756585
    vertex 0.01978004875006386 -0.03274048551838943 -0.01169659264338251
    vertex 0.02182119434223526 -0.03331076777280126 -0.003772032325538179
  endloop
endfacet
facet normal -0.330329 -0.934352 0.133674
  outer loop
    vertex -0.01267154950124543 -0.03656933538888387 0.01010522352314942
    vertex -0.01730365628177842 -0.03592417974858065 0.003168089120232961
    vertex -0.009749279121818217 -0.03872983346207417 0.002225209339563233
  endloop
endfacet
facet normal -0.522626 -0.840592 0.142358
  outer loop
    vertex -0.02454450176443754 -0.03142893022833447 0.003128862067590444
    vertex -0.01730365628177842 -0.03592417974858065 0.003168089120232961
    vertex -0.02043803387154851 -0.03272456637347114 0.01055412370278642
  endloop
endfacet
facet normal 0.410767 0.836003 0.363827
  outer loop
    vertex 0.0136860145019424 0.03264408162171188 0.0186294643542866
    vertex 0.02081843158013186 0.03115389756189026 0.01400098472417625
    vertex 0.01459531609806862 0.03572314114706503 0.01052776968708607
  endloop
endfacet
facet normal 0.268584 -0.883996 -0.38264
  outer loop
    vertex 0.006821453536953012 -0.03707606154126448 -0.01337286178166665
    vertex 0.01084402304555607 -0.03321011970112667 -0.01948063432294461
    vertex 0.01348085631135428 -0.03585435138285712 -0.01152093746303795
  endloop
endfacet
facet normal -0.736423 0.251851 0.627895
  outer loop
    vertex -0.02869713960958566 0.006258996743849939 0.02715325280677116
    vertex -0.02745878091487456 0.01396393065874995 0.02551517178516625
    vertex -0.03220711877253091 0.009481198349975285 0.02174415733525936
  endloop
endfacet
facet normal -0.057273 0.934007 0.352633
  outer loop
    vertex -0.007122686947294649 0.0366271930174676 0.01441235797196322
    vertex 4.414417291204379e-05 0.03568562441536918 0.0180702590290567
    vertex -2.449293598294706e-18 0.03872983346207417 0.01
  endloop
endfacet
facet normal -0.219686 -0.641286 -0.735181
  outer loop
    vertex -0.01223671550162358 -0.02790852393701794 -0.02591094528166083
    vertex -0.009536410867642075 -0.02128131260728703 -0.03249865537948369
    vertex -0.003536146689108548 -0.02693117903593885 -0.02936336599110045
  endloop
endfacet
facet normal -0.271525 0.960434 0.0619738
  outer loop
    vertex -0.009749279121818217 0.03872983346207417 -0.002225209339563233
    vertex -0.01538947413032733 0.03688160817369989 0.001706184196872894
    vertex -0.007818314824680333 0.03872983346207417 0.006234898018587291
  endloop
endfacet
facet normal -0.258031 3.3428e-05 -0.966137
  outer loop
    vertex -0.01561454953955044 0.0006226605392915205 -0.03682116424734197
    vertex -0.00673758888095288 0.004313215080256536 -0.03919184955756373
    vertex -0.007755702730402713 -0.005006244464347236 -0.03892025939688502
  endloop
endfacet
facet normal 0.116001 0.732009 -0.671347
  outer loop
    vertex 0.006778103050701767 0.02557202347512041 -0.03000214883007479
    vertex -0.0005096618142202741 0.02859216185680408 -0.02796834863179168
    vertex 0.004850971430179777 0.03257985445915081 -0.02269407763281271
  endloop
endfacet
facet normal 0.791006 0.0968072 0.6041
  outer loop
    vertex 0.03473184707538332 -8.506849069868709e-18 0.01984184464036011
    vertex 0.03062803249727451 0.01034084109674201 0.02355823912684961
    vertex 0.02828427124746133 -6.927648449883806e-18 0.02828427124746247
  endloop
endfacet
facet normal 0.279841 0.261685 -0.923694
  outer loop
    vertex 0.005119998667435953 0.0090790394711517 -0.03861808716038022
    vertex 0.009501841046183205 0.01644278504781662 -0.03520440081302856
    vertex 0.01712204519244085 0.01094955736807887 -0.03445203567093189
  endloop
endfacet
facet normal -0.319782 0.935055 0.153007
  outer loop
    vertex -0.007818314824680333 0.03872983346207417 0.006234898018587291
    vertex -0.01538947413032733 0.03688160817369989 0.001706184196872894
    vertex -0.01467368384571289 0.03567282127352123 0.01058927876597246
  endloop
endfacet
facet normal -0.259786 0.358816 -0.896528
  outer loop
    vertex -0.01143012033703513 0.01907204519260434 -0.03325070587599839
    vertex -0.005396329607719867 0.0127804146186029 -0.0375172044393162
    vertex -0.01402036277418984 0.0102336898611579 -0.03603749463414106
  endloop
endfacet
facet normal 0.246418 -0.545469 -0.801088
  outer loop
    vertex 0.005409505674710397 -0.02457953986109822 -0.03108992551570298
    vertex 0.007592815465183652 -0.01796113984074741 -0.03492487092220649
    vertex 0.01486777118811353 -0.02148695017801198 -0.03028630634371798
  endloop
endfacet
facet normal 0.200302 0.750262 0.630068
  outer loop
    vertex 0.006358231574051451 0.03285411904090894 0.02191300420518648
    vertex 0.004533498657207848 0.02837678543579053 0.02782454740433707
    vertex 0.0121537838601399 0.02799497920725702 0.0258566563396401
  endloop
endfacet
facet normal 0.172439 -0.625735 0.760737
  outer loop
    vertex 0.002947775027777548 -0.02745951191168931 0.02893589169107121
    vertex 0.01123164283608945 -0.02586740004680429 0.02836772486508408
    vertex 0.009149592707262367 -0.02129444607062817 0.03260109691155069
  endloop
endfacet
facet normal 0.0577476 0.934189 0.352073
  outer loop
    vertex -2.449293598294706e-18 0.03872983346207417 0.01
    vertex 4.414417291204379e-05 0.03568562441536918 0.0180702590290567
    vertex 0.007122362288739172 0.03661337670519064 0.01444758117027725
  endloop
endfacet
facet normal 0.567963 0.696415 0.438662
  outer loop
    vertex 0.02677658812253951 0.02486083317438817 0.0162773862272515
    vertex 0.02081843158013186 0.03115389756189026 0.01400098472417625
    vertex 0.01984180440962691 0.02703693330064347 0.0218015374564884
  endloop
endfacet
facet normal 0.457143 0.761665 0.459225
  outer loop
    vertex 0.01984180440962691 0.02703693330064347 0.0218015374564884
    vertex 0.02081843158013186 0.03115389756189026 0.01400098472417625
    vertex 0.0136860145019424 0.03264408162171188 0.0186294643542866
  endloop
endfacet
facet normal 0.384549 -0.0585171 -0.921248
  outer loop
    vertex 0.02012622507487546 -4.929503423373087e-18 -0.03456783279633616
    vertex 0.01526357816944689 -0.00805010081379807 -0.03608627243638323
    vertex 0.01042321179259431 -2.552950591727113e-18 -0.03861808716038021
  endloop
endfacet
facet normal -0.770404 -0.05303 -0.635347
  outer loop
    vertex -0.02955129136584914 -0.00705393212108801 -0.0260185168724463
    vertex -0.03382167093834289 -0.001525407527001784 -0.0213018240255387
    vertex -0.02925142744011803 0.002434102925326452 -0.02717405261760615
  endloop
endfacet
facet normal 0.212212 -0.778612 -0.590533
  outer loop
    vertex 0.01227270342365678 -0.02818543312284546 -0.02559222753791801
    vertex 0.01084402304555607 -0.03321011970112667 -0.01948063432294461
    vertex 0.003399798722311073 -0.03132802128617855 -0.02463729796346417
  endloop
endfacet
facet normal -0.6599 0.256225 0.706315
  outer loop
    vertex -0.02266119152367818 0.01109603327893767 0.03103785501931285
    vertex -0.02745878091487456 0.01396393065874995 0.02551517178516625
    vertex -0.02869713960958566 0.006258996743849939 0.02715325280677116
  endloop
endfacet
facet normal -0.566396 0.692456 0.44688
  outer loop
    vertex -0.02093809160501638 0.03097926700585783 0.0142084951954706
    vertex -0.026721926648464 0.02468510896467402 0.01663081572251585
    vertex -0.01947757689750353 0.02716443974597061 0.02197082637247331
  endloop
endfacet
facet normal 0.4286 -0.878856 -0.209557
  outer loop
    vertex 0.01348085631135428 -0.03585435138285712 -0.01152093746303795
    vertex 0.01978004875006386 -0.03274048551838943 -0.01169659264338251
    vertex 0.01557164411658751 -0.03662579374597275 -0.004009380498756585
  endloop
endfacet
facet normal -0.492442 0.869182 0.0449906
  outer loop
    vertex -0.02160941566971336 0.03314102509573815 0.005891146748910676
    vertex -0.01538947413032733 0.03688160817369989 0.001706184196872894
    vertex -0.02133007061034303 0.03373857629804751 -0.002595487842122917
  endloop
endfacet
facet normal -0.781668 0.28331 -0.555635
  outer loop
    vertex -0.02773289254486907 0.01134402200473328 -0.02649905348971681
    vertex -0.03343115663962389 0.006371583306374974 -0.02101810390846082
    vertex -0.03262515870317197 0.01460051746310656 -0.01795616633366829
  endloop
endfacet
facet normal -0.467905 -0.0981352 0.878313
  outer loop
    vertex -0.02234760876298161 -0.006000593077950332 0.03262786026219866
    vertex -0.01560951959201379 -0.007570682653028585 0.03604202633417924
    vertex -0.01620752014392261 5.236794246704207e-17 0.03656933538887934
  endloop
endfacet
facet normal 0.0828516 -0.519951 -0.850169
  outer loop
    vertex -0.00163349699588554 -0.01942888609253127 -0.03492635212512005
    vertex 0.007592815465183652 -0.01796113984074741 -0.03492487092220649
    vertex 0.005409505674710397 -0.02457953986109822 -0.03108992551570298
  endloop
endfacet
facet normal 0.666294 0.628847 -0.400754
  outer loop
    vertex 0.02236088178104783 0.02749500917825968 -0.01854765312004241
    vertex 0.0278225169808301 0.02660822231988579 -0.01085863959374989
    vertex 0.02880248746352957 0.02072015302154438 -0.01846867549871965
  endloop
endfacet
facet normal 0.874663 0.340165 0.34533
  outer loop
    vertex 0.03529746766106541 0.01645875106622009 0.00912130966781859
    vertex 0.03199883490822456 0.01701190395317997 0.0169313227009578
    vertex 0.036246256069625 0.008331302241211286 0.01472407293858465
  endloop
endfacet
facet normal -0.425136 -0.882343 0.201816
  outer loop
    vertex -0.02043803387154851 -0.03272456637347114 0.01055412370278642
    vertex -0.01730365628177842 -0.03592417974858065 0.003168089120232961
    vertex -0.01267154950124543 -0.03656933538888387 0.01010522352314942
  endloop
endfacet
facet normal 0.556527 -0.820564 0.130201
  outer loop
    vertex 0.02064846633637892 -0.03263251333028271 0.01042880202632822
    vertex 0.01815434626189336 -0.03553104175061558 0.002822194876207391
    vertex 0.02584890740794206 -0.03047179034145354 0.001817685121834013
  endloop
endfacet
facet normal -0.871275 -0.142659 -0.469604
  outer loop
    vertex -0.03382167093834289 -0.001525407527001784 -0.0213018240255387
    vertex -0.0331272295287725 -0.01024122290604456 -0.01994251782340263
    vertex -0.0369302363924089 -0.005751369654256222 -0.01425059251753757
  endloop
endfacet
facet normal -0.873446 -0.434079 -0.220607
  outer loop
    vertex -0.03632932524958225 -0.01622444664205333 -0.004116729049771172
    vertex -0.03559735576718336 -0.01362208322550528 -0.01213536612476054
    vertex -0.03229129807315388 -0.021590263706903 -0.009546338660298829
  endloop
endfacet
facet normal -0.339311 0.0969859 0.935661
  outer loop
    vertex -0.009009688679024182 0.004338837391175599 0.03872983346207417
    vertex -0.01666212015670046 0.007058581604850697 0.03567282127350372
    vertex -0.01620752014392261 5.236794246704207e-17 0.03656933538887934
  endloop
endfacet
facet normal -0.13573 -0.325753 0.935661
  outer loop
    vertex -0.01010522352321887 -0.01267154950133246 0.03656933538883452
    vertex -0.004870040674843122 -0.01742792374929965 0.0356728212735406
    vertex -0.002225209339563224 -0.009749279121818218 0.03872983346207417
  endloop
endfacet
facet normal 0.805533 -0.467622 0.363931
  outer loop
    vertex 0.03468212574013094 -0.0173359890074208 0.009829223737423644
    vertex 0.03240719183767076 -0.01466808214794021 0.01829265654019895
    vertex 0.02868592953219365 -0.02159625502741442 0.01762722938141152
  endloop
endfacet
facet normal -0.0146795 -0.83112 -0.5559
  outer loop
    vertex 0.003399798722311073 -0.03132802128617855 -0.02463729796346417
    vertex 6.28032277495595e-05 -0.03575919224575728 -0.01792417991668118
    vertex -0.005579333197934069 -0.03263568386093708 -0.02244511483587022
  endloop
endfacet
facet normal 0.219674 0.654195 0.723721
  outer loop
    vertex 0.0121537838601399 0.02799497920725702 0.0258566563396401
    vertex 0.004533498657207848 0.02837678543579053 0.02782454740433707
    vertex 0.009861034471366751 0.0222569675825881 0.03173936661595721
  endloop
endfacet
facet normal 0.710917 0.698264 0.0838149
  outer loop
    vertex 0.02609488260156605 0.03030313686945791 -0.0008814748330985416
    vertex 0.02665909765333659 0.02861537879389726 0.008393605232058432
    vertex 0.03184264784835985 0.02384129089334408 0.004199836490185372
  endloop
endfacet
facet normal -0.0579393 -0.934641 -0.35084
  outer loop
    vertex -0.00706773546455881 -0.03658971372714682 -0.01453409662718882
    vertex 6.28032277495595e-05 -0.03575919224575728 -0.01792417991668118
    vertex -2.449293598294706e-18 -0.03872983346207417 -0.01
  endloop
endfacet
facet normal 0.354671 -0.934859 0.0157255
  outer loop
    vertex 0.01557164411658751 -0.03662579374597275 -0.004009380498756585
    vertex 0.01815434626189336 -0.03553104175061558 0.002822194876207391
    vertex 0.009749279121818237 -0.03872983346207417 0.002225209339563139
  endloop
endfacet
facet normal 0.86946 -0.339338 -0.359012
  outer loop
    vertex 0.03508603559892728 -0.01650362622531558 -0.009828551641309273
    vertex 0.03196646178494513 -0.01508837612312345 -0.01872127738480472
    vertex 0.03625607053408821 -0.00838327042235722 -0.01467031446332529
  endloop
endfacet
facet normal 0.344911 -0.929994 0.127072
  outer loop
    vertex 0.009749279121818237 -0.03872983346207417 0.002225209339563139
    vertex 0.01815434626189336 -0.03553104175061558 0.002822194876207391
    vertex 0.01267154950109196 -0.03656933538885573 0.01010522352344373
  endloop
endfacet
facet normal 0.0647949 -0.887713 0.455815
  outer loop
    vertex 4.446049920249101e-05 -0.03361192185339637 0.02168494253128623
    vertex 7.059054507807031e-06 -0.03720002726948279 0.01470231006745151
    vertex 0.007038675101573623 -0.03563799772967109 0.01674485504966963
  endloop
endfacet
facet normal 0.207411 0.939023 -0.274258
  outer loop
    vertex 0.01267154950124536 0.03656933538888395 -0.01010522352314924
    vertex 0.007429634388021149 0.03622391929657408 -0.01525215406608593
    vertex 0.004338837391175594 0.03872983346207417 -0.009009688679024184
  endloop
endfacet
facet normal 0.270622 0.452242 0.849848
  outer loop
    vertex 0.009861034471366751 0.0222569675825881 0.03173936661595721
    vertex 0.006487106951588419 0.01681646633825015 0.03570887709370252
    vertex 0.01460182730132253 0.015071453208439 0.03405345705869209
  endloop
endfacet
facet normal 0.593109 0.731217 -0.336963
  outer loop
    vertex 0.02078952211385126 0.03261291634275696 -0.01020751967414344
    vertex 0.0278225169808301 0.02660822231988579 -0.01085863959374989
    vertex 0.02236088178104783 0.02749500917825968 -0.01854765312004241
  endloop
endfacet
facet normal 0.0535854 -0.935159 -0.350151
  outer loop
    vertex -2.449293598294706e-18 -0.03872983346207417 -0.01
    vertex 6.28032277495595e-05 -0.03575919224575728 -0.01792417991668118
    vertex 0.006821453536953012 -0.03707606154126448 -0.01337286178166665
  endloop
endfacet
facet normal 0.845508 -0.533373 -0.0251032
  outer loop
    vertex 0.03629365463605329 -0.0168148219896255 -0.000179985044085154
    vertex 0.03210830380682429 -0.02361633752954752 0.003365327374737627
    vertex 0.0315407517438778 -0.02413300966323027 -0.004772716629499759
  endloop
endfacet
facet normal -0.805786 -0.0350691 0.591168
  outer loop
    vertex -0.03364604507234011 0.002208233572871605 0.02151899987168783
    vertex -0.03397715272920272 -0.004189685396623051 0.02068815189169289
    vertex -0.02960645494208451 -0.003230185995102617 0.02670250408106631
  endloop
endfacet
facet normal -0.791241 0.138102 0.595706
  outer loop
    vertex -0.02869713960958566 0.006258996743849939 0.02715325280677116
    vertex -0.03220711877253091 0.009481198349975285 0.02174415733525936
    vertex -0.03364604507234011 0.002208233572871605 0.02151899987168783
  endloop
endfacet
facet normal 0.0869954 0.938647 -0.333728
  outer loop
    vertex 0.004338837391175594 0.03872983346207417 -0.009009688679024184
    vertex 0.007429634388021149 0.03622391929657408 -0.01525215406608593
    vertex -1.996886011788674e-05 0.03659668250946074 -0.01614566290204142
  endloop
endfacet
facet normal -0.0854651 0.631446 -0.770696
  outer loop
    vertex -0.008064745700802149 0.0266170310069772 -0.02874880062115648
    vertex -0.0005096618142202741 0.02859216185680408 -0.02796834863179168
    vertex -0.00212428962453936 0.02116137096238991 -0.03387748179223473
  endloop
endfacet
facet normal -0.0207085 -0.639357 0.768631
  outer loop
    vertex 0.002947775027777548 -0.02745951191168931 0.02893589169107121
    vertex 0.0005937126474319032 -0.02207256445600635 0.03335340168000447
    vertex -0.005277831721673787 -0.02451793204009618 0.03116112162286395
  endloop
endfacet
facet normal -0.713166 0.442247 0.543886
  outer loop
    vertex -0.02451678607727304 0.0204322281515667 0.02411330033826884
    vertex -0.03190803753840967 0.01630045304941055 0.01778123648207294
    vertex -0.02745878091487456 0.01396393065874995 0.02551517178516625
  endloop
endfacet
facet normal -0.757747 -0.651112 -0.0432812
  outer loop
    vertex -0.03067782710319715 -0.02548395050417538 0.003072326630923517
    vertex -0.03313055770163158 -0.022240567352728 -0.002779084418946178
    vertex -0.02795326012193826 -0.02808855916545717 -0.005445006204208469
  endloop
endfacet
facet normal 0.117886 0.882026 0.456216
  outer loop
    vertex 0.007122362288739172 0.03661337670519064 0.01444758117027725
    vertex 4.414417291204379e-05 0.03568562441536918 0.0180702590290567
    vertex 0.006358231574051451 0.03285411904090894 0.02191300420518648
  endloop
endfacet
facet normal -0.117156 0.881945 0.45656
  outer loop
    vertex -0.005866927073835129 0.0327946630616841 0.02213795928672995
    vertex 4.414417291204379e-05 0.03568562441536918 0.0180702590290567
    vertex -0.007122686947294649 0.0366271930174676 0.01441235797196322
  endloop
endfacet
facet normal 0.551574 -0.833721 0.026
  outer loop
    vertex 0.01815434626189336 -0.03553104175061558 0.002822194876207391
    vertex 0.02182119434223526 -0.03331076777280126 -0.003772032325538179
    vertex 0.02584890740794206 -0.03047179034145354 0.001817685121834013
  endloop
endfacet
facet normal 0.45562 0.428637 0.78018
  outer loop
    vertex 0.01460182730132253 0.015071453208439 0.03405345705869209
    vertex 0.02255317178494616 0.01554607385718239 0.02914916859990587
    vertex 0.01783974314589538 0.02148086862596626 0.02864115653325573
  endloop
endfacet
facet normal -0.839689 -0.285963 0.461679
  outer loop
    vertex -0.03588348502843935 -0.007818466178835977 0.01585077565370753
    vertex -0.03293616940674026 -0.0158809941304853 0.01621736015009836
    vertex -0.03162210595285432 -0.009406209559884119 0.02261781680052255
  endloop
endfacet
facet normal -0.935804 -0.21251 0.281266
  outer loop
    vertex -0.03663323664045376 -0.01298858429807798 0.009450007998739381
    vertex -0.03588348502843935 -0.007818466178835977 0.01585077565370753
    vertex -0.03872983346207417 -0.004338837391175594 0.009009688679024184
  endloop
endfacet
facet normal -0.161929 -0.45604 -0.875104
  outer loop
    vertex -0.009536410867642075 -0.02128131260728703 -0.03249865537948369
    vertex -0.00901565709049742 -0.0141517977467631 -0.03631039173241284
    vertex -0.00163349699588554 -0.01942888609253127 -0.03492635212512005
  endloop
endfacet
facet normal -0.430063 0.889277 0.155664
  outer loop
    vertex -0.01467368384571289 0.03567282127352123 0.01058927876597246
    vertex -0.01538947413032733 0.03688160817369989 0.001706184196872894
    vertex -0.02160941566971336 0.03314102509573815 0.005891146748910676
  endloop
endfacet
facet normal 0.53998 0.26267 -0.799641
  outer loop
    vertex 0.01712204519244085 0.01094955736807887 -0.03445203567093189
    vertex 0.02135160427043081 0.01529814922732904 -0.03016745970905228
    vertex 0.02568161957990018 0.008833013201405436 -0.0293671975771793
  endloop
endfacet
facet normal 0.00807745 0.793679 -0.608283
  outer loop
    vertex 0.004850971430179777 0.03257985445915081 -0.02269407763281271
    vertex -0.0005096618142202741 0.02859216185680408 -0.02796834863179168
    vertex -0.004232585453704785 0.03260234112609925 -0.02278535875237747
  endloop
endfacet
facet normal -0.867394 0.0606387 -0.493913
  outer loop
    vertex -0.03382167093834289 -0.001525407527001784 -0.0213018240255387
    vertex -0.03657801499535699 0.0009083880094297635 -0.01616241473987607
    vertex -0.03343115663962389 0.006371583306374974 -0.02101810390846082
  endloop
endfacet
facet normal -0.857931 -0.490294 -0.153514
  outer loop
    vertex -0.03229129807315388 -0.021590263706903 -0.009546338660298829
    vertex -0.03313055770163158 -0.022240567352728 -0.002779084418946178
    vertex -0.03632932524958225 -0.01622444664205333 -0.004116729049771172
  endloop
endfacet
facet normal -0.115105 -0.572665 -0.811669
  outer loop
    vertex -0.003536146689108548 -0.02693117903593885 -0.02936336599110045
    vertex -0.009536410867642075 -0.02128131260728703 -0.03249865537948369
    vertex -0.00163349699588554 -0.01942888609253127 -0.03492635212512005
  endloop
endfacet
facet normal -0.624364 0.660938 -0.41633
  outer loop
    vertex -0.02856948371453264 0.02355218792967894 -0.01513535741269892
    vertex -0.02299515533393695 0.0297299439320802 -0.01368770488297724
    vertex -0.02139317023892764 0.02740423609918689 -0.01978231813889067
  endloop
endfacet
facet normal 8.30098e-16 -0.965736 0.259527
  outer loop
    vertex 0.004338837391175594 -0.03872983346207417 0.009009688679024184
    vertex 7.059054507807031e-06 -0.03720002726948279 0.01470231006745151
    vertex -0.004338837391175535 -0.03872983346207417 0.009009688679024212
  endloop
endfacet
facet normal 0.629328 -0.609713 0.481867
  outer loop
    vertex 0.02868592953219365 -0.02159625502741442 0.01762722938141152
    vertex 0.02306079813219978 -0.02291705582309821 0.02330253509614204
    vertex 0.02280438783819039 -0.02799332208444521 0.01721434907284926
  endloop
endfacet
facet normal -0.131246 -0.25528 -0.957918
  outer loop
    vertex -0.007755702730402713 -0.005006244464347236 -0.03892025939688502
    vertex 0.000441158232122893 -0.01137162927634259 -0.03834698719607132
    vertex -0.00901565709049742 -0.0141517977467631 -0.03631039173241284
  endloop
endfacet
facet normal 0.183612 -0.714379 0.67524
  outer loop
    vertex 0.009314365152733728 -0.031151311324779 0.0232988927751564
    vertex 0.01123164283608945 -0.02586740004680429 0.02836772486508408
    vertex 0.002947775027777548 -0.02745951191168931 0.02893589169107121
  endloop
endfacet
facet normal -0.491029 -0.423272 -0.761401
  outer loop
    vertex -0.02301377662423477 -0.0133001305721248 -0.02989101223201143
    vertex -0.01553529953385267 -0.01609358234324407 -0.03316098725542863
    vertex -0.01821256157739408 -0.02130690383755272 -0.02853626551682806
  endloop
endfacet
facet normal -0.887627 0.114872 -0.446007
  outer loop
    vertex -0.03343115663962389 0.006371583306374974 -0.02101810390846082
    vertex -0.03657801499535699 0.0009083880094297635 -0.01616241473987607
    vertex -0.03656933538888318 0.007032179441864568 -0.01460247107556778
  endloop
endfacet
facet normal -0.336666 -0.0918655 0.937132
  outer loop
    vertex -0.01620752014392261 5.236794246704207e-17 0.03656933538887934
    vertex -0.01560951959201379 -0.007570682653028585 0.03604202633417924
    vertex -0.009009688679024212 -0.00433883739117554 0.03872983346207417
  endloop
endfacet
facet normal -0.228603 0.223607 -0.947492
  outer loop
    vertex -0.01402036277418984 0.0102336898611579 -0.03603749463414106
    vertex -0.005396329607719867 0.0127804146186029 -0.0375172044393162
    vertex -0.00673758888095288 0.004313215080256536 -0.03919184955756373
  endloop
endfacet
facet normal -0.280813 -0.20612 0.937368
  outer loop
    vertex -0.009009688679024212 -0.00433883739117554 0.03872983346207417
    vertex -0.01560951959201379 -0.007570682653028585 0.03604202633417924
    vertex -0.01010522352321887 -0.01267154950133246 0.03656933538883452
  endloop
endfacet
facet normal -0.830876 -0.450755 -0.32629
  outer loop
    vertex -0.03229129807315388 -0.021590263706903 -0.009546338660298829
    vertex -0.03559735576718336 -0.01362208322550528 -0.01213536612476054
    vertex -0.0310597245559374 -0.0179965359453785 -0.01764704520524607
  endloop
endfacet
facet normal -0.936062 -0.106321 0.335385
  outer loop
    vertex -0.03872983346207417 -0.004338837391175594 0.009009688679024184
    vertex -0.03588348502843935 -0.007818466178835977 0.01585077565370753
    vertex -0.03678489216815962 -0.0003306690763596632 0.01570867168600861
  endloop
endfacet
facet normal 0.62367 0.70931 0.328505
  outer loop
    vertex 0.02677658812253951 0.02486083317438817 0.0162773862272515
    vertex 0.02665909765333659 0.02861537879389726 0.008393605232058432
    vertex 0.02081843158013186 0.03115389756189026 0.01400098472417625
  endloop
endfacet
facet normal -0.722893 -0.427841 -0.542566
  outer loop
    vertex -0.0310597245559374 -0.0179965359453785 -0.01764704520524607
    vertex -0.02802621450958453 -0.01386884603204767 -0.024943664726782
    vertex -0.02567781653617322 -0.02017915317708022 -0.02309656933378986
  endloop
endfacet
facet normal -0.477828 0.0803314 0.874773
  outer loop
    vertex -0.01666212015670046 0.007058581604850697 0.03567282127350372
    vertex -0.02301906166875539 0.002658600076053453 0.03260451878997212
    vertex -0.01620752014392261 5.236794246704207e-17 0.03656933538887934
  endloop
endfacet
facet normal -0.235115 -0.423667 0.874773
  outer loop
    vertex -0.01010522352321887 -0.01267154950133246 0.03656933538883452
    vertex -0.0122735729600073 -0.01965463714425275 0.03260451878993367
    vertex -0.004870040674843122 -0.01742792374929965 0.0356728212735406
  endloop
endfacet
facet normal -0.765721 0.0428928 0.641741
  outer loop
    vertex -0.02869713960958566 0.006258996743849939 0.02715325280677116
    vertex -0.03364604507234011 0.002208233572871605 0.02151899987168783
    vertex -0.02960645494208451 -0.003230185995102617 0.02670250408106631
  endloop
endfacet
facet normal 0.84351 -0.253574 -0.473489
  outer loop
    vertex 0.03625607053408821 -0.00838327042235722 -0.01467031446332529
    vertex 0.03196646178494513 -0.01508837612312345 -0.01872127738480472
    vertex 0.03120638596505942 -0.008916095465102331 -0.02338086218805722
  endloop
endfacet
facet normal -0.109364 -0.935854 0.334988
  outer loop
    vertex -0.004338837391175535 -0.03872983346207417 0.009009688679024212
    vertex 7.059054507807031e-06 -0.03720002726948279 0.01470231006745151
    vertex -0.007058581604784346 -0.0356728212735269 0.01666212015667894
  endloop
endfacet
facet normal -0.0906047 -0.369318 -0.924876
  outer loop
    vertex -0.00901565709049742 -0.0141517977467631 -0.03631039173241284
    vertex 0.000441158232122893 -0.01137162927634259 -0.03834698719607132
    vertex -0.00163349699588554 -0.01942888609253127 -0.03492635212512005
  endloop
endfacet
facet normal 0.110397 -0.935575 0.335428
  outer loop
    vertex 0.007038675101573623 -0.03563799772967109 0.01674485504966963
    vertex 7.059054507807031e-06 -0.03720002726948279 0.01470231006745151
    vertex 0.004338837391175594 -0.03872983346207417 0.009009688679024184
  endloop
endfacet
facet normal -0.117005 -0.879372 -0.461535
  outer loop
    vertex -0.005579333197934069 -0.03263568386093708 -0.02244511483587022
    vertex 6.28032277495595e-05 -0.03575919224575728 -0.01792417991668118
    vertex -0.00706773546455881 -0.03658971372714682 -0.01453409662718882
  endloop
endfacet
facet normal 0.618709 0.778698 0.10406
  outer loop
    vertex 0.02042606248785624 0.03398448576674195 0.005275480870243649
    vertex 0.02665909765333659 0.02861537879389726 0.008393605232058432
    vertex 0.02609488260156605 0.03030313686945791 -0.0008814748330985416
  endloop
endfacet
facet normal -0.762484 0.349765 0.544318
  outer loop
    vertex -0.02745878091487456 0.01396393065874995 0.02551517178516625
    vertex -0.03190803753840967 0.01630045304941055 0.01778123648207294
    vertex -0.03220711877253091 0.009481198349975285 0.02174415733525936
  endloop
endfacet
facet normal 0.303604 0.878787 -0.368183
  outer loop
    vertex 0.01471428708944276 0.03257530569048009 -0.01795380780283764
    vertex 0.007429634388021149 0.03622391929657408 -0.01525215406608593
    vertex 0.01267154950124536 0.03656933538888395 -0.01010522352314924
  endloop
endfacet
facet normal 0.479735 0.336423 0.810354
  outer loop
    vertex 0.01862956822980514 0.008719118830966393 0.03430621160056182
    vertex 0.02255317178494616 0.01554607385718239 0.02914916859990587
    vertex 0.01460182730132253 0.015071453208439 0.03405345705869209
  endloop
endfacet
facet normal -0.326551 -0.722102 0.609863
  outer loop
    vertex -0.009438143169571854 -0.03151530216024443 0.02275317962965082
    vertex -0.01192283289689409 -0.02596702246819718 0.02799213817929747
    vertex -0.01744936688560956 -0.02720668231643414 0.02356514444309693
  endloop
endfacet
facet normal 0.469362 -0.882269 -0.0360616
  outer loop
    vertex 0.01557164411658751 -0.03662579374597275 -0.004009380498756585
    vertex 0.02182119434223526 -0.03331076777280126 -0.003772032325538179
    vertex 0.01815434626189336 -0.03553104175061558 0.002822194876207391
  endloop
endfacet
facet normal -0.590756 -0.439256 0.676802
  outer loop
    vertex -0.02543097734955468 -0.01257729556600559 0.02819711026491497
    vertex -0.02624583028159296 -0.01973532785029106 0.02284016697555743
    vertex -0.01928056284222223 -0.02052608085796138 0.02840668761224284
  endloop
endfacet
facet normal 0.27539 -0.249267 0.928454
  outer loop
    vertex 0.01120158582570203 -0.01512695587176923 0.03529447096986974
    vertex 0.0161593484942823 -0.009199597592412715 0.03541529133549533
    vertex 0.006234898018587291 -0.007818314824680333 0.03872983346207417
  endloop
endfacet
facet normal 0.427566 -0.882464 0.196072
  outer loop
    vertex 0.01267154950109196 -0.03656933538885573 0.01010522352344373
    vertex 0.01815434626189336 -0.03553104175061558 0.002822194876207391
    vertex 0.02064846633637892 -0.03263251333028271 0.01042880202632822
  endloop
endfacet
facet normal -0.937707 0.347144 0.0140407
  outer loop
    vertex -0.03872983346207417 0.009749279121818217 0.002225209339563233
    vertex -0.0361644498064283 0.01660510525475072 0.004050067860786828
    vertex -0.03640505384411533 0.01625061356039353 -0.00325416863696664
  endloop
endfacet
facet normal 0.318644 -0.444168 -0.837365
  outer loop
    vertex 0.007592815465183652 -0.01796113984074741 -0.03492487092220649
    vertex 0.01641960824543558 -0.01388291026271462 -0.03372923461485359
    vertex 0.01486777118811353 -0.02148695017801198 -0.03028630634371798
  endloop
endfacet
facet normal -0.0388708 -0.669704 0.74161
  outer loop
    vertex -0.005277831721673787 -0.02451793204009618 0.03116112162286395
    vertex -0.003691248857783382 -0.0295752588464609 0.02667730769839321
    vertex 0.002947775027777548 -0.02745951191168931 0.02893589169107121
  endloop
endfacet
facet normal -0.124913 0.739276 -0.661716
  outer loop
    vertex -0.004232585453704785 0.03260234112609925 -0.02278535875237747
    vertex -0.0005096618142202741 0.02859216185680408 -0.02796834863179168
    vertex -0.008064745700802149 0.0266170310069772 -0.02874880062115648
  endloop
endfacet
facet normal 0.54697 0.116518 0.829004
  outer loop
    vertex 0.02363115903316502 0.009172131373626576 0.03094253268260693
    vertex 0.01862956822980514 0.008719118830966393 0.03430621160056182
    vertex 0.01984184464035868 -4.859850305598865e-18 0.03473184707538413
  endloop
endfacet
facet normal -0.938726 0.312651 0.14506
  outer loop
    vertex -0.03640759372536251 0.01297321353248438 0.01030450628460717
    vertex -0.0361644498064283 0.01660510525475072 0.004050067860786828
    vertex -0.03872983346207417 0.009749279121818217 0.002225209339563233
  endloop
endfacet
facet normal -0.663414 -0.259172 -0.701935
  outer loop
    vertex -0.02301377662423477 -0.0133001305721248 -0.02989101223201143
    vertex -0.02802621450958453 -0.01386884603204767 -0.024943664726782
    vertex -0.02955129136584914 -0.00705393212108801 -0.0260185168724463
  endloop
endfacet
facet normal 0.0998135 0.879528 -0.465262
  outer loop
    vertex -1.996886011788674e-05 0.03659668250946074 -0.01614566290204142
    vertex 0.007429634388021149 0.03622391929657408 -0.01525215406608593
    vertex 0.004850971430179777 0.03257985445915081 -0.02269407763281271
  endloop
endfacet
facet normal -0.807212 0.0610106 -0.5871
  outer loop
    vertex -0.03382167093834289 -0.001525407527001784 -0.0213018240255387
    vertex -0.03343115663962389 0.006371583306374974 -0.02101810390846082
    vertex -0.02925142744011803 0.002434102925326452 -0.02717405261760615
  endloop
endfacet
facet normal -0.936595 0.0941247 0.337535
  outer loop
    vertex -0.03678489216815962 -0.0003306690763596632 0.01570867168600861
    vertex -0.03596931941911742 0.00761003655314826 0.01575739204897974
    vertex -0.03872983346207417 0.004338837391175535 0.009009688679024212
  endloop
endfacet
facet normal -0.28811 -0.225867 -0.930579
  outer loop
    vertex -0.007755702730402713 -0.005006244464347236 -0.03892025939688502
    vertex -0.00901565709049742 -0.0141517977467631 -0.03631039173241284
    vertex -0.01686258319209078 -0.009336870525738313 -0.03504962391917232
  endloop
endfacet
facet normal -0.47773 -0.322284 -0.817256
  outer loop
    vertex -0.01686258319209078 -0.009336870525738313 -0.03504962391917232
    vertex -0.01553529953385267 -0.01609358234324407 -0.03316098725542863
    vertex -0.02301377662423477 -0.0133001305721248 -0.02989101223201143
  endloop
endfacet
facet normal 0.266943 -0.139399 -0.953577
  outer loop
    vertex 0.01042321179259431 -2.552950591727113e-18 -0.03861808716038021
    vertex 0.01526357816944689 -0.00805010081379807 -0.03608627243638323
    vertex 0.008055875881062187 -0.01051038947507496 -0.03774433171843362
  endloop
endfacet
facet normal -0.297595 -0.938491 -0.175133
  outer loop
    vertex -0.007818314824680333 -0.03872983346207417 -0.006234898018587291
    vertex -0.01389945923662747 -0.03737299191887587 -0.00317246086831201
    vertex -0.01455819914889172 -0.03589096311497977 -0.009994878899735087
  endloop
endfacet
facet normal 0.35688 -0.760792 -0.542063
  outer loop
    vertex 0.01800097149109211 -0.03058573801041782 -0.01845203662837714
    vertex 0.01084402304555607 -0.03321011970112667 -0.01948063432294461
    vertex 0.01227270342365678 -0.02818543312284546 -0.02559222753791801
  endloop
endfacet
facet normal 0.844541 -0.239943 0.478725
  outer loop
    vertex 0.03094253268253875 -0.009172131373777677 0.02363115903319565
    vertex 0.03240719183767076 -0.01466808214794021 0.01829265654019895
    vertex 0.03627062327056181 -0.008478998241603929 0.01457904236854594
  endloop
endfacet
facet normal 0.706759 0.642752 0.295569
  outer loop
    vertex 0.02677658812253951 0.02486083317438817 0.0162773862272515
    vertex 0.03132965464253856 0.02206050516646174 0.01147984545975149
    vertex 0.02665909765333659 0.02861537879389726 0.008393605232058432
  endloop
endfacet
facet normal 0.0644124 -0.403978 -0.912498
  outer loop
    vertex -0.00163349699588554 -0.01942888609253127 -0.03492635212512005
    vertex 0.000441158232122893 -0.01137162927634259 -0.03834698719607132
    vertex 0.007592815465183652 -0.01796113984074741 -0.03492487092220649
  endloop
endfacet
facet normal -0.884236 -0.307246 0.351748
  outer loop
    vertex -0.03663323664045376 -0.01298858429807798 0.009450007998739381
    vertex -0.03293616940674026 -0.0158809941304853 0.01621736015009836
    vertex -0.03588348502843935 -0.007818466178835977 0.01585077565370753
  endloop
endfacet
facet normal 0.241741 -0.937335 -0.250929
  outer loop
    vertex 0.006821453536953012 -0.03707606154126448 -0.01337286178166665
    vertex 0.01348085631135428 -0.03585435138285712 -0.01152093746303795
    vertex 0.007818314824680294 -0.03872983346207417 -0.006234898018587341
  endloop
endfacet
facet normal -0.893666 -0.0795154 -0.441632
  outer loop
    vertex -0.0369302363924089 -0.005751369654256222 -0.01425059251753757
    vertex -0.03657801499535699 0.0009083880094297635 -0.01616241473987607
    vertex -0.03382167093834289 -0.001525407527001784 -0.0213018240255387
  endloop
endfacet
facet normal -0.344798 -0.938221 0.0292635
  outer loop
    vertex -0.01730365628177842 -0.03592417974858065 0.003168089120232961
    vertex -0.01389945923662747 -0.03737299191887587 -0.00317246086831201
    vertex -0.009749279121818217 -0.03872983346207417 0.002225209339563233
  endloop
endfacet
facet normal 0.358098 0.262704 0.895965
  outer loop
    vertex 0.01274410678097821 0.006137238365092019 0.03741553217054473
    vertex 0.01862956822980514 0.008719118830966393 0.03430621160056182
    vertex 0.01460182730132253 0.015071453208439 0.03405345705869209
  endloop
endfacet
facet normal -0.420008 -0.894404 -0.153737
  outer loop
    vertex -0.01455819914889172 -0.03589096311497977 -0.009994878899735087
    vertex -0.01389945923662747 -0.03737299191887587 -0.00317246086831201
    vertex -0.02032241874266022 -0.03423073741221067 -0.003905881803671686
  endloop
endfacet
facet normal -0.758068 0.176757 -0.627766
  outer loop
    vertex -0.02925142744011803 0.002434102925326452 -0.02717405261760615
    vertex -0.03343115663962389 0.006371583306374974 -0.02101810390846082
    vertex -0.02773289254486907 0.01134402200473328 -0.02649905348971681
  endloop
endfacet
facet normal 0.347822 0.937213 -0.0255155
  outer loop
    vertex 0.009749279121818237 0.03872983346207417 -0.002225209339563139
    vertex 0.01430749299854387 0.03719297524149891 0.003460958939639048
    vertex 0.0177559312275882 0.03574787213783765 -0.002610851174994256
  endloop
endfacet
facet normal -0.897834 0.395932 -0.192696
  outer loop
    vertex -0.03390015315872977 0.0181658825480624 -0.01099001033050772
    vertex -0.03650010953005362 0.01245283092477561 -0.01061456575904268
    vertex -0.03640505384411533 0.01625061356039353 -0.00325416863696664
  endloop
endfacet
facet normal -0.771034 -0.360851 -0.524684
  outer loop
    vertex -0.0331272295287725 -0.01024122290604456 -0.01994251782340263
    vertex -0.02802621450958453 -0.01386884603204767 -0.024943664726782
    vertex -0.0310597245559374 -0.0179965359453785 -0.01764704520524607
  endloop
endfacet
facet normal 0.735187 -0.348425 -0.581463
  outer loop
    vertex 0.03196646178494513 -0.01508837612312345 -0.01872127738480472
    vertex 0.02570755114445536 -0.01711428025810719 -0.02542092101797602
    vertex 0.03120638596505942 -0.008916095465102331 -0.02338086218805722
  endloop
endfacet
facet normal 0.428769 0.103426 0.897474
  outer loop
    vertex 0.01984184464035868 -4.859850305598865e-18 0.03473184707538413
    vertex 0.01862956822980514 0.008719118830966393 0.03430621160056182
    vertex 0.01274410678097821 0.006137238365092019 0.03741553217054473
  endloop
endfacet
facet normal -0.827193 -0.546593 0.130337
  outer loop
    vertex -0.03272929774100263 -0.02074718871545916 0.009917017181891157
    vertex -0.0354536402896093 -0.01828339767701905 0.002959182251732188
    vertex -0.03067782710319715 -0.02548395050417538 0.003072326630923517
  endloop
endfacet
facet normal -0.938648 0.311273 -0.148487
  outer loop
    vertex -0.03640505384411533 0.01625061356039353 -0.00325416863696664
    vertex -0.03650010953005362 0.01245283092477561 -0.01061456575904268
    vertex -0.03872983346207417 0.007818314824680333 -0.006234898018587291
  endloop
endfacet
facet normal -0.940922 -0.0465238 -0.335413
  outer loop
    vertex -0.03872983346207417 2.449293598294706e-18 -0.01
    vertex -0.03657801499535699 0.0009083880094297635 -0.01616241473987607
    vertex -0.0369302363924089 -0.005751369654256222 -0.01425059251753757
  endloop
endfacet
facet normal 0.139727 0.525622 0.839165
  outer loop
    vertex 0.009861034471366751 0.0222569675825881 0.03173936661595721
    vertex 0.001422852066773282 0.02319857846124057 0.03255459183239354
    vertex 0.006487106951588419 0.01681646633825015 0.03570887709370252
  endloop
endfacet
facet normal 0.305646 -0.934768 -0.181076
  outer loop
    vertex 0.007818314824680294 -0.03872983346207417 -0.006234898018587341
    vertex 0.01348085631135428 -0.03585435138285712 -0.01152093746303795
    vertex 0.01557164411658751 -0.03662579374597275 -0.004009380498756585
  endloop
endfacet
facet normal -0.00721788 -0.453538 0.891208
  outer loop
    vertex -0.004870040674843122 -0.01742792374929965 0.0356728212735406
    vertex 0.0005937126474319032 -0.02207256445600635 0.03335340168000447
    vertex 0.003606512519556413 -0.01580116377562546 0.03656933538884929
  endloop
endfacet
facet normal 0.299799 0.936374 0.182547
  outer loop
    vertex 0.01459531609806862 0.03572314114706503 0.01052776968708607
    vertex 0.01430749299854387 0.03719297524149891 0.003460958939639048
    vertex 0.007818314824680294 0.03872983346207417 0.006234898018587341
  endloop
endfacet
facet normal 0.253419 0.965626 0.0578411
  outer loop
    vertex 0.007818314824680294 0.03872983346207417 0.006234898018587341
    vertex 0.01430749299854387 0.03719297524149891 0.003460958939639048
    vertex 0.009749279121818237 0.03872983346207417 -0.002225209339563139
  endloop
endfacet
facet normal -0.936395 0.209639 0.281453
  outer loop
    vertex -0.03872983346207417 0.004338837391175535 0.009009688679024212
    vertex -0.03596931941911742 0.00761003655314826 0.01575739204897974
    vertex -0.03640759372536251 0.01297321353248438 0.01030450628460717
  endloop
endfacet
facet normal -0.814829 -0.152162 -0.559375
  outer loop
    vertex -0.02955129136584914 -0.00705393212108801 -0.0260185168724463
    vertex -0.0331272295287725 -0.01024122290604456 -0.01994251782340263
    vertex -0.03382167093834289 -0.001525407527001784 -0.0213018240255387
  endloop
endfacet
facet normal -0.363648 -0.301287 0.881468
  outer loop
    vertex -0.01010522352321887 -0.01267154950133246 0.03656933538883452
    vertex -0.01560951959201379 -0.007570682653028585 0.03604202633417924
    vertex -0.01826057016425305 -0.01360064595302827 0.03288729248413082
  endloop
endfacet
facet normal 0.766575 0.330543 -0.550549
  outer loop
    vertex 0.03105663493517704 0.009079039471107067 -0.0235171526504639
    vertex 0.02764053728691043 0.01489986792126087 -0.02477891511789601
    vertex 0.03272688836632924 0.01405847363770697 -0.01820192563537502
  endloop
endfacet
facet normal -0.355774 -0.511283 -0.782314
  outer loop
    vertex -0.01821256157739408 -0.02130690383755272 -0.02853626551682806
    vertex -0.01553529953385267 -0.01609358234324407 -0.03316098725542863
    vertex -0.009536410867642075 -0.02128131260728703 -0.03249865537948369
  endloop
endfacet
facet normal 0.703291 0.27021 -0.657547
  outer loop
    vertex 0.02568161957990018 0.008833013201405436 -0.0293671975771793
    vertex 0.02764053728691043 0.01489986792126087 -0.02477891511789601
    vertex 0.03105663493517704 0.009079039471107067 -0.0235171526504639
  endloop
endfacet
facet normal 0.875427 -0.340814 0.342745
  outer loop
    vertex 0.03627062327056181 -0.008478998241603929 0.01457904236854594
    vertex 0.03240719183767076 -0.01466808214794021 0.01829265654019895
    vertex 0.03468212574013094 -0.0173359890074208 0.009829223737423644
  endloop
endfacet
facet normal 0.143671 0.619003 0.772136
  outer loop
    vertex 0.004533498657207848 0.02837678543579053 0.02782454740433707
    vertex 0.001422852066773282 0.02319857846124057 0.03255459183239354
    vertex 0.009861034471366751 0.0222569675825881 0.03173936661595721
  endloop
endfacet
facet normal -0.608404 0.351979 0.711305
  outer loop
    vertex -0.02266119152367818 0.01109603327893767 0.03103785501931285
    vertex -0.02157991295134386 0.0173372584056754 0.02887432818244018
    vertex -0.02745878091487456 0.01396393065874995 0.02551517178516625
  endloop
endfacet
facet normal -0.463406 0.277549 0.841559
  outer loop
    vertex -0.01666212015670046 0.007058581604850697 0.03567282127350372
    vertex -0.01718440841517077 0.0156660185078485 0.0325464586634607
    vertex -0.02266119152367818 0.01109603327893767 0.03103785501931285
  endloop
endfacet
facet normal -0.243657 -0.580982 0.776589
  outer loop
    vertex -0.0122735729600073 -0.01965463714425275 0.03260451878993367
    vertex -0.01192283289689409 -0.02596702246819718 0.02799213817929747
    vertex -0.005277831721673787 -0.02451793204009618 0.03116112162286395
  endloop
endfacet
facet normal -0.482008 -0.230351 0.845344
  outer loop
    vertex -0.01826057016425305 -0.01360064595302827 0.03288729248413082
    vertex -0.01560951959201379 -0.007570682653028585 0.03604202633417924
    vertex -0.02234760876298161 -0.006000593077950332 0.03262786026219866
  endloop
endfacet
facet normal 0.0266785 -0.767478 0.64052
  outer loop
    vertex 0.002947775027777548 -0.02745951191168931 0.02893589169107121
    vertex -0.003691248857783382 -0.0295752588464609 0.02667730769839321
    vertex 4.446049920249101e-05 -0.03361192185339637 0.02168494253128623
  endloop
endfacet
facet normal -0.244072 -0.968156 -0.0557078
  outer loop
    vertex -0.009749279121818217 -0.03872983346207417 0.002225209339563233
    vertex -0.01389945923662747 -0.03737299191887587 -0.00317246086831201
    vertex -0.007818314824680333 -0.03872983346207417 -0.006234898018587291
  endloop
endfacet
facet normal 0.748107 0.630485 0.206941
  outer loop
    vertex 0.02665909765333659 0.02861537879389726 0.008393605232058432
    vertex 0.03132965464253856 0.02206050516646174 0.01147984545975149
    vertex 0.03184264784835985 0.02384129089334408 0.004199836490185372
  endloop
endfacet
facet normal 0.831558 0.45469 0.319012
  outer loop
    vertex 0.03529746766106541 0.01645875106622009 0.00912130966781859
    vertex 0.03132965464253856 0.02206050516646174 0.01147984545975149
    vertex 0.03199883490822456 0.01701190395317997 0.0169313227009578
  endloop
endfacet
facet normal -0.436599 -0.89919 -0.0289425
  outer loop
    vertex -0.02032241874266022 -0.03423073741221067 -0.003905881803671686
    vertex -0.01389945923662747 -0.03737299191887587 -0.00317246086831201
    vertex -0.01730365628177842 -0.03592417974858065 0.003168089120232961
  endloop
endfacet
facet normal 0.520515 -0.666455 0.533761
  outer loop
    vertex 0.02280438783819039 -0.02799332208444521 0.01721434907284926
    vertex 0.02306079813219978 -0.02291705582309821 0.02330253509614204
    vertex 0.01696519850614571 -0.02699795832539913 0.0241514447995784
  endloop
endfacet
facet normal 0.878152 0.336843 -0.339684
  outer loop
    vertex 0.03623025799647966 0.008475972001908107 -0.01468081415083615
    vertex 0.03272688836632924 0.01405847363770697 -0.01820192563537502
    vertex 0.03460843982809331 0.01733320898774825 -0.01009037951973502
  endloop
endfacet
facet normal 0.837004 0.514991 0.184954
  outer loop
    vertex 0.03184264784835985 0.02384129089334408 0.004199836490185372
    vertex 0.03132965464253856 0.02206050516646174 0.01147984545975149
    vertex 0.03529746766106541 0.01645875106622009 0.00912130966781859
  endloop
endfacet
facet normal 0.846846 0.228551 -0.480225
  outer loop
    vertex 0.03105663493517704 0.009079039471107067 -0.0235171526504639
    vertex 0.03272688836632924 0.01405847363770697 -0.01820192563537502
    vertex 0.03623025799647966 0.008475972001908107 -0.01468081415083615
  endloop
endfacet
facet normal -0.514181 0.359085 0.778894
  outer loop
    vertex -0.01718440841517077 0.0156660185078485 0.0325464586634607
    vertex -0.02157991295134386 0.0173372584056754 0.02887432818244018
    vertex -0.02266119152367818 0.01109603327893767 0.03103785501931285
  endloop
endfacet
facet normal 0.501454 -0.679618 -0.53541
  outer loop
    vertex 0.02078241104683818 -0.02357846236421031 -0.02474161481431186
    vertex 0.0240151940904968 -0.02595997673385234 -0.01869090850583815
    vertex 0.01800097149109211 -0.03058573801041782 -0.01845203662837714
  endloop
endfacet
facet normal -0.0935136 -0.530679 0.842399
  outer loop
    vertex -0.005277831721673787 -0.02451793204009618 0.03116112162286395
    vertex 0.0005937126474319032 -0.02207256445600635 0.03335340168000447
    vertex -0.004870040674843122 -0.01742792374929965 0.0356728212735406
  endloop
endfacet
facet normal 0.223393 0.10758 0.968773
  outer loop
    vertex 0.01000000000000001 -2.449293598294709e-18 0.03872983346207417
    vertex 0.01274410678097821 0.006137238365092019 0.03741553217054473
    vertex 0.006234898018587343 0.007818314824680293 0.03872983346207417
  endloop
endfacet
facet normal -0.0469073 0.845139 0.532485
  outer loop
    vertex -0.005866927073835129 0.0327946630616841 0.02213795928672995
    vertex -4.318909075780664e-06 0.03168935450781125 0.02440870320654678
    vertex 4.414417291204379e-05 0.03568562441536918 0.0180702590290567
  endloop
endfacet
facet normal -0.282802 -0.436093 -0.85431
  outer loop
    vertex -0.009536410867642075 -0.02128131260728703 -0.03249865537948369
    vertex -0.01553529953385267 -0.01609358234324407 -0.03316098725542863
    vertex -0.00901565709049742 -0.0141517977467631 -0.03631039173241284
  endloop
endfacet
facet normal 0.556775 0.499034 0.664053
  outer loop
    vertex 0.01783974314589538 0.02148086862596626 0.02864115653325573
    vertex 0.02255317178494616 0.01554607385718239 0.02914916859990587
    vertex 0.02602303723043388 0.01975493008839019 0.0230769207327639
  endloop
endfacet
facet normal 0.0544113 0.844467 0.532837
  outer loop
    vertex 4.414417291204379e-05 0.03568562441536918 0.0180702590290567
    vertex -4.318909075780664e-06 0.03168935450781125 0.02440870320654678
    vertex 0.006358231574051451 0.03285411904090894 0.02191300420518648
  endloop
endfacet
facet normal -0.0726112 0.421006 -0.904147
  outer loop
    vertex -0.00212428962453936 0.02116137096238991 -0.03387748179223473
    vertex 0.001599463630215931 0.01498401288162481 -0.03705294959998352
    vertex -0.005396329607719867 0.0127804146186029 -0.0375172044393162
  endloop
endfacet
facet normal 0.453291 0.890197 0.0455744
  outer loop
    vertex 0.0177559312275882 0.03574787213783765 -0.002610851174994256
    vertex 0.01430749299854387 0.03719297524149891 0.003460958939639048
    vertex 0.02042606248785624 0.03398448576674195 0.005275480870243649
  endloop
endfacet
facet normal 0.100908 0.777857 0.620287
  outer loop
    vertex 0.006358231574051451 0.03285411904090894 0.02191300420518648
    vertex -4.318909075780664e-06 0.03168935450781125 0.02440870320654678
    vertex 0.004533498657207848 0.02837678543579053 0.02782454740433707
  endloop
endfacet
facet normal -0.526526 0.526819 0.667257
  outer loop
    vertex -0.02451678607727304 0.0204322281515667 0.02411330033826884
    vertex -0.02157991295134386 0.0173372584056754 0.02887432818244018
    vertex -0.01725539178258401 0.02201477879456834 0.02859372254631699
  endloop
endfacet
facet normal -0.373964 0.296493 0.878774
  outer loop
    vertex -0.01010522352314924 0.01267154950124537 0.03656933538888394
    vertex -0.01718440841517077 0.0156660185078485 0.0325464586634607
    vertex -0.01666212015670046 0.007058581604850697 0.03567282127350372
  endloop
endfacet
facet normal -0.128455 -0.0148644 -0.991604
  outer loop
    vertex -0.007755702730402713 -0.005006244464347236 -0.03892025939688502
    vertex -0.00673758888095288 0.004313215080256536 -0.03919184955756373
    vertex 2.449293598294706e-18 -5.999039130647431e-34 -0.04
  endloop
endfacet
facet normal 0.418071 0.892626 0.168631
  outer loop
    vertex 0.02042606248785624 0.03398448576674195 0.005275480870243649
    vertex 0.01430749299854387 0.03719297524149891 0.003460958939639048
    vertex 0.01459531609806862 0.03572314114706503 0.01052776968708607
  endloop
endfacet
facet normal -0.58542 0.796934 -0.148925
  outer loop
    vertex -0.02133007061034303 0.03373857629804751 -0.002595487842122917
    vertex -0.02074888417222491 0.03291998720395246 -0.00926057493351256
    vertex -0.02621935578002709 0.02915260028923362 -0.007916519365007337
  endloop
endfacet
facet normal -0.611662 -0.42327 -0.668366
  outer loop
    vertex -0.02567781653617322 -0.02017915317708022 -0.02309656933378986
    vertex -0.02802621450958453 -0.01386884603204767 -0.024943664726782
    vertex -0.02301377662423477 -0.0133001305721248 -0.02989101223201143
  endloop
endfacet
facet normal -0.942777 0.205315 -0.262713
  outer loop
    vertex -0.03872983346207417 0.007818314824680333 -0.006234898018587291
    vertex -0.03650010953005362 0.01245283092477561 -0.01061456575904268
    vertex -0.03656933538888318 0.007032179441864568 -0.01460247107556778
  endloop
endfacet
facet normal 0.31802 -0.713884 0.623885
  outer loop
    vertex 0.01696519850614571 -0.02699795832539913 0.0241514447995784
    vertex 0.01123164283608945 -0.02586740004680429 0.02836772486508408
    vertex 0.009314365152733728 -0.031151311324779 0.0232988927751564
  endloop
endfacet
facet normal -0.620473 0.425047 0.659051
  outer loop
    vertex -0.02745878091487456 0.01396393065874995 0.02551517178516625
    vertex -0.02157991295134386 0.0173372584056754 0.02887432818244018
    vertex -0.02451678607727304 0.0204322281515667 0.02411330033826884
  endloop
endfacet
facet normal -0.94461 0.0822721 -0.317715
  outer loop
    vertex -0.03656933538888318 0.007032179441864568 -0.01460247107556778
    vertex -0.03657801499535699 0.0009083880094297635 -0.01616241473987607
    vertex -0.03872983346207417 2.449293598294706e-18 -0.01
  endloop
endfacet
facet normal -0.849334 -0.203231 0.487164
  outer loop
    vertex -0.03162210595285432 -0.009406209559884119 0.02261781680052255
    vertex -0.03397715272920272 -0.004189685396623051 0.02068815189169289
    vertex -0.03588348502843935 -0.007818466178835977 0.01585077565370753
  endloop
endfacet
facet normal -0.498522 0.758145 -0.420347
  outer loop
    vertex -0.02139317023892764 0.02740423609918689 -0.01978231813889067
    vertex -0.02299515533393695 0.0297299439320802 -0.01368770488297724
    vertex -0.01726413102481764 0.03301336540104041 -0.01456253703361187
  endloop
endfacet
facet normal 0.510631 0.311804 0.801271
  outer loop
    vertex 0.02363115903316502 0.009172131373626576 0.03094253268260693
    vertex 0.02255317178494616 0.01554607385718239 0.02914916859990587
    vertex 0.01862956822980514 0.008719118830966393 0.03430621160056182
  endloop
endfacet
facet normal 0.564738 -0.799908 -0.203025
  outer loop
    vertex 0.02182119434223526 -0.03331076777280126 -0.003772032325538179
    vertex 0.01978004875006386 -0.03274048551838943 -0.01169659264338251
    vertex 0.02609789434556377 -0.02905513681245746 -0.00864285459423964
  endloop
endfacet
facet normal 0.0110685 0.72514 0.688512
  outer loop
    vertex 0.004533498657207848 0.02837678543579053 0.02782454740433707
    vertex -4.318909075780664e-06 0.03168935450781125 0.02440870320654678
    vertex -0.003481168786005726 0.02796145357393887 0.02839081854959101
  endloop
endfacet
facet normal 0.154695 0.338265 -0.928249
  outer loop
    vertex 0.005119998667435953 0.0090790394711517 -0.03861808716038022
    vertex 0.001599463630215931 0.01498401288162481 -0.03705294959998352
    vertex 0.009501841046183205 0.01644278504781662 -0.03520440081302856
  endloop
endfacet
facet normal -0.879878 -0.474306 -0.0291237
  outer loop
    vertex -0.03632932524958225 -0.01622444664205333 -0.004116729049771172
    vertex -0.03313055770163158 -0.022240567352728 -0.002779084418946178
    vertex -0.0354536402896093 -0.01828339767701905 0.002959182251732188
  endloop
endfacet
facet normal -0.0999525 0.768419 0.632093
  outer loop
    vertex -0.003481168786005726 0.02796145357393887 0.02839081854959101
    vertex -4.318909075780664e-06 0.03168935450781125 0.02440870320654678
    vertex -0.005866927073835129 0.0327946630616841 0.02213795928672995
  endloop
endfacet
facet normal -0.876553 -0.0171003 0.481002
  outer loop
    vertex -0.03678489216815962 -0.0003306690763596632 0.01570867168600861
    vertex -0.03397715272920272 -0.004189685396623051 0.02068815189169289
    vertex -0.03364604507234011 0.002208233572871605 0.02151899987168783
  endloop
endfacet
facet normal -0.33546 -0.314148 -0.888132
  outer loop
    vertex -0.00901565709049742 -0.0141517977467631 -0.03631039173241284
    vertex -0.01553529953385267 -0.01609358234324407 -0.03316098725542863
    vertex -0.01686258319209078 -0.009336870525738313 -0.03504962391917232
  endloop
endfacet
facet normal -0.832891 -0.55174 0.0432978
  outer loop
    vertex -0.0354536402896093 -0.01828339767701905 0.002959182251732188
    vertex -0.03313055770163158 -0.022240567352728 -0.002779084418946178
    vertex -0.03067782710319715 -0.02548395050417538 0.003072326630923517
  endloop
endfacet
facet normal -0.468943 0.870768 -0.147837
  outer loop
    vertex -0.01506643208884192 0.03624512123389453 -0.007700247453985061
    vertex -0.02074888417222491 0.03291998720395246 -0.00926057493351256
    vertex -0.02133007061034303 0.03373857629804751 -0.002595487842122917
  endloop
endfacet
facet normal -0.430722 0.861799 -0.267917
  outer loop
    vertex -0.01726413102481764 0.03301336540104041 -0.01456253703361187
    vertex -0.02074888417222491 0.03291998720395246 -0.00926057493351256
    vertex -0.01506643208884192 0.03624512123389453 -0.007700247453985061
  endloop
endfacet
facet normal -0.897851 -0.0999485 0.428805
  outer loop
    vertex -0.03588348502843935 -0.007818466178835977 0.01585077565370753
    vertex -0.03397715272920272 -0.004189685396623051 0.02068815189169289
    vertex -0.03678489216815962 -0.0003306690763596632 0.01570867168600861
  endloop
endfacet
facet normal -0.764401 -0.263846 -0.588283
  outer loop
    vertex -0.02955129136584914 -0.00705393212108801 -0.0260185168724463
    vertex -0.02802621450958453 -0.01386884603204767 -0.024943664726782
    vertex -0.0331272295287725 -0.01024122290604456 -0.01994251782340263
  endloop
endfacet
facet normal 0.602226 0.432734 -0.670869
  outer loop
    vertex 0.02246616546795428 0.0214682748807054 -0.02518699233360292
    vertex 0.02764053728691043 0.01489986792126087 -0.02477891511789601
    vertex 0.02135160427043081 0.01529814922732904 -0.03016745970905228
  endloop
endfacet
facet normal 0.113821 -0.3578 -0.926835
  outer loop
    vertex 0.007592815465183652 -0.01796113984074741 -0.03492487092220649
    vertex 0.000441158232122893 -0.01137162927634259 -0.03834698719607132
    vertex 0.008055875881062187 -0.01051038947507496 -0.03774433171843362
  endloop
endfacet
facet normal -0.590128 0.766644 -0.252994
  outer loop
    vertex -0.02621935578002709 0.02915260028923362 -0.007916519365007337
    vertex -0.02074888417222491 0.03291998720395246 -0.00926057493351256
    vertex -0.02299515533393695 0.0297299439320802 -0.01368770488297724
  endloop
endfacet
facet normal -0.507317 0.800407 -0.319341
  outer loop
    vertex -0.02299515533393695 0.0297299439320802 -0.01368770488297724
    vertex -0.02074888417222491 0.03291998720395246 -0.00926057493351256
    vertex -0.01726413102481764 0.03301336540104041 -0.01456253703361187
  endloop
endfacet
facet normal 0.625829 0.331774 -0.705878
  outer loop
    vertex 0.02135160427043081 0.01529814922732904 -0.03016745970905228
    vertex 0.02764053728691043 0.01489986792126087 -0.02477891511789601
    vertex 0.02568161957990018 0.008833013201405436 -0.0293671975771793
  endloop
endfacet
facet normal 0.04925 -0.998786 0.000230586
  outer loop
    vertex 0.004711097629947556 -0.008820745950377582 0.1277992084181853
    vertex -0.003818928448551173 -0.00924206608420685 0.1247401004162799
    vertex 0.004706733871893295 -0.008823075215545449 0.1186420018094012
  endloop
endfacet
facet normal -0.839337 -0.540072 0.0619345
  outer loop
    vertex -0.009993906111699426 -0.0003490567726557599 0.2908731464821919
    vertex -0.00981974462780473 -0.001890136356113007 0.2797950930495834
    vertex -0.005119283336718503 -0.008590281608794688 0.2850702388827975
  endloop
endfacet
facet normal 0.105412 -0.994377 -0.0101725
  outer loop
    vertex 0.004778082529421176 -0.008784641560248212 0.149438149346213
    vertex -0.002948946925584254 -0.009555297589823521 0.1447002533831763
    vertex 0.005010606172951072 -0.008654121895350482 0.1390891507694844
  endloop
endfacet
facet normal -0.983926 0.150211 0.096576
  outer loop
    vertex -0.008495569578360694 0.005274968960973355 0.1179026852531499
    vertex -0.009437135027855868 -0.003307640014574713 0.1216590182931586
    vertex -0.007058908200208397 0.007083206549369476 0.1297270640022586
  endloop
endfacet
facet normal -0.573727 0.818888 -0.016112
  outer loop
    vertex -0.007596684653847857 0.006503105586563428 0.2752136428321008
    vertex -0.002964759322357009 0.009550403245962822 0.2651550730801999
    vertex -0.007952375259131257 0.006062980103707836 0.2655100306160626
  endloop
endfacet
facet normal -0.992506 0.11628 -0.0375626
  outer loop
    vertex -0.008541994562315037 0.005199454673076817 0.1895639313631191
    vertex -0.009576132763647797 -0.002880569612592482 0.1918758556629126
    vertex -0.009799969070110002 -0.00199012718811822 0.2005467105679155
  endloop
endfacet
facet normal -0.984962 0.168644 -0.0375443
  outer loop
    vertex -0.008585272161561072 0.005127679973625938 0.08836261103245012
    vertex -0.007939018528216032 0.006080459259681175 0.07568813903420255
    vertex -0.009616442969744355 -0.002742995554071203 0.08006102411996296
  endloop
endfacet
facet normal -0.143561 0.989639 0.00199736
  outer loop
    vertex -0.007045967970376005 0.007096078872196634 0.2560417313937333
    vertex 0.004745670671687165 0.008802193469578381 0.2582355695274718
    vertex 0.004711097629951793 0.00882074595037532 0.2465583750263337
  endloop
endfacet
facet normal 0.861995 -0.506751 0.0129764
  outer loop
    vertex 0.004778082529421176 -0.008784641560248212 0.149438149346213
    vertex 0.005010606172951072 -0.008654121895350482 0.1390891507694844
    vertex 0.01 -2.449293598294706e-18 0.1456130834094075
  endloop
endfacet
facet normal -0.812872 0.525601 0.250963
  outer loop
    vertex -0.009799969070110002 -0.00199012718811822 0.2005467105679155
    vertex -0.00396334030386127 0.009181063861872918 0.1960554155668376
    vertex -0.008541994562315037 0.005199454673076817 0.1895639313631191
  endloop
endfacet
facet normal 0.801325 -0.586283 -0.118953
  outer loop
    vertex 0.01 -2.449293598294706e-18 0.2287445000351115
    vertex 0.00577966431226646 -0.008160605396507875 0.2405354007153706
    vertex 0.003313012392022783 -0.009435250335327806 0.2302011658561188
  endloop
endfacet
facet normal -0.976636 0.214591 0.0115116
  outer loop
    vertex -0.007058908200208397 0.007083206549369476 0.1297270640022586
    vertex -0.009437135027855868 -0.003307640014574713 0.1216590182931586
    vertex -0.009376054280984017 -0.003477011090008386 0.1299983463612964
  endloop
endfacet
facet normal -0.116255 0.992553 0.0363802
  outer loop
    vertex 0.004711097629951793 0.00882074595037532 0.2465583750263337
    vertex -0.006588162471770294 0.007523038963448051 0.2458560128553071
    vertex -0.007045967970376005 0.007096078872196634 0.2560417313937333
  endloop
endfacet
facet normal -0.0797854 0.963595 0.255185
  outer loop
    vertex 0.004711097629951913 0.008820745950375256 0.2703102083479632
    vertex -0.002964759322357009 0.009550403245962822 0.2651550730801999
    vertex -0.007596684653847857 0.006503105586563428 0.2752136428321008
  endloop
endfacet
facet normal -0.621279 0.783117 0.0271912
  outer loop
    vertex -0.008585272161561072 0.005127679973625938 0.08836261103245012
    vertex -0.003440285841584431 0.009389591755140035 0.08317325034698565
    vertex -0.007939018528216032 0.006080459259681175 0.07568813903420255
  endloop
endfacet
facet normal -0.952042 0.300652 -0.0567913
  outer loop
    vertex -0.009993906111699426 -0.0003490567726557599 0.2908731464821919
    vertex -0.007429557105256428 0.006693405801214635 0.2851673569305843
    vertex -0.00981974462780473 -0.001890136356113007 0.2797950930495834
  endloop
endfacet
facet normal 0.857562 -0.51438 -0.000277821
  outer loop
    vertex 0.01 -2.449293598294706e-18 0.1218612500877779
    vertex 0.004711097629947556 -0.008820745950377582 0.1277992084181853
    vertex 0.004706733871893295 -0.008823075215545449 0.1186420018094012
  endloop
endfacet
facet normal -0.396838 0.90711 0.140252
  outer loop
    vertex 0.001686742849779718 0.009856718447775456 0.2905022055032735
    vertex -0.002289474239271199 0.009734387895893279 0.2800428342085841
    vertex -0.007429557105256428 0.006693405801214635 0.2851673569305843
  endloop
endfacet
facet normal -0.971287 0.210262 -0.11132
  outer loop
    vertex -0.008943376013012689 0.004473927300467594 0.1412409885959555
    vertex -0.007058908200208397 0.007083206549369476 0.1297270640022586
    vertex -0.009376054280984017 -0.003477011090008386 0.1299983463612964
  endloop
endfacet
facet normal 0.549627 0.833235 -0.0602399
  outer loop
    vertex 0.005061472339407957 0.008624470868256682 0.05714734863861904
    vertex 0.008027486880493795 0.005963174857699547 0.04739826206515586
    vertex 0.002415753844247207 0.009703820555018772 0.0479374033299028
  endloop
endfacet
facet normal 0.862795 -0.505453 0.0101133
  outer loop
    vertex 0.004831793346906709 -0.0087552140495129 0.08957072570850372
    vertex 0.00500304869023729 -0.008658493160077852 0.0797944787607147
    vertex 0.01 -2.449293598294706e-18 0.08623350010533345
  endloop
endfacet
facet normal 0.510826 0.85641 0.0749562
  outer loop
    vertex 0.001686742849779718 0.009856718447775456 0.2905022055032735
    vertex 0.007970299617349153 0.006039397652885921 0.2912945608748477
    vertex 0.00506147233940801 0.008624470868256649 0.2815824848234553
  endloop
endfacet
facet normal 0.863571 -0.503615 0.0248327
  outer loop
    vertex 0.004757286812731598 -0.008795920769391346 0.2208028927733781
    vertex 0.005223460221377783 -0.008527336237986865 0.2100384112621752
    vertex 0.01 -2.449293598294706e-18 0.2168685833742967
  endloop
endfacet
facet normal 0.154524 -0.987964 -0.00706751
  outer loop
    vertex 0.004831793346906709 -0.0087552140495129 0.08957072570850372
    vertex -0.002083914078502482 -0.009780455107683852 0.08168404503332924
    vertex 0.00500304869023729 -0.008658493160077852 0.0797944787607147
  endloop
endfacet
facet normal -0.996021 -0.0500593 0.0737349
  outer loop
    vertex -0.009376054280984017 -0.003477011090008386 0.1299983463612964
    vertex -0.008612439503335881 -0.005081917531934145 0.1392237669769879
    vertex -0.008943376013012689 0.004473927300467594 0.1412409885959555
  endloop
endfacet
facet normal 0.0801024 -0.996557 -0.0213961
  outer loop
    vertex 0.004757286812731598 -0.008795920769391346 0.2208028927733781
    vertex -0.003564962286238718 -0.009342967617288183 0.2151257563544676
    vertex 0.005223460221377783 -0.008527336237986865 0.2100384112621752
  endloop
endfacet
facet normal -0.0992206 -0.993505 0.0557029
  outer loop
    vertex 0.00383208186188646 -0.009236619977231976 0.0588156900995483
    vertex -0.005188443012209084 -0.008548687566466489 0.05501773541250803
    vertex 0.002505308304022464 -0.009681086214975885 0.04852498320834657
  endloop
endfacet
facet normal -0.909152 0.416266 0.0128508
  outer loop
    vertex -0.009682771102252009 -0.002498788462714163 0.2197933756509465
    vertex -0.00963923267190432 -0.002661802678053415 0.2281539400127344
    vertex -0.004330018842048894 0.009013930154350076 0.2255607869945138
  endloop
endfacet
facet normal -0.98106 0.185907 -0.0543961
  outer loop
    vertex -0.009616442969744355 -0.002742995554071203 0.08006102411996296
    vertex -0.009842112593986315 -0.001769977312650078 0.08745653033056085
    vertex -0.008585272161561072 0.005127679973625938 0.08836261103245012
  endloop
endfacet
facet normal 0.00104382 -0.999 -0.0446895
  outer loop
    vertex -0.006089372401026163 -0.007932184047387002 0.2351519898637769
    vertex 0.00577966431226646 -0.008160605396507875 0.2405354007153706
    vertex -0.005448428201016279 -0.008385381931574168 0.245297850670524
  endloop
endfacet
facet normal 0.0797187 -0.995888 0.0430277
  outer loop
    vertex -0.003818928448551173 -0.00924206608420685 0.1247401004162799
    vertex -0.002827897728513687 -0.00959181914117792 0.1148088487333778
    vertex 0.004706733871893295 -0.008823075215545449 0.1186420018094012
  endloop
endfacet
facet normal 0.116181 -0.993226 -0.00209088
  outer loop
    vertex 0.004722938221157697 -0.008814411753436968 0.1977050925308638
    vertex -0.002609706902057508 -0.009653467246816214 0.1888364936349779
    vertex 0.004760811042964014 -0.008794013771492054 0.1901199316838381
  endloop
endfacet
facet normal 0.858653 -0.512549 0.00290892
  outer loop
    vertex 0.01 -2.449293598294706e-18 0.1931167500526669
    vertex 0.004722938221157697 -0.008814411753436968 0.1977050925308638
    vertex 0.004760811042964014 -0.008794013771492054 0.1901199316838381
  endloop
endfacet
facet normal -0.641255 0.767307 -0.00559861
  outer loop
    vertex -0.003667195107139113 0.009303315540503555 0.09733862415412144
    vertex -0.003440285841584431 0.009389591755140035 0.08317325034698565
    vertex -0.008585272161561072 0.005127679973625938 0.08836261103245012
  endloop
endfacet
facet normal 0.542174 -0.837932 0.0625882
  outer loop
    vertex 0.004711097629951113 -0.008820745950375682 0.2821861250087778
    vertex 0.00803205583078565 -0.005957019315995397 0.2917577713944076
    vertex 0.002229584033205658 -0.009748279593798816 0.2912645421447961
  endloop
endfacet
facet normal 0.888247 -0.459366 0
  outer loop
    vertex 0.01 -2.449293598294706e-18 0.2406204166959263
    vertex 0.00577966431226646 -0.008160605396507875 0.2405354007153706
    vertex 0.01 -2.449293598294706e-18 0.2287445000351115
  endloop
endfacet
facet normal -0.917835 0.390203 0.0729351
  outer loop
    vertex -0.009682771102252009 -0.002498788462714163 0.2197933756509465
    vertex -0.004330018842048894 0.009013930154350076 0.2255607869945138
    vertex -0.005309566424199249 0.008473989874139337 0.2161225779498653
  endloop
endfacet
facet normal -0.277912 0.956184 -0.0920706
  outer loop
    vertex -0.007429557105256428 0.006693405801214635 0.2851673569305843
    vertex -0.006234898018587329 0.007818314824680305 0.2932438782218695
    vertex 0.001686742849779718 0.009856718447775456 0.2905022055032735
  endloop
endfacet
facet normal -0.897554 0.430296 -0.0961353
  outer loop
    vertex -0.005214013611925856 0.008533115612403941 0.2048319758113485
    vertex -0.00396334030386127 0.009181063861872918 0.1960554155668376
    vertex -0.009799969070110002 -0.00199012718811822 0.2005467105679155
  endloop
endfacet
facet normal 0.0583836 0.99827 0.00701533
  outer loop
    vertex 0.004641057536294484 0.008857797973808399 0.09159130863725999
    vertex -0.003440285841584431 0.009389591755140035 0.08317325034698565
    vertex -0.003667195107139113 0.009303315540503555 0.09733862415412144
  endloop
endfacet
facet normal -0.0831736 -0.986435 0.141521
  outer loop
    vertex 0.003313012392022783 -0.009435250335327806 0.2302011658561188
    vertex 0.00577966431226646 -0.008160605396507875 0.2405354007153706
    vertex -0.006089372401026163 -0.007932184047387002 0.2351519898637769
  endloop
endfacet
facet normal 0.163995 0.983693 -0.0738492
  outer loop
    vertex 0.00506147233940801 0.008624470868256649 0.2815824848234553
    vertex -0.002289474239271199 0.009734387895893279 0.2800428342085841
    vertex 0.001686742849779718 0.009856718447775456 0.2905022055032735
  endloop
endfacet
facet normal 0.040875 -0.994782 0.0934756
  outer loop
    vertex -0.003954353713143188 -0.009184938035248289 0.08883954051481661
    vertex -0.002083914078502482 -0.009780455107683852 0.08168404503332924
    vertex 0.004831793346906709 -0.0087552140495129 0.08957072570850372
  endloop
endfacet
facet normal 0.795714 -0.592895 0.123753
  outer loop
    vertex 0.003236839255360959 -0.009461652690463453 0.2506521044139824
    vertex 0.00577966431226646 -0.008160605396507875 0.2405354007153706
    vertex 0.01 -2.449293598294706e-18 0.252496333356741
  endloop
endfacet
facet normal -0.990415 -0.0803571 0.112339
  outer loop
    vertex -0.0097284361386786 0.002314633944202021 0.1770404036826286
    vertex -0.008305251627601998 -0.005569811074194021 0.1839477998012974
    vertex -0.008541994562315037 0.005199454673076817 0.1895639313631191
  endloop
endfacet
facet normal -0.312181 0.892 -0.326925
  outer loop
    vertex -0.008541994562315037 0.005199454673076817 0.1895639313631191
    vertex -0.00396334030386127 0.009181063861872918 0.1960554155668376
    vertex 0.004713365262478847 0.008819534449303871 0.1867836007501049
  endloop
endfacet
facet normal 0.0356362 -0.999294 -0.0118801
  outer loop
    vertex 0.004711097629951113 -0.008820745950375682 0.2821861250087778
    vertex -0.004231486644263872 -0.009060602671975882 0.2755369832340836
    vertex 0.004970641840052661 -0.008677137759533261 0.2708850802624155
  endloop
endfacet
facet normal -0.964075 0.215599 0.155164
  outer loop
    vertex -0.009987627858161265 0.0004972823814303437 0.04588372392218574
    vertex -0.009555735450661951 -0.002947527777131613 0.05335372593859467
    vertex -0.007051290208002968 0.007090790252328822 0.05496633964237758
  endloop
endfacet
facet normal 0.869468 -0.493578 -0.0201679
  outer loop
    vertex 0.01 -2.449293598294706e-18 0.09810941676614826
    vertex 0.005216279015231948 -0.008531730963599991 0.1006770413412186
    vertex 0.004831793346906709 -0.0087552140495129 0.08957072570850372
  endloop
endfacet
facet normal -0.191403 0.933568 0.303012
  outer loop
    vertex 0.004713365262478847 0.008819534449303871 0.1867836007501049
    vertex -0.003577582946346185 0.009338142227553237 0.1799486760310172
    vertex -0.008541994562315037 0.005199454673076817 0.1895639313631191
  endloop
endfacet
facet normal 0.86208 -0.506538 -0.0153941
  outer loop
    vertex 0.01 -2.449293598294706e-18 0.1337371667485927
    vertex 0.005010606172951072 -0.008654121895350482 0.1390891507694844
    vertex 0.004711097629947556 -0.008820745950377582 0.1277992084181853
  endloop
endfacet
facet normal -0.288392 0.911578 -0.293011
  outer loop
    vertex -0.007596684653847857 0.006503105586563428 0.2752136428321008
    vertex -0.002289474239271199 0.009734387895893279 0.2800428342085841
    vertex 0.004711097629951913 0.008820745950375256 0.2703102083479632
  endloop
endfacet
facet normal -0.00915198 -0.994775 0.101682
  outer loop
    vertex -0.004799724176766645 -0.008772835791633271 0.1972547435661881
    vertex -0.002609706902057508 -0.009653467246816214 0.1888364936349779
    vertex 0.004722938221157697 -0.008814411753436968 0.1977050925308638
  endloop
endfacet
facet normal -0.884722 0.46339 -0.0503733
  outer loop
    vertex -0.007051290208002968 0.007090790252328822 0.05496633964237758
    vertex -0.006214316816160676 0.007834683561470919 0.04710946870111115
    vertex -0.009987627858161265 0.0004972823814303437 0.04588372392218574
  endloop
endfacet
facet normal 0.0611955 -0.99791 0.0207443
  outer loop
    vertex 0.005223460221377783 -0.008527336237986865 0.2100384112621752
    vertex -0.003977845551090727 -0.009174788540978354 0.2060363146584757
    vertex 0.004722938221157697 -0.008814411753436968 0.1977050925308638
  endloop
endfacet
facet normal 0.819068 -0.567016 0.0872979
  outer loop
    vertex 0.01 -2.449293598294706e-18 0.2287445000351115
    vertex 0.003313012392022783 -0.009435250335327806 0.2302011658561188
    vertex 0.004757286812731598 -0.008795920769391346 0.2208028927733781
  endloop
endfacet
facet normal -0.398164 -0.915046 -0.0644653
  outer loop
    vertex 0.0004980150201662444 -0.009987591353258744 0.1698666975632663
    vertex -0.001645980873750089 -0.009863607198345283 0.1813489938700736
    vertex -0.007236753386114162 -0.006901405684972098 0.1738331761283939
  endloop
endfacet
facet normal 0.861503 -0.507578 0.0133355
  outer loop
    vertex 0.004711097629951113 -0.008820745950375682 0.2821861250087778
    vertex 0.004970641840052661 -0.008677137759533261 0.2708850802624155
    vertex 0.01 -2.449293598294706e-18 0.2762481666783705
  endloop
endfacet
facet normal 0.509265 -0.860138 -0.0285089
  outer loop
    vertex 0.002505308304022464 -0.009681086214975885 0.04852498320834657
    vertex 0.007064236719070053 -0.00707789231176502 0.05142220809446617
    vertex 0.00383208186188646 -0.009236619977231976 0.0588156900995483
  endloop
endfacet
facet normal 0.786771 -0.593154 0.17076
  outer loop
    vertex 0.00383208186188646 -0.009236619977231976 0.0588156900995483
    vertex 0.007064236719070053 -0.00707789231176502 0.05142220809446617
    vertex 0.01 -2.449293598294706e-18 0.06248166678370382
  endloop
endfacet
facet normal 0.792289 -0.594958 0.135293
  outer loop
    vertex 0.01 -2.449293598294706e-18 0.1574890000702224
    vertex 0.002191849111506497 -0.009756833373199944 0.1603081203513166
    vertex 0.004778082529421176 -0.008784641560248212 0.149438149346213
  endloop
endfacet
facet normal 0.132958 -0.991121 0.00101305
  outer loop
    vertex -0.002800101662386854 -0.009599970347886413 0.1076740895016799
    vertex -0.002776920094616974 -0.009606701556107197 0.09804606675937451
    vertex 0.005216279015231948 -0.008531730963599991 0.1006770413412186
  endloop
endfacet
facet normal 0.90511 0.390214 0.168846
  outer loop
    vertex 0.01 -2.449293598294706e-18 0.050605750122889
    vertex 0.008027486880493795 0.005963174857699547 0.04739826206515586
    vertex 0.005061472339407957 0.008624470868256682 0.05714734863861904
  endloop
endfacet
facet normal 0.904873 0.391654 -0.166768
  outer loop
    vertex 0.00506147233940801 0.008624470868256649 0.2815824848234553
    vertex 0.007970299617349153 0.006039397652885921 0.2912945608748477
    vertex 0.01 -2.449293598294706e-18 0.2881240833391852
  endloop
endfacet
facet normal -0.87961 -0.470388 -0.0708597
  outer loop
    vertex -0.005119283336718503 -0.008590281608794688 0.2850702388827975
    vertex -0.006234898018587393 -0.007818314824680253 0.2937942638384388
    vertex -0.009993906111699426 -0.0003490567726557599 0.2908731464821919
  endloop
endfacet
facet normal 0.866209 -0.499128 -0.0235354
  outer loop
    vertex 0.01 -2.449293598294706e-18 0.2049926667134818
    vertex 0.005223460221377783 -0.008527336237986865 0.2100384112621752
    vertex 0.004722938221157697 -0.008814411753436968 0.1977050925308638
  endloop
endfacet
facet normal 0.128252 -0.99162 0.0155136
  outer loop
    vertex 0.005216279015231948 -0.008531730963599991 0.1006770413412186
    vertex -0.002776920094616974 -0.009606701556107197 0.09804606675937451
    vertex 0.004831793346906709 -0.0087552140495129 0.08957072570850372
  endloop
endfacet
facet normal 0.861156 -0.508341 0
  outer loop
    vertex 0.01 -2.449293598294706e-18 0.09810941676614826
    vertex 0.004831793346906709 -0.0087552140495129 0.08957072570850372
    vertex 0.01 -2.449293598294706e-18 0.08623350010533345
  endloop
endfacet
facet normal 0.888247 -0.459366 0
  outer loop
    vertex 0.01 -2.449293598294706e-18 0.252496333356741
    vertex 0.00577966431226646 -0.008160605396507875 0.2405354007153706
    vertex 0.01 -2.449293598294706e-18 0.2406204166959263
  endloop
endfacet
facet normal 0.857518 -0.514454 0
  outer loop
    vertex 0.01 -2.449293598294706e-18 0.1218612500877779
    vertex 0.004706733871893295 -0.008823075215545449 0.1186420018094012
    vertex 0.01 -2.449293598294706e-18 0.1099853334269631
  endloop
endfacet
facet normal -0.612462 0.788978 0.0490255
  outer loop
    vertex -0.008873454677880165 0.004611052166220484 0.1078118746116751
    vertex -0.002048331640553042 0.009787969017641469 0.1097630138450312
    vertex -0.003667195107139113 0.009303315540503555 0.09733862415412144
  endloop
endfacet
facet normal 0.113657 -0.993519 0.00166211
  outer loop
    vertex 0.005010606172951072 -0.008654121895350482 0.1390891507694844
    vertex -0.002948946925584254 -0.009555297589823521 0.1447002533831763
    vertex -0.002905104482753497 -0.009568718197558414 0.1336801242880348
  endloop
endfacet
facet normal 0.857645 -0.514242 0
  outer loop
    vertex 0.01 -2.449293598294706e-18 0.1337371667485927
    vertex 0.004711097629947556 -0.008820745950377582 0.1277992084181853
    vertex 0.01 -2.449293598294706e-18 0.1218612500877779
  endloop
endfacet
facet normal 0.0311116 -0.999453 0.0112269
  outer loop
    vertex 0.004970641840052661 -0.008677137759533261 0.2708850802624155
    vertex -0.004294703076420971 -0.009030809791230256 0.2650758979653181
    vertex 0.00474032156561583 -0.008805075323616346 0.2601339322723402
  endloop
endfacet
facet normal 0.859595 -0.510975 0
  outer loop
    vertex 0.01 -2.449293598294706e-18 0.1574890000702224
    vertex 0.004778082529421176 -0.008784641560248212 0.149438149346213
    vertex 0.01 -2.449293598294706e-18 0.1456130834094075
  endloop
endfacet
facet normal -0.176022 0.964942 -0.194686
  outer loop
    vertex -0.007058908200208397 0.007083206549369476 0.1297270640022586
    vertex -0.003713767221831583 0.009284822724320015 0.1376147050768778
    vertex 0.004645739076916151 0.008855343495834268 0.1279279296541729
  endloop
endfacet
facet normal 0.106782 -0.994212 0.0118404
  outer loop
    vertex 0.005010606172951072 -0.008654121895350482 0.1390891507694844
    vertex -0.002905104482753497 -0.009568718197558414 0.1336801242880348
    vertex 0.004711097629947556 -0.008820745950377582 0.1277992084181853
  endloop
endfacet
facet normal -0.584383 0.811374 -0.0130137
  outer loop
    vertex -0.00248253398998349 0.009686951274192343 0.122962720086718
    vertex -0.002048331640553042 0.009787969017641469 0.1097630138450312
    vertex -0.008495569578360694 0.005274968960973355 0.1179026852531499
  endloop
endfacet
facet normal 0.861613 -0.507314 -0.0160266
  outer loop
    vertex 0.01 -2.449293598294706e-18 0.07435758344451864
    vertex 0.00500304869023729 -0.008658493160077852 0.0797944787607147
    vertex 0.004728192119245935 -0.008811594593687379 0.06986415334404143
  endloop
endfacet
facet normal 0.859093 -0.51182 0
  outer loop
    vertex 0.01 -2.449293598294706e-18 0.1931167500526669
    vertex 0.004760811042964014 -0.008794013771492054 0.1901199316838381
    vertex 0.01 -2.449293598294706e-18 0.1812408333918521
  endloop
endfacet
facet normal 0.854195 0.519835 -0.0110264
  outer loop
    vertex 0.01 -2.449293598294706e-18 0.1099853334269631
    vertex 0.004470376826043766 0.00894515125826114 0.1033310214139057
    vertex 0.004719601228477479 0.008816198968044782 0.1165585706983276
  endloop
endfacet
facet normal -0.878914 0.423625 0.219209
  outer loop
    vertex -0.005309566424199249 0.008473989874139337 0.2161225779498653
    vertex -0.009218680291082353 0.003875039830867523 0.2093366163924428
    vertex -0.009682771102252009 -0.002498788462714163 0.2197933756509465
  endloop
endfacet
facet normal 0.85799 -0.513666 0
  outer loop
    vertex 0.01 -2.449293598294706e-18 0.2049926667134818
    vertex 0.004722938221157697 -0.008814411753436968 0.1977050925308638
    vertex 0.01 -2.449293598294706e-18 0.1931167500526669
  endloop
endfacet
facet normal -0.647926 -0.761703 -0.0010275
  outer loop
    vertex -0.002800101662386854 -0.009599970347886413 0.1076740895016799
    vertex -0.009031101186655939 -0.004294090282746941 0.1035091434939647
    vertex -0.002776920094616974 -0.009606701556107197 0.09804606675937451
  endloop
endfacet
facet normal 0.229736 -0.971788 0.0533899
  outer loop
    vertex 0.005239785267829394 -0.008517314738052013 0.1762245162443095
    vertex -0.001645980873750089 -0.009863607198345283 0.1813489938700736
    vertex 0.0004980150201662444 -0.009987591353258744 0.1698666975632663
  endloop
endfacet
facet normal -0.114643 0.98874 -0.0961732
  outer loop
    vertex -0.00687060526535866 0.007266001877760965 0.1612488791763658
    vertex -0.005433154879339592 0.00839528606166034 0.1711453403417673
    vertex 0.004711097629951757 0.008820745950375339 0.1634269584006298
  endloop
endfacet
facet normal -0.00220881 -0.998961 -0.045518
  outer loop
    vertex -0.003977845551090727 -0.009174788540978354 0.2060363146584757
    vertex -0.004799724176766645 -0.008772835791633271 0.1972547435661881
    vertex 0.004722938221157697 -0.008814411753436968 0.1977050925308638
  endloop
endfacet
facet normal -0.0909861 0.966618 -0.239524
  outer loop
    vertex -0.007234240584551381 0.006904039626539646 0.06522219155935959
    vertex -0.001007912825081065 0.009949075923774886 0.07514551775780733
    vertex 0.004711097629951829 0.008820745950375301 0.06841962511411123
  endloop
endfacet
facet normal 0.892961 -0.409286 -0.187366
  outer loop
    vertex 0.01 -2.449293598294706e-18 0.2881240833391852
    vertex 0.00803205583078565 -0.005957019315995397 0.2917577713944076
    vertex 0.004711097629951113 -0.008820745950375682 0.2821861250087778
  endloop
endfacet
facet normal -0.731446 0.676389 -0.0865125
  outer loop
    vertex -0.008541994562315037 0.005199454673076817 0.1895639313631191
    vertex -0.003577582946346185 0.009338142227553237 0.1799486760310172
    vertex -0.0097284361386786 0.002314633944202021 0.1770404036826286
  endloop
endfacet
facet normal 0.85899 -0.511992 0
  outer loop
    vertex 0.01 -2.449293598294706e-18 0.2287445000351115
    vertex 0.004757286812731598 -0.008795920769391346 0.2208028927733781
    vertex 0.01 -2.449293598294706e-18 0.2168685833742967
  endloop
endfacet
facet normal 0.0544218 0.998514 0.0026942
  outer loop
    vertex 0.004645739076916151 0.008855343495834268 0.1279279296541729
    vertex -0.003713767221831583 0.009284822724320015 0.1376147050768778
    vertex 0.004710046543529711 0.008821307247669351 0.1392433510414809
  endloop
endfacet
facet normal 0.861046 -0.508376 -0.0123964
  outer loop
    vertex 0.01 -2.449293598294706e-18 0.2643722500175558
    vertex 0.004970641840052661 -0.008677137759533261 0.2708850802624155
    vertex 0.00474032156561583 -0.008805075323616346 0.2601339322723402
  endloop
endfacet
facet normal -0.861863 -0.503844 0.0577368
  outer loop
    vertex -0.009978250243532971 -0.0006591828861812352 0.2405692579738645
    vertex -0.00963923267190432 -0.002661802678053415 0.2281539400127344
    vertex -0.006089372401026163 -0.007932184047387002 0.2351519898637769
  endloop
endfacet
facet normal -0.0374593 0.999281 0.00585063
  outer loop
    vertex 0.004711097629951757 0.008820745950375339 0.1634269584006298
    vertex -0.005433154879339592 0.00839528606166034 0.1711453403417673
    vertex 0.004828915717097784 0.008756801527793468 0.1751029467695716
  endloop
endfacet
facet normal 0.867678 -0.496723 0.0200176
  outer loop
    vertex 0.004760811042964014 -0.008794013771492054 0.1901199316838381
    vertex 0.005239785267829394 -0.008517314738052013 0.1762245162443095
    vertex 0.01 -2.449293598294706e-18 0.1812408333918521
  endloop
endfacet
facet normal 0.818459 -0.567394 -0.0904889
  outer loop
    vertex 0.00474032156561583 -0.008805075323616346 0.2601339322723402
    vertex 0.003236839255360959 -0.009461652690463453 0.2506521044139824
    vertex 0.01 -2.449293598294706e-18 0.252496333356741
  endloop
endfacet
facet normal 0.855504 0.517747 -0.00711244
  outer loop
    vertex 0.01 -2.449293598294706e-18 0.1574890000702224
    vertex 0.004559518624242843 0.008900044377146815 0.1509670979070858
    vertex 0.004711097629951757 0.008820745950375339 0.1634269584006298
  endloop
endfacet
facet normal -0.0327725 0.999444 0.00619811
  outer loop
    vertex 0.004572866830883511 0.008893193405464957 0.1985175952385903
    vertex -0.005214013611925856 0.008533115612403941 0.2048319758113485
    vertex 0.004711097629951706 0.008820745950375367 0.2109306250438892
  endloop
endfacet
facet normal 0.839256 -0.541682 -0.0472316
  outer loop
    vertex 0.004728192119245935 -0.008811594593687379 0.06986415334404143
    vertex 0.00383208186188646 -0.009236619977231976 0.0588156900995483
    vertex 0.01 -2.449293598294706e-18 0.06248166678370382
  endloop
endfacet
facet normal 0.858496 -0.51282 0
  outer loop
    vertex 0.01 -2.449293598294706e-18 0.2643722500175558
    vertex 0.00474032156561583 -0.008805075323616346 0.2601339322723402
    vertex 0.01 -2.449293598294706e-18 0.252496333356741
  endloop
endfacet
facet normal 0.00745792 -0.999459 -0.0320176
  outer loop
    vertex -0.004294703076420971 -0.009030809791230256 0.2650758979653181
    vertex -0.004912063708959106 -0.008710432257880599 0.2549312166809455
    vertex 0.00474032156561583 -0.008805075323616346 0.2601339322723402
  endloop
endfacet
facet normal -0.886539 0.331436 -0.3228
  outer loop
    vertex -0.004330018842048894 0.009013930154350076 0.2255607869945138
    vertex -0.00963923267190432 -0.002661802678053415 0.2281539400127344
    vertex -0.008902330982398848 0.004555052478273061 0.2335400306363663
  endloop
endfacet
facet normal -0.957726 0.287438 -0.0118505
  outer loop
    vertex -0.007234240584551381 0.006904039626539646 0.06522219155935959
    vertex -0.007051290208002968 0.007090790252328822 0.05496633964237758
    vertex -0.009822329009304421 -0.001876660020615567 0.06140552566328727
  endloop
endfacet
facet normal 0.855688 0.517451 -0.00650885
  outer loop
    vertex 0.01 -2.449293598294706e-18 0.2049926667134818
    vertex 0.004572866830883511 0.008893193405464957 0.1985175952385903
    vertex 0.004711097629951706 0.008820745950375367 0.2109306250438892
  endloop
endfacet
facet normal -0.557911 0.827815 -0.058807
  outer loop
    vertex -0.007058908200208397 0.007083206549369476 0.1297270640022586
    vertex -0.00248253398998349 0.009686951274192343 0.122962720086718
    vertex -0.008495569578360694 0.005274968960973355 0.1179026852531499
  endloop
endfacet
facet normal -0.0320478 0.999474 0.00489865
  outer loop
    vertex 0.004711097629951706 0.008820745950375367 0.2109306250438892
    vertex -0.005309566424199249 0.008473989874139337 0.2161225779498653
    vertex 0.004814045995301151 0.008764984948938872 0.2229810692818187
  endloop
endfacet
facet normal -0.959981 0.279983 0.00682964
  outer loop
    vertex -0.009798266745971973 -0.001998491624896087 0.0697822666469563
    vertex -0.007234240584551381 0.006904039626539646 0.06522219155935959
    vertex -0.009822329009304421 -0.001876660020615567 0.06140552566328727
  endloop
endfacet
facet normal -0.00921062 -0.998785 0.0484171
  outer loop
    vertex 0.004711097629951113 -0.008820745950375682 0.2821861250087778
    vertex -0.005119283336718503 -0.008590281608794688 0.2850702388827975
    vertex -0.004231486644263872 -0.009060602671975882 0.2755369832340836
  endloop
endfacet
facet normal 0.872246 -0.489067 0
  outer loop
    vertex 0.01 -2.449293598294706e-18 0.1099853334269631
    vertex 0.005216279015231948 -0.008531730963599991 0.1006770413412186
    vertex 0.01 -2.449293598294706e-18 0.09810941676614826
  endloop
endfacet
facet normal -0.665305 -0.738049 -0.112486
  outer loop
    vertex -0.009616442969744355 -0.002742995554071203 0.08006102411996296
    vertex -0.002083914078502482 -0.009780455107683852 0.08168404503332924
    vertex -0.003954353713143188 -0.009184938035248289 0.08883954051481661
  endloop
endfacet
facet normal 0.0400767 -0.999192 -0.00308785
  outer loop
    vertex -0.004231486644263872 -0.009060602671975882 0.2755369832340836
    vertex -0.004294703076420971 -0.009030809791230256 0.2650758979653181
    vertex 0.004970641840052661 -0.008677137759533261 0.2708850802624155
  endloop
endfacet
facet normal 0.866332 -0.499469 0
  outer loop
    vertex 0.01 -2.449293598294706e-18 0.1456130834094075
    vertex 0.005010606172951072 -0.008654121895350482 0.1390891507694844
    vertex 0.01 -2.449293598294706e-18 0.1337371667485927
  endloop
endfacet
facet normal 0.0499935 -0.998651 0.014013
  outer loop
    vertex 0.00500304869023729 -0.008658493160077852 0.0797944787607147
    vertex -0.003957443439698635 -0.009183607211852336 0.07433962158494901
    vertex 0.004728192119245935 -0.008811594593687379 0.06986415334404143
  endloop
endfacet
facet normal 0.866113 -0.499848 0
  outer loop
    vertex 0.01 -2.449293598294706e-18 0.08623350010533345
    vertex 0.00500304869023729 -0.008658493160077852 0.0797944787607147
    vertex 0.01 -2.449293598294706e-18 0.07435758344451864
  endloop
endfacet
facet normal -0.78701 -0.614319 0.0568101
  outer loop
    vertex -0.003954353713143188 -0.009184938035248289 0.08883954051481661
    vertex -0.009842112593986315 -0.001769977312650078 0.08745653033056085
    vertex -0.009616442969744355 -0.002742995554071203 0.08006102411996296
  endloop
endfacet
facet normal 0.960378 -0.2787 7.01416e-16
  outer loop
    vertex 0.01 -2.449293598294706e-18 0.050605750122889
    vertex 0.00844653091447858 -0.005353140714641979 0.04585887799327896
    vertex 0.01000000000000001 -2.449293598294709e-18 0.03872983346207417
  endloop
endfacet
facet normal 0.949528 -0.313683 0
  outer loop
    vertex 0.01 -2.449293598294706e-18 0.3
    vertex 0.00803205583078565 -0.005957019315995397 0.2917577713944076
    vertex 0.01 -2.449293598294706e-18 0.2881240833391852
  endloop
endfacet
facet normal 0.833243 -0.547932 0.0739994
  outer loop
    vertex 0.01 -2.449293598294706e-18 0.1099853334269631
    vertex 0.003960713411435147 -0.009182197409796729 0.1099984697343282
    vertex 0.005216279015231948 -0.008531730963599991 0.1006770413412186
  endloop
endfacet
facet normal 0.834441 -0.548896 -0.0492147
  outer loop
    vertex 0.004706733871893295 -0.008823075215545449 0.1186420018094012
    vertex 0.003960713411435147 -0.009182197409796729 0.1099984697343282
    vertex 0.01 -2.449293598294706e-18 0.1099853334269631
  endloop
endfacet
facet normal 0.858155 0.513387 -0.00172511
  outer loop
    vertex 0.004711097629951793 0.00882074595037532 0.2465583750263337
    vertex 0.004745670671687165 0.008802193469578381 0.2582355695274718
    vertex 0.01 -2.449293598294706e-18 0.252496333356741
  endloop
endfacet
facet normal 0.872452 -0.488699 0
  outer loop
    vertex 0.01 -2.449293598294706e-18 0.2168685833742967
    vertex 0.005223460221377783 -0.008527336237986865 0.2100384112621752
    vertex 0.01 -2.449293598294706e-18 0.2049926667134818
  endloop
endfacet
facet normal 0.949407 0.314047 6.93403e-16
  outer loop
    vertex 0.01000000000000001 -2.449293598294709e-18 0.03872983346207417
    vertex 0.008027486880493795 0.005963174857699547 0.04739826206515586
    vertex 0.01 -2.449293598294706e-18 0.050605750122889
  endloop
endfacet
facet normal 0.9479 0.318567 -0
  outer loop
    vertex 0.01 -2.449293598294706e-18 0.2881240833391852
    vertex 0.007970299617349153 0.006039397652885921 0.2912945608748477
    vertex 0.01 -2.449293598294706e-18 0.3
  endloop
endfacet
facet normal -0.724427 0.687376 -0.0521524
  outer loop
    vertex -0.003667195107139113 0.009303315540503555 0.09733862415412144
    vertex -0.009411119458121193 0.003380951130225442 0.0990674352878422
    vertex -0.008873454677880165 0.004611052166220484 0.1078118746116751
  endloop
endfacet
facet normal 0.130422 0.991387 0.0118773
  outer loop
    vertex 0.004719601228477479 0.008816198968044782 0.1165585706983276
    vertex -0.002048331640553042 0.009787969017641469 0.1097630138450312
    vertex -0.00248253398998349 0.009686951274192343 0.122962720086718
  endloop
endfacet
facet normal 0.858143 -0.513411 0
  outer loop
    vertex 0.01 -2.449293598294706e-18 0.07435758344451864
    vertex 0.004728192119245935 -0.008811594593687379 0.06986415334404143
    vertex 0.01 -2.449293598294706e-18 0.06248166678370382
  endloop
endfacet
facet normal -0.0575806 -0.991457 -0.117035
  outer loop
    vertex 0.004711097629951113 -0.008820745950375682 0.2821861250087778
    vertex 0.002229584033205658 -0.009748279593798816 0.2912645421447961
    vertex -0.005119283336718503 -0.008590281608794688 0.2850702388827975
  endloop
endfacet
facet normal 0.0513716 -0.995616 0.0781629
  outer loop
    vertex 0.004778082529421176 -0.008784641560248212 0.149438149346213
    vertex -0.004571400297168422 -0.008893947342043828 0.1541906712340647
    vertex -0.002948946925584254 -0.009555297589823521 0.1447002533831763
  endloop
endfacet
facet normal 0.852783 0.522196 0.00851283
  outer loop
    vertex 0.004641057536294484 0.008857797973808399 0.09159130863725999
    vertex 0.004470376826043766 0.00894515125826114 0.1033310214139057
    vertex 0.01 -2.449293598294706e-18 0.09810941676614826
  endloop
endfacet
facet normal -0.0660436 -0.997532 -0.0238252
  outer loop
    vertex -0.004773480352004357 -0.008787143183596609 0.06385130393982141
    vertex -0.005188443012209084 -0.008548687566466489 0.05501773541250803
    vertex 0.00383208186188646 -0.009236619977231976 0.0588156900995483
  endloop
endfacet
facet normal -0.800761 -0.597283 -0.0451051
  outer loop
    vertex -0.005119283336718503 -0.008590281608794688 0.2850702388827975
    vertex -0.00981974462780473 -0.001890136356113007 0.2797950930495834
    vertex -0.004231486644263872 -0.009060602671975882 0.2755369832340836
  endloop
endfacet
facet normal 0.923695 -0.383129 0
  outer loop
    vertex 0.01 -2.449293598294706e-18 0.06248166678370382
    vertex 0.007064236719070053 -0.00707789231176502 0.05142220809446617
    vertex 0.01 -2.449293598294706e-18 0.050605750122889
  endloop
endfacet
facet normal 0.86281 0.505207 0.0180218
  outer loop
    vertex 0.01 -2.449293598294706e-18 0.06248166678370382
    vertex 0.005061472339407957 0.008624470868256682 0.05714734863861904
    vertex 0.004711097629951829 0.008820745950375301 0.06841962511411123
  endloop
endfacet
facet normal -0.228324 0.927098 0.297249
  outer loop
    vertex 0.004711097629951829 0.008820745950375301 0.06841962511411123
    vertex -0.001850266017136103 0.009827335125344576 0.06024020707233228
    vertex -0.007234240584551381 0.006904039626539646 0.06522219155935959
  endloop
endfacet
facet normal 0.0573364 0.997716 -0.0356998
  outer loop
    vertex -0.004330018842048894 0.009013930154350076 0.2255607869945138
    vertex -0.003429004636437472 0.009393717432587077 0.237621944035532
    vertex 0.004711097629933398 0.008820745950385145 0.2346824583655189
  endloop
endfacet
facet normal -0.194861 -0.978984 -0.0601612
  outer loop
    vertex -0.005188443012209084 -0.008548687566466489 0.05501773541250803
    vertex -0.006223496120311486 -0.00782739394948714 0.04663287321334889
    vertex 0.002505308304022464 -0.009681086214975885 0.04852498320834657
  endloop
endfacet
facet normal 0.859107 0.511772 -0.00497133
  outer loop
    vertex 0.004711097629951706 0.008820745950375367 0.2109306250438892
    vertex 0.004814045995301151 0.008764984948938872 0.2229810692818187
    vertex 0.01 -2.449293598294706e-18 0.2168685833742967
  endloop
endfacet
facet normal -0.989242 0.137753 -0.0492326
  outer loop
    vertex -0.008902330982398848 0.004555052478273061 0.2335400306363663
    vertex -0.00963923267190432 -0.002661802678053415 0.2281539400127344
    vertex -0.009978250243532971 -0.0006591828861812352 0.2405692579738645
  endloop
endfacet
facet normal 0.850599 0.525815 -0
  outer loop
    vertex 0.01 -2.449293598294706e-18 0.09810941676614826
    vertex 0.004470376826043766 0.00894515125826114 0.1033310214139057
    vertex 0.01 -2.449293598294706e-18 0.1099853334269631
  endloop
endfacet
facet normal 0.857645 -0.514242 0
  outer loop
    vertex 0.01 -2.449293598294706e-18 0.2881240833391852
    vertex 0.004711097629951113 -0.008820745950375682 0.2821861250087778
    vertex 0.01 -2.449293598294706e-18 0.2762481666783705
  endloop
endfacet
facet normal 0.712683 -0.647982 -0.268705
  outer loop
    vertex 0.01 -2.449293598294706e-18 0.1574890000702224
    vertex 0.00744221113718479 -0.006679333304272415 0.1668121965726883
    vertex 0.002191849111506497 -0.009756833373199944 0.1603081203513166
  endloop
endfacet
facet normal 0.0797193 -0.996573 -0.0220605
  outer loop
    vertex -0.003564962286238718 -0.009342967617288183 0.2151257563544676
    vertex -0.003977845551090727 -0.009174788540978354 0.2060363146584757
    vertex 0.005223460221377783 -0.008527336237986865 0.2100384112621752
  endloop
endfacet
facet normal 0.855192 0.518256 0.00749968
  outer loop
    vertex 0.004710046543529711 0.008821307247669351 0.1392433510414809
    vertex 0.004559518624242843 0.008900044377146815 0.1509670979070858
    vertex 0.01 -2.449293598294706e-18 0.1456130834094075
  endloop
endfacet
facet normal 0.86281 0.505207 -0.0180218
  outer loop
    vertex 0.004711097629951913 0.008820745950375256 0.2703102083479632
    vertex 0.00506147233940801 0.008624470868256649 0.2815824848234553
    vertex 0.01 -2.449293598294706e-18 0.2762481666783705
  endloop
endfacet
facet normal -0.806377 -0.591369 -0.00628456
  outer loop
    vertex -0.004773480352004357 -0.008787143183596609 0.06385130393982141
    vertex -0.009798266745971973 -0.001998491624896087 0.0697822666469563
    vertex -0.009822329009304421 -0.001876660020615567 0.06140552566328727
  endloop
endfacet
facet normal -0.0320145 0.999475 0.00496303
  outer loop
    vertex -0.005214013611925856 0.008533115612403941 0.2048319758113485
    vertex -0.005309566424199249 0.008473989874139337 0.2161225779498653
    vertex 0.004711097629951706 0.008820745950375367 0.2109306250438892
  endloop
endfacet
facet normal 0.0273451 -0.998051 0.0560861
  outer loop
    vertex 0.004757286812731598 -0.008795920769391346 0.2208028927733781
    vertex -0.004810722212359566 -0.008766809670313956 0.2259858661203715
    vertex -0.003564962286238718 -0.009342967617288183 0.2151257563544676
  endloop
endfacet
facet normal 0.857645 0.514242 -9.02969e-13
  outer loop
    vertex 0.01 -2.449293598294706e-18 0.2406204166959263
    vertex 0.004711097629933398 0.008820745950385145 0.2346824583655189
    vertex 0.004711097629951793 0.00882074595037532 0.2465583750263337
  endloop
endfacet
facet normal 0.857645 0.514242 -0
  outer loop
    vertex 0.01 -2.449293598294706e-18 0.06248166678370382
    vertex 0.004711097629951829 0.008820745950375301 0.06841962511411123
    vertex 0.01 -2.449293598294706e-18 0.07435758344451864
  endloop
endfacet
facet normal 0.0259358 0.999653 -0.0045355
  outer loop
    vertex 0.004814045995301151 0.008764984948938872 0.2229810692818187
    vertex -0.004330018842048894 0.009013930154350076 0.2255607869945138
    vertex 0.004711097629933398 0.008820745950385145 0.2346824583655189
  endloop
endfacet
facet normal 0.855468 0.517809 0.00699256
  outer loop
    vertex 0.004713365262478847 0.008819534449303871 0.1867836007501049
    vertex 0.004572866830883511 0.008893193405464957 0.1985175952385903
    vertex 0.01 -2.449293598294706e-18 0.1931167500526669
  endloop
endfacet
facet normal 0.858139 0.513415 0.00166824
  outer loop
    vertex 0.01 -2.449293598294706e-18 0.2643722500175558
    vertex 0.004745670671687165 0.008802193469578381 0.2582355695274718
    vertex 0.004711097629951913 0.008820745950375256 0.2703102083479632
  endloop
endfacet
facet normal 0.867798 0.496917 -0
  outer loop
    vertex 0.01 -2.449293598294706e-18 0.050605750122889
    vertex 0.005061472339407957 0.008624470868256682 0.05714734863861904
    vertex 0.01 -2.449293598294706e-18 0.06248166678370382
  endloop
endfacet
facet normal 0.860712 0.508983 -0.0105451
  outer loop
    vertex 0.004711097629951829 0.008820745950375301 0.06841962511411123
    vertex 0.004920161061936925 0.008705860964005784 0.07993867039915623
    vertex 0.01 -2.449293598294706e-18 0.07435758344451864
  endloop
endfacet
facet normal 0.853215 0.521559 -0
  outer loop
    vertex 0.01 -2.449293598294706e-18 0.1456130834094075
    vertex 0.004559518624242843 0.008900044377146815 0.1509670979070858
    vertex 0.01 -2.449293598294706e-18 0.1574890000702224
  endloop
endfacet
facet normal 0.865177 -0.501466 0
  outer loop
    vertex 0.01 -2.449293598294706e-18 0.2762481666783705
    vertex 0.004970641840052661 -0.008677137759533261 0.2708850802624155
    vertex 0.01 -2.449293598294706e-18 0.2643722500175558
  endloop
endfacet
facet normal -0.0283388 -0.998769 0.0407203
  outer loop
    vertex -0.004773480352004357 -0.008787143183596609 0.06385130393982141
    vertex 0.00383208186188646 -0.009236619977231976 0.0588156900995483
    vertex 0.004728192119245935 -0.008811594593687379 0.06986415334404143
  endloop
endfacet
facet normal 0.857645 0.514242 -0
  outer loop
    vertex 0.01 -2.449293598294706e-18 0.2643722500175558
    vertex 0.004711097629951913 0.008820745950375256 0.2703102083479632
    vertex 0.01 -2.449293598294706e-18 0.2762481666783705
  endloop
endfacet
facet normal 0.867798 0.496917 -0
  outer loop
    vertex 0.01 -2.449293598294706e-18 0.2762481666783705
    vertex 0.00506147233940801 0.008624470868256649 0.2815824848234553
    vertex 0.01 -2.449293598294706e-18 0.2881240833391852
  endloop
endfacet
facet normal 0.859223 0.511412 0.0139118
  outer loop
    vertex 0.004920161061936925 0.008705860964005784 0.07993867039915623
    vertex 0.004641057536294484 0.008857797973808399 0.09159130863725999
    vertex 0.01 -2.449293598294706e-18 0.08623350010533345
  endloop
endfacet
facet normal 0.853606 0.520919 -0
  outer loop
    vertex 0.01 -2.449293598294706e-18 0.1931167500526669
    vertex 0.004572866830883511 0.008893193405464957 0.1985175952385903
    vertex 0.01 -2.449293598294706e-18 0.2049926667134818
  endloop
endfacet
facet normal 0.855601 0.517636 -0
  outer loop
    vertex 0.01 -2.449293598294706e-18 0.08623350010533345
    vertex 0.004641057536294484 0.008857797973808399 0.09159130863725999
    vertex 0.01 -2.449293598294706e-18 0.09810941676614826
  endloop
endfacet
facet normal 0.85688 0.515503 0.00379193
  outer loop
    vertex 0.004719601228477479 0.008816198968044782 0.1165585706983276
    vertex 0.004645739076916151 0.008855343495834268 0.1279279296541729
    vertex 0.01 -2.449293598294706e-18 0.1218612500877779
  endloop
endfacet
facet normal 0.856695 0.515813 -0.0033172
  outer loop
    vertex 0.004645739076916151 0.008855343495834268 0.1279279296541729
    vertex 0.004710046543529711 0.008821307247669351 0.1392433510414809
    vertex 0.01 -2.449293598294706e-18 0.1337371667485927
  endloop
endfacet
facet normal -0.78705 -0.61572 0.0379614
  outer loop
    vertex -0.003957443439698635 -0.009183607211852336 0.07433962158494901
    vertex -0.009798266745971973 -0.001998491624896087 0.0697822666469563
    vertex -0.004773480352004357 -0.008787143183596609 0.06385130393982141
  endloop
endfacet
facet normal 0.859368 0.511323 -0.00587127
  outer loop
    vertex 0.004711097629951757 0.008820745950375339 0.1634269584006298
    vertex 0.004828915717097784 0.008756801527793468 0.1751029467695716
    vertex 0.01 -2.449293598294706e-18 0.1693649167310372
  endloop
endfacet
facet normal 0.859287 0.511461 0.00575358
  outer loop
    vertex 0.004828915717097784 0.008756801527793468 0.1751029467695716
    vertex 0.004713365262478847 0.008819534449303871 0.1867836007501049
    vertex 0.01 -2.449293598294706e-18 0.1812408333918521
  endloop
endfacet
facet normal -0.965663 0.25143 -0.0654124
  outer loop
    vertex -0.007051290208002968 0.007090790252328822 0.05496633964237758
    vertex -0.009555735450661951 -0.002947527777131613 0.05335372593859467
    vertex -0.009822329009304421 -0.001876660020615567 0.06140552566328727
  endloop
endfacet
facet normal -0.980541 0.0733983 -0.182079
  outer loop
    vertex -0.008305251627601998 -0.005569811074194021 0.1839477998012974
    vertex -0.009576132763647797 -0.002880569612592482 0.1918758556629126
    vertex -0.008541994562315037 0.005199454673076817 0.1895639313631191
  endloop
endfacet
facet normal 0.857893 0.513829 -0
  outer loop
    vertex 0.01 -2.449293598294706e-18 0.1099853334269631
    vertex 0.004719601228477479 0.008816198968044782 0.1165585706983276
    vertex 0.01 -2.449293598294706e-18 0.1218612500877779
  endloop
endfacet
facet normal 0.85915 0.511698 0.00512036
  outer loop
    vertex 0.01 -2.449293598294706e-18 0.2287445000351115
    vertex 0.004814045995301151 0.008764984948938872 0.2229810692818187
    vertex 0.004711097629933398 0.008820745950385145 0.2346824583655189
  endloop
endfacet
facet normal 0.857614 0.514293 -0
  outer loop
    vertex 0.01 -2.449293598294706e-18 0.1337371667485927
    vertex 0.004710046543529711 0.008821307247669351 0.1392433510414809
    vertex 0.01 -2.449293598294706e-18 0.1456130834094075
  endloop
endfacet
facet normal 0.0224299 -0.998968 -0.0395067
  outer loop
    vertex -0.003957443439698635 -0.009183607211852336 0.07433962158494901
    vertex -0.004773480352004357 -0.008787143183596609 0.06385130393982141
    vertex 0.004728192119245935 -0.008811594593687379 0.06986415334404143
  endloop
endfacet
facet normal -0.810998 -0.584623 0.0223157
  outer loop
    vertex -0.004773480352004357 -0.008787143183596609 0.06385130393982141
    vertex -0.009822329009304421 -0.001876660020615567 0.06140552566328727
    vertex -0.005188443012209084 -0.008548687566466489 0.05501773541250803
  endloop
endfacet
facet normal 0.035389 0.999356 -0.00584962
  outer loop
    vertex 0.004713365262478847 0.008819534449303871 0.1867836007501049
    vertex -0.00396334030386127 0.009181063861872918 0.1960554155668376
    vertex 0.004572866830883511 0.008893193405464957 0.1985175952385903
  endloop
endfacet
facet normal 0.87292 -0.487863 0
  outer loop
    vertex 0.01 -2.449293598294706e-18 0.1812408333918521
    vertex 0.005239785267829394 -0.008517314738052013 0.1762245162443095
    vertex 0.01 -2.449293598294706e-18 0.1693649167310372
  endloop
endfacet
facet normal 0.857645 0.514242 -0
  outer loop
    vertex 0.01 -2.449293598294706e-18 0.1574890000702224
    vertex 0.004711097629951757 0.008820745950375339 0.1634269584006298
    vertex 0.01 -2.449293598294706e-18 0.1693649167310372
  endloop
endfacet
facet normal 0.857711 0.514132 -0
  outer loop
    vertex 0.01 -2.449293598294706e-18 0.1812408333918521
    vertex 0.004713365262478847 0.008819534449303871 0.1867836007501049
    vertex 0.01 -2.449293598294706e-18 0.1931167500526669
  endloop
endfacet
facet normal 0.857645 0.514242 -0
  outer loop
    vertex 0.01 -2.449293598294706e-18 0.2406204166959263
    vertex 0.004711097629951793 0.00882074595037532 0.2465583750263337
    vertex 0.01 -2.449293598294706e-18 0.252496333356741
  endloop
endfacet
facet normal -0.999164 0.00653221 -0.0403631
  outer loop
    vertex -0.009682771102252009 -0.002498788462714163 0.2197933756509465
    vertex -0.009218680291082353 0.003875039830867523 0.2093366163924428
    vertex -0.009323348667361835 -0.003615960401719342 0.2107153012762781
  endloop
endfacet
facet normal 0.857645 0.514242 -0
  outer loop
    vertex 0.01 -2.449293598294706e-18 0.2049926667134818
    vertex 0.004711097629951706 0.008820745950375367 0.2109306250438892
    vertex 0.01 -2.449293598294706e-18 0.2168685833742967
  endloop
endfacet
facet normal 0.857645 0.514242 -0
  outer loop
    vertex 0.01 -2.449293598294706e-18 0.2287445000351115
    vertex 0.004711097629933398 0.008820745950385145 0.2346824583655189
    vertex 0.01 -2.449293598294706e-18 0.2406204166959263
  endloop
endfacet
facet normal -0.618934 -0.785441 -0.00150584
  outer loop
    vertex -0.002948946925584254 -0.009555297589823521 0.1447002533831763
    vertex -0.008612439503335881 -0.005081917531934145 0.1392237669769879
    vertex -0.002905104482753497 -0.009568718197558414 0.1336801242880348
  endloop
endfacet
facet normal 0.858652 0.512559 -0
  outer loop
    vertex 0.01 -2.449293598294706e-18 0.252496333356741
    vertex 0.004745670671687165 0.008802193469578381 0.2582355695274718
    vertex 0.01 -2.449293598294706e-18 0.2643722500175558
  endloop
endfacet
facet normal 0.855738 0.51741 -0
  outer loop
    vertex 0.01 -2.449293598294706e-18 0.1218612500877779
    vertex 0.004645739076916151 0.008855343495834268 0.1279279296541729
    vertex 0.01 -2.449293598294706e-18 0.1337371667485927
  endloop
endfacet
facet normal 0.861072 0.508482 -0
  outer loop
    vertex 0.01 -2.449293598294706e-18 0.1693649167310372
    vertex 0.004828915717097784 0.008756801527793468 0.1751029467695716
    vertex 0.01 -2.449293598294706e-18 0.1812408333918521
  endloop
endfacet
facet normal 0.860641 0.509213 -0
  outer loop
    vertex 0.01 -2.449293598294706e-18 0.2168685833742967
    vertex 0.004814045995301151 0.008764984948938872 0.2229810692818187
    vertex 0.01 -2.449293598294706e-18 0.2287445000351115
  endloop
endfacet
facet normal -0.846 0.488528 -0.213597
  outer loop
    vertex -0.006588162471770294 0.007523038963448051 0.2458560128553071
    vertex -0.003429004636437472 0.009393717432587077 0.237621944035532
    vertex -0.009978250243532971 -0.0006591828861812352 0.2405692579738645
  endloop
endfacet
facet normal 0.863718 0.503976 -0
  outer loop
    vertex 0.01 -2.449293598294706e-18 0.07435758344451864
    vertex 0.004920161061936925 0.008705860964005784 0.07993867039915623
    vertex 0.01 -2.449293598294706e-18 0.08623350010533345
  endloop
endfacet
facet normal 0.146692 0.989101 0.0126628
  outer loop
    vertex 0.004711097629951913 0.008820745950375256 0.2703102083479632
    vertex -0.002289474239271199 0.009734387895893279 0.2800428342085841
    vertex 0.00506147233940801 0.008624470868256649 0.2815824848234553
  endloop
endfacet
facet normal -0.0382568 -0.989844 -0.136914
  outer loop
    vertex -0.005448428201016279 -0.008385381931574168 0.245297850670524
    vertex 0.00577966431226646 -0.008160605396507875 0.2405354007153706
    vertex 0.003236839255360959 -0.009461652690463453 0.2506521044139824
  endloop
endfacet
facet normal -0.965077 0.261727 0.0112003
  outer loop
    vertex -0.007429557105256428 0.006693405801214635 0.2851673569305843
    vertex -0.007596684653847857 0.006503105586563428 0.2752136428321008
    vertex -0.00981974462780473 -0.001890136356113007 0.2797950930495834
  endloop
endfacet
facet normal 0.0646783 -0.996978 -0.043039
  outer loop
    vertex -0.002905104482753497 -0.009568718197558414 0.1336801242880348
    vertex -0.003818928448551173 -0.00924206608420685 0.1247401004162799
    vertex 0.004711097629947556 -0.008820745950377582 0.1277992084181853
  endloop
endfacet
facet normal -0.843794 -0.535889 0.0288985
  outer loop
    vertex -0.009946407506675614 -0.001033913783227113 0.2502878852490955
    vertex -0.005448428201016279 -0.008385381931574168 0.245297850670524
    vertex -0.004912063708959106 -0.008710432257880599 0.2549312166809455
  endloop
endfacet
facet normal -0.968635 0.247991 -0.0156908
  outer loop
    vertex -0.007596684653847857 0.006503105586563428 0.2752136428321008
    vertex -0.009748291525688776 -0.002229531863460218 0.2700199906490657
    vertex -0.00981974462780473 -0.001890136356113007 0.2797950930495834
  endloop
endfacet
facet normal -0.749747 0.581197 0.316369
  outer loop
    vertex -0.009978250243532971 -0.0006591828861812352 0.2405692579738645
    vertex -0.003429004636437472 0.009393717432587077 0.237621944035532
    vertex -0.008902330982398848 0.004555052478273061 0.2335400306363663
  endloop
endfacet
facet normal 0.0801021 0.995568 -0.0492724
  outer loop
    vertex -0.003667195107139113 0.009303315540503555 0.09733862415412144
    vertex -0.002048331640553042 0.009787969017641469 0.1097630138450312
    vertex 0.004470376826043766 0.00894515125826114 0.1033310214139057
  endloop
endfacet
facet normal -0.0433529 -0.996283 -0.0744357
  outer loop
    vertex 0.004757286812731598 -0.008795920769391346 0.2208028927733781
    vertex 0.003313012392022783 -0.009435250335327806 0.2302011658561188
    vertex -0.004810722212359566 -0.008766809670313956 0.2259858661203715
  endloop
endfacet
facet normal -0.801194 -0.597658 0.0298826
  outer loop
    vertex -0.004294703076420971 -0.009030809791230256 0.2650758979653181
    vertex -0.009825723547637683 -0.001858805198346058 0.2602229575816478
    vertex -0.004912063708959106 -0.008710432257880599 0.2549312166809455
  endloop
endfacet
facet normal -0.968856 -0.237192 -0.0711224
  outer loop
    vertex -0.007236753386114162 -0.006901405684972098 0.1738331761283939
    vertex -0.008305251627601998 -0.005569811074194021 0.1839477998012974
    vertex -0.0097284361386786 0.002314633944202021 0.1770404036826286
  endloop
endfacet
facet normal -0.91402 -0.400484 -0.0646478
  outer loop
    vertex -0.00607780804410545 -0.00794104838034671 0.1638879017537564
    vertex -0.007236753386114162 -0.006901405684972098 0.1738331761283939
    vertex -0.0099919998131393 0.0003999246606852448 0.1675574325958798
  endloop
endfacet
facet normal -0.659715 -0.750902 0.0303696
  outer loop
    vertex -0.002800101662386854 -0.009599970347886413 0.1076740895016799
    vertex -0.009306336162834467 -0.003659522813744911 0.1132202119393756
    vertex -0.009031101186655939 -0.004294090282746941 0.1035091434939647
  endloop
endfacet
facet normal -0.831333 -0.550686 -0.0750296
  outer loop
    vertex -0.004571400297168422 -0.008893947342043828 0.1541906712340647
    vertex -0.00607780804410545 -0.00794104838034671 0.1638879017537564
    vertex -0.00990674144596118 -0.001362524833856242 0.1580291320330117
  endloop
endfacet
facet normal -0.990785 3.3671e-15 -0.135441
  outer loop
    vertex -0.009009688679024212 -0.00433883739117554 0.03872983346207417
    vertex -0.009987627858161265 0.0004972823814303437 0.04588372392218574
    vertex -0.009009688679024182 0.004338837391175599 0.03872983346207417
  endloop
endfacet
facet normal -0.765178 -0.642971 -0.0330358
  outer loop
    vertex -0.003957443439698635 -0.009183607211852336 0.07433962158494901
    vertex -0.009616442969744355 -0.002742995554071203 0.08006102411996296
    vertex -0.009798266745971973 -0.001998491624896087 0.0697822666469563
  endloop
endfacet
facet normal -0.965856 0.255146 -0.0449631
  outer loop
    vertex -0.007939018528216032 0.006080459259681175 0.07568813903420255
    vertex -0.007234240584551381 0.006904039626539646 0.06522219155935959
    vertex -0.009798266745971973 -0.001998491624896087 0.0697822666469563
  endloop
endfacet
facet normal -0.4849 0.873824 0.0361092
  outer loop
    vertex -0.007939018528216032 0.006080459259681175 0.07568813903420255
    vertex -0.001007912825081065 0.009949075923774886 0.07514551775780733
    vertex -0.007234240584551381 0.006904039626539646 0.06522219155935959
  endloop
endfacet
facet normal 0.05314 -0.997207 -0.0524796
  outer loop
    vertex -0.002776920094616974 -0.009606701556107197 0.09804606675937451
    vertex -0.003954353713143188 -0.009184938035248289 0.08883954051481661
    vertex 0.004831793346906709 -0.0087552140495129 0.08957072570850372
  endloop
endfacet
facet normal -0.123056 0.976897 0.174726
  outer loop
    vertex 0.004711097629951793 0.00882074595037532 0.2465583750263337
    vertex -0.003429004636437472 0.009393717432587077 0.237621944035532
    vertex -0.006588162471770294 0.007523038963448051 0.2458560128553071
  endloop
endfacet
facet normal -0.793151 -0.607252 0.0464367
  outer loop
    vertex -0.003977845551090727 -0.009174788540978354 0.2060363146584757
    vertex -0.009799969070110002 -0.00199012718811822 0.2005467105679155
    vertex -0.004799724176766645 -0.008772835791633271 0.1972547435661881
  endloop
endfacet
facet normal -0.914105 0.397538 0.0798425
  outer loop
    vertex -0.009993906111699426 -0.0003490567726557599 0.2908731464821919
    vertex -0.006234898018587329 0.007818314824680305 0.2932438782218695
    vertex -0.007429557105256428 0.006693405801214635 0.2851673569305843
  endloop
endfacet
facet normal 0.183588 0.981031 0.0622319
  outer loop
    vertex 0.002415753844247207 0.009703820555018772 0.0479374033299028
    vertex -0.001024400571435695 0.009947391792286167 0.05424641019884448
    vertex 0.005061472339407957 0.008624470868256682 0.05714734863861904
  endloop
endfacet
facet normal -0.994236 3.18007e-15 0.107216
  outer loop
    vertex -0.009009688679024184 0.004338837391175594 0.3
    vertex -0.009993906111699426 -0.0003490567726557599 0.2908731464821919
    vertex -0.009009688679024212 -0.004338837391175535 0.3
  endloop
endfacet
facet normal -0.974065 0.224826 0.0255074
  outer loop
    vertex -0.007596684653847857 0.006503105586563428 0.2752136428321008
    vertex -0.007952375259131257 0.006062980103707836 0.2655100306160626
    vertex -0.009748291525688776 -0.002229531863460218 0.2700199906490657
  endloop
endfacet
facet normal -0.97888 0.201925 0.0319413
  outer loop
    vertex -0.009616442969744355 -0.002742995554071203 0.08006102411996296
    vertex -0.007939018528216032 0.006080459259681175 0.07568813903420255
    vertex -0.009798266745971973 -0.001998491624896087 0.0697822666469563
  endloop
endfacet
facet normal -0.779124 -0.626863 0.00292296
  outer loop
    vertex -0.004231486644263872 -0.009060602671975882 0.2755369832340836
    vertex -0.009748291525688776 -0.002229531863460218 0.2700199906490657
    vertex -0.004294703076420971 -0.009030809791230256 0.2650758979653181
  endloop
endfacet
facet normal -0.82531 -0.563482 -0.0367597
  outer loop
    vertex -0.009825723547637683 -0.001858805198346058 0.2602229575816478
    vertex -0.009946407506675614 -0.001033913783227113 0.2502878852490955
    vertex -0.004912063708959106 -0.008710432257880599 0.2549312166809455
  endloop
endfacet
facet normal 0.070215 0.997532 7.16544e-13
  outer loop
    vertex 0.004711097629933398 0.008820745950385145 0.2346824583655189
    vertex -0.003429004636437472 0.009393717432587077 0.237621944035532
    vertex 0.004711097629951793 0.00882074595037532 0.2465583750263337
  endloop
endfacet
facet normal -0.762265 -0.645074 -0.0532163
  outer loop
    vertex -0.004810722212359566 -0.008766809670313956 0.2259858661203715
    vertex -0.009682771102252009 -0.002498788462714163 0.2197933756509465
    vertex -0.003564962286238718 -0.009342967617288183 0.2151257563544676
  endloop
endfacet
facet normal -0.954082 -0.287369 0.08454
  outer loop
    vertex -0.007236753386114162 -0.006901405684972098 0.1738331761283939
    vertex -0.0097284361386786 0.002314633944202021 0.1770404036826286
    vertex -0.0099919998131393 0.0003999246606852448 0.1675574325958798
  endloop
endfacet
facet normal -0.889536 -0.450602 0.0753883
  outer loop
    vertex -0.00607780804410545 -0.00794104838034671 0.1638879017537564
    vertex -0.0099919998131393 0.0003999246606852448 0.1675574325958798
    vertex -0.00990674144596118 -0.001362524833856242 0.1580291320330117
  endloop
endfacet
facet normal 0.0772187 0.996952 -0.0111496
  outer loop
    vertex 0.004920161061936925 0.008705860964005784 0.07993867039915623
    vertex -0.003440285841584431 0.009389591755140035 0.08317325034698565
    vertex 0.004641057536294484 0.008857797973808399 0.09159130863725999
  endloop
endfacet
facet normal -0.719587 -0.69035 -0.0749106
  outer loop
    vertex -0.004571400297168422 -0.008893947342043828 0.1541906712340647
    vertex -0.009490191021308247 -0.003152185651112626 0.1485261781692702
    vertex -0.002948946925584254 -0.009555297589823521 0.1447002533831763
  endloop
endfacet
facet normal -0.619181 0.776429 -0.11736
  outer loop
    vertex -0.009009688679024182 0.004338837391175599 0.03872983346207417
    vertex -0.006214316816160676 0.007834683561470919 0.04710946870111115
    vertex -0.00222520933956313 0.009749279121818239 0.03872983346207417
  endloop
endfacet
facet normal 0.221402 -0.970024 -0.100172
  outer loop
    vertex 0.006234898018587291 -0.007818314824680333 0.03872983346207417
    vertex 0.002505308304022464 -0.009681086214975885 0.04852498320834657
    vertex -0.002225209339563224 -0.009749279121818218 0.03872983346207417
  endloop
endfacet
facet normal -0.784081 -0.620458 0.0158111
  outer loop
    vertex -0.00981974462780473 -0.001890136356113007 0.2797950930495834
    vertex -0.009748291525688776 -0.002229531863460218 0.2700199906490657
    vertex -0.004231486644263872 -0.009060602671975882 0.2755369832340836
  endloop
endfacet
facet normal -0.986022 0.146506 0.0793524
  outer loop
    vertex -0.007879394229775157 0.006157527634674972 0.151353508065043
    vertex -0.008943376013012689 0.004473927300467594 0.1412409885959555
    vertex -0.009490191021308247 -0.003152185651112626 0.1485261781692702
  endloop
endfacet
facet normal -0.891116 0.439213 0.114036
  outer loop
    vertex -0.009987627858161265 0.0004972823814303437 0.04588372392218574
    vertex -0.006214316816160676 0.007834683561470919 0.04710946870111115
    vertex -0.009009688679024182 0.004338837391175599 0.03872983346207417
  endloop
endfacet
facet normal 0.135122 0.990803 0.00711324
  outer loop
    vertex 0.004470376826043766 0.00894515125826114 0.1033310214139057
    vertex -0.002048331640553042 0.009787969017641469 0.1097630138450312
    vertex 0.004719601228477479 0.008816198968044782 0.1165585706983276
  endloop
endfacet
facet normal -0.94929 0.312163 0.0374496
  outer loop
    vertex -0.009825723547637683 -0.001858805198346058 0.2602229575816478
    vertex -0.007045967970376005 0.007096078872196634 0.2560417313937333
    vertex -0.009946407506675614 -0.001033913783227113 0.2502878852490955
  endloop
endfacet
facet normal -0.794109 -0.60266 0.0786882
  outer loop
    vertex -0.004571400297168422 -0.008893947342043828 0.1541906712340647
    vertex -0.00990674144596118 -0.001362524833856242 0.1580291320330117
    vertex -0.009490191021308247 -0.003152185651112626 0.1485261781692702
  endloop
endfacet
facet normal -0.786104 -0.617856 -0.017167
  outer loop
    vertex -0.004294703076420971 -0.009030809791230256 0.2650758979653181
    vertex -0.009748291525688776 -0.002229531863460218 0.2700199906490657
    vertex -0.009825723547637683 -0.001858805198346058 0.2602229575816478
  endloop
endfacet
facet normal -0.100197 0.971093 -0.216655
  outer loop
    vertex -0.007045967970376005 0.007096078872196634 0.2560417313937333
    vertex -0.002964759322357009 0.009550403245962822 0.2651550730801999
    vertex 0.004745670671687165 0.008802193469578381 0.2582355695274718
  endloop
endfacet
facet normal -0.698281 -0.71439 0.0452738
  outer loop
    vertex -0.002905104482753497 -0.009568718197558414 0.1336801242880348
    vertex -0.009376054280984017 -0.003477011090008386 0.1299983463612964
    vertex -0.003818928448551173 -0.00924206608420685 0.1247401004162799
  endloop
endfacet
facet normal -0.842051 0.472736 -0.259753
  outer loop
    vertex -0.009799969070110002 -0.00199012718811822 0.2005467105679155
    vertex -0.009218680291082353 0.003875039830867523 0.2093366163924428
    vertex -0.005214013611925856 0.008533115612403941 0.2048319758113485
  endloop
endfacet
facet normal -0.996771 0.0734215 0.0324968
  outer loop
    vertex -0.009306336162834467 -0.003659522813744911 0.1132202119393756
    vertex -0.008495569578360694 0.005274968960973355 0.1179026852531499
    vertex -0.008873454677880165 0.004611052166220484 0.1078118746116751
  endloop
endfacet
facet normal -0.999012 0.0323888 -0.0304308
  outer loop
    vertex -0.009306336162834467 -0.003659522813744911 0.1132202119393756
    vertex -0.008873454677880165 0.004611052166220484 0.1078118746116751
    vertex -0.009031101186655939 -0.004294090282746941 0.1035091434939647
  endloop
endfacet
facet normal 0.221105 -0.968723 0.112645
  outer loop
    vertex -0.002225209339563233 -0.009749279121818217 0.3
    vertex 0.002229584033205658 -0.009748279593798816 0.2912645421447961
    vertex 0.006234898018587291 -0.007818314824680333 0.3
  endloop
endfacet
facet normal 0.0815738 -0.994952 -0.0584419
  outer loop
    vertex 0.005216279015231948 -0.008531730963599991 0.1006770413412186
    vertex 0.003960713411435147 -0.009182197409796729 0.1099984697343282
    vertex -0.002800101662386854 -0.009599970347886413 0.1076740895016799
  endloop
endfacet
facet normal -0.977937 0.193279 -0.0792662
  outer loop
    vertex -0.00990674144596118 -0.001362524833856242 0.1580291320330117
    vertex -0.007879394229775157 0.006157527634674972 0.151353508065043
    vertex -0.009490191021308247 -0.003152185651112626 0.1485261781692702
  endloop
endfacet
facet normal -0.906448 -0.396872 0.144379
  outer loop
    vertex -0.009009688679024212 -0.00433883739117554 0.03872983346207417
    vertex -0.006223496120311486 -0.00782739394948714 0.04663287321334889
    vertex -0.009987627858161265 0.0004972823814303437 0.04588372392218574
  endloop
endfacet
facet normal -0.677881 -0.734896 0.0201369
  outer loop
    vertex -0.009306336162834467 -0.003659522813744911 0.1132202119393756
    vertex -0.002827897728513687 -0.00959181914117792 0.1148088487333778
    vertex -0.009437135027855868 -0.003307640014574713 0.1216590182931586
  endloop
endfacet
facet normal -0.673334 0.738844 0.0270355
  outer loop
    vertex -0.008902330982398848 0.004555052478273061 0.2335400306363663
    vertex -0.003429004636437472 0.009393717432587077 0.237621944035532
    vertex -0.004330018842048894 0.009013930154350076 0.2255607869945138
  endloop
endfacet
facet normal 0.048909 0.998781 -0.00672069
  outer loop
    vertex 0.004641057536294484 0.008857797973808399 0.09159130863725999
    vertex -0.003667195107139113 0.009303315540503555 0.09733862415412144
    vertex 0.004470376826043766 0.00894515125826114 0.1033310214139057
  endloop
endfacet
facet normal 0.142884 0.989729 0.0045607
  outer loop
    vertex 0.004559518624242843 0.008900044377146815 0.1509670979070858
    vertex -0.001916732017676394 0.009814588038853907 0.1553971709378121
    vertex 0.004711097629951757 0.008820745950375339 0.1634269584006298
  endloop
endfacet
facet normal 0.0107511 0.998246 -0.0582234
  outer loop
    vertex -0.005309566424199249 0.008473989874139337 0.2161225779498653
    vertex -0.004330018842048894 0.009013930154350076 0.2255607869945138
    vertex 0.004814045995301151 0.008764984948938872 0.2229810692818187
  endloop
endfacet
facet normal -0.598549 0.800515 -0.0302545
  outer loop
    vertex -0.008495569578360694 0.005274968960973355 0.1179026852531499
    vertex -0.002048331640553042 0.009787969017641469 0.1097630138450312
    vertex -0.008873454677880165 0.004611052166220484 0.1078118746116751
  endloop
endfacet
facet normal 0.182331 -0.983147 -0.0132925
  outer loop
    vertex 0.004760811042964014 -0.008794013771492054 0.1901199316838381
    vertex -0.001645980873750089 -0.009863607198345283 0.1813489938700736
    vertex 0.005239785267829394 -0.008517314738052013 0.1762245162443095
  endloop
endfacet
facet normal 0.22125 0.969359 -0.106732
  outer loop
    vertex -0.00222520933956313 0.009749279121818239 0.03872983346207417
    vertex 0.002415753844247207 0.009703820555018772 0.0479374033299028
    vertex 0.006234898018587343 0.007818314824680293 0.03872983346207417
  endloop
endfacet
facet normal -0.975378 0.219958 0.0160324
  outer loop
    vertex -0.009748291525688776 -0.002229531863460218 0.2700199906490657
    vertex -0.007952375259131257 0.006062980103707836 0.2655100306160626
    vertex -0.009825723547637683 -0.001858805198346058 0.2602229575816478
  endloop
endfacet
facet normal 0.221357 0.969829 0.102143
  outer loop
    vertex 0.006234898018587341 0.007818314824680294 0.3
    vertex 0.001686742849779718 0.009856718447775456 0.2905022055032735
    vertex -0.002225209339563139 0.009749279121818237 0.3
  endloop
endfacet
facet normal -0.0513123 -0.995703 0.0770846
  outer loop
    vertex -0.004912063708959106 -0.008710432257880599 0.2549312166809455
    vertex 0.003236839255360959 -0.009461652690463453 0.2506521044139824
    vertex 0.00474032156561583 -0.008805075323616346 0.2601339322723402
  endloop
endfacet
facet normal -0.34424 -0.937098 0.0578458
  outer loop
    vertex -0.00607780804410545 -0.00794104838034671 0.1638879017537564
    vertex 0.0004980150201662444 -0.009987591353258744 0.1698666975632663
    vertex -0.007236753386114162 -0.006901405684972098 0.1738331761283939
  endloop
endfacet
facet normal -0.93525 0.352937 -0.0272413
  outer loop
    vertex -0.007045967970376005 0.007096078872196634 0.2560417313937333
    vertex -0.006588162471770294 0.007523038963448051 0.2458560128553071
    vertex -0.009946407506675614 -0.001033913783227113 0.2502878852490955
  endloop
endfacet
facet normal 0.166228 0.986014 -0.0120018
  outer loop
    vertex 0.005061472339407957 0.008624470868256682 0.05714734863861904
    vertex -0.001850266017136103 0.009827335125344576 0.06024020707233228
    vertex 0.004711097629951829 0.008820745950375301 0.06841962511411123
  endloop
endfacet
facet normal -0.857971 -0.513418 -0.0169853
  outer loop
    vertex -0.009946407506675614 -0.001033913783227113 0.2502878852490955
    vertex -0.009978250243532971 -0.0006591828861812352 0.2405692579738645
    vertex -0.005448428201016279 -0.008385381931574168 0.245297850670524
  endloop
endfacet
facet normal -0.106139 -0.993967 -0.027629
  outer loop
    vertex -0.005448428201016279 -0.008385381931574168 0.245297850670524
    vertex 0.003236839255360959 -0.009461652690463453 0.2506521044139824
    vertex -0.004912063708959106 -0.008710432257880599 0.2549312166809455
  endloop
endfacet
facet normal -0.0382053 -0.99445 -0.0980319
  outer loop
    vertex 0.004778082529421176 -0.008784641560248212 0.149438149346213
    vertex 0.002191849111506497 -0.009756833373199944 0.1603081203513166
    vertex -0.004571400297168422 -0.008893947342043828 0.1541906712340647
  endloop
endfacet
facet normal -0.712465 -0.70144 0.0193848
  outer loop
    vertex -0.003564962286238718 -0.009342967617288183 0.2151257563544676
    vertex -0.009323348667361835 -0.003615960401719342 0.2107153012762781
    vertex -0.003977845551090727 -0.009174788540978354 0.2060363146584757
  endloop
endfacet
facet normal -0.995753 -0.0153216 -0.0907783
  outer loop
    vertex -0.008943376013012689 0.004473927300467594 0.1412409885959555
    vertex -0.008612439503335881 -0.005081917531934145 0.1392237669769879
    vertex -0.009490191021308247 -0.003152185651112626 0.1485261781692702
  endloop
endfacet
facet normal -0.230717 -0.965821 0.118148
  outer loop
    vertex 0.002505308304022464 -0.009681086214975885 0.04852498320834657
    vertex -0.006223496120311486 -0.00782739394948714 0.04663287321334889
    vertex -0.002225209339563224 -0.009749279121818218 0.03872983346207417
  endloop
endfacet
facet normal -0.884939 0.446101 -0.133704
  outer loop
    vertex -0.009009688679024184 0.004338837391175594 0.3
    vertex -0.006234898018587329 0.007818314824680305 0.2932438782218695
    vertex -0.009993906111699426 -0.0003490567726557599 0.2908731464821919
  endloop
endfacet
facet normal -0.176833 0.948359 0.263336
  outer loop
    vertex 0.004711097629951757 0.008820745950375339 0.1634269584006298
    vertex -0.001916732017676394 0.009814588038853907 0.1553971709378121
    vertex -0.00687060526535866 0.007266001877760965 0.1612488791763658
  endloop
endfacet
facet normal -0.927635 0.373082 0.0174247
  outer loop
    vertex -0.009946407506675614 -0.001033913783227113 0.2502878852490955
    vertex -0.006588162471770294 0.007523038963448051 0.2458560128553071
    vertex -0.009978250243532971 -0.0006591828861812352 0.2405692579738645
  endloop
endfacet
facet normal -0.618652 -0.775765 -0.124334
  outer loop
    vertex -0.002225209339563224 -0.009749279121818218 0.03872983346207417
    vertex -0.006223496120311486 -0.00782739394948714 0.04663287321334889
    vertex -0.009009688679024212 -0.00433883739117554 0.03872983346207417
  endloop
endfacet
facet normal -0.0977094 0.949159 0.299248
  outer loop
    vertex 0.004645739076916151 0.008855343495834268 0.1279279296541729
    vertex -0.00248253398998349 0.009686951274192343 0.122962720086718
    vertex -0.007058908200208397 0.007083206549369476 0.1297270640022586
  endloop
endfacet
facet normal -0.931735 0.3555 -0.0740938
  outer loop
    vertex -0.0099919998131393 0.0003999246606852448 0.1675574325958798
    vertex -0.00687060526535866 0.007266001877760965 0.1612488791763658
    vertex -0.00990674144596118 -0.001362524833856242 0.1580291320330117
  endloop
endfacet
facet normal 0.0662899 0.997789 -0.00470303
  outer loop
    vertex 0.004828915717097784 0.008756801527793468 0.1751029467695716
    vertex -0.003577582946346185 0.009338142227553237 0.1799486760310172
    vertex 0.004713365262478847 0.008819534449303871 0.1867836007501049
  endloop
endfacet
facet normal -0.948505 0.310656 0.0618964
  outer loop
    vertex -0.00990674144596118 -0.001362524833856242 0.1580291320330117
    vertex -0.00687060526535866 0.007266001877760965 0.1612488791763658
    vertex -0.007879394229775157 0.006157527634674972 0.151353508065043
  endloop
endfacet
facet normal -0.648642 -0.761089 -0.00244457
  outer loop
    vertex -0.009031101186655939 -0.004294090282746941 0.1035091434939647
    vertex -0.009053862797633814 -0.00424588841605881 0.09454160579706414
    vertex -0.002776920094616974 -0.009606701556107197 0.09804606675937451
  endloop
endfacet
facet normal -0.997025 -0.000965587 -0.0770752
  outer loop
    vertex -0.009053862797633814 -0.00424588841605881 0.09454160579706414
    vertex -0.009411119458121193 0.003380951130225442 0.0990674352878422
    vertex -0.008585272161561072 0.005127679973625938 0.08836261103245012
  endloop
endfacet
facet normal -0.220872 0.968367 0.116109
  outer loop
    vertex -0.00222520933956313 0.009749279121818239 0.03872983346207417
    vertex -0.006214316816160676 0.007834683561470919 0.04710946870111115
    vertex 0.002415753844247207 0.009703820555018772 0.0479374033299028
  endloop
endfacet
facet normal -0.849615 0.521053 -0.0815924
  outer loop
    vertex -0.0097284361386786 0.002314633944202021 0.1770404036826286
    vertex -0.005433154879339592 0.00839528606166034 0.1711453403417673
    vertex -0.0099919998131393 0.0003999246606852448 0.1675574325958798
  endloop
endfacet
facet normal -0.660454 -0.747081 -0.0752988
  outer loop
    vertex -0.002905104482753497 -0.009568718197558414 0.1336801242880348
    vertex -0.008612439503335881 -0.005081917531934145 0.1392237669769879
    vertex -0.009376054280984017 -0.003477011090008386 0.1299983463612964
  endloop
endfacet
facet normal -0.725215 -0.686262 0.0557403
  outer loop
    vertex -0.009682771102252009 -0.002498788462714163 0.2197933756509465
    vertex -0.009323348667361835 -0.003615960401719342 0.2107153012762781
    vertex -0.003564962286238718 -0.009342967617288183 0.2151257563544676
  endloop
endfacet
facet normal -0.675097 -0.737727 -0.00178726
  outer loop
    vertex -0.002800101662386854 -0.009599970347886413 0.1076740895016799
    vertex -0.002827897728513687 -0.00959181914117792 0.1148088487333778
    vertex -0.009306336162834467 -0.003659522813744911 0.1132202119393756
  endloop
endfacet
facet normal -0.525445 -0.848966 0.0562593
  outer loop
    vertex -0.007236753386114162 -0.006901405684972098 0.1738331761283939
    vertex -0.001645980873750089 -0.009863607198345283 0.1813489938700736
    vertex -0.008305251627601998 -0.005569811074194021 0.1839477998012974
  endloop
endfacet
facet normal -0.870903 -0.490338 0.033115
  outer loop
    vertex -0.005448428201016279 -0.008385381931574168 0.245297850670524
    vertex -0.009978250243532971 -0.0006591828861812352 0.2405692579738645
    vertex -0.006089372401026163 -0.007932184047387002 0.2351519898637769
  endloop
endfacet
facet normal -0.186045 -0.980225 0.0674209
  outer loop
    vertex -0.004571400297168422 -0.008893947342043828 0.1541906712340647
    vertex 0.002191849111506497 -0.009756833373199944 0.1603081203513166
    vertex -0.00607780804410545 -0.00794104838034671 0.1638879017537564
  endloop
endfacet
facet normal -0.204742 -0.976959 0.0602665
  outer loop
    vertex 0.002229584033205658 -0.009748279593798816 0.2912645421447961
    vertex -0.006234898018587393 -0.007818314824680253 0.2937942638384388
    vertex -0.005119283336718503 -0.008590281608794688 0.2850702388827975
  endloop
endfacet
facet normal -0.867882 -0.482694 -0.117418
  outer loop
    vertex -0.009993906111699426 -0.0003490567726557599 0.2908731464821919
    vertex -0.006234898018587393 -0.007818314824680253 0.2937942638384388
    vertex -0.009009688679024212 -0.004338837391175535 0.3
  endloop
endfacet
facet normal -0.119591 -0.990101 0.0734714
  outer loop
    vertex 0.003313012392022783 -0.009435250335327806 0.2302011658561188
    vertex -0.006089372401026163 -0.007932184047387002 0.2351519898637769
    vertex -0.004810722212359566 -0.008766809670313956 0.2259858661203715
  endloop
endfacet
facet normal -0.616898 0.773565 0.14503
  outer loop
    vertex -0.002225209339563139 0.009749279121818237 0.3
    vertex -0.006234898018587329 0.007818314824680305 0.2932438782218695
    vertex -0.009009688679024184 0.004338837391175594 0.3
  endloop
endfacet
facet normal -0.794439 -0.60591 0.0417149
  outer loop
    vertex -0.009799969070110002 -0.00199012718811822 0.2005467105679155
    vertex -0.009576132763647797 -0.002880569612592482 0.1918758556629126
    vertex -0.004799724176766645 -0.008772835791633271 0.1972547435661881
  endloop
endfacet
facet normal -0.880299 0.468549 0.0743964
  outer loop
    vertex -0.0099919998131393 0.0003999246606852448 0.1675574325958798
    vertex -0.005433154879339592 0.00839528606166034 0.1711453403417673
    vertex -0.00687060526535866 0.007266001877760965 0.1612488791763658
  endloop
endfacet
facet normal 0.00657492 0.994144 -0.107861
  outer loop
    vertex -0.005433154879339592 0.00839528606166034 0.1711453403417673
    vertex -0.003577582946346185 0.009338142227553237 0.1799486760310172
    vertex 0.004828915717097784 0.008756801527793468 0.1751029467695716
  endloop
endfacet
facet normal -0.669368 -0.73748 0.0898262
  outer loop
    vertex -0.009490191021308247 -0.003152185651112626 0.1485261781692702
    vertex -0.008612439503335881 -0.005081917531934145 0.1392237669769879
    vertex -0.002948946925584254 -0.009555297589823521 0.1447002533831763
  endloop
endfacet
facet normal -0.713227 -0.699386 -0.0465417
  outer loop
    vertex -0.009437135027855868 -0.003307640014574713 0.1216590182931586
    vertex -0.002827897728513687 -0.00959181914117792 0.1148088487333778
    vertex -0.003818928448551173 -0.00924206608420685 0.1247401004162799
  endloop
endfacet
facet normal -0.691388 -0.712708 0.118451
  outer loop
    vertex -0.003957443439698635 -0.009183607211852336 0.07433962158494901
    vertex -0.002083914078502482 -0.009780455107683852 0.08168404503332924
    vertex -0.009616442969744355 -0.002742995554071203 0.08006102411996296
  endloop
endfacet
facet normal -0.66487 -0.745223 0.0508913
  outer loop
    vertex -0.002776920094616974 -0.009606701556107197 0.09804606675937451
    vertex -0.009053862797633814 -0.00424588841605881 0.09454160579706414
    vertex -0.003954353713143188 -0.009184938035248289 0.08883954051481661
  endloop
endfacet
facet normal -0.961077 0.269085 -0.0626443
  outer loop
    vertex -0.009825723547637683 -0.001858805198346058 0.2602229575816478
    vertex -0.007952375259131257 0.006062980103707836 0.2655100306160626
    vertex -0.007045967970376005 0.007096078872196634 0.2560417313937333
  endloop
endfacet
facet normal -0.767933 0.633594 0.0940062
  outer loop
    vertex -0.0097284361386786 0.002314633944202021 0.1770404036826286
    vertex -0.003577582946346185 0.009338142227553237 0.1799486760310172
    vertex -0.005433154879339592 0.00839528606166034 0.1711453403417673
  endloop
endfacet
facet normal 0.117701 0.993046 -0.00265439
  outer loop
    vertex 0.004719601228477479 0.008816198968044782 0.1165585706983276
    vertex -0.00248253398998349 0.009686951274192343 0.122962720086718
    vertex 0.004645739076916151 0.008855343495834268 0.1279279296541729
  endloop
endfacet
facet normal 0.933869 -0.357616 0
  outer loop
    vertex 0.01 -2.449293598294706e-18 0.1693649167310372
    vertex 0.00744221113718479 -0.006679333304272415 0.1668121965726883
    vertex 0.01 -2.449293598294706e-18 0.1574890000702224
  endloop
endfacet
facet normal 0.0842557 -0.99586 0.034104
  outer loop
    vertex -0.002827897728513687 -0.00959181914117792 0.1148088487333778
    vertex 0.003960713411435147 -0.009182197409796729 0.1099984697343282
    vertex 0.004706733871893295 -0.008823075215545449 0.1186420018094012
  endloop
endfacet
facet normal 0.907156 -0.398753 0.134403
  outer loop
    vertex 0.005239785267829394 -0.008517314738052013 0.1762245162443095
    vertex 0.00744221113718479 -0.006679333304272415 0.1668121965726883
    vertex 0.01 -2.449293598294706e-18 0.1693649167310372
  endloop
endfacet
facet normal -0.281841 0.953666 -0.105297
  outer loop
    vertex 0.001686742849779718 0.009856718447775456 0.2905022055032735
    vertex -0.006234898018587329 0.007818314824680305 0.2932438782218695
    vertex -0.002225209339563139 0.009749279121818237 0.3
  endloop
endfacet
facet normal -0.994739 0.100546 -0.0196107
  outer loop
    vertex -0.009306336162834467 -0.003659522813744911 0.1132202119393756
    vertex -0.009437135027855868 -0.003307640014574713 0.1216590182931586
    vertex -0.008495569578360694 0.005274968960973355 0.1179026852531499
  endloop
endfacet
facet normal -0.897242 -0.418397 -0.141069
  outer loop
    vertex -0.006223496120311486 -0.00782739394948714 0.04663287321334889
    vertex -0.009555735450661951 -0.002947527777131613 0.05335372593859467
    vertex -0.009987627858161265 0.0004972823814303437 0.04588372392218574
  endloop
endfacet
facet normal -0.257554 -0.957281 -0.131453
  outer loop
    vertex -0.002225209339563233 -0.009749279121818217 0.3
    vertex -0.006234898018587393 -0.007818314824680253 0.2937942638384388
    vertex 0.002229584033205658 -0.009748279593798816 0.2912645421447961
  endloop
endfacet
facet normal -0.196202 0.969869 -0.144428
  outer loop
    vertex -0.006214316816160676 0.007834683561470919 0.04710946870111115
    vertex -0.001024400571435695 0.009947391792286167 0.05424641019884448
    vertex 0.002415753844247207 0.009703820555018772 0.0479374033299028
  endloop
endfacet
facet normal 0.0954681 0.995432 -0.00125611
  outer loop
    vertex 0.004745670671687165 0.008802193469578381 0.2582355695274718
    vertex -0.002964759322357009 0.009550403245962822 0.2651550730801999
    vertex 0.004711097629951913 0.008820745950375256 0.2703102083479632
  endloop
endfacet
facet normal 0.126963 0.991895 -0.00503144
  outer loop
    vertex 0.004710046543529711 0.008821307247669351 0.1392433510414809
    vertex -0.002257315827650517 0.009741895362517423 0.1449128539260324
    vertex 0.004559518624242843 0.008900044377146815 0.1509670979070858
  endloop
endfacet
facet normal 0.0119034 0.997089 0.0753085
  outer loop
    vertex 0.004572866830883511 0.008893193405464957 0.1985175952385903
    vertex -0.00396334030386127 0.009181063861872918 0.1960554155668376
    vertex -0.005214013611925856 0.008533115612403941 0.2048319758113485
  endloop
endfacet
facet normal -0.650858 0.756421 0.0648946
  outer loop
    vertex -0.008943376013012689 0.004473927300467594 0.1412409885959555
    vertex -0.003713767221831583 0.009284822724320015 0.1376147050768778
    vertex -0.007058908200208397 0.007083206549369476 0.1297270640022586
  endloop
endfacet
facet normal -0.747982 -0.659968 -0.0704616
  outer loop
    vertex -0.003977845551090727 -0.009174788540978354 0.2060363146584757
    vertex -0.009323348667361835 -0.003615960401719342 0.2107153012762781
    vertex -0.009799969070110002 -0.00199012718811822 0.2005467105679155
  endloop
endfacet
facet normal 0.0612034 -0.998124 0.00137876
  outer loop
    vertex -0.002800101662386854 -0.009599970347886413 0.1076740895016799
    vertex 0.003960713411435147 -0.009182197409796729 0.1099984697343282
    vertex -0.002827897728513687 -0.00959181914117792 0.1148088487333778
  endloop
endfacet
facet normal -0.615699 -0.772063 0.157586
  outer loop
    vertex -0.009009688679024212 -0.004338837391175535 0.3
    vertex -0.006234898018587393 -0.007818314824680253 0.2937942638384388
    vertex -0.002225209339563233 -0.009749279121818217 0.3
  endloop
endfacet
facet normal -0.656139 -0.740389 0.145964
  outer loop
    vertex -0.008305251627601998 -0.005569811074194021 0.1839477998012974
    vertex -0.002609706902057508 -0.009653467246816214 0.1888364936349779
    vertex -0.009576132763647797 -0.002880569612592482 0.1918758556629126
  endloop
endfacet
facet normal -0.759729 0.650233 -0.00302452
  outer loop
    vertex -0.005214013611925856 0.008533115612403941 0.2048319758113485
    vertex -0.009218680291082353 0.003875039830867523 0.2093366163924428
    vertex -0.005309566424199249 0.008473989874139337 0.2161225779498653
  endloop
endfacet
facet normal 0.200496 0.979675 0.00613189
  outer loop
    vertex 0.004711097629951829 0.008820745950375301 0.06841962511411123
    vertex -0.001007912825081065 0.009949075923774886 0.07514551775780733
    vertex 0.004920161061936925 0.008705860964005784 0.07993867039915623
  endloop
endfacet
facet normal -0.99792 -0.0128545 0.0631669
  outer loop
    vertex -0.008873454677880165 0.004611052166220484 0.1078118746116751
    vertex -0.009411119458121193 0.003380951130225442 0.0990674352878422
    vertex -0.009031101186655939 -0.004294090282746941 0.1035091434939647
  endloop
endfacet
facet normal -0.592912 0.802117 -0.0711591
  outer loop
    vertex -0.007879394229775157 0.006157527634674972 0.151353508065043
    vertex -0.002257315827650517 0.009741895362517423 0.1449128539260324
    vertex -0.008943376013012689 0.004473927300467594 0.1412409885959555
  endloop
endfacet
facet normal -0.423996 0.904758 0.0404957
  outer loop
    vertex -0.007051290208002968 0.007090790252328822 0.05496633964237758
    vertex -0.001024400571435695 0.009947391792286167 0.05424641019884448
    vertex -0.006214316816160676 0.007834683561470919 0.04710946870111115
  endloop
endfacet
facet normal 0.126107 -0.985643 -0.112268
  outer loop
    vertex 0.00500304869023729 -0.008658493160077852 0.0797944787607147
    vertex -0.002083914078502482 -0.009780455107683852 0.08168404503332924
    vertex -0.003957443439698635 -0.009183607211852336 0.07433962158494901
  endloop
endfacet
facet normal -0.795177 -0.603968 0.0539979
  outer loop
    vertex -0.009822329009304421 -0.001876660020615567 0.06140552566328727
    vertex -0.009555735450661951 -0.002947527777131613 0.05335372593859467
    vertex -0.005188443012209084 -0.008548687566466489 0.05501773541250803
  endloop
endfacet
facet normal -0.974208 0.156109 0.162939
  outer loop
    vertex -0.008585272161561072 0.005127679973625938 0.08836261103245012
    vertex -0.009842112593986315 -0.001769977312650078 0.08745653033056085
    vertex -0.009053862797633814 -0.00424588841605881 0.09454160579706414
  endloop
endfacet
facet normal 0.610788 -0.787451 0.0828112
  outer loop
    vertex 0.006234898018587291 -0.007818314824680333 0.03872983346207417
    vertex 0.00844653091447858 -0.005353140714641979 0.04585887799327896
    vertex 0.002505308304022464 -0.009681086214975885 0.04852498320834657
  endloop
endfacet
facet normal -0.723901 -0.689849 -0.00870862
  outer loop
    vertex -0.009376054280984017 -0.003477011090008386 0.1299983463612964
    vertex -0.009437135027855868 -0.003307640014574713 0.1216590182931586
    vertex -0.003818928448551173 -0.00924206608420685 0.1247401004162799
  endloop
endfacet
facet normal -0.717777 -0.686729 -0.114892
  outer loop
    vertex -0.009576132763647797 -0.002880569612592482 0.1918758556629126
    vertex -0.002609706902057508 -0.009653467246816214 0.1888364936349779
    vertex -0.004799724176766645 -0.008772835791633271 0.1972547435661881
  endloop
endfacet
facet normal -0.471679 0.881737 0.0076416
  outer loop
    vertex -0.007234240584551381 0.006904039626539646 0.06522219155935959
    vertex -0.001850266017136103 0.009827335125344576 0.06024020707233228
    vertex -0.007051290208002968 0.007090790252328822 0.05496633964237758
  endloop
endfacet
facet normal -0.707683 0.703954 0.0602699
  outer loop
    vertex -0.008585272161561072 0.005127679973625938 0.08836261103245012
    vertex -0.009411119458121193 0.003380951130225442 0.0990674352878422
    vertex -0.003667195107139113 0.009303315540503555 0.09733862415412144
  endloop
endfacet
facet normal -0.794353 -0.605715 0.0459518
  outer loop
    vertex -0.005188443012209084 -0.008548687566466489 0.05501773541250803
    vertex -0.009555735450661951 -0.002947527777131613 0.05335372593859467
    vertex -0.006223496120311486 -0.00782739394948714 0.04663287321334889
  endloop
endfacet
facet normal 0.549761 -0.832538 -0.0681359
  outer loop
    vertex 0.002229584033205658 -0.009748279593798816 0.2912645421447961
    vertex 0.00803205583078565 -0.005957019315995397 0.2917577713944076
    vertex 0.006234898018587291 -0.007818314824680333 0.3
  endloop
endfacet
facet normal -0.998838 -0.0481385 0.00227652
  outer loop
    vertex -0.009031101186655939 -0.004294090282746941 0.1035091434939647
    vertex -0.009411119458121193 0.003380951130225442 0.0990674352878422
    vertex -0.009053862797633814 -0.00424588841605881 0.09454160579706414
  endloop
endfacet
facet normal -0.792593 -0.607241 -0.055272
  outer loop
    vertex -0.006089372401026163 -0.007932184047387002 0.2351519898637769
    vertex -0.00963923267190432 -0.002661802678053415 0.2281539400127344
    vertex -0.004810722212359566 -0.008766809670313956 0.2259858661203715
  endloop
endfacet
facet normal -0.763407 -0.631493 -0.135745
  outer loop
    vertex -0.009053862797633814 -0.00424588841605881 0.09454160579706414
    vertex -0.009842112593986315 -0.001769977312650078 0.08745653033056085
    vertex -0.003954353713143188 -0.009184938035248289 0.08883954051481661
  endloop
endfacet
facet normal 0.557692 0.827743 0.061818
  outer loop
    vertex 0.002415753844247207 0.009703820555018772 0.0479374033299028
    vertex 0.008027486880493795 0.005963174857699547 0.04739826206515586
    vertex 0.006234898018587343 0.007818314824680293 0.03872983346207417
  endloop
endfacet
facet normal 0.524306 0.848737 -0.0689168
  outer loop
    vertex 0.006234898018587341 0.007818314824680294 0.3
    vertex 0.007970299617349153 0.006039397652885921 0.2912945608748477
    vertex 0.001686742849779718 0.009856718447775456 0.2905022055032735
  endloop
endfacet
facet normal -0.785685 -0.618576 -0.00796946
  outer loop
    vertex -0.004810722212359566 -0.008766809670313956 0.2259858661203715
    vertex -0.00963923267190432 -0.002661802678053415 0.2281539400127344
    vertex -0.009682771102252009 -0.002498788462714163 0.2197933756509465
  endloop
endfacet
facet normal -0.528337 0.84896 0.0112768
  outer loop
    vertex -0.007879394229775157 0.006157527634674972 0.151353508065043
    vertex -0.001916732017676394 0.009814588038853907 0.1553971709378121
    vertex -0.002257315827650517 0.009741895362517423 0.1449128539260324
  endloop
endfacet
facet normal -0.514876 0.85723 -0.00774395
  outer loop
    vertex -0.007429557105256428 0.006693405801214635 0.2851673569305843
    vertex -0.002289474239271199 0.009734387895893279 0.2800428342085841
    vertex -0.007596684653847857 0.006503105586563428 0.2752136428321008
  endloop
endfacet
facet normal -0.241215 -0.968217 -0.0661188
  outer loop
    vertex 0.002191849111506497 -0.009756833373199944 0.1603081203513166
    vertex 0.0004980150201662444 -0.009987591353258744 0.1698666975632663
    vertex -0.00607780804410545 -0.00794104838034671 0.1638879017537564
  endloop
endfacet
facet normal 0.89706 0.432001 -0.0930545
  outer loop
    vertex 0.006234898018587343 0.007818314824680293 0.03872983346207417
    vertex 0.008027486880493795 0.005963174857699547 0.04739826206515586
    vertex 0.01000000000000001 -2.449293598294709e-18 0.03872983346207417
  endloop
endfacet
facet normal 0.897266 0.432101 0.0905693
  outer loop
    vertex 0.01 -2.449293598294706e-18 0.3
    vertex 0.007970299617349153 0.006039397652885921 0.2912945608748477
    vertex 0.006234898018587341 0.007818314824680294 0.3
  endloop
endfacet
facet normal 0.893511 -0.430292 -0.128401
  outer loop
    vertex 0.01000000000000001 -2.449293598294709e-18 0.03872983346207417
    vertex 0.00844653091447858 -0.005353140714641979 0.04585887799327896
    vertex 0.006234898018587291 -0.007818314824680333 0.03872983346207417
  endloop
endfacet
facet normal 0.896632 -0.431795 0.0979943
  outer loop
    vertex 0.006234898018587291 -0.007818314824680333 0.3
    vertex 0.00803205583078565 -0.005957019315995397 0.2917577713944076
    vertex 0.01 -2.449293598294706e-18 0.3
  endloop
endfacet
facet normal -0.998453 0.0232482 0.0505164
  outer loop
    vertex -0.009323348667361835 -0.003615960401719342 0.2107153012762781
    vertex -0.009218680291082353 0.003875039830867523 0.2093366163924428
    vertex -0.009799969070110002 -0.00199012718811822 0.2005467105679155
  endloop
endfacet
facet normal 0.132323 0.991144 -0.0111706
  outer loop
    vertex -0.002257315827650517 0.009741895362517423 0.1449128539260324
    vertex -0.001916732017676394 0.009814588038853907 0.1553971709378121
    vertex 0.004559518624242843 0.008900044377146815 0.1509670979070858
  endloop
endfacet
facet normal 0.397683 -0.913546 -0.0853365
  outer loop
    vertex 0.0004980150201662444 -0.009987591353258744 0.1698666975632663
    vertex 0.00744221113718479 -0.006679333304272415 0.1668121965726883
    vertex 0.005239785267829394 -0.008517314738052013 0.1762245162443095
  endloop
endfacet
facet normal -0.499418 0.865139 -0.045999
  outer loop
    vertex -0.00687060526535866 0.007266001877760965 0.1612488791763658
    vertex -0.001916732017676394 0.009814588038853907 0.1553971709378121
    vertex -0.007879394229775157 0.006157527634674972 0.151353508065043
  endloop
endfacet
facet normal -0.571018 0.820199 0.034829
  outer loop
    vertex -0.007952375259131257 0.006062980103707836 0.2655100306160626
    vertex -0.002964759322357009 0.009550403245962822 0.2651550730801999
    vertex -0.007045967970376005 0.007096078872196634 0.2560417313937333
  endloop
endfacet
facet normal 0.54875 -0.827309 -0.120138
  outer loop
    vertex 0.00844653091447858 -0.005353140714641979 0.04585887799327896
    vertex 0.007064236719070053 -0.00707789231176502 0.05142220809446617
    vertex 0.002505308304022464 -0.009681086214975885 0.04852498320834657
  endloop
endfacet
facet normal 0.108529 -0.993212 0.0418439
  outer loop
    vertex 0.004760811042964014 -0.008794013771492054 0.1901199316838381
    vertex -0.002609706902057508 -0.009653467246816214 0.1888364936349779
    vertex -0.001645980873750089 -0.009863607198345283 0.1813489938700736
  endloop
endfacet
facet normal -0.554454 -0.830826 -0.0480471
  outer loop
    vertex -0.001645980873750089 -0.009863607198345283 0.1813489938700736
    vertex -0.002609706902057508 -0.009653467246816214 0.1888364936349779
    vertex -0.008305251627601998 -0.005569811074194021 0.1839477998012974
  endloop
endfacet
facet normal -0.490733 0.866827 -0.0882777
  outer loop
    vertex -0.003440285841584431 0.009389591755140035 0.08317325034698565
    vertex -0.001007912825081065 0.009949075923774886 0.07514551775780733
    vertex -0.007939018528216032 0.006080459259681175 0.07568813903420255
  endloop
endfacet
facet normal 0.450131 -0.891061 0.0582542
  outer loop
    vertex 0.002191849111506497 -0.009756833373199944 0.1603081203513166
    vertex 0.00744221113718479 -0.006679333304272415 0.1668121965726883
    vertex 0.0004980150201662444 -0.009987591353258744 0.1698666975632663
  endloop
endfacet
facet normal 0.0694552 0.994674 -0.0761558
  outer loop
    vertex 0.004710046543529711 0.008821307247669351 0.1392433510414809
    vertex -0.003713767221831583 0.009284822724320015 0.1376147050768778
    vertex -0.002257315827650517 0.009741895362517423 0.1449128539260324
  endloop
endfacet
facet normal -0.643873 0.760849 0.0808433
  outer loop
    vertex -0.002257315827650517 0.009741895362517423 0.1449128539260324
    vertex -0.003713767221831583 0.009284822724320015 0.1376147050768778
    vertex -0.008943376013012689 0.004473927300467594 0.1412409885959555
  endloop
endfacet
facet normal 0.121578 0.986946 0.105622
  outer loop
    vertex 0.004920161061936925 0.008705860964005784 0.07993867039915623
    vertex -0.001007912825081065 0.009949075923774886 0.07514551775780733
    vertex -0.003440285841584431 0.009389591755140035 0.08317325034698565
  endloop
endfacet
facet normal -0.431974 0.900932 -0.0414745
  outer loop
    vertex -0.001850266017136103 0.009827335125344576 0.06024020707233228
    vertex -0.001024400571435695 0.009947391792286167 0.05424641019884448
    vertex -0.007051290208002968 0.007090790252328822 0.05496633964237758
  endloop
endfacet
facet normal 0.922215 -0.36929 0.11465
  outer loop
    vertex 0.01 -2.449293598294706e-18 0.050605750122889
    vertex 0.007064236719070053 -0.00707789231176502 0.05142220809446617
    vertex 0.00844653091447858 -0.005353140714641979 0.04585887799327896
  endloop
endfacet
facet normal 0.191211 0.980471 0.0459853
  outer loop
    vertex 0.005061472339407957 0.008624470868256682 0.05714734863861904
    vertex -0.001024400571435695 0.009947391792286167 0.05424641019884448
    vertex -0.001850266017136103 0.009827335125344576 0.06024020707233228
  endloop
endfacet
facet normal 0.0565491 0.490129 -0.869814
  outer loop
    vertex 0.0738913528861395 -0.0001927914760985396 -0.009998141399617419
    vertex 0.07656642427756005 0.008794426932840436 -0.004760047785782275
    vertex 0.08388382260250149 -0.00121705677623246 -0.009925662335755063
  endloop
endfacet
facet normal -0.0246954 0.444077 -0.895648
  outer loop
    vertex 0.07656642427756005 0.008794426932840436 -0.004760047785782275
    vertex 0.08623471697886881 0.008583021444452008 -0.005131446470935557
    vertex 0.08388382260250149 -0.00121705677623246 -0.009925662335755063
  endloop
endfacet
facet normal -0.0086698 0.358168 -0.933617
  outer loop
    vertex 0.1212468038579623 0.008536972184294422 -0.005207696796529471
    vertex 0.1321580959418473 0.008454403958422091 -0.005340697867115953
    vertex 0.1295461018462568 -0.002749397444713724 -0.009614614588791464
  endloop
endfacet
facet normal 0.028427 0.445934 -0.894614
  outer loop
    vertex 0.1695374170102912 0.008558910484091173 -0.005171561787827175
    vertex 0.1794962580349587 0.00881088675997767 -0.004729511021538083
    vertex 0.1774192040731295 -0.001425317092929792 -0.009897902362854575
  endloop
endfacet
facet normal 0.0509429 -0.851353 0.522114
  outer loop
    vertex 0.2902795684552201 -0.009710039726691919 0.002390633494717396
    vertex 0.2911173643395675 -0.006428259686692483 0.007660122544740669
    vertex 0.2810367141929348 -0.008439034009644077 0.005364951536041182
  endloop
endfacet
facet normal 0.0613967 0.833647 0.548874
  outer loop
    vertex 0.2815824848234568 0.008624470868257161 0.00506147233940714
    vertex 0.2912692866976745 0.00595350038871587 0.008034664468511426
    vertex 0.2906237096100407 0.009705807049328968 0.002407760270707222
  endloop
endfacet
facet normal 0.0277028 0.381191 -0.924081
  outer loop
    vertex 0.1295461018462568 -0.002749397444713724 -0.009614614588791464
    vertex 0.1200296451328059 -0.002326727136453685 -0.009725550926939308
    vertex 0.1212468038579623 0.008536972184294422 -0.005207696796529471
  endloop
endfacet
facet normal 0.0292703 0.446462 -0.894324
  outer loop
    vertex 0.1774192040731295 -0.001425317092929792 -0.009897902362854575
    vertex 0.1679384573380273 -0.0009227989530833028 -0.00995733107274175
    vertex 0.1695374170102912 0.008558910484091173 -0.005171561787827175
  endloop
endfacet
facet normal 0.196604 -0.443684 0.874352
  outer loop
    vertex 0.2524963333567409 2.449293598294706e-18 0.01
    vertex 0.2479472773747674 -0.006086710272746493 0.007934226997990563
    vertex 0.2613668312897401 -0.009475071798454299 0.00319734490071622
  endloop
endfacet
facet normal -0.0845839 -0.639102 0.764457
  outer loop
    vertex 0.1574890000702219 2.449293598294706e-18 0.01
    vertex 0.1556068275075409 -0.009882267820086232 0.00152996167667302
    vertex 0.1658591243644259 -0.00955996264415152 0.002933788377239824
  endloop
endfacet
facet normal 0.183244 -0.554568 -0.811712
  outer loop
    vertex 0.1373673669924864 -0.003431271802404353 -0.009392889535069854
    vertex 0.1497281975057388 0.001397953605930126 -0.009901804164679635
    vertex 0.1433324934783692 -0.00908181350938727 -0.00418576915043232
  endloop
endfacet
facet normal -0.10663 0.469045 -0.876713
  outer loop
    vertex 0.1955931554959462 0.00892259601681636 -0.004515227604528126
    vertex 0.2043966869438738 0.0007207134238008008 -0.009973994794502018
    vertex 0.1951677271339831 -0.001273709476683423 -0.009918551515670362
  endloop
endfacet
facet normal -0.153396 -0.662409 0.73327
  outer loop
    vertex 0.1099853334269625 2.449293598294706e-18 0.01
    vertex 0.1108651996873551 -0.009925589733416073 0.001217648735845222
    vertex 0.121111113502978 -0.009129888756670885 0.004079844517970574
  endloop
endfacet
facet normal 0.00160261 -0.995317 0.0966467
  outer loop
    vertex 0.199054708383074 -0.008820745950387728 0.00471109762992856
    vertex 0.2096506505701745 -0.009549350474655908 -0.002968148499012302
    vertex 0.2070973927888866 -0.008804932583970139 0.004740586692777692
  endloop
endfacet
facet normal -0.166009 -0.667018 0.726311
  outer loop
    vertex 0.07435758344451796 2.449293598294706e-18 0.01
    vertex 0.07476843365443393 -0.009954585361430878 0.0009519612817683618
    vertex 0.08483103515016936 -0.009181811785131624 0.003961607292806545
  endloop
endfacet
facet normal -0.0298243 0.531428 -0.846578
  outer loop
    vertex 0.2049946387670547 0.008650150594806809 -0.005017458987093311
    vertex 0.2043966869438738 0.0007207134238008008 -0.009973994794502018
    vertex 0.1955931554959462 0.00892259601681636 -0.004515227604528126
  endloop
endfacet
facet normal -0.143612 -0.974587 0.171917
  outer loop
    vertex 0.1556068275075409 -0.009882267820086232 0.00152996167667302
    vertex 0.1475609056870101 -0.007880615105265073 0.006155965039103777
    vertex 0.1433324934783692 -0.00908181350938727 -0.00418576915043232
  endloop
endfacet
facet normal -0.0149571 -0.508103 0.861167
  outer loop
    vertex 0.1775772256719986 -0.008804360070811349 0.004741649896766187
    vertex 0.1876802222022085 -0.008658371760525124 0.005003258783686996
    vertex 0.1812408333918517 2.449293598294706e-18 0.01
  endloop
endfacet
facet normal -0.0993812 -0.988544 0.113599
  outer loop
    vertex 0.2810367141929348 -0.008439034009644077 0.005364951536041182
    vertex 0.2849137416197336 -0.009716842319559308 -0.002362832058530887
    vertex 0.2902795684552201 -0.009710039726691919 0.002390633494717396
  endloop
endfacet
facet normal 0 -0.583209 0.812322
  outer loop
    vertex 0.2524963333567409 2.449293598294706e-18 0.01
    vertex 0.2613668312897401 -0.009475071798454299 0.00319734490071622
    vertex 0.2643722500175557 2.449293598294706e-18 0.01
  endloop
endfacet
facet normal 0.099294 -0.933708 -0.343991
  outer loop
    vertex 0.1556068275075409 -0.009882267820086232 0.00152996167667302
    vertex 0.1433324934783692 -0.00908181350938727 -0.00418576915043232
    vertex 0.1534135872841502 -0.006877280161535266 -0.00725968439945935
  endloop
endfacet
facet normal 0.223277 0.938977 -0.261665
  outer loop
    vertex 0.1414935350461617 0.005372473705054003 -0.008434247227139084
    vertex 0.1321580959418473 0.008454403958422091 -0.005340697867115953
    vertex 0.1420948834909496 0.008867832178682557 0.00462185595304767
  endloop
endfacet
facet normal -0.125408 -0.986988 0.100639
  outer loop
    vertex 0.03872983346207417 -0.008660254037844409 -0.004999999999999959
    vertex 0.05075999946359873 -0.009853113153413267 -0.001707677131671694
    vertex 0.04466779179248022 -0.008342713964777301 0.005513540033581854
  endloop
endfacet
facet normal 0.0904562 0.436547 -0.895122
  outer loop
    vertex 0.1695374170102912 0.008558910484091173 -0.005171561787827175
    vertex 0.1679384573380273 -0.0009227989530833028 -0.00995733107274175
    vertex 0.1583992642419376 0.001088041996232626 -0.009940632002766932
  endloop
endfacet
facet normal 0.331084 0.89893 -0.286895
  outer loop
    vertex 0.06526425505016499 0.005124167109292351 -0.008587369296591736
    vertex 0.05836113354722566 0.009048797914901284 -0.004256671974122293
    vertex 0.06666281485420437 0.00884107947101294 0.004672827172840179
  endloop
endfacet
facet normal 0.0124515 -0.997065 0.0755434
  outer loop
    vertex 0.1775772256719986 -0.008804360070811349 0.004741649896766187
    vertex 0.181696641673027 -0.009375684913164862 -0.00347800695931633
    vertex 0.1876802222022085 -0.008658371760525124 0.005003258783686996
  endloop
endfacet
facet normal 8.22304e-13 -0.514242 0.857645
  outer loop
    vertex 0.1337371667485922 2.449293598294706e-18 0.01
    vertex 0.1277992084181848 -0.008820745950373616 0.004711097629954981
    vertex 0.1396751250789996 -0.008820745950382564 0.00471109762993823
  endloop
endfacet
facet normal -0.0419444 0.581277 -0.812624
  outer loop
    vertex 0.1583992642419376 0.001088041996232626 -0.009940632002766932
    vertex 0.1574971470603485 0.00908847282529845 -0.004171290172573904
    vertex 0.1695374170102912 0.008558910484091173 -0.005171561787827175
  endloop
endfacet
facet normal 0 -0.594399 0.80417
  outer loop
    vertex 0.1574890000702219 2.449293598294706e-18 0.01
    vertex 0.1658591243644259 -0.00955996264415152 0.002933788377239824
    vertex 0.1693649167310368 2.449293598294706e-18 0.01
  endloop
endfacet
facet normal 0 -0.544066 0.839042
  outer loop
    vertex 0.1099853334269625 2.449293598294706e-18 0.01
    vertex 0.121111113502978 -0.009129888756670885 0.004079844517970574
    vertex 0.1218612500877773 2.449293598294706e-18 0.01
  endloop
endfacet
facet normal -0.194129 -0.375772 -0.906151
  outer loop
    vertex 0.1433324934783692 -0.00908181350938727 -0.00418576915043232
    vertex 0.1497281975057388 0.001397953605930126 -0.009901804164679635
    vertex 0.1534135872841502 -0.006877280161535266 -0.00725968439945935
  endloop
endfacet
facet normal 0.00139634 -0.514933 0.857229
  outer loop
    vertex 0.09810941676614766 2.449293598294706e-18 0.01
    vertex 0.09217145843574023 -0.008820745950367333 0.004711097629966745
    vertex 0.1000169948444741 -0.008830757804210235 0.004692303976020737
  endloop
endfacet
facet normal 0 -0.549472 0.835512
  outer loop
    vertex 0.07435758344451796 2.449293598294706e-18 0.01
    vertex 0.08483103515016936 -0.009181811785131624 0.003961607292806545
    vertex 0.08623350010533282 2.449293598294706e-18 0.01
  endloop
endfacet
facet normal -0.00213792 -0.513182 0.858277
  outer loop
    vertex 0.2049926667134815 2.449293598294706e-18 0.01
    vertex 0.199054708383074 -0.008820745950387728 0.00471109762992856
    vertex 0.2070973927888866 -0.008804932583970139 0.004740586692777692
  endloop
endfacet
facet normal 0.0160184 -0.482386 0.875812
  outer loop
    vertex 0.04466779179248022 -0.008342713964777301 0.005513540033581854
    vertex 0.0547072884312772 -0.008522918233132839 0.005230665807651242
    vertex 0.05060575012288823 2.449293598294706e-18 0.01
  endloop
endfacet
facet normal -6.59216e-13 -0.997843 0.0656432
  outer loop
    vertex 0.1277992084181848 -0.008820745950373616 0.004711097629954981
    vertex 0.1337371667485802 -0.009361897085057462 -0.003514951346575453
    vertex 0.1396751250789996 -0.008820745950382564 0.00471109762993823
  endloop
endfacet
facet normal -0.225009 0.944105 -0.240907
  outer loop
    vertex 0.06666281485420437 0.00884107947101294 0.004672827172840179
    vertex 0.07656642427756005 0.008794426932840436 -0.004760047785782275
    vertex 0.06526425505016499 0.005124167109292351 -0.008587369296591736
  endloop
endfacet
facet normal -0.0351443 -0.496356 0.867407
  outer loop
    vertex 0.2725400021113613 -0.008748767702736809 0.004843455758397025
    vertex 0.2810367141929348 -0.008439034009644077 0.005364951536041182
    vertex 0.2762481666783705 2.449293598294706e-18 0.01
  endloop
endfacet
facet normal 0.0244211 -0.500571 0.865351
  outer loop
    vertex 0.2287445000351113 2.449293598294706e-18 0.01
    vertex 0.2258376871468956 -0.008596077817183129 0.005109544613850841
    vertex 0.2319262260899122 -0.008743922603777555 0.004852197182632623
  endloop
endfacet
facet normal -0.120432 -0.99009 -0.072234
  outer loop
    vertex 0.2004302549724777 -0.008229921936075895 -0.005680526817654926
    vertex 0.2096506505701745 -0.009549350474655908 -0.002968148499012302
    vertex 0.199054708383074 -0.008820745950387728 0.00471109762992856
  endloop
endfacet
facet normal 0.173678 -0.643909 0.745129
  outer loop
    vertex 0.1000169948444741 -0.008830757804210235 0.004692303976020737
    vertex 0.1108651996873551 -0.009925589733416073 0.001217648735845222
    vertex 0.1099853334269625 2.449293598294706e-18 0.01
  endloop
endfacet
facet normal -0.0011552 -0.998758 0.0498157
  outer loop
    vertex 0.09217145843574023 -0.008820745950367333 0.004711097629966745
    vertex 0.09642638809460538 -0.009250147049664995 -0.003799313037849603
    vertex 0.1000169948444741 -0.008830757804210235 0.004692303976020737
  endloop
endfacet
facet normal 0.0845237 -0.752357 -0.65331
  outer loop
    vertex 0.2135951870872311 -0.003573432021557645 -0.009339731451562536
    vertex 0.2096506505701745 -0.009549350474655908 -0.002968148499012302
    vertex 0.2004302549724777 -0.008229921936075895 -0.005680526817654926
  endloop
endfacet
facet normal -0.170611 0.388988 0.905307
  outer loop
    vertex 0.2881240833391852 2.449293598294706e-18 0.01
    vertex 0.2912692866976745 0.00595350038871587 0.008034664468511426
    vertex 0.2815824848234568 0.008624470868257161 0.00506147233940714
  endloop
endfacet
facet normal 0.191575 -0.655809 0.730215
  outer loop
    vertex 0.06416918136211232 -0.008778922726853253 0.004788581810509189
    vertex 0.07476843365443393 -0.009954585361430878 0.0009519612817683618
    vertex 0.07435758344451796 2.449293598294706e-18 0.01
  endloop
endfacet
facet normal -0.117458 -0.386711 -0.91469
  outer loop
    vertex 0.2004302549724777 -0.008229921936075895 -0.005680526817654926
    vertex 0.2043966869438738 0.0007207134238008008 -0.009973994794502018
    vertex 0.2135951870872311 -0.003573432021557645 -0.009339731451562536
  endloop
endfacet
facet normal -0.0413292 0.998529 0.0350863
  outer loop
    vertex 0.04799670744697357 0.00869453335019372 0.004940150789436409
    vertex 0.05067723237454823 0.009122968124454732 -0.004095296399551918
    vertex 0.03872983346207417 0.008660254037844385 -0.005000000000000004
  endloop
endfacet
facet normal -0.0121119 -0.980745 0.194916
  outer loop
    vertex 0.04466779179248022 -0.008342713964777301 0.005513540033581854
    vertex 0.05075999946359873 -0.009853113153413267 -0.001707677131671694
    vertex 0.0547072884312772 -0.008522918233132839 0.005230665807651242
  endloop
endfacet
facet normal -0.20208 0.473786 -0.857141
  outer loop
    vertex 0.1774192040731295 -0.001425317092929792 -0.009897902362854575
    vertex 0.1794962580349587 0.00881088675997767 -0.004729511021538083
    vertex 0.1870628658436508 0.004066915503449776 -0.009135655328863927
  endloop
endfacet
facet normal -0.360191 0.905155 -0.225737
  outer loop
    vertex 0.1420948834909496 0.008867832178682557 0.00462185595304767
    vertex 0.1483971426243534 0.009317575907414806 -0.003630809718170748
    vertex 0.1414935350461617 0.005372473705054003 -0.008434247227139084
  endloop
endfacet
facet normal -0.0557003 0.054194 -0.996976
  outer loop
    vertex 0.09377253959931221 -0.002876388873011716 -0.009577389365125259
    vertex 0.09246611414576755 0.004089047389065493 -0.009125770731832829
    vertex 0.1022925201740767 0.002062940334575367 -0.009784900468373815
  endloop
endfacet
facet normal 0.00263574 0.999024 -0.0440867
  outer loop
    vertex 0.1420948834909496 0.008867832178682557 0.00462185595304767
    vertex 0.1321580959418473 0.008454403958422091 -0.005340697867115953
    vertex 0.1304961734108316 0.008896027924861541 0.004567350124534322
  endloop
endfacet
facet normal -0.00396423 -0.992311 0.123709
  outer loop
    vertex 0.2207286584816252 -0.009573051566475466 -0.002890792919875377
    vertex 0.2288059824318719 -0.009595793931715222 -0.002814380716970839
    vertex 0.2258376871468956 -0.008596077817183129 0.005109544613850841
  endloop
endfacet
facet normal 0.0281154 -0.991046 0.130531
  outer loop
    vertex 0.2725400021113613 -0.008748767702736809 0.004843455758397025
    vertex 0.2771213658564692 -0.009617515352246602 -0.002739233186368208
    vertex 0.2810367141929348 -0.008439034009644077 0.005364951536041182
  endloop
endfacet
facet normal 0.245998 -0.657358 0.712296
  outer loop
    vertex 0.1574890000702219 2.449293598294706e-18 0.01
    vertex 0.1475609056870101 -0.007880615105265073 0.006155965039103777
    vertex 0.1556068275075409 -0.009882267820086232 0.00152996167667302
  endloop
endfacet
facet normal -0.00868076 0.999797 -0.0181904
  outer loop
    vertex 0.2584342916871483 0.008820745950374811 0.004711097629952743
    vertex 0.2506192399953653 0.008573526991080382 -0.005147293942764117
    vertex 0.246861141459517 0.008723495424612156 0.004888826809856408
  endloop
endfacet
facet normal -0.0543017 -0.540119 0.839835
  outer loop
    vertex 0.1218612500877773 2.449293598294706e-18 0.01
    vertex 0.121111113502978 -0.009129888756670885 0.004079844517970574
    vertex 0.1277992084181848 -0.008820745950373616 0.004711097629954981
  endloop
endfacet
facet normal 0 -0.507767 0.861495
  outer loop
    vertex 0.2643722500175557 2.449293598294706e-18 0.01
    vertex 0.2725400021113613 -0.008748767702736809 0.004843455758397025
    vertex 0.2762481666783705 2.449293598294706e-18 0.01
  endloop
endfacet
facet normal -0.0622814 -0.0519577 -0.996705
  outer loop
    vertex 0.280151047492333 0.004333102905110817 -0.009012448014480872
    vertex 0.2874664779964603 -0.004320582994120369 -0.009018456774355459
    vertex 0.2800185444512675 -0.005261343480311921 -0.008504014627349793
  endloop
endfacet
facet normal 0.0989233 -0.576057 0.811402
  outer loop
    vertex 0.2319262260899122 -0.008743922603777555 0.004852197182632623
    vertex 0.242926436442238 -0.009560765555394091 0.00293117075496975
    vertex 0.2406204166959261 2.449293598294706e-18 0.01
  endloop
endfacet
facet normal 0.0193902 0.0170857 -0.999666
  outer loop
    vertex 0.2871085621973766 0.004612464062409652 -0.008872720849490277
    vertex 0.2874664779964603 -0.004320582994120369 -0.009018456774355459
    vertex 0.280151047492333 0.004333102905110817 -0.009012448014480872
  endloop
endfacet
facet normal 0.0732489 0.61154 -0.787815
  outer loop
    vertex 0.1022925201740767 0.002062940334575367 -0.009784900468373815
    vertex 0.09246611414576755 0.004089047389065493 -0.009125770731832829
    vertex 0.09803695898352284 0.008596418851002884 -0.005108970829640961
  endloop
endfacet
facet normal -0.0191164 -0.992818 0.118097
  outer loop
    vertex 0.2258376871468956 -0.008596077817183129 0.005109544613850841
    vertex 0.2288059824318719 -0.009595793931715222 -0.002814380716970839
    vertex 0.2319262260899122 -0.008743922603777555 0.004852197182632623
  endloop
endfacet
facet normal 0 -0.507336 0.861748
  outer loop
    vertex 0.2287445000351113 2.449293598294706e-18 0.01
    vertex 0.2319262260899122 -0.008743922603777555 0.004852197182632623
    vertex 0.2406204166959261 2.449293598294706e-18 0.01
  endloop
endfacet
facet normal -0.00274748 0.520453 0.853886
  outer loop
    vertex 0.1420948834909496 0.008867832178682557 0.00462185595304767
    vertex 0.1304961734108316 0.008896027924861541 0.004567350124534322
    vertex 0.1337371667485922 2.449293598294706e-18 0.01
  endloop
endfacet
facet normal 0.114656 0.986652 -0.115634
  outer loop
    vertex 0.2584342916871483 0.008820745950374811 0.004711097629952743
    vertex 0.2584234146254865 0.007493871534938645 -0.006621320821243774
    vertex 0.2506192399953653 0.008573526991080382 -0.005147293942764117
  endloop
endfacet
facet normal -0.0844738 -0.563305 0.821919
  outer loop
    vertex 0.2643722500175557 2.449293598294706e-18 0.01
    vertex 0.2613668312897401 -0.009475071798454299 0.00319734490071622
    vertex 0.2725400021113613 -0.008748767702736809 0.004843455758397025
  endloop
endfacet
facet normal -0.0589096 -0.542221 0.838168
  outer loop
    vertex 0.08623350010533282 2.449293598294706e-18 0.01
    vertex 0.08483103515016936 -0.009181811785131624 0.003961607292806545
    vertex 0.09217145843574023 -0.008820745950367333 0.004711097629966745
  endloop
endfacet
facet normal 0.0847885 -0.796655 -0.598458
  outer loop
    vertex 0.04728583023378458 -0.005000000000000023 -0.008660254037844374
    vertex 0.05075999946359873 -0.009853113153413267 -0.001707677131671694
    vertex 0.03872983346207417 -0.008660254037844409 -0.004999999999999959
  endloop
endfacet
facet normal -0.129258 -0.391769 0.910939
  outer loop
    vertex 0.2810367141929348 -0.008439034009644077 0.005364951536041182
    vertex 0.2911173643395675 -0.006428259686692483 0.007660122544740669
    vertex 0.2881240833391852 2.449293598294706e-18 0.01
  endloop
endfacet
facet normal -0.0135903 0.998968 0.0433364
  outer loop
    vertex 0.04799670744697357 0.00869453335019372 0.004940150789436409
    vertex 0.05654370845329566 0.008820745950739098 0.004711097629270681
    vertex 0.05067723237454823 0.009122968124454732 -0.004095296399551918
  endloop
endfacet
facet normal 0 -0.512807 0.858504
  outer loop
    vertex 0.2049926667134815 2.449293598294706e-18 0.01
    vertex 0.2070973927888866 -0.008804932583970139 0.004740586692777692
    vertex 0.2168685833742964 2.449293598294706e-18 0.01
  endloop
endfacet
facet normal -0.100725 0.154235 -0.982887
  outer loop
    vertex 0.1414935350461617 0.005372473705054003 -0.008434247227139084
    vertex 0.1497281975057388 0.001397953605930126 -0.009901804164679635
    vertex 0.1373673669924864 -0.003431271802404353 -0.009392889535069854
  endloop
endfacet
facet normal -0.0924425 -0.689615 -0.718252
  outer loop
    vertex 0.09377253959931221 -0.002876388873011716 -0.009577389365125259
    vertex 0.105517501035698 -0.007224054800555748 -0.006914696829114596
    vertex 0.09642638809460538 -0.009250147049664995 -0.003799313037849603
  endloop
endfacet
facet normal -0.0891418 -0.570687 0.816315
  outer loop
    vertex 0.1693649167310368 2.449293598294706e-18 0.01
    vertex 0.1658591243644259 -0.00955996264415152 0.002933788377239824
    vertex 0.1775772256719986 -0.008804360070811349 0.004741649896766187
  endloop
endfacet
facet normal 0.0265628 -0.506501 0.86183
  outer loop
    vertex 0.06248166678370309 2.449293598294706e-18 0.01
    vertex 0.0547072884312772 -0.008522918233132839 0.005230665807651242
    vertex 0.06416918136211232 -0.008778922726853253 0.004788581810509189
  endloop
endfacet
facet normal 0 -0.512755 0.858535
  outer loop
    vertex 0.1693649167310368 2.449293598294706e-18 0.01
    vertex 0.1775772256719986 -0.008804360070811349 0.004741649896766187
    vertex 0.1812408333918517 2.449293598294706e-18 0.01
  endloop
endfacet
facet normal 1.12235e-13 0.502984 0.864296
  outer loop
    vertex 0.05060575012288823 2.449293598294706e-18 0.01
    vertex 0.04799670744697357 0.00869453335019372 0.004940150789436409
    vertex 0.03872983346207337 -3.518389858936468e-18 0.01000000000000155
  endloop
endfacet
facet normal 1.14864e-13 -0.473627 0.880725
  outer loop
    vertex 0.03872983346207337 -3.518389858936468e-18 0.01000000000000155
    vertex 0.04466779179248022 -0.008342713964777301 0.005513540033581854
    vertex 0.05060575012288823 2.449293598294706e-18 0.01
  endloop
endfacet
facet normal 0.0540863 -0.0535856 -0.997097
  outer loop
    vertex 0.280151047492333 0.004333102905110817 -0.009012448014480872
    vertex 0.2800185444512675 -0.005261343480311921 -0.008504014627349793
    vertex 0.2725670052564871 -0.004457863394765 -0.008951393967065369
  endloop
endfacet
facet normal -0.00191411 0.999685 0.0250342
  outer loop
    vertex 0.06666281485420437 0.00884107947101294 0.004672827172840179
    vertex 0.05836113354722566 0.009048797914901284 -0.004256671974122293
    vertex 0.05654370845329566 0.008820745950739098 0.004711097629270681
  endloop
endfacet
facet normal 0.123637 -0.25357 -0.959383
  outer loop
    vertex 0.1022925201740767 0.002062940334575367 -0.009784900468373815
    vertex 0.105517501035698 -0.007224054800555748 -0.006914696829114596
    vertex 0.09377253959931221 -0.002876388873011716 -0.009577389365125259
  endloop
endfacet
facet normal 0.00340628 0.515925 0.856627
  outer loop
    vertex 0.2168685833742964 2.449293598294706e-18 0.01
    vertex 0.2231491411589526 0.008858456854617468 0.004639799796853393
    vertex 0.2109306250438889 0.00882074595037521 0.004711097629951998
  endloop
endfacet
facet normal 0 -0.514242 0.857645
  outer loop
    vertex 0.1337371667485922 2.449293598294706e-18 0.01
    vertex 0.1396751250789996 -0.008820745950382564 0.00471109762993823
    vertex 0.145613083409407 2.449293598294706e-18 0.01
  endloop
endfacet
facet normal -0.0132344 -0.999111 0.0400314
  outer loop
    vertex 0.1876802222022085 -0.008658371760525124 0.005003258783686996
    vertex 0.1917151090002326 -0.009080140879479604 -0.004189396329878968
    vertex 0.199054708383074 -0.008820745950387728 0.00471109762992856
  endloop
endfacet
facet normal 0 -0.514242 0.857645
  outer loop
    vertex 0.1218612500877773 2.449293598294706e-18 0.01
    vertex 0.1277992084181848 -0.008820745950373616 0.004711097629954981
    vertex 0.1337371667485922 2.449293598294706e-18 0.01
  endloop
endfacet
facet normal 0.0149051 -0.506786 0.861943
  outer loop
    vertex 0.1931167500526666 2.449293598294706e-18 0.01
    vertex 0.1876802222022085 -0.008658371760525124 0.005003258783686996
    vertex 0.199054708383074 -0.008820745950387728 0.00471109762992856
  endloop
endfacet
facet normal 0.0040655 -0.755862 -0.654718
  outer loop
    vertex 0.2207286584816252 -0.009573051566475466 -0.002890792919875377
    vertex 0.2250288876224047 -0.004188376072106888 -0.009080611536598318
    vertex 0.2288059824318719 -0.009595793931715222 -0.002814380716970839
  endloop
endfacet
facet normal 0.0619909 0.114684 -0.991466
  outer loop
    vertex 0.06526425505016499 0.005124167109292351 -0.008587369296591736
    vertex 0.06363395771095118 -0.00278548994684646 -0.009604220205514725
    vertex 0.05446365523902307 0.003149501052561123 -0.009491082294444422
  endloop
endfacet
facet normal 0 -0.515155 0.857097
  outer loop
    vertex 0.09810941676614766 2.449293598294706e-18 0.01
    vertex 0.1000169948444741 -0.008830757804210235 0.004692303976020737
    vertex 0.1099853334269625 2.449293598294706e-18 0.01
  endloop
endfacet
facet normal 0.0731539 -0.986356 0.147483
  outer loop
    vertex 0.0547072884312772 -0.008522918233132839 0.005230665807651242
    vertex 0.05075999946359873 -0.009853113153413267 -0.001707677131671694
    vertex 0.06045061296705109 -0.009392341819591941 -0.003432770767753703
  endloop
endfacet
facet normal 0.000639505 0.999659 -0.02609
  outer loop
    vertex 0.1752726349784931 0.008813520425986883 0.004724601327171637
    vertex 0.1695374170102912 0.008558910484091173 -0.005171561787827175
    vertex 0.1634269584006294 0.008820745950374629 0.004711097629953087
  endloop
endfacet
facet normal 0 -0.514242 0.857645
  outer loop
    vertex 0.08623350010533282 2.449293598294706e-18 0.01
    vertex 0.09217145843574023 -0.008820745950367333 0.004711097629966745
    vertex 0.09810941676614766 2.449293598294706e-18 0.01
  endloop
endfacet
facet normal -0.00734425 0.781714 -0.623594
  outer loop
    vertex 0.2362516682912807 0.004856400376284613 -0.008741588836431434
    vertex 0.2295014586523167 0.009637238435676959 -0.002669013925387187
    vertex 0.2425656603469888 0.009566918692833229 -0.00291102502990238
  endloop
endfacet
facet normal 0.0156266 0.506421 0.862145
  outer loop
    vertex 0.05060575012288823 2.449293598294706e-18 0.01
    vertex 0.05654370845329566 0.008820745950739098 0.004711097629270681
    vertex 0.04799670744697357 0.00869453335019372 0.004940150789436409
  endloop
endfacet
facet normal 0.0894136 -0.994989 -0.0447352
  outer loop
    vertex 0.1917151090002326 -0.009080140879479604 -0.004189396329878968
    vertex 0.2004302549724777 -0.008229921936075895 -0.005680526817654926
    vertex 0.199054708383074 -0.008820745950387728 0.00471109762992856
  endloop
endfacet
facet normal -0.00066444 0.513913 0.857842
  outer loop
    vertex 0.1693649167310368 2.449293598294706e-18 0.01
    vertex 0.1752726349784931 0.008813520425986883 0.004724601327171637
    vertex 0.1634269584006294 0.008820745950374629 0.004711097629953087
  endloop
endfacet
facet normal 0 -0.510461 0.859901
  outer loop
    vertex 0.06248166678370309 2.449293598294706e-18 0.01
    vertex 0.06416918136211232 -0.008778922726853253 0.004788581810509189
    vertex 0.07435758344451796 2.449293598294706e-18 0.01
  endloop
endfacet
facet normal 0.0877416 -0.360407 -0.928659
  outer loop
    vertex 0.105517501035698 -0.007224054800555748 -0.006914696829114596
    vertex 0.1125365819027887 0.001943379556238299 -0.009809346354390543
    vertex 0.1160571738814721 -0.008368138441134952 -0.005474875252460049
  endloop
endfacet
facet normal 0.149898 -0.975614 -0.160337
  outer loop
    vertex 0.2478306550689545 -0.007181959614783233 -0.006958409020144093
    vertex 0.242926436442238 -0.009560765555394091 0.00293117075496975
    vertex 0.2380482299606332 -0.009174832649118664 -0.003977743815363956
  endloop
endfacet
facet normal -0.0114194 0.997652 0.067523
  outer loop
    vertex 0.2231491411589526 0.008858456854617468 0.004639799796853393
    vertex 0.2224126624879555 0.009395759679357574 -0.003423404744951795
    vertex 0.2136735391726909 0.009310919755361561 -0.003647845022642524
  endloop
endfacet
facet normal -0.0229933 -0.996139 0.0847249
  outer loop
    vertex 0.0547072884312772 -0.008522918233132839 0.005230665807651242
    vertex 0.06045061296705109 -0.009392341819591941 -0.003432770767753703
    vertex 0.06416918136211232 -0.008778922726853253 0.004788581810509189
  endloop
endfacet
facet normal -2.29329e-13 0.999993 0.00371893
  outer loop
    vertex 0.2703102083479631 0.008820745950377554 0.004711097629947611
    vertex 0.2658995048051341 0.008855542224520787 -0.004645360256183523
    vertex 0.2584342916871483 0.008820745950374811 0.004711097629952743
  endloop
endfacet
facet normal 0 -0.494492 0.869182
  outer loop
    vertex 0.2168685833742964 2.449293598294706e-18 0.01
    vertex 0.2258376871468956 -0.008596077817183129 0.005109544613850841
    vertex 0.2287445000351113 2.449293598294706e-18 0.01
  endloop
endfacet
facet normal -0.00274487 0.998334 0.0576422
  outer loop
    vertex 0.2231491411589526 0.008858456854617468 0.004639799796853393
    vertex 0.2136735391726909 0.009310919755361561 -0.003647845022642524
    vertex 0.2109306250438889 0.00882074595037521 0.004711097629951998
  endloop
endfacet
facet normal 0.0534 -0.998573 2.42515e-15
  outer loop
    vertex 0.03872983346207417 -0.008660254037844409 -0.004999999999999959
    vertex 0.04466779179248022 -0.008342713964777301 0.005513540033581854
    vertex 0.03872983346207417 -0.008660254037844385 0.005000000000000004
  endloop
endfacet
facet normal -0.0036991 0.999993 -1.90818e-15
  outer loop
    vertex 0.03872983346207417 0.008660254037844404 0.00499999999999997
    vertex 0.04799670744697357 0.00869453335019372 0.004940150789436409
    vertex 0.03872983346207417 0.008660254037844385 -0.005000000000000004
  endloop
endfacet
facet normal -0.00110145 0.999844 -0.0176074
  outer loop
    vertex 0.09803695898352284 0.008596418851002884 -0.005108970829640961
    vertex 0.08623471697886881 0.008583021444452008 -0.005131446470935557
    vertex 0.09221852672031325 0.008764761845684234 0.004814452179473581
  endloop
endfacet
facet normal 0.039661 0.714569 -0.69844
  outer loop
    vertex 0.2765375675839854 0.009356832443974726 -0.003528411344412946
    vertex 0.2707720213874947 0.004302057987743402 -0.00902730840672308
    vertex 0.2658995048051341 0.008855542224520787 -0.004645360256183523
  endloop
endfacet
facet normal 2.51817e-13 0.514242 0.857645
  outer loop
    vertex 0.2643722500175557 2.449293598294706e-18 0.01
    vertex 0.2703102083479631 0.008820745950377554 0.004711097629947611
    vertex 0.2584342916871483 0.008820745950374811 0.004711097629952743
  endloop
endfacet
facet normal 0.204843 -0.978045 -0.0383119
  outer loop
    vertex 0.09642638809460538 -0.009250147049664995 -0.003799313037849603
    vertex 0.105517501035698 -0.007224054800555748 -0.006914696829114596
    vertex 0.1000169948444741 -0.008830757804210235 0.004692303976020737
  endloop
endfacet
facet normal 0 -0.481407 0.876497
  outer loop
    vertex 0.2762481666783705 2.449293598294706e-18 0.01
    vertex 0.2810367141929348 -0.008439034009644077 0.005364951536041182
    vertex 0.2881240833391852 2.449293598294706e-18 0.01
  endloop
endfacet
facet normal -0.104017 0.9933 0.0503622
  outer loop
    vertex 0.2906237096100407 0.009705807049328968 0.002407760270707222
    vertex 0.2845069797681325 0.009365125447163952 -0.00350634073627795
    vertex 0.2815824848234568 0.008624470868257161 0.00506147233940714
  endloop
endfacet
facet normal -0.148539 0.982213 -0.114861
  outer loop
    vertex 0.2658995048051341 0.008855542224520787 -0.004645360256183523
    vertex 0.2584234146254865 0.007493871534938645 -0.006621320821243774
    vertex 0.2584342916871483 0.008820745950374811 0.004711097629952743
  endloop
endfacet
facet normal -0.000247314 0.581886 -0.81327
  outer loop
    vertex 0.1099866460832521 0.00859265595150953 -0.00511529702939994
    vertex 0.1022925201740767 0.002062940334575367 -0.009784900468373815
    vertex 0.09803695898352284 0.008596418851002884 -0.005108970829640961
  endloop
endfacet
facet normal -0.164977 -0.963346 -0.211534
  outer loop
    vertex 0.105517501035698 -0.007224054800555748 -0.006914696829114596
    vertex 0.1108651996873551 -0.009925589733416073 0.001217648735845222
    vertex 0.1000169948444741 -0.008830757804210235 0.004692303976020737
  endloop
endfacet
facet normal -0.0499061 0.998382 0.027239
  outer loop
    vertex 0.2703102083479631 0.008820745950377554 0.004711097629947611
    vertex 0.2765375675839854 0.009356832443974726 -0.003528411344412946
    vertex 0.2658995048051341 0.008855542224520787 -0.004645360256183523
  endloop
endfacet
facet normal 0.182897 -0.983087 -0.00937447
  outer loop
    vertex 0.06045061296705109 -0.009392341819591941 -0.003432770767753703
    vertex 0.07042407777636811 -0.007506574811829662 -0.006606915664241863
    vertex 0.06416918136211232 -0.008778922726853253 0.004788581810509189
  endloop
endfacet
facet normal 0 0.313475 0.949596
  outer loop
    vertex 0.3 2.449293598294706e-18 0.01
    vertex 0.2912692866976745 0.00595350038871587 0.008034664468511426
    vertex 0.2881240833391852 2.449293598294706e-18 0.01
  endloop
endfacet
facet normal 0.00726472 0.994639 0.103157
  outer loop
    vertex 0.2425656603469888 0.009566918692833229 -0.00291102502990238
    vertex 0.2295014586523167 0.009637238435676959 -0.002669013925387187
    vertex 0.23523570821212 0.008832170062270592 0.004689645188191861
  endloop
endfacet
facet normal 0 -0.499837 0.866119
  outer loop
    vertex 0.1812408333918517 2.449293598294706e-18 0.01
    vertex 0.1876802222022085 -0.008658371760525124 0.005003258783686996
    vertex 0.1931167500526666 2.449293598294706e-18 0.01
  endloop
endfacet
facet normal 0.000305833 0.999855 -0.0170309
  outer loop
    vertex 0.1042262320000247 0.008763591370094716 0.004816582429275081
    vertex 0.1099866460832521 0.00859265595150953 -0.00511529702939994
    vertex 0.09803695898352284 0.008596418851002884 -0.005108970829640961
  endloop
endfacet
facet normal 0.000100462 0.999857 -0.0169029
  outer loop
    vertex 0.1042262320000247 0.008763591370094716 0.004816582429275081
    vertex 0.09803695898352284 0.008596418851002884 -0.005108970829640961
    vertex 0.09221852672031325 0.008764761845684234 0.004814452179473581
  endloop
endfacet
facet normal -0.0903933 -0.56205 0.822149
  outer loop
    vertex 0.2168685833742964 2.449293598294706e-18 0.01
    vertex 0.2174458571861414 -0.009283574769049428 0.003716885726985547
    vertex 0.2258376871468956 -0.008596077817183129 0.005109544613850841
  endloop
endfacet
facet normal 0.056182 -0.557212 0.828467
  outer loop
    vertex 0.2070973927888866 -0.008804932583970139 0.004740586692777692
    vertex 0.2174458571861414 -0.009283574769049428 0.003716885726985547
    vertex 0.2168685833742964 2.449293598294706e-18 0.01
  endloop
endfacet
facet normal 0 -0.514242 0.857645
  outer loop
    vertex 0.1931167500526666 2.449293598294706e-18 0.01
    vertex 0.199054708383074 -0.008820745950387728 0.00471109762992856
    vertex 0.2049926667134815 2.449293598294706e-18 0.01
  endloop
endfacet
facet normal 0.105004 -0.991842 0.0722701
  outer loop
    vertex 0.1433324934783692 -0.00908181350938727 -0.00418576915043232
    vertex 0.1475609056870101 -0.007880615105265073 0.006155965039103777
    vertex 0.1396751250789996 -0.008820745950382564 0.00471109762993823
  endloop
endfacet
facet normal 0 -0.488331 0.872659
  outer loop
    vertex 0.05060575012288823 2.449293598294706e-18 0.01
    vertex 0.0547072884312772 -0.008522918233132839 0.005230665807651242
    vertex 0.06248166678370309 2.449293598294706e-18 0.01
  endloop
endfacet
facet normal -0.0180218 0.505207 0.86281
  outer loop
    vertex 0.2762481666783705 2.449293598294706e-18 0.01
    vertex 0.2815824848234568 0.008624470868257161 0.00506147233940714
    vertex 0.2703102083479631 0.008820745950377554 0.004711097629947611
  endloop
endfacet
facet normal 0.00220561 0.515333 0.856987
  outer loop
    vertex 0.06248166678370309 2.449293598294706e-18 0.01
    vertex 0.06666281485420437 0.00884107947101294 0.004672827172840179
    vertex 0.05654370845329566 0.008820745950739098 0.004711097629270681
  endloop
endfacet
facet normal -0.272608 0.499576 -0.822259
  outer loop
    vertex 0.2658995048051341 0.008855542224520787 -0.004645360256183523
    vertex 0.2707720213874947 0.004302057987743402 -0.00902730840672308
    vertex 0.2631955764180871 -0.00129468159251206 -0.009915835798056079
  endloop
endfacet
facet normal 0.0440012 0.999031 0.000737243
  outer loop
    vertex 0.1695374170102912 0.008558910484091173 -0.005171561787827175
    vertex 0.1574971470603485 0.00908847282529845 -0.004171290172573904
    vertex 0.1634269584006294 0.008820745950374629 0.004711097629953087
  endloop
endfacet
facet normal -0.00240764 0.516582 0.856235
  outer loop
    vertex 0.23523570821212 0.008832170062270592 0.004689645188191861
    vertex 0.2231491411589526 0.008858456854617468 0.004639799796853393
    vertex 0.2287445000351113 2.449293598294706e-18 0.01
  endloop
endfacet
facet normal 0.00161196 -0.00833549 -0.999964
  outer loop
    vertex 0.2725670052564871 -0.004457863394765 -0.008951393967065369
    vertex 0.2707720213874947 0.004302057987743402 -0.00902730840672308
    vertex 0.280151047492333 0.004333102905110817 -0.009012448014480872
  endloop
endfacet
facet normal 0 0.521184 0.853444
  outer loop
    vertex 0.1337371667485922 2.449293598294706e-18 0.01
    vertex 0.1304961734108316 0.008896027924861541 0.004567350124534322
    vertex 0.1218612500877773 2.449293598294706e-18 0.01
  endloop
endfacet
facet normal -0.0545356 -0.997628 0.0420108
  outer loop
    vertex 0.1775772256719986 -0.008804360070811349 0.004741649896766187
    vertex 0.1727524431035533 -0.008929823107539311 -0.004500917602895766
    vertex 0.181696641673027 -0.009375684913164862 -0.00347800695931633
  endloop
endfacet
facet normal 0.212397 0.354842 -0.91048
  outer loop
    vertex 0.1200296451328059 -0.002326727136453685 -0.009725550926939308
    vertex 0.1125365819027887 0.001943379556238299 -0.009809346354390543
    vertex 0.1212468038579623 0.008536972184294422 -0.005207696796529471
  endloop
endfacet
facet normal -0.181558 -0.961348 -0.206994
  outer loop
    vertex 0.07042407777636811 -0.007506574811829662 -0.006606915664241863
    vertex 0.07476843365443393 -0.009954585361430878 0.0009519612817683618
    vertex 0.06416918136211232 -0.008778922726853253 0.004788581810509189
  endloop
endfacet
facet normal -0.372351 0.405303 -0.834915
  outer loop
    vertex 0.1321580959418473 0.008454403958422091 -0.005340697867115953
    vertex 0.1354834523356701 0.0026449923372143 -0.009643858954592691
    vertex 0.1295461018462568 -0.002749397444713724 -0.009614614588791464
  endloop
endfacet
facet normal -0.0057606 0.512408 0.858723
  outer loop
    vertex 0.07435758344451796 2.449293598294706e-18 0.01
    vertex 0.08046183946951251 0.008767632713467956 0.004809222037058233
    vertex 0.06666281485420437 0.00884107947101294 0.004672827172840179
  endloop
endfacet
facet normal -0.00613031 0.999886 -0.013793
  outer loop
    vertex 0.2109306250438889 0.00882074595037521 0.004711097629951998
    vertex 0.2049946387670547 0.008650150594806809 -0.005017458987093311
    vertex 0.1992724913033466 0.008751039001691628 0.004839350823289423
  endloop
endfacet
facet normal -0.000103061 0.509142 0.860683
  outer loop
    vertex 0.09810941676614766 2.449293598294706e-18 0.01
    vertex 0.1042262320000247 0.008763591370094716 0.004816582429275081
    vertex 0.09221852672031325 0.008764761845684234 0.004814452179473581
  endloop
endfacet
facet normal 0.213128 0.450529 -0.866949
  outer loop
    vertex 0.1870628658436508 0.004066915503449776 -0.009135655328863927
    vertex 0.1955931554959462 0.00892259601681636 -0.004515227604528126
    vertex 0.1951677271339831 -0.001273709476683423 -0.009918551515670362
  endloop
endfacet
facet normal -0.000614402 1 -0.000553057
  outer loop
    vertex 0.1876035055980969 0.008821088713624073 0.004710455806646955
    vertex 0.1794962580349587 0.00881088675997767 -0.004729511021538083
    vertex 0.1752726349784931 0.008813520425986883 0.004724601327171637
  endloop
endfacet
facet normal 0.000668654 0.513919 0.857839
  outer loop
    vertex 0.1876035055980969 0.008821088713624073 0.004710455806646955
    vertex 0.1752726349784931 0.008813520425986883 0.004724601327171637
    vertex 0.1812408333918517 2.449293598294706e-18 0.01
  endloop
endfacet
facet normal 0 0.517697 0.855564
  outer loop
    vertex 0.2287445000351113 2.449293598294706e-18 0.01
    vertex 0.2231491411589526 0.008858456854617468 0.004639799796853393
    vertex 0.2168685833742964 2.449293598294706e-18 0.01
  endloop
endfacet
facet normal 0 0.496917 0.867798
  outer loop
    vertex 0.2881240833391852 2.449293598294706e-18 0.01
    vertex 0.2815824848234568 0.008624470868257161 0.00506147233940714
    vertex 0.2762481666783705 2.449293598294706e-18 0.01
  endloop
endfacet
facet normal -0.0544197 -0.964357 -0.25895
  outer loop
    vertex 0.2514851787106007 -0.009796119822279726 0.002008988906773315
    vertex 0.242926436442238 -0.009560765555394091 0.00293117075496975
    vertex 0.2478306550689545 -0.007181959614783233 -0.006958409020144093
  endloop
endfacet
facet normal 0.159276 0.421194 -0.892876
  outer loop
    vertex 0.2631955764180871 -0.00129468159251206 -0.009915835798056079
    vertex 0.2584234146254865 0.007493871534938645 -0.006621320821243774
    vertex 0.2658995048051341 0.008855542224520787 -0.004645360256183523
  endloop
endfacet
facet normal -0.00506686 0.999784 -0.0201458
  outer loop
    vertex 0.1159232917573699 0.008820745950375184 0.004711097629952045
    vertex 0.1099866460832521 0.00859265595150953 -0.00511529702939994
    vertex 0.1042262320000247 0.008763591370094716 0.004816582429275081
  endloop
endfacet
facet normal 0.00892702 0.509795 0.86025
  outer loop
    vertex 0.2584342916871483 0.008820745950374811 0.004711097629952743
    vertex 0.246861141459517 0.008723495424612156 0.004888826809856408
    vertex 0.2524963333567409 2.449293598294706e-18 0.01
  endloop
endfacet
facet normal 0 0.514242 0.857645
  outer loop
    vertex 0.2762481666783705 2.449293598294706e-18 0.01
    vertex 0.2703102083479631 0.008820745950377554 0.004711097629947611
    vertex 0.2643722500175557 2.449293598294706e-18 0.01
  endloop
endfacet
facet normal 0.0216296 0.999748 -0.00600558
  outer loop
    vertex 0.08046183946951251 0.008767632713467956 0.004809222037058233
    vertex 0.08623471697886881 0.008583021444452008 -0.005131446470935557
    vertex 0.07656642427756005 0.008794426932840436 -0.004760047785782275
  endloop
endfacet
facet normal 0.000252344 0.99983 -0.0184216
  outer loop
    vertex 0.09221852672031325 0.008764761845684234 0.004814452179473581
    vertex 0.08623471697886881 0.008583021444452008 -0.005131446470935557
    vertex 0.08046183946951251 0.008767632713467956 0.004809222037058233
  endloop
endfacet
facet normal 0 0.513585 0.858038
  outer loop
    vertex 0.1812408333918517 2.449293598294706e-18 0.01
    vertex 0.1752726349784931 0.008813520425986883 0.004724601327171637
    vertex 0.1693649167310368 2.449293598294706e-18 0.01
  endloop
endfacet
facet normal -0.00995362 0.510794 0.859645
  outer loop
    vertex 0.246861141459517 0.008723495424612156 0.004888826809856408
    vertex 0.23523570821212 0.008832170062270592 0.004689645188191861
    vertex 0.2406204166959261 2.449293598294706e-18 0.01
  endloop
endfacet
facet normal 0 0.514242 0.857645
  outer loop
    vertex 0.2643722500175557 2.449293598294706e-18 0.01
    vertex 0.2584342916871483 0.008820745950374811 0.004711097629952743
    vertex 0.2524963333567409 2.449293598294706e-18 0.01
  endloop
endfacet
facet normal 0 0.514242 0.857645
  outer loop
    vertex 0.06248166678370309 2.449293598294706e-18 0.01
    vertex 0.05654370845329566 0.008820745950739098 0.004711097629270681
    vertex 0.05060575012288823 2.449293598294706e-18 0.01
  endloop
endfacet
facet normal -0.0647562 0.6859 -0.724808
  outer loop
    vertex 0.05446365523902307 0.003149501052561123 -0.009491082294444422
    vertex 0.05836113354722566 0.009048797914901284 -0.004256671974122293
    vertex 0.06526425505016499 0.005124167109292351 -0.008587369296591736
  endloop
endfacet
facet normal -0.124928 -0.17441 -0.976716
  outer loop
    vertex 0.05446365523902307 0.003149501052561123 -0.009491082294444422
    vertex 0.06363395771095118 -0.00278548994684646 -0.009604220205514725
    vertex 0.05500133852186691 -0.006126639971411622 -0.00790343486470923
  endloop
endfacet
facet normal 0.00472961 0.999649 -0.0260612
  outer loop
    vertex 0.1159232917573699 0.008820745950375184 0.004711097629952045
    vertex 0.1212468038579623 0.008536972184294422 -0.005207696796529471
    vertex 0.1099866460832521 0.00859265595150953 -0.00511529702939994
  endloop
endfacet
facet normal 0.0064 0.511059 0.859522
  outer loop
    vertex 0.2109306250438889 0.00882074595037521 0.004711097629951998
    vertex 0.1992724913033466 0.008751039001691628 0.004839350823289423
    vertex 0.2049926667134815 2.449293598294706e-18 0.01
  endloop
endfacet
facet normal -0.00642319 0.511307 0.859374
  outer loop
    vertex 0.1992724913033466 0.008751039001691628 0.004839350823289423
    vertex 0.1876035055980969 0.008821088713624073 0.004710455806646955
    vertex 0.1931167500526666 2.449293598294706e-18 0.01
  endloop
endfacet
facet normal 0 0.515284 0.857019
  outer loop
    vertex 0.2406204166959261 2.449293598294706e-18 0.01
    vertex 0.23523570821212 0.008832170062270592 0.004689645188191861
    vertex 0.2287445000351113 2.449293598294706e-18 0.01
  endloop
endfacet
facet normal 0.00591506 0.511301 0.859381
  outer loop
    vertex 0.1634269584006294 0.008820745950374629 0.004711097629953087
    vertex 0.1517524498837018 0.008756324231526653 0.004829781149532468
    vertex 0.1574890000702219 2.449293598294706e-18 0.01
  endloop
endfacet
facet normal -0.0125096 0.514889 0.857166
  outer loop
    vertex 0.1517524498837018 0.008756324231526653 0.004829781149532468
    vertex 0.1420948834909496 0.008867832178682557 0.00462185595304767
    vertex 0.145613083409407 2.449293598294706e-18 0.01
  endloop
endfacet
facet normal -0.0853599 -0.56469 -0.820877
  outer loop
    vertex 0.1917151090002326 -0.009080140879479604 -0.004189396329878968
    vertex 0.1951677271339831 -0.001273709476683423 -0.009918551515670362
    vertex 0.2004302549724777 -0.008229921936075895 -0.005680526817654926
  endloop
endfacet
facet normal -0.0500783 -0.995226 0.0837663
  outer loop
    vertex 0.2725400021113613 -0.008748767702736809 0.004843455758397025
    vertex 0.2677351085823669 -0.009237098986411771 -0.00383092708299579
    vertex 0.2771213658564692 -0.009617515352246602 -0.002739233186368208
  endloop
endfacet
facet normal 0.00524824 0.511634 0.859187
  outer loop
    vertex 0.1159232917573699 0.008820745950375184 0.004711097629952045
    vertex 0.1042262320000247 0.008763591370094716 0.004816582429275081
    vertex 0.1099853334269625 2.449293598294706e-18 0.01
  endloop
endfacet
facet normal 0 0.514242 0.857645
  outer loop
    vertex 0.2168685833742964 2.449293598294706e-18 0.01
    vertex 0.2109306250438889 0.00882074595037521 0.004711097629951998
    vertex 0.2049926667134815 2.449293598294706e-18 0.01
  endloop
endfacet
facet normal -0.000258468 0.509324 0.860575
  outer loop
    vertex 0.09221852672031325 0.008764761845684234 0.004814452179473581
    vertex 0.08046183946951251 0.008767632713467956 0.004809222037058233
    vertex 0.08623350010533282 2.449293598294706e-18 0.01
  endloop
endfacet
facet normal 0 0.514273 0.857626
  outer loop
    vertex 0.1931167500526666 2.449293598294706e-18 0.01
    vertex 0.1876035055980969 0.008821088713624073 0.004710455806646955
    vertex 0.1812408333918517 2.449293598294706e-18 0.01
  endloop
endfacet
facet normal 0 0.514242 0.857645
  outer loop
    vertex 0.1693649167310368 2.449293598294706e-18 0.01
    vertex 0.1634269584006294 0.008820745950374629 0.004711097629953087
    vertex 0.1574890000702219 2.449293598294706e-18 0.01
  endloop
endfacet
facet normal 0 0.518563 0.85504
  outer loop
    vertex 0.145613083409407 2.449293598294706e-18 0.01
    vertex 0.1420948834909496 0.008867832178682557 0.00462185595304767
    vertex 0.1337371667485922 2.449293598294706e-18 0.01
  endloop
endfacet
facet normal 0 0.516099 0.856529
  outer loop
    vertex 0.07435758344451796 2.449293598294706e-18 0.01
    vertex 0.06666281485420437 0.00884107947101294 0.004672827172840179
    vertex 0.06248166678370309 2.449293598294706e-18 0.01
  endloop
endfacet
facet normal 0 0.514242 0.857645
  outer loop
    vertex 0.1218612500877773 2.449293598294706e-18 0.01
    vertex 0.1159232917573699 0.008820745950375184 0.004711097629952045
    vertex 0.1099853334269625 2.449293598294706e-18 0.01
  endloop
endfacet
facet normal -0.0389839 -0.998534 0.0375482
  outer loop
    vertex 0.1277992084181848 -0.008820745950373616 0.004711097629954981
    vertex 0.1239379568198352 -0.00901026090300854 -0.004337648955334643
    vertex 0.1337371667485802 -0.009361897085057462 -0.003514951346575453
  endloop
endfacet
facet normal 0 0.509193 0.860652
  outer loop
    vertex 0.09810941676614766 2.449293598294706e-18 0.01
    vertex 0.09221852672031325 0.008764761845684234 0.004814452179473581
    vertex 0.08623350010533282 2.449293598294706e-18 0.01
  endloop
endfacet
facet normal -0.0373451 -0.998799 0.031724
  outer loop
    vertex 0.09217145843574023 -0.008820745950367333 0.004711097629966745
    vertex 0.08814815272106791 -0.008960931076960424 -0.004438661311022152
    vertex 0.09642638809460538 -0.009250147049664995 -0.003799313037849603
  endloop
endfacet
facet normal 0.00531624 0.999986 0.000635875
  outer loop
    vertex 0.08046183946951251 0.008767632713467956 0.004809222037058233
    vertex 0.07656642427756005 0.008794426932840436 -0.004760047785782275
    vertex 0.06666281485420437 0.00884107947101294 0.004672827172840179
  endloop
endfacet
facet normal -0.0567945 -0.83791 -0.542845
  outer loop
    vertex 0.05075999946359873 -0.009853113153413267 -0.001707677131671694
    vertex 0.05500133852186691 -0.006126639971411622 -0.00790343486470923
    vertex 0.06045061296705109 -0.009392341819591941 -0.003432770767753703
  endloop
endfacet
facet normal 0 0.505528 0.86281
  outer loop
    vertex 0.2524963333567409 2.449293598294706e-18 0.01
    vertex 0.246861141459517 0.008723495424612156 0.004888826809856408
    vertex 0.2406204166959261 2.449293598294706e-18 0.01
  endloop
endfacet
facet normal 0.00577153 0.517089 0.855912
  outer loop
    vertex 0.1218612500877773 2.449293598294706e-18 0.01
    vertex 0.1304961734108316 0.008896027924861541 0.004567350124534322
    vertex 0.1159232917573699 0.008820745950375184 0.004711097629952045
  endloop
endfacet
facet normal 0 0.507969 0.861375
  outer loop
    vertex 0.2049926667134815 2.449293598294706e-18 0.01
    vertex 0.1992724913033466 0.008751039001691628 0.004839350823289423
    vertex 0.1931167500526666 2.449293598294706e-18 0.01
  endloop
endfacet
facet normal 0.0337303 -0.997594 0.0605758
  outer loop
    vertex 0.181696641673027 -0.009375684913164862 -0.00347800695931633
    vertex 0.1917151090002326 -0.009080140879479604 -0.004189396329878968
    vertex 0.1876802222022085 -0.008658371760525124 0.005003258783686996
  endloop
endfacet
facet normal 0 0.50844 0.861098
  outer loop
    vertex 0.1574890000702219 2.449293598294706e-18 0.01
    vertex 0.1517524498837018 0.008756324231526653 0.004829781149532468
    vertex 0.145613083409407 2.449293598294706e-18 0.01
  endloop
endfacet
facet normal 0 0.50945 0.8605
  outer loop
    vertex 0.08623350010533282 2.449293598294706e-18 0.01
    vertex 0.08046183946951251 0.008767632713467956 0.004809222037058233
    vertex 0.07435758344451796 2.449293598294706e-18 0.01
  endloop
endfacet
facet normal 0 0.509088 0.860714
  outer loop
    vertex 0.1099853334269625 2.449293598294706e-18 0.01
    vertex 0.1042262320000247 0.008763591370094716 0.004816582429275081
    vertex 0.09810941676614766 2.449293598294706e-18 0.01
  endloop
endfacet
facet normal 0.0460539 -0.998938 0.00126955
  outer loop
    vertex 0.1277992084181848 -0.008820745950373616 0.004711097629954981
    vertex 0.121111113502978 -0.009129888756670885 0.004079844517970574
    vertex 0.1239379568198352 -0.00901026090300854 -0.004337648955334643
  endloop
endfacet
facet normal 0.0498001 -0.998737 -0.00659611
  outer loop
    vertex 0.09217145843574023 -0.008820745950367333 0.004711097629966745
    vertex 0.08483103515016936 -0.009181811785131624 0.003961607292806545
    vertex 0.08814815272106791 -0.008960931076960424 -0.004438661311022152
  endloop
endfacet
facet normal -0.0636369 0.996534 0.0535757
  outer loop
    vertex 0.1876035055980969 0.008821088713624073 0.004710455806646955
    vertex 0.1875764302450668 0.009273745986156689 -0.003741341388358285
    vertex 0.1794962580349587 0.00881088675997767 -0.004729511021538083
  endloop
endfacet
facet normal 0.0714004 -0.449737 -0.890302
  outer loop
    vertex 0.2577098660534891 -0.008275713226476184 -0.005613605845900402
    vertex 0.2478306550689545 -0.007181959614783233 -0.006958409020144093
    vertex 0.2543367095030818 -0.0001295715664095921 -0.009999160525223013
  endloop
endfacet
facet normal 0 -0.342044 0.939684
  outer loop
    vertex 0.2881240833391852 2.449293598294706e-18 0.01
    vertex 0.2911173643395675 -0.006428259686692483 0.007660122544740669
    vertex 0.3 2.449293598294706e-18 0.01
  endloop
endfacet
facet normal 0.0563248 -0.994563 0.087587
  outer loop
    vertex 0.2288059824318719 -0.009595793931715222 -0.002814380716970839
    vertex 0.2380482299606332 -0.009174832649118664 -0.003977743815363956
    vertex 0.2319262260899122 -0.008743922603777555 0.004852197182632623
  endloop
endfacet
facet normal 0.00582495 0.999854 0.0160456
  outer loop
    vertex 0.1992724913033466 0.008751039001691628 0.004839350823289423
    vertex 0.1955931554959462 0.00892259601681636 -0.004515227604528126
    vertex 0.1876035055980969 0.008821088713624073 0.004710455806646955
  endloop
endfacet
facet normal -0.0725746 -0.965065 -0.251758
  outer loop
    vertex 0.2514851787106007 -0.009796119822279726 0.002008988906773315
    vertex 0.2478306550689545 -0.007181959614783233 -0.006958409020144093
    vertex 0.2577098660534891 -0.008275713226476184 -0.005613605845900402
  endloop
endfacet
facet normal -0.0711435 -0.949132 -0.306735
  outer loop
    vertex 0.1556068275075409 -0.009882267820086232 0.00152996167667302
    vertex 0.1534135872841502 -0.006877280161535266 -0.00725968439945935
    vertex 0.1617184002850998 -0.007839633314547272 -0.006208071318327501
  endloop
endfacet
facet normal 0.0173206 0.586104 -0.810051
  outer loop
    vertex 0.1583992642419376 0.001088041996232626 -0.009940632002766932
    vertex 0.1497281975057388 0.001397953605930126 -0.009901804164679635
    vertex 0.1574971470603485 0.00908847282529845 -0.004171290172573904
  endloop
endfacet
facet normal -0.0311517 0.617257 -0.786145
  outer loop
    vertex 0.1497281975057388 0.001397953605930126 -0.009901804164679635
    vertex 0.1483971426243534 0.009317575907414806 -0.003630809718170748
    vertex 0.1574971470603485 0.00908847282529845 -0.004171290172573904
  endloop
endfacet
facet normal 0.0321198 -0.99858 0.042506
  outer loop
    vertex 0.1337371667485802 -0.009361897085057462 -0.003514951346575453
    vertex 0.1433324934783692 -0.00908181350938727 -0.00418576915043232
    vertex 0.1396751250789996 -0.008820745950382564 0.00471109762993823
  endloop
endfacet
facet normal 0.101208 -0.969922 0.221378
  outer loop
    vertex 0.3 -0.007818314824680294 0.006234898018587341
    vertex 0.2902795684552201 -0.009710039726691919 0.002390633494717396
    vertex 0.3 -0.009749279121818237 -0.002225209339563139
  endloop
endfacet
facet normal -0.0250067 -0.745568 -0.665961
  outer loop
    vertex 0.2207286584816252 -0.009573051566475466 -0.002890792919875377
    vertex 0.2135951870872311 -0.003573432021557645 -0.009339731451562536
    vertex 0.2250288876224047 -0.004188376072106888 -0.009080611536598318
  endloop
endfacet
facet normal -0.00547429 0.999488 -0.0315332
  outer loop
    vertex 0.1159232917573699 0.008820745950375184 0.004711097629952045
    vertex 0.1304961734108316 0.008896027924861541 0.004567350124534322
    vertex 0.1212468038579623 0.008536972184294422 -0.005207696796529471
  endloop
endfacet
facet normal -0.00386234 0.575726 -0.817633
  outer loop
    vertex 0.1212468038579623 0.008536972184294422 -0.005207696796529471
    vertex 0.1125365819027887 0.001943379556238299 -0.009809346354390543
    vertex 0.1099866460832521 0.00859265595150953 -0.00511529702939994
  endloop
endfacet
facet normal 0.140211 -0.977615 -0.156875
  outer loop
    vertex 0.2849137416197336 -0.009716842319559308 -0.002362832058530887
    vertex 0.2929480863702391 -0.007975728601105599 -0.006032226229304247
    vertex 0.2902795684552201 -0.009710039726691919 0.002390633494717396
  endloop
endfacet
facet normal 0.00703152 0.999035 -0.0433498
  outer loop
    vertex 0.1304961734108316 0.008896027924861541 0.004567350124534322
    vertex 0.1321580959418473 0.008454403958422091 -0.005340697867115953
    vertex 0.1212468038579623 0.008536972184294422 -0.005207696796529471
  endloop
endfacet
facet normal 0.138614 -0.774284 -0.617471
  outer loop
    vertex 0.3 -0.009749279121818237 -0.002225209339563139
    vertex 0.2929480863702391 -0.007975728601105599 -0.006032226229304247
    vertex 0.3 -0.004338837391175594 -0.009009688679024184
  endloop
endfacet
facet normal -0.0252523 -0.573275 -0.818974
  outer loop
    vertex 0.1727524431035533 -0.008929823107539311 -0.004500917602895766
    vertex 0.1679384573380273 -0.0009227989530833028 -0.00995733107274175
    vertex 0.1774192040731295 -0.001425317092929792 -0.009897902362854575
  endloop
endfacet
facet normal 0 -0.438408 0.898776
  outer loop
    vertex 0.145613083409407 2.449293598294706e-18 0.01
    vertex 0.1475609056870101 -0.007880615105265073 0.006155965039103777
    vertex 0.1574890000702219 2.449293598294706e-18 0.01
  endloop
endfacet
facet normal 0.0595091 -0.975765 -0.210575
  outer loop
    vertex 0.1658591243644259 -0.00955996264415152 0.002933788377239824
    vertex 0.1556068275075409 -0.009882267820086232 0.00152996167667302
    vertex 0.1617184002850998 -0.007839633314547272 -0.006208071318327501
  endloop
endfacet
facet normal -0.115649 -0.965008 -0.23534
  outer loop
    vertex 0.2902795684552201 -0.009710039726691919 0.002390633494717396
    vertex 0.2929480863702391 -0.007975728601105599 -0.006032226229304247
    vertex 0.3 -0.009749279121818237 -0.002225209339563139
  endloop
endfacet
facet normal 0.0785203 -0.528725 -0.845154
  outer loop
    vertex 0.1617184002850998 -0.007839633314547272 -0.006208071318327501
    vertex 0.1679384573380273 -0.0009227989530833028 -0.00995733107274175
    vertex 0.1727524431035533 -0.008929823107539311 -0.004500917602895766
  endloop
endfacet
facet normal -0.154701 -0.493981 -0.8556
  outer loop
    vertex 0.03872983346207417 -9.486073316167836e-18 -0.01000000000000002
    vertex 0.04728583023378458 -0.005000000000000023 -0.008660254037844374
    vertex 0.03872983346207417 -0.008660254037844409 -0.004999999999999959
  endloop
endfacet
facet normal -0.0643091 -0.996595 -0.0515995
  outer loop
    vertex 0.08483103515016936 -0.009181811785131624 0.003961607292806545
    vertex 0.07988759331377784 -0.008374760805349884 -0.005464739833988016
    vertex 0.08814815272106791 -0.008960931076960424 -0.004438661311022152
  endloop
endfacet
facet normal -0.075482 -0.996364 -0.0395092
  outer loop
    vertex 0.121111113502978 -0.009129888756670885 0.004079844517970574
    vertex 0.1160571738814721 -0.008368138441134952 -0.005474875252460049
    vertex 0.1239379568198352 -0.00901026090300854 -0.004337648955334643
  endloop
endfacet
facet normal 0.0899494 -0.572792 -0.81475
  outer loop
    vertex 0.2577098660534891 -0.008275713226476184 -0.005613605845900402
    vertex 0.2631955764180871 -0.00129468159251206 -0.009915835798056079
    vertex 0.2677351085823669 -0.009237098986411771 -0.00383092708299579
  endloop
endfacet
facet normal 0.138961 -3.16747e-15 -0.990298
  outer loop
    vertex 0.3 -0.004338837391175594 -0.009009688679024184
    vertex 0.2929426915660567 1.451124646428797e-05 -0.00999998947118076
    vertex 0.3 0.004338837391175535 -0.009009688679024212
  endloop
endfacet
facet normal 0.0969883 -0.0322395 -0.994763
  outer loop
    vertex 0.1870628658436508 0.004066915503449776 -0.009135655328863927
    vertex 0.1860985073558621 -0.004453557133978889 -0.008953537225833473
    vertex 0.1774192040731295 -0.001425317092929792 -0.009897902362854575
  endloop
endfacet
facet normal 0.075954 -0.360451 -0.929681
  outer loop
    vertex 0.1534135872841502 -0.006877280161535266 -0.00725968439945935
    vertex 0.1583992642419376 0.001088041996232626 -0.009940632002766932
    vertex 0.1617184002850998 -0.007839633314547272 -0.006208071318327501
  endloop
endfacet
facet normal -0.00574599 -0.297092 -0.954832
  outer loop
    vertex 0.1022925201740767 0.002062940334575367 -0.009784900468373815
    vertex 0.1125365819027887 0.001943379556238299 -0.009809346354390543
    vertex 0.105517501035698 -0.007224054800555748 -0.006914696829114596
  endloop
endfacet
facet normal -0.0199998 -0.987973 0.15333
  outer loop
    vertex 0.2771213658564692 -0.009617515352246602 -0.002739233186368208
    vertex 0.2849137416197336 -0.009716842319559308 -0.002362832058530887
    vertex 0.2810367141929348 -0.008439034009644077 0.005364951536041182
  endloop
endfacet
facet normal 0.0603313 -0.607252 -0.792215
  outer loop
    vertex 0.1727524431035533 -0.008929823107539311 -0.004500917602895766
    vertex 0.1774192040731295 -0.001425317092929792 -0.009897902362854575
    vertex 0.181696641673027 -0.009375684913164862 -0.00347800695931633
  endloop
endfacet
facet normal -0.00517361 0.999423 0.0335778
  outer loop
    vertex 0.1634269584006294 0.008820745950374629 0.004711097629953087
    vertex 0.1574971470603485 0.00908847282529845 -0.004171290172573904
    vertex 0.1517524498837018 0.008756324231526653 0.004829781149532468
  endloop
endfacet
facet normal 0.0388532 -0.664101 -0.746632
  outer loop
    vertex 0.1239379568198352 -0.00901026090300854 -0.004337648955334643
    vertex 0.1295461018462568 -0.002749397444713724 -0.009614614588791464
    vertex 0.1337371667485802 -0.009361897085057462 -0.003514951346575453
  endloop
endfacet
facet normal 0.0101848 0.998014 0.0621663
  outer loop
    vertex 0.1517524498837018 0.008756324231526653 0.004829781149532468
    vertex 0.1483971426243534 0.009317575907414806 -0.003630809718170748
    vertex 0.1420948834909496 0.008867832178682557 0.00462185595304767
  endloop
endfacet
facet normal -0.147109 -0.44 -0.885866
  outer loop
    vertex 0.3 -0.004338837391175594 -0.009009688679024184
    vertex 0.2929480863702391 -0.007975728601105599 -0.006032226229304247
    vertex 0.2929426915660567 1.451124646428797e-05 -0.00999998947118076
  endloop
endfacet
facet normal -0.0460178 -0.50973 -0.859103
  outer loop
    vertex 0.07988759331377784 -0.008374760805349884 -0.005464739833988016
    vertex 0.0738913528861395 -0.0001927914760985396 -0.009998141399617419
    vertex 0.08388382260250149 -0.00121705677623246 -0.009925662335755063
  endloop
endfacet
facet normal -0.0564392 -0.491293 -0.869164
  outer loop
    vertex 0.2577098660534891 -0.008275713226476184 -0.005613605845900402
    vertex 0.2543367095030818 -0.0001295715664095921 -0.009999160525223013
    vertex 0.2631955764180871 -0.00129468159251206 -0.009915835798056079
  endloop
endfacet
facet normal -0.303252 -0.612726 0.729798
  outer loop
    vertex 0.242926436442238 -0.009560765555394091 0.00293117075496975
    vertex 0.2479472773747674 -0.006086710272746493 0.007934226997990563
    vertex 0.2406204166959261 2.449293598294706e-18 0.01
  endloop
endfacet
facet normal 0.0639021 -0.553293 -0.830532
  outer loop
    vertex 0.07988759331377784 -0.008374760805349884 -0.005464739833988016
    vertex 0.08388382260250149 -0.00121705677623246 -0.009925662335755063
    vertex 0.08814815272106791 -0.008960931076960424 -0.004438661311022152
  endloop
endfacet
facet normal 0.0950871 -0.464481 -0.880464
  outer loop
    vertex 0.1951677271339831 -0.001273709476683423 -0.009918551515670362
    vertex 0.2043966869438738 0.0007207134238008008 -0.009973994794502018
    vertex 0.2004302549724777 -0.008229921936075895 -0.005680526817654926
  endloop
endfacet
facet normal 0.0676802 -0.997469 -0.0217901
  outer loop
    vertex 0.1775772256719986 -0.008804360070811349 0.004741649896766187
    vertex 0.1658591243644259 -0.00955996264415152 0.002933788377239824
    vertex 0.1727524431035533 -0.008929823107539311 -0.004500917602895766
  endloop
endfacet
facet normal 0.10485 0.969554 0.221294
  outer loop
    vertex 0.3 0.009749279121818217 -0.002225209339563233
    vertex 0.2906237096100407 0.009705807049328968 0.002407760270707222
    vertex 0.3 0.007818314824680333 0.006234898018587291
  endloop
endfacet
facet normal 0.14435 0.465856 -0.873007
  outer loop
    vertex 0.06526425505016499 0.005124167109292351 -0.008587369296591736
    vertex 0.07656642427756005 0.008794426932840436 -0.004760047785782275
    vertex 0.0738913528861395 -0.0001927914760985396 -0.009998141399617419
  endloop
endfacet
facet normal 0.0243433 0.0315811 -0.999205
  outer loop
    vertex 0.2135951870872311 -0.003573432021557645 -0.009339731451562536
    vertex 0.2195451089400188 0.004480210651844817 -0.008940230003478447
    vertex 0.2250288876224047 -0.004188376072106888 -0.009080611536598318
  endloop
endfacet
facet normal 0.0507346 -0.986556 -0.155349
  outer loop
    vertex 0.2613668312897401 -0.009475071798454299 0.00319734490071622
    vertex 0.2514851787106007 -0.009796119822279726 0.002008988906773315
    vertex 0.2577098660534891 -0.008275713226476184 -0.005613605845900402
  endloop
endfacet
facet normal -0.107263 -0.45717 0.882887
  outer loop
    vertex 0.1396751250789996 -0.008820745950382564 0.00471109762993823
    vertex 0.1475609056870101 -0.007880615105265073 0.006155965039103777
    vertex 0.145613083409407 2.449293598294706e-18 0.01
  endloop
endfacet
facet normal 0.00374355 0.499996 0.866019
  outer loop
    vertex 0.03872983346207337 -3.518389858936468e-18 0.01000000000000155
    vertex 0.04799670744697357 0.00869453335019372 0.004940150789436409
    vertex 0.03872983346207417 0.008660254037844404 0.00499999999999997
  endloop
endfacet
facet normal -0.0481037 -0.499421 0.865023
  outer loop
    vertex 0.03872983346207417 -0.008660254037844385 0.005000000000000004
    vertex 0.04466779179248022 -0.008342713964777301 0.005513540033581854
    vertex 0.03872983346207337 -3.518389858936468e-18 0.01000000000000155
  endloop
endfacet
facet normal 0.0293289 0.999547 0.00679544
  outer loop
    vertex 0.2049946387670547 0.008650150594806809 -0.005017458987093311
    vertex 0.1955931554959462 0.00892259601681636 -0.004515227604528126
    vertex 0.1992724913033466 0.008751039001691628 0.004839350823289423
  endloop
endfacet
facet normal 0.0685967 -0.994618 0.0776533
  outer loop
    vertex 0.2258376871468956 -0.008596077817183129 0.005109544613850841
    vertex 0.2174458571861414 -0.009283574769049428 0.003716885726985547
    vertex 0.2207286584816252 -0.009573051566475466 -0.002890792919875377
  endloop
endfacet
facet normal -0.24422 -0.445454 -0.861352
  outer loop
    vertex 0.1160571738814721 -0.008368138441134952 -0.005474875252460049
    vertex 0.1125365819027887 0.001943379556238299 -0.009809346354390543
    vertex 0.1200296451328059 -0.002326727136453685 -0.009725550926939308
  endloop
endfacet
facet normal -0.073861 -0.985614 -0.15202
  outer loop
    vertex 0.1658591243644259 -0.00955996264415152 0.002933788377239824
    vertex 0.1617184002850998 -0.007839633314547272 -0.006208071318327501
    vertex 0.1727524431035533 -0.008929823107539311 -0.004500917602895766
  endloop
endfacet
facet normal -0.143596 0.602758 -0.784897
  outer loop
    vertex 0.2462662408419797 0.001333775932900998 -0.009910652943212878
    vertex 0.2425656603469888 0.009566918692833229 -0.00291102502990238
    vertex 0.2506192399953653 0.008573526991080382 -0.005147293942764117
  endloop
endfacet
facet normal 0.0616172 -0.997856 0.0220442
  outer loop
    vertex 0.2725400021113613 -0.008748767702736809 0.004843455758397025
    vertex 0.2613668312897401 -0.009475071798454299 0.00319734490071622
    vertex 0.2677351085823669 -0.009237098986411771 -0.00383092708299579
  endloop
endfacet
facet normal -0.0247884 0.999628 -0.0113527
  outer loop
    vertex 0.1752726349784931 0.008813520425986883 0.004724601327171637
    vertex 0.1794962580349587 0.00881088675997767 -0.004729511021538083
    vertex 0.1695374170102912 0.008558910484091173 -0.005171561787827175
  endloop
endfacet
facet normal -0.0767619 -0.991701 -0.103132
  outer loop
    vertex 0.2613668312897401 -0.009475071798454299 0.00319734490071622
    vertex 0.2577098660534891 -0.008275713226476184 -0.005613605845900402
    vertex 0.2677351085823669 -0.009237098986411771 -0.00383092708299579
  endloop
endfacet
facet normal 0.0345619 -0.6633 -0.747556
  outer loop
    vertex 0.08814815272106791 -0.008960931076960424 -0.004438661311022152
    vertex 0.09377253959931221 -0.002876388873011716 -0.009577389365125259
    vertex 0.09642638809460538 -0.009250147049664995 -0.003799313037849603
  endloop
endfacet
facet normal -0.00136822 0.736926 -0.675973
  outer loop
    vertex 0.280151047492333 0.004333102905110817 -0.009012448014480872
    vertex 0.2707720213874947 0.004302057987743402 -0.00902730840672308
    vertex 0.2765375675839854 0.009356832443974726 -0.003528411344412946
  endloop
endfacet
facet normal -0.138251 0.429948 -0.892206
  outer loop
    vertex 0.2929426915660567 1.451124646428797e-05 -0.00999998947118076
    vertex 0.2927294130885554 0.007854935674407256 -0.00618869821133041
    vertex 0.3 0.004338837391175535 -0.009009688679024212
  endloop
endfacet
facet normal 0.155287 0.679456 -0.717095
  outer loop
    vertex 0.2362516682912807 0.004856400376284613 -0.008741588836431434
    vertex 0.2425656603469888 0.009566918692833229 -0.00291102502990238
    vertex 0.2462662408419797 0.001333775932900998 -0.009910652943212878
  endloop
endfacet
facet normal 0.0460722 -0.751586 -0.658024
  outer loop
    vertex 0.2677351085823669 -0.009237098986411771 -0.00383092708299579
    vertex 0.2725670052564871 -0.004457863394765 -0.008951393967065369
    vertex 0.2771213658564692 -0.009617515352246602 -0.002739233186368208
  endloop
endfacet
facet normal 0.000667795 0.664851 -0.746976
  outer loop
    vertex 0.09803695898352284 0.008596418851002884 -0.005108970829640961
    vertex 0.09246611414576755 0.004089047389065493 -0.009125770731832829
    vertex 0.08623471697886881 0.008583021444452008 -0.005131446470935557
  endloop
endfacet
facet normal 0.134938 0.774681 -0.617787
  outer loop
    vertex 0.3 0.004338837391175535 -0.009009688679024212
    vertex 0.2927294130885554 0.007854935674407256 -0.00618869821133041
    vertex 0.3 0.009749279121818217 -0.002225209339563233
  endloop
endfacet
facet normal 0.0149912 0.99698 0.0761967
  outer loop
    vertex 0.2815824848234568 0.008624470868257161 0.00506147233940714
    vertex 0.2765375675839854 0.009356832443974726 -0.003528411344412946
    vertex 0.2703102083479631 0.008820745950377554 0.004711097629947611
  endloop
endfacet
facet normal -0.071656 -0.338439 -0.938256
  outer loop
    vertex 0.2478306550689545 -0.007181959614783233 -0.006958409020144093
    vertex 0.2462662408419797 0.001333775932900998 -0.009910652943212878
    vertex 0.2543367095030818 -0.0001295715664095921 -0.009999160525223013
  endloop
endfacet
facet normal -0.102452 -0.00966508 -0.994691
  outer loop
    vertex 0.1951677271339831 -0.001273709476683423 -0.009918551515670362
    vertex 0.1860985073558621 -0.004453557133978889 -0.008953537225833473
    vertex 0.1870628658436508 0.004066915503449776 -0.009135655328863927
  endloop
endfacet
facet normal 0.137285 -0.624806 -0.768616
  outer loop
    vertex 0.1917151090002326 -0.009080140879479604 -0.004189396329878968
    vertex 0.1860985073558621 -0.004453557133978889 -0.008953537225833473
    vertex 0.1951677271339831 -0.001273709476683423 -0.009918551515670362
  endloop
endfacet
facet normal -0.0732302 -0.603121 -0.794281
  outer loop
    vertex 0.08388382260250149 -0.00121705677623246 -0.009925662335755063
    vertex 0.09377253959931221 -0.002876388873011716 -0.009577389365125259
    vertex 0.08814815272106791 -0.008960931076960424 -0.004438661311022152
  endloop
endfacet
facet normal 0.00752595 0.994611 0.103406
  outer loop
    vertex 0.246861141459517 0.008723495424612156 0.004888826809856408
    vertex 0.2425656603469888 0.009566918692833229 -0.00291102502990238
    vertex 0.23523570821212 0.008832170062270592 0.004689645188191861
  endloop
endfacet
facet normal 0.000568465 -0.756912 -0.653517
  outer loop
    vertex 0.2250288876224047 -0.004188376072106888 -0.009080611536598318
    vertex 0.2321495316445549 -0.004179496682488855 -0.009084701837763562
    vertex 0.2288059824318719 -0.009595793931715222 -0.002814380716970839
  endloop
endfacet
facet normal -0.088443 -0.412032 -0.906867
  outer loop
    vertex 0.1583992642419376 0.001088041996232626 -0.009940632002766932
    vertex 0.1679384573380273 -0.0009227989530833028 -0.00995733107274175
    vertex 0.1617184002850998 -0.007839633314547272 -0.006208071318327501
  endloop
endfacet
facet normal -0.143566 -0.652264 -0.744272
  outer loop
    vertex 0.2631955764180871 -0.00129468159251206 -0.009915835798056079
    vertex 0.2725670052564871 -0.004457863394765 -0.008951393967065369
    vertex 0.2677351085823669 -0.009237098986411771 -0.00383092708299579
  endloop
endfacet
facet normal 0.12034 0.97615 -0.180694
  outer loop
    vertex 0.2906237096100407 0.009705807049328968 0.002407760270707222
    vertex 0.2927294130885554 0.007854935674407256 -0.00618869821133041
    vertex 0.2845069797681325 0.009365125447163952 -0.00350634073627795
  endloop
endfacet
facet normal -0.121734 0.963773 -0.237325
  outer loop
    vertex 0.3 0.009749279121818217 -0.002225209339563233
    vertex 0.2927294130885554 0.007854935674407256 -0.00618869821133041
    vertex 0.2906237096100407 0.009705807049328968 0.002407760270707222
  endloop
endfacet
facet normal -0.0377827 -0.995779 0.0836462
  outer loop
    vertex 0.2096506505701745 -0.009549350474655908 -0.002968148499012302
    vertex 0.2174458571861414 -0.009283574769049428 0.003716885726985547
    vertex 0.2070973927888866 -0.008804932583970139 0.004740586692777692
  endloop
endfacet
facet normal 0.00320689 -0.730377 -0.683037
  outer loop
    vertex 0.2207286584816252 -0.009573051566475466 -0.002890792919875377
    vertex 0.2096506505701745 -0.009549350474655908 -0.002968148499012302
    vertex 0.2135951870872311 -0.003573432021557645 -0.009339731451562536
  endloop
endfacet
facet normal 0.0102259 0.99957 0.0274916
  outer loop
    vertex 0.05654370845329566 0.008820745950739098 0.004711097629270681
    vertex 0.05836113354722566 0.009048797914901284 -0.004256671974122293
    vertex 0.05067723237454823 0.009122968124454732 -0.004095296399551918
  endloop
endfacet
facet normal -0.0502808 -0.742386 -0.668083
  outer loop
    vertex 0.2288059824318719 -0.009595793931715222 -0.002814380716970839
    vertex 0.2321495316445549 -0.004179496682488855 -0.009084701837763562
    vertex 0.2380482299606332 -0.009174832649118664 -0.003977743815363956
  endloop
endfacet
facet normal 0.083499 0.512204 -0.854796
  outer loop
    vertex 0.2462662408419797 0.001333775932900998 -0.009910652943212878
    vertex 0.2506192399953653 0.008573526991080382 -0.005147293942764117
    vertex 0.2543367095030818 -0.0001295715664095921 -0.009999160525223013
  endloop
endfacet
facet normal 0.0584135 0.378068 -0.923933
  outer loop
    vertex 0.2543367095030818 -0.0001295715664095921 -0.009999160525223013
    vertex 0.2584234146254865 0.007493871534938645 -0.006621320821243774
    vertex 0.2631955764180871 -0.00129468159251206 -0.009915835798056079
  endloop
endfacet
facet normal 0.0656508 -0.602704 -0.795259
  outer loop
    vertex 0.1160571738814721 -0.008368138441134952 -0.005474875252460049
    vertex 0.1200296451328059 -0.002326727136453685 -0.009725550926939308
    vertex 0.1239379568198352 -0.00901026090300854 -0.004337648955334643
  endloop
endfacet
facet normal -0.00114501 0.0384639 -0.999259
  outer loop
    vertex 0.2362516682912807 0.004856400376284613 -0.008741588836431434
    vertex 0.23993165570122 -0.004161567518456 -0.009092928889490558
    vertex 0.2321495316445549 -0.004179496682488855 -0.009084701837763562
  endloop
endfacet
facet normal -0.0191607 -0.63426 -0.772882
  outer loop
    vertex 0.1239379568198352 -0.00901026090300854 -0.004337648955334643
    vertex 0.1200296451328059 -0.002326727136453685 -0.009725550926939308
    vertex 0.1295461018462568 -0.002749397444713724 -0.009614614588791464
  endloop
endfacet
facet normal 0.060719 0.0103348 -0.998101
  outer loop
    vertex 0.2321495316445549 -0.004179496682488855 -0.009084701837763562
    vertex 0.2281659675366383 0.003813575121469901 -0.009244276326079064
    vertex 0.2362516682912807 0.004856400376284613 -0.008741588836431434
  endloop
endfacet
facet normal -0.00243471 -0.999091 0.0425597
  outer loop
    vertex 0.2207286584816252 -0.009573051566475466 -0.002890792919875377
    vertex 0.2174458571861414 -0.009283574769049428 0.003716885726985547
    vertex 0.2096506505701745 -0.009549350474655908 -0.002968148499012302
  endloop
endfacet
facet normal -0.0746485 -0.698315 -0.711887
  outer loop
    vertex 0.2380482299606332 -0.009174832649118664 -0.003977743815363956
    vertex 0.23993165570122 -0.004161567518456 -0.009092928889490558
    vertex 0.2478306550689545 -0.007181959614783233 -0.006958409020144093
  endloop
endfacet
facet normal 0.00171924 0.994211 0.107431
  outer loop
    vertex 0.23523570821212 0.008832170062270592 0.004689645188191861
    vertex 0.2295014586523167 0.009637238435676959 -0.002669013925387187
    vertex 0.2231491411589526 0.008858456854617468 0.004639799796853393
  endloop
endfacet
facet normal -0.0745815 -0.99721 -0.00304422
  outer loop
    vertex 0.2380482299606332 -0.009174832649118664 -0.003977743815363956
    vertex 0.242926436442238 -0.009560765555394091 0.00293117075496975
    vertex 0.2319262260899122 -0.008743922603777555 0.004852197182632623
  endloop
endfacet
facet normal 0.00110191 0.737736 -0.675088
  outer loop
    vertex 0.280151047492333 0.004333102905110817 -0.009012448014480872
    vertex 0.2765375675839854 0.009356832443974726 -0.003528411344412946
    vertex 0.2845069797681325 0.009365125447163952 -0.00350634073627795
  endloop
endfacet
facet normal 0.0186032 -0.802167 -0.59681
  outer loop
    vertex 0.2771213658564692 -0.009617515352246602 -0.002739233186368208
    vertex 0.2800185444512675 -0.005261343480311921 -0.008504014627349793
    vertex 0.2849137416197336 -0.009716842319559308 -0.002362832058530887
  endloop
endfacet
facet normal -0.0357424 -0.00642718 -0.99934
  outer loop
    vertex 0.2195451089400188 0.004480210651844817 -0.008940230003478447
    vertex 0.2281659675366383 0.003813575121469901 -0.009244276326079064
    vertex 0.2250288876224047 -0.004188376072106888 -0.009080611536598318
  endloop
endfacet
facet normal -0.138291 -0.74269 -0.6552
  outer loop
    vertex 0.2849137416197336 -0.009716842319559308 -0.002362832058530887
    vertex 0.2874664779964603 -0.004320582994120369 -0.009018456774355459
    vertex 0.2929480863702391 -0.007975728601105599 -0.006032226229304247
  endloop
endfacet
facet normal 0.106793 0.0132671 -0.994193
  outer loop
    vertex 0.2631955764180871 -0.00129468159251206 -0.009915835798056079
    vertex 0.2707720213874947 0.004302057987743402 -0.00902730840672308
    vertex 0.2725670052564871 -0.004457863394765 -0.008951393967065369
  endloop
endfacet
facet normal 0.13179 0.990675 0.0345463
  outer loop
    vertex 0.2506192399953653 0.008573526991080382 -0.005147293942764117
    vertex 0.2425656603469888 0.009566918692833229 -0.00291102502990238
    vertex 0.246861141459517 0.008723495424612156 0.004888826809856408
  endloop
endfacet
facet normal -0.0738298 0.142116 -0.987093
  outer loop
    vertex 0.0738913528861395 -0.0001927914760985396 -0.009998141399617419
    vertex 0.06363395771095118 -0.00278548994684646 -0.009604220205514725
    vertex 0.06526425505016499 0.005124167109292351 -0.008587369296591736
  endloop
endfacet
facet normal 0.0764377 -0.432614 0.898333
  outer loop
    vertex 0.3 2.449293598294706e-18 0.01
    vertex 0.2911173643395675 -0.006428259686692483 0.007660122544740669
    vertex 0.3 -0.007818314824680294 0.006234898018587341
  endloop
endfacet
facet normal 0.1564 0.00298133 -0.987689
  outer loop
    vertex 0.03872983346207417 -9.486073316167836e-18 -0.01000000000000002
    vertex 0.04525324321822796 0.004453474990749128 -0.008953578084027193
    vertex 0.04728583023378458 -0.005000000000000023 -0.008660254037844374
  endloop
endfacet
facet normal 0.0262579 0.70592 -0.707804
  outer loop
    vertex 0.05067723237454823 0.009122968124454732 -0.004095296399551918
    vertex 0.04525324321822796 0.004453474990749128 -0.008953578084027193
    vertex 0.03872983346207417 0.008660254037844385 -0.005000000000000004
  endloop
endfacet
facet normal 0.0725252 -0.164171 -0.983762
  outer loop
    vertex 0.04728583023378458 -0.005000000000000023 -0.008660254037844374
    vertex 0.05446365523902307 0.003149501052561123 -0.009491082294444422
    vertex 0.05500133852186691 -0.006126639971411622 -0.00790343486470923
  endloop
endfacet
facet normal -0.210615 0.469884 -0.857234
  outer loop
    vertex 0.08623471697886881 0.008583021444452008 -0.005131446470935557
    vertex 0.09246611414576755 0.004089047389065493 -0.009125770731832829
    vertex 0.08388382260250149 -0.00121705677623246 -0.009925662335755063
  endloop
endfacet
facet normal -0.0808777 0.996214 0.0318793
  outer loop
    vertex 0.2109306250438889 0.00882074595037521 0.004711097629951998
    vertex 0.2136735391726909 0.009310919755361561 -0.003647845022642524
    vertex 0.2049946387670547 0.008650150594806809 -0.005017458987093311
  endloop
endfacet
facet normal 0.00479786 0.57794 -0.816065
  outer loop
    vertex 0.1099866460832521 0.00859265595150953 -0.00511529702939994
    vertex 0.1125365819027887 0.001943379556238299 -0.009809346354390543
    vertex 0.1022925201740767 0.002062940334575367 -0.009784900468373815
  endloop
endfacet
facet normal -0.0476108 -0.785271 -0.617319
  outer loop
    vertex 0.2725670052564871 -0.004457863394765 -0.008951393967065369
    vertex 0.2800185444512675 -0.005261343480311921 -0.008504014627349793
    vertex 0.2771213658564692 -0.009617515352246602 -0.002739233186368208
  endloop
endfacet
facet normal -0.0012741 0.996321 0.0856932
  outer loop
    vertex 0.2845069797681325 0.009365125447163952 -0.00350634073627795
    vertex 0.2765375675839854 0.009356832443974726 -0.003528411344412946
    vertex 0.2815824848234568 0.008624470868257161 0.00506147233940714
  endloop
endfacet
facet normal 0.0488292 0.997386 0.0532611
  outer loop
    vertex 0.1955931554959462 0.00892259601681636 -0.004515227604528126
    vertex 0.1875764302450668 0.009273745986156689 -0.003741341388358285
    vertex 0.1876035055980969 0.008821088713624073 0.004710455806646955
  endloop
endfacet
facet normal -0.0563691 0.753061 -0.655532
  outer loop
    vertex 0.2281659675366383 0.003813575121469901 -0.009244276326079064
    vertex 0.2295014586523167 0.009637238435676959 -0.002669013925387187
    vertex 0.2362516682912807 0.004856400376284613 -0.008741588836431434
  endloop
endfacet
facet normal -0.00054908 -0.0202337 -0.999795
  outer loop
    vertex 0.2250288876224047 -0.004188376072106888 -0.009080611536598318
    vertex 0.2281659675366383 0.003813575121469901 -0.009244276326079064
    vertex 0.2321495316445549 -0.004179496682488855 -0.009084701837763562
  endloop
endfacet
facet normal -0.0665704 -0.959177 -0.274859
  outer loop
    vertex 0.1160571738814721 -0.008368138441134952 -0.005474875252460049
    vertex 0.1108651996873551 -0.009925589733416073 0.001217648735845222
    vertex 0.105517501035698 -0.007224054800555748 -0.006914696829114596
  endloop
endfacet
facet normal -0.0266762 -0.732668 -0.680064
  outer loop
    vertex 0.181696641673027 -0.009375684913164862 -0.00347800695931633
    vertex 0.1860985073558621 -0.004453557133978889 -0.008953537225833473
    vertex 0.1917151090002326 -0.009080140879479604 -0.004189396329878968
  endloop
endfacet
facet normal -0.0645213 -0.044805 -0.99691
  outer loop
    vertex 0.04728583023378458 -0.005000000000000023 -0.008660254037844374
    vertex 0.04525324321822796 0.004453474990749128 -0.008953578084027193
    vertex 0.05446365523902307 0.003149501052561123 -0.009491082294444422
  endloop
endfacet
facet normal 0 -0.321386 0.946948
  outer loop
    vertex 0.2406204166959261 2.449293598294706e-18 0.01
    vertex 0.2479472773747674 -0.006086710272746493 0.007934226997990563
    vertex 0.2524963333567409 2.449293598294706e-18 0.01
  endloop
endfacet
facet normal -0.198402 0.49006 -0.848809
  outer loop
    vertex 0.03872983346207417 0.008660254037844385 -0.005000000000000004
    vertex 0.04525324321822796 0.004453474990749128 -0.008953578084027193
    vertex 0.03872983346207417 -9.486073316167836e-18 -0.01000000000000002
  endloop
endfacet
facet normal -0.00920615 0.667065 -0.744942
  outer loop
    vertex 0.05067723237454823 0.009122968124454732 -0.004095296399551918
    vertex 0.05836113354722566 0.009048797914901284 -0.004256671974122293
    vertex 0.05446365523902307 0.003149501052561123 -0.009491082294444422
  endloop
endfacet
facet normal 0.0567711 -0.786055 -0.615545
  outer loop
    vertex 0.2800185444512675 -0.005261343480311921 -0.008504014627349793
    vertex 0.2874664779964603 -0.004320582994120369 -0.009018456774355459
    vertex 0.2849137416197336 -0.009716842319559308 -0.002362832058530887
  endloop
endfacet
facet normal 0.0332472 0.737564 -0.674458
  outer loop
    vertex 0.2195451089400188 0.004480210651844817 -0.008940230003478447
    vertex 0.2224126624879555 0.009395759679357574 -0.003423404744951795
    vertex 0.2281659675366383 0.003813575121469901 -0.009244276326079064
  endloop
endfacet
facet normal -0.154635 -0.669714 -0.726341
  outer loop
    vertex 0.1774192040731295 -0.001425317092929792 -0.009897902362854575
    vertex 0.1860985073558621 -0.004453557133978889 -0.008953537225833473
    vertex 0.181696641673027 -0.009375684913164862 -0.00347800695931633
  endloop
endfacet
facet normal -0.0397815 -0.690998 -0.721761
  outer loop
    vertex 0.1295461018462568 -0.002749397444713724 -0.009614614588791464
    vertex 0.1373673669924864 -0.003431271802404353 -0.009392889535069854
    vertex 0.1337371667485802 -0.009361897085057462 -0.003514951346575453
  endloop
endfacet
facet normal -0.0300035 -0.694303 -0.719057
  outer loop
    vertex 0.1337371667485802 -0.009361897085057462 -0.003514951346575453
    vertex 0.1373673669924864 -0.003431271802404353 -0.009392889535069854
    vertex 0.1433324934783692 -0.00908181350938727 -0.00418576915043232
  endloop
endfacet
facet normal 0.0796231 -0.450141 -0.889401
  outer loop
    vertex 0.07042407777636811 -0.007506574811829662 -0.006606915664241863
    vertex 0.06363395771095118 -0.00278548994684646 -0.009604220205514725
    vertex 0.0738913528861395 -0.0001927914760985396 -0.009998141399617419
  endloop
endfacet
facet normal 0.0668622 -0.445629 -0.892717
  outer loop
    vertex 0.07988759331377784 -0.008374760805349884 -0.005464739833988016
    vertex 0.07042407777636811 -0.007506574811829662 -0.006606915664241863
    vertex 0.0738913528861395 -0.0001927914760985396 -0.009998141399617419
  endloop
endfacet
facet normal -0.0615118 0.827132 0.558631
  outer loop
    vertex 0.2906237096100407 0.009705807049328968 0.002407760270707222
    vertex 0.2912692866976745 0.00595350038871587 0.008034664468511426
    vertex 0.3 0.007818314824680333 0.006234898018587291
  endloop
endfacet
facet normal -0.0153472 -0.310314 -0.95051
  outer loop
    vertex 0.1534135872841502 -0.006877280161535266 -0.00725968439945935
    vertex 0.1497281975057388 0.001397953605930126 -0.009901804164679635
    vertex 0.1583992642419376 0.001088041996232626 -0.009940632002766932
  endloop
endfacet
facet normal -0.119433 -0.0100581 -0.992791
  outer loop
    vertex 0.2462662408419797 0.001333775932900998 -0.009910652943212878
    vertex 0.23993165570122 -0.004161567518456 -0.009092928889490558
    vertex 0.2362516682912807 0.004856400376284613 -0.008741588836431434
  endloop
endfacet
facet normal -0.0882208 0.559798 -0.82392
  outer loop
    vertex 0.1414935350461617 0.005372473705054003 -0.008434247227139084
    vertex 0.1354834523356701 0.0026449923372143 -0.009643858954592691
    vertex 0.1321580959418473 0.008454403958422091 -0.005340697867115953
  endloop
endfacet
facet normal 0.0457212 0.743186 -0.667521
  outer loop
    vertex 0.2281659675366383 0.003813575121469901 -0.009244276326079064
    vertex 0.2224126624879555 0.009395759679357574 -0.003423404744951795
    vertex 0.2295014586523167 0.009637238435676959 -0.002669013925387187
  endloop
endfacet
facet normal 0.119265 -0.981977 -0.146619
  outer loop
    vertex 0.08483103515016936 -0.009181811785131624 0.003961607292806545
    vertex 0.07476843365443393 -0.009954585361430878 0.0009519612817683618
    vertex 0.07988759331377784 -0.008374760805349884 -0.005464739833988016
  endloop
endfacet
facet normal 0.115323 -0.983497 -0.139409
  outer loop
    vertex 0.121111113502978 -0.009129888756670885 0.004079844517970574
    vertex 0.1108651996873551 -0.009925589733416073 0.001217648735845222
    vertex 0.1160571738814721 -0.008368138441134952 -0.005474875252460049
  endloop
endfacet
facet normal 0.0283917 0.998085 0.0549506
  outer loop
    vertex 0.1574971470603485 0.00908847282529845 -0.004171290172573904
    vertex 0.1483971426243534 0.009317575907414806 -0.003630809718170748
    vertex 0.1517524498837018 0.008756324231526653 0.004829781149532468
  endloop
endfacet
facet normal -0.0465847 -0.844579 0.533401
  outer loop
    vertex 0.3 -0.007818314824680294 0.006234898018587341
    vertex 0.2911173643395675 -0.006428259686692483 0.007660122544740669
    vertex 0.2902795684552201 -0.009710039726691919 0.002390633494717396
  endloop
endfacet
facet normal 0.168434 0.629157 -0.758809
  outer loop
    vertex 0.1414935350461617 0.005372473705054003 -0.008434247227139084
    vertex 0.1483971426243534 0.009317575907414806 -0.003630809718170748
    vertex 0.1497281975057388 0.001397953605930126 -0.009901804164679635
  endloop
endfacet
facet normal -0.183088 0.00870216 -0.983058
  outer loop
    vertex 0.2929426915660567 1.451124646428797e-05 -0.00999998947118076
    vertex 0.2874664779964603 -0.004320582994120369 -0.009018456774355459
    vertex 0.2871085621973766 0.004612464062409652 -0.008872720849490277
  endloop
endfacet
facet normal 0.13966 -0.301344 -0.943232
  outer loop
    vertex 0.2478306550689545 -0.007181959614783233 -0.006958409020144093
    vertex 0.23993165570122 -0.004161567518456 -0.009092928889490558
    vertex 0.2462662408419797 0.001333775932900998 -0.009910652943212878
  endloop
endfacet
facet normal 0.0926529 0.432017 0.897093
  outer loop
    vertex 0.3 0.007818314824680333 0.006234898018587291
    vertex 0.2912692866976745 0.00595350038871587 0.008034664468511426
    vertex 0.3 2.449293598294706e-18 0.01
  endloop
endfacet
facet normal -0.0679895 -0.833719 -0.547987
  outer loop
    vertex 0.04728583023378458 -0.005000000000000023 -0.008660254037844374
    vertex 0.05500133852186691 -0.006126639971411622 -0.00790343486470923
    vertex 0.05075999946359873 -0.009853113153413267 -0.001707677131671694
  endloop
endfacet
facet normal 0.171575 0.434478 -0.884189
  outer loop
    vertex 0.2929426915660567 1.451124646428797e-05 -0.00999998947118076
    vertex 0.2871085621973766 0.004612464062409652 -0.008872720849490277
    vertex 0.2927294130885554 0.007854935674407256 -0.00618869821133041
  endloop
endfacet
facet normal 0.189349 0.0181575 -0.981742
  outer loop
    vertex 0.1373673669924864 -0.003431271802404353 -0.009392889535069854
    vertex 0.1354834523356701 0.0026449923372143 -0.009643858954592691
    vertex 0.1414935350461617 0.005372473705054003 -0.008434247227139084
  endloop
endfacet
facet normal -0.0542392 -0.95867 -0.279301
  outer loop
    vertex 0.07988759331377784 -0.008374760805349884 -0.005464739833988016
    vertex 0.07476843365443393 -0.009954585361430878 0.0009519612817683618
    vertex 0.07042407777636811 -0.007506574811829662 -0.006606915664241863
  endloop
endfacet
facet normal -0.0164919 0.744534 -0.667381
  outer loop
    vertex 0.2845069797681325 0.009365125447163952 -0.00350634073627795
    vertex 0.2871085621973766 0.004612464062409652 -0.008872720849490277
    vertex 0.280151047492333 0.004333102905110817 -0.009012448014480872
  endloop
endfacet
facet normal 0.0474146 0.0734817 -0.996169
  outer loop
    vertex 0.08388382260250149 -0.00121705677623246 -0.009925662335755063
    vertex 0.09246611414576755 0.004089047389065493 -0.009125770731832829
    vertex 0.09377253959931221 -0.002876388873011716 -0.009577389365125259
  endloop
endfacet
facet normal 0.139384 -0.710988 -0.689252
  outer loop
    vertex 0.05500133852186691 -0.006126639971411622 -0.00790343486470923
    vertex 0.06363395771095118 -0.00278548994684646 -0.009604220205514725
    vertex 0.06045061296705109 -0.009392341819591941 -0.003432770767753703
  endloop
endfacet
facet normal 0.188042 -0.436723 -0.879724
  outer loop
    vertex 0.2929480863702391 -0.007975728601105599 -0.006032226229304247
    vertex 0.2874664779964603 -0.004320582994120369 -0.009018456774355459
    vertex 0.2929426915660567 1.451124646428797e-05 -0.00999998947118076
  endloop
endfacet
facet normal -0.133201 0.532528 -0.835866
  outer loop
    vertex 0.2049946387670547 0.008650150594806809 -0.005017458987093311
    vertex 0.2117636376830865 0.003537523082481557 -0.009353391387133878
    vertex 0.2043966869438738 0.0007207134238008008 -0.009973994794502018
  endloop
endfacet
facet normal 0.0516422 0.0113831 -0.998601
  outer loop
    vertex 0.2135951870872311 -0.003573432021557645 -0.009339731451562536
    vertex 0.2117636376830865 0.003537523082481557 -0.009353391387133878
    vertex 0.2195451089400188 0.004480210651844817 -0.008940230003478447
  endloop
endfacet
facet normal 0.0609827 0.691328 -0.719963
  outer loop
    vertex 0.2136735391726909 0.009310919755361561 -0.003647845022642524
    vertex 0.2117636376830865 0.003537523082481557 -0.009353391387133878
    vertex 0.2049946387670547 0.008650150594806809 -0.005017458987093311
  endloop
endfacet
facet normal -0.105354 0.449512 -0.88704
  outer loop
    vertex 0.2506192399953653 0.008573526991080382 -0.005147293942764117
    vertex 0.2584234146254865 0.007493871534938645 -0.006621320821243774
    vertex 0.2543367095030818 -0.0001295715664095921 -0.009999160525223013
  endloop
endfacet
facet normal 0.000905996 -0.714353 -0.699785
  outer loop
    vertex 0.2321495316445549 -0.004179496682488855 -0.009084701837763562
    vertex 0.23993165570122 -0.004161567518456 -0.009092928889490558
    vertex 0.2380482299606332 -0.009174832649118664 -0.003977743815363956
  endloop
endfacet
facet normal -0.0904383 0.723383 -0.684498
  outer loop
    vertex 0.2927294130885554 0.007854935674407256 -0.00618869821133041
    vertex 0.2871085621973766 0.004612464062409652 -0.008872720849490277
    vertex 0.2845069797681325 0.009365125447163952 -0.00350634073627795
  endloop
endfacet
facet normal -0.117395 -0.647102 -0.753311
  outer loop
    vertex 0.06045061296705109 -0.009392341819591941 -0.003432770767753703
    vertex 0.06363395771095118 -0.00278548994684646 -0.009604220205514725
    vertex 0.07042407777636811 -0.007506574811829662 -0.006606915664241863
  endloop
endfacet
facet normal -0.035263 0.720728 -0.692321
  outer loop
    vertex 0.1870628658436508 0.004066915503449776 -0.009135655328863927
    vertex 0.1875764302450668 0.009273745986156689 -0.003741341388358285
    vertex 0.1955931554959462 0.00892259601681636 -0.004515227604528126
  endloop
endfacet
facet normal 0.0552443 0.688347 -0.723275
  outer loop
    vertex 0.05446365523902307 0.003149501052561123 -0.009491082294444422
    vertex 0.04525324321822796 0.004453474990749128 -0.008953578084027193
    vertex 0.05067723237454823 0.009122968124454732 -0.004095296399551918
  endloop
endfacet
facet normal 0.0771148 0.0179473 -0.996861
  outer loop
    vertex 0.2043966869438738 0.0007207134238008008 -0.009973994794502018
    vertex 0.2117636376830865 0.003537523082481557 -0.009353391387133878
    vertex 0.2135951870872311 -0.003573432021557645 -0.009339731451562536
  endloop
endfacet
facet normal 0.0440611 0.716701 -0.695987
  outer loop
    vertex 0.1794962580349587 0.00881088675997767 -0.004729511021538083
    vertex 0.1875764302450668 0.009273745986156689 -0.003741341388358285
    vertex 0.1870628658436508 0.004066915503449776 -0.009135655328863927
  endloop
endfacet
facet normal 0.0357554 -0.837321 0.545542
  outer loop
    vertex 0.2514851787106007 -0.009796119822279726 0.002008988906773315
    vertex 0.2479472773747674 -0.006086710272746493 0.007934226997990563
    vertex 0.242926436442238 -0.009560765555394091 0.00293117075496975
  endloop
endfacet
facet normal -0.0487462 0.710191 -0.702319
  outer loop
    vertex 0.2195451089400188 0.004480210651844817 -0.008940230003478447
    vertex 0.2117636376830865 0.003537523082481557 -0.009353391387133878
    vertex 0.2136735391726909 0.009310919755361561 -0.003647845022642524
  endloop
endfacet
facet normal -0.041422 0.996673 0.0701981
  outer loop
    vertex 0.2295014586523167 0.009637238435676959 -0.002669013925387187
    vertex 0.2224126624879555 0.009395759679357574 -0.003423404744951795
    vertex 0.2231491411589526 0.008858456854617468 0.004639799796853393
  endloop
endfacet
facet normal 0.00993509 0.744015 -0.668089
  outer loop
    vertex 0.2136735391726909 0.009310919755361561 -0.003647845022642524
    vertex 0.2224126624879555 0.009395759679357574 -0.003423404744951795
    vertex 0.2195451089400188 0.004480210651844817 -0.008940230003478447
  endloop
endfacet
facet normal 0.0254132 -0.0333876 -0.999119
  outer loop
    vertex 0.1295461018462568 -0.002749397444713724 -0.009614614588791464
    vertex 0.1354834523356701 0.0026449923372143 -0.009643858954592691
    vertex 0.1373673669924864 -0.003431271802404353 -0.009392889535069854
  endloop
endfacet
facet normal -0.0341864 -0.856162 0.515575
  outer loop
    vertex 0.2613668312897401 -0.009475071798454299 0.00319734490071622
    vertex 0.2479472773747674 -0.006086710272746493 0.007934226997990563
    vertex 0.2514851787106007 -0.009796119822279726 0.002008988906773315
  endloop
endfacet
facet normal 0.988117 0.00568029 -0.1536
  outer loop
    vertex 0.008875275924230241 0.163016953205543 0.004607545688192254
    vertex 0.007004936401545804 0.1708003228636156 -0.00713658643962914
    vertex 0.008820745950375377 0.1753028750614447 0.004711097629951685
  endloop
endfacet
facet normal 0.984573 -0.00945673 -0.17472
  outer loop
    vertex 0.008732669944801265 0.08002101748741854 0.004872419895202453
    vertex 0.006624581806852356 0.08896362496495382 -0.00749098897905482
    vertex 0.008820745950375327 0.09217145843574086 0.004711097629951781
  endloop
endfacet
facet normal -0.548933 0.0738404 0.832599
  outer loop
    vertex -2.449293598294706e-18 0.06248166678370382 0.01
    vertex -0.009524294668349358 0.07007061508326637 0.003047591027426745
    vertex -0.008820745950394344 0.05654370845329641 0.004711097629916171
  endloop
endfacet
facet normal -0.539365 0.0605526 -0.839892
  outer loop
    vertex -0.0003436475021067541 0.2908686077894561 -0.009994093575422225
    vertex -0.001842032253718059 0.2798134846558046 -0.009828881786666395
    vertex -0.008591624172870118 0.2850478663995048 -0.005117029809582298
  endloop
endfacet
facet normal 0.929843 -0.237992 -0.280628
  outer loop
    vertex 0.004925815383079273 0.1518580402230811 -0.008702662972436633
    vertex 0.008217912405533146 0.1611772994530875 -0.005697886950000361
    vertex 0.008819774520304427 0.1512528906082976 0.004712916019938059
  endloop
endfacet
facet normal 0.984989 0.0439408 -0.166931
  outer loop
    vertex 0.007332373167149556 0.1886774441904061 -0.006799728210573213
    vertex 0.006855488580428554 0.1975418517800764 -0.007280266226149542
    vertex 0.008822075082983353 0.1990038973051663 0.004708608205213538
  endloop
endfacet
facet normal -0.997926 -0.0558401 -0.0320131
  outer loop
    vertex -0.009524294668349358 0.07007061508326637 0.003047591027426745
    vertex -0.008757773035758962 0.06088658363939402 -0.004827153556096311
    vertex -0.008820745950394344 0.05654370845329641 0.004711097629916171
  endloop
endfacet
facet normal 0.990561 0.0739086 -0.115442
  outer loop
    vertex 0.007504755528327233 0.07854474462206933 -0.006608982104684641
    vertex 0.006624581806852356 0.08896362496495382 -0.00749098897905482
    vertex 0.008732669944801265 0.08002101748741854 0.004872419895202453
  endloop
endfacet
facet normal 0.991741 -0.000137397 -0.128253
  outer loop
    vertex 0.008822075082983353 0.1990038973051663 0.004708608205213538
    vertex 0.008820731225540369 0.1869543206986896 0.004711125199649984
    vertex 0.007332373167149556 0.1886774441904061 -0.006799728210573213
  endloop
endfacet
facet normal 0.518784 0.019588 -0.854681
  outer loop
    vertex 0.008767838984675072 0.06248166678371431 -0.004808845967465792
    vertex 0.0002373387755283431 0.06202791660029289 -0.009997183118540478
    vertex -0.0001059241645162092 0.07102073977516847 -0.009999438987831845
  endloop
endfacet
facet normal 0.762511 -0.00412617 -0.646962
  outer loop
    vertex 0.005199454673077986 0.1064325147374161 -0.008541994562314326
    vertex 0.009242399095225253 0.1128859792162964 -0.003818122439705072
    vertex 0.009299648571954224 0.1012574967793321 -0.003676484249680635
  endloop
endfacet
facet normal 0.991858 -0.00487343 -0.127259
  outer loop
    vertex 0.008820745950366346 0.2584342916871484 0.004711097629968596
    vertex 0.008772993418019624 0.2464087568857805 0.004799436059307841
    vertex 0.007331486443443506 0.2559406541810085 -0.006800684269219099
  endloop
endfacet
facet normal 0.375219 0.00134924 -0.926935
  outer loop
    vertex 0.008541800501645698 0.1244122827529957 -0.005199773474881891
    vertex -0.002528255883481013 0.1283662538538491 -0.009675118716979325
    vertex 0.008552729372815234 0.1337362228068691 -0.005181777713814396
  endloop
endfacet
facet normal 0.990176 0.112369 -0.0832207
  outer loop
    vertex 0.008875275924230241 0.163016953205543 0.004607545688192254
    vertex 0.008217912405533146 0.1611772994530875 -0.005697886950000361
    vertex 0.007004936401545804 0.1708003228636156 -0.00713658643962914
  endloop
endfacet
facet normal 0.90854 0.139698 -0.393749
  outer loop
    vertex 0.009855949319385693 0.290514580346086 0.00169123121237183
    vertex 0.0097368809724254 0.2800989782716793 -0.0022788481583511
    vertex 0.006729954766644005 0.2852304405414382 -0.007396465969564495
  endloop
endfacet
facet normal 0.304886 -0.0555322 -0.950768
  outer loop
    vertex -0.0003436475021067541 0.2908686077894561 -0.009994093575422225
    vertex 0.006729954766644005 0.2852304405414382 -0.007396465969564495
    vertex -0.001842032253718059 0.2798134846558046 -0.009828881786666395
  endloop
endfacet
facet normal 0.995288 0.0479727 -0.0842615
  outer loop
    vertex 0.007331486443443506 0.2559406541810085 -0.006800684269219099
    vertex 0.008772993418019624 0.2464087568857805 0.004799436059307841
    vertex 0.007902871831820061 0.2452687881898322 -0.006127366221291577
  endloop
endfacet
facet normal 0.856217 0.0748255 0.511169
  outer loop
    vertex 0.009855949319385693 0.290514580346086 0.00169123121237183
    vertex 0.006038652735139628 0.291296174588016 0.007970864014922766
    vertex 0.008624470868256649 0.2815824848234553 0.005061472339408012
  endloop
endfacet
facet normal -0.999748 -3.77251e-13 -0.0224609
  outer loop
    vertex -0.008820745950380026 0.1159232917573705 0.004711097629942981
    vertex -0.008600268132739749 0.1123812183988839 -0.005102488416937481
    vertex -0.008820745950375726 0.1040473750965557 0.004711097629951035
  endloop
endfacet
facet normal -0.835235 -0.0607454 0.546527
  outer loop
    vertex -0.009720304411351511 0.04765653457598854 0.002348548945766376
    vertex -0.005950033000798302 0.04699736879711523 0.008037232564098861
    vertex -0.008820745950394344 0.05654370845329641 0.004711097629916171
  endloop
endfacet
facet normal 0.870876 -0.0121164 -0.491354
  outer loop
    vertex 0.006537354059949955 0.275265806957783 -0.007567232115830454
    vertex 0.00991778124244508 0.2632593865692358 -0.001279693411331212
    vertex 0.006316196636361928 0.266894598994006 -0.007752784019357837
  endloop
endfacet
facet normal 0.998142 0.00565308 0.060673
  outer loop
    vertex 0.009299648571954224 0.1012574967793321 -0.003676484249680635
    vertex 0.009242399095225253 0.1128859792162964 -0.003818122439705072
    vertex 0.008769115741612184 0.1038856894589731 0.004806517357735162
  endloop
endfacet
facet normal 0.96994 0.2265 -0.0889623
  outer loop
    vertex 0.008820745950375256 0.2703102083479632 0.004711097629951913
    vertex 0.00991778124244508 0.2632593865692358 -0.001279693411331212
    vertex 0.006537354059949955 0.275265806957783 -0.007567232115830454
  endloop
endfacet
facet normal 0.569159 0.0950134 -0.816719
  outer loop
    vertex -0.0001059241645162092 0.07102073977516847 -0.009999438987831845
    vertex 0.009405975725923067 0.07081019921744916 -0.003395234990887381
    vertex 0.008767838984675072 0.06248166678371431 -0.004808845967465792
  endloop
endfacet
facet normal 0.986049 -1.04057e-13 -0.166458
  outer loop
    vertex 0.008820745950374381 0.2228065417047041 0.004711097629953549
    vertex 0.006785417680158599 0.2294690359573995 -0.007345618211273378
    vertex 0.008820745950375334 0.2346824583655189 0.004711097629951767
  endloop
endfacet
facet normal 0.382394 0.0537816 -0.922433
  outer loop
    vertex -0.00270600807640487 0.1375467659911299 -0.009626916447670646
    vertex 0.008972603975540502 0.1439019175668075 -0.004415017315720833
    vertex 0.008552729372815234 0.1337362228068691 -0.005181777713814396
  endloop
endfacet
facet normal -0.83797 0.0626154 0.542113
  outer loop
    vertex -0.008820745950375682 0.2821861250087778 0.004711097629951113
    vertex -0.005957143991462557 0.2917577056019385 0.008031963363025354
    vertex -0.009748541417578199 0.2912640335897895 0.002228438967026574
  endloop
endfacet
facet normal 0.370731 0.012054 -0.928662
  outer loop
    vertex -0.002528255883481013 0.1283662538538491 -0.009675118716979325
    vertex -0.00270600807640487 0.1375467659911299 -0.009626916447670646
    vertex 0.008552729372815234 0.1337362228068691 -0.005181777713814396
  endloop
endfacet
facet normal 0.554663 0.236473 -0.797765
  outer loop
    vertex -0.001649096281845887 0.1180393966180826 -0.009863086811602242
    vertex 0.009242399095225253 0.1128859792162964 -0.003818122439705072
    vertex 0.005199454673077986 0.1064325147374161 -0.008541994562314326
  endloop
endfacet
facet normal -0.976389 0.0810482 -0.200239
  outer loop
    vertex -0.008281608968542485 0.2457904083139325 -0.005604904360660998
    vertex -0.009568419713602887 0.2369559297249125 -0.002906087435769211
    vertex -0.009595641986810293 0.2507623815450961 0.002814898730143485
  endloop
endfacet
facet normal 0.828238 -0.0557577 0.557595
  outer loop
    vertex 0.008820745950382772 0.05654370845329641 0.00471109762993784
    vertex 0.005928888025255236 0.04700592417394676 0.008052843397458135
    vertex 0.009661508750892714 0.04771869002305582 0.002579776861750552
  endloop
endfacet
facet normal -0.506232 0.0160005 0.862249
  outer loop
    vertex -0.00882074595037434 0.1871787917222595 0.004711097629953627
    vertex -0.008634438786573689 0.1751093328335483 0.00504444911173776
    vertex -2.449293598294706e-18 0.1812408333918521 0.01
  endloop
endfacet
facet normal -0.504906 0.0197043 0.862949
  outer loop
    vertex -0.008781801606991504 0.1371761931844123 0.004783300171998556
    vertex -0.008584118078012692 0.1270749334248797 0.00512961176140414
    vertex -2.449293598294706e-18 0.1337371667485927 0.01
  endloop
endfacet
facet normal -0.589593 0 0.8077
  outer loop
    vertex -2.449293598294706e-18 0.07435758344451864 0.01
    vertex -0.009524294668349358 0.07007061508326637 0.003047591027426745
    vertex -2.449293598294706e-18 0.06248166678370382 0.01
  endloop
endfacet
facet normal -0.997869 -0.0369388 -0.0537877
  outer loop
    vertex -0.008600268132739749 0.1123812183988839 -0.005102488416937481
    vertex -0.008166370940115878 0.1016340487548796 -0.005771515023668474
    vertex -0.008820745950375726 0.1040473750965557 0.004711097629951035
  endloop
endfacet
facet normal -0.99774 -0.0135839 0.0658025
  outer loop
    vertex -0.00882074595037434 0.1871787917222595 0.004711097629953627
    vertex -0.009286308012427462 0.1805810727742079 -0.003710051684050442
    vertex -0.008634438786573689 0.1751093328335483 0.00504444911173776
  endloop
endfacet
facet normal -0.997652 -0.0172517 0.0662859
  outer loop
    vertex -0.008781801606991504 0.1371761931844123 0.004783300171998556
    vertex -0.009261754868411097 0.1320637353379967 -0.003770927837742769
    vertex -0.008584118078012692 0.1270749334248797 0.00512961176140414
  endloop
endfacet
facet normal 0.910833 0.328803 -0.249544
  outer loop
    vertex 0.008819774520304427 0.1512528906082976 0.004712916019938059
    vertex 0.008972603975540502 0.1439019175668075 -0.004415017315720833
    vertex 0.004925815383079273 0.1518580402230811 -0.008702662972436633
  endloop
endfacet
facet normal 0.956669 -0.0893147 -0.277143
  outer loop
    vertex 0.006729954766644005 0.2852304405414382 -0.007396465969564495
    vertex 0.007818314824680305 0.2932837572047035 -0.006234898018587329
    vertex 0.009855949319385693 0.290514580346086 0.00169123121237183
  endloop
endfacet
facet normal -0.999969 4.19354e-13 -0.00792432
  outer loop
    vertex -0.00882074595037434 0.1871787917222595 0.004711097629953627
    vertex -0.008820745950369432 0.1990547083830744 0.004711097629962818
    vertex -0.008744976027785357 0.1912725112394138 -0.004850298369529387
  endloop
endfacet
facet normal -0.505649 -0.0210017 0.862484
  outer loop
    vertex -2.449293598294706e-18 0.08623350010533345 0.01
    vertex -0.008584118078012159 0.09289573342904731 0.005129611761405033
    vertex -0.008805050604236307 0.08222980016851736 0.004740367481202049
  endloop
endfacet
facet normal 0.419867 -0.0276006 -0.907166
  outer loop
    vertex -0.00270600807640487 0.1375467659911299 -0.009626916447670646
    vertex -0.002288617339219558 0.1474351618947436 -0.009734589394248922
    vertex 0.008972603975540502 0.1439019175668075 -0.004415017315720833
  endloop
endfacet
facet normal 0.217116 -0.110924 -0.969823
  outer loop
    vertex -0.002312799285730556 0.2324978806568913 -0.009728872466217462
    vertex 0.001432910976558691 0.2412977851043215 -0.009896805855085651
    vertex 0.006785417680158599 0.2294690359573995 -0.007345618211273378
  endloop
endfacet
facet normal 0.983702 -0.0737504 0.163983
  outer loop
    vertex 0.008624470868256649 0.2815824848234553 0.005061472339408012
    vertex 0.0097368809724254 0.2800989782716793 -0.0022788481583511
    vertex 0.009855949319385693 0.290514580346086 0.00169123121237183
  endloop
endfacet
facet normal -0.998137 0.0185539 0.0581282
  outer loop
    vertex -0.008584118078012159 0.09289573342904731 0.005129611761405033
    vertex -0.009219856482316753 0.08689739986834415 -0.003872240494272243
    vertex -0.008805050604236307 0.08222980016851736 0.004740367481202049
  endloop
endfacet
facet normal -0.6395 -0.128449 0.757985
  outer loop
    vertex -0.009177998739728768 0.155726121205055 0.003970433116618029
    vertex -0.009830650922415678 0.1463597661210287 0.001832567172468114
    vertex -2.449293598294706e-18 0.1456130834094075 0.01
  endloop
endfacet
facet normal -0.514242 3.95396e-13 0.857645
  outer loop
    vertex -2.449293598294706e-18 0.1099853334269631 0.01
    vertex -0.008820745950380026 0.1159232917573705 0.004711097629942981
    vertex -0.008820745950375726 0.1040473750965557 0.004711097629951035
  endloop
endfacet
facet normal -0.999397 -0.011247 0.0328399
  outer loop
    vertex -0.008820745950375682 0.2821861250087778 0.004711097629951113
    vertex -0.009041523347092819 0.2755743345978909 -0.004272102007674381
    vertex -0.008685803343857058 0.2709088531235317 0.00495548385849874
  endloop
endfacet
facet normal 0.389608 0.0499076 -0.919628
  outer loop
    vertex -0.001649096281845887 0.1180393966180826 -0.009863086811602242
    vertex -0.002528255883481013 0.1283662538538491 -0.009675118716979325
    vertex 0.008541800501645698 0.1244122827529957 -0.005199773474881891
  endloop
endfacet
facet normal -0.54907 0 0.835776
  outer loop
    vertex -2.449293598294706e-18 0.1574890000702224 0.01
    vertex -0.009177998739728768 0.155726121205055 0.003970433116618029
    vertex -2.449293598294706e-18 0.1456130834094075 0.01
  endloop
endfacet
facet normal 0.998017 -0.00527031 -0.0627208
  outer loop
    vertex 0.008819774520304427 0.1512528906082976 0.004712916019938059
    vertex 0.008217912405533146 0.1611772994530875 -0.005697886950000361
    vertex 0.008875275924230241 0.163016953205543 0.004607545688192254
  endloop
endfacet
facet normal -0.935825 -0.1365 0.324962
  outer loop
    vertex -0.009568419713602887 0.2369559297249125 -0.002906087435769211
    vertex -0.006947520830930452 0.2430288291198602 0.007192492913016144
    vertex -0.009595641986810293 0.2507623815450961 0.002814898730143485
  endloop
endfacet
facet normal 0.116812 -0.0440053 -0.992179
  outer loop
    vertex 0.005199454673077986 0.1064325147374161 -0.008541994562314326
    vertex -0.002966267567349557 0.1074823730240084 -0.009549934906526334
    vertex -0.001649096281845887 0.1180393966180826 -0.009863086811602242
  endloop
endfacet
facet normal 0.650296 0.132942 -0.747958
  outer loop
    vertex 0.001432910976558691 0.2412977851043215 -0.009896805855085651
    vertex 0.00927178610382629 0.237557845737626 -0.003746195729656115
    vertex 0.006785417680158599 0.2294690359573995 -0.007345618211273378
  endloop
endfacet
facet normal 0.912885 -0.290344 -0.286953
  outer loop
    vertex 0.006537354059949955 0.275265806957783 -0.007567232115830454
    vertex 0.0097368809724254 0.2800989782716793 -0.0022788481583511
    vertex 0.008820745950375256 0.2703102083479632 0.004711097629951913
  endloop
endfacet
facet normal -0.507956 0.0125866 0.861291
  outer loop
    vertex -0.008820745950375682 0.2821861250087778 0.004711097629951113
    vertex -0.008685803343857058 0.2709088531235317 0.00495548385849874
    vertex -2.449293598294706e-18 0.2762481666783705 0.01
  endloop
endfacet
facet normal -0.514242 2.23024e-13 0.857645
  outer loop
    vertex -2.449293598294706e-18 0.2287445000351115 0.01
    vertex -0.008820745950379197 0.2346824583655189 0.004711097629944532
    vertex -0.00882074595037677 0.2228065417047041 0.004711097629949076
  endloop
endfacet
facet normal -0.9955 0.0694755 -0.0644363
  outer loop
    vertex -0.008744976027785357 0.1912725112394138 -0.004850298369529387
    vertex -0.008820745950369432 0.1990547083830744 0.004711097629962818
    vertex -0.008036349744294437 0.2004052021721856 -0.00595122531814909
  endloop
endfacet
facet normal 0.391659 -0.166762 0.904872
  outer loop
    vertex 0.008624470868256649 0.2815824848234553 0.005061472339408012
    vertex 0.006038652735139628 0.291296174588016 0.007970864014922766
    vertex -2.449293598294706e-18 0.2881240833391852 0.01
  endloop
endfacet
facet normal -0.514242 -4.51207e-13 0.857645
  outer loop
    vertex -2.449293598294706e-18 0.1931167500526669 0.01
    vertex -0.008820745950369432 0.1990547083830744 0.004711097629962818
    vertex -0.00882074595037434 0.1871787917222595 0.004711097629953627
  endloop
endfacet
facet normal -0.470346 -0.0705649 -0.879656
  outer loop
    vertex -0.008591624172870118 0.2850478663995048 -0.005117029809582298
    vertex -0.007818314824680253 0.2938286799799517 -0.006234898018587393
    vertex -0.0003436475021067541 0.2908686077894561 -0.009994093575422225
  endloop
endfacet
facet normal -0.990367 -0.111868 -0.0815962
  outer loop
    vertex -0.008898570471448245 0.2203275976252892 -0.004562394499017962
    vertex -0.007451521343809359 0.209053386253713 -0.006668945168671998
    vertex -0.00866780625997278 0.2113194168635045 0.004986896293244598
  endloop
endfacet
facet normal 0.480434 0.207352 -0.852166
  outer loop
    vertex -0.00189546635067756 0.2239610508000612 -0.009818717192864305
    vertex 0.008923090750613785 0.2206945408365955 -0.004514249822097881
    vertex 0.00351897354824651 0.2132994474788918 -0.009360385951804625
  endloop
endfacet
facet normal -0.563576 -0.0811104 0.822072
  outer loop
    vertex -0.008805050604236307 0.08222980016851736 0.004740367481202049
    vertex -0.009524294668349358 0.07007061508326637 0.003047591027426745
    vertex -2.449293598294706e-18 0.07435758344451864 0.01
  endloop
endfacet
facet normal -0.9996 -1.93449e-13 0.0282885
  outer loop
    vertex -0.008820745950379197 0.2346824583655189 0.004711097629944532
    vertex -0.009073061993849548 0.228744500035108 -0.004204705228165569
    vertex -0.00882074595037677 0.2228065417047041 0.004711097629949076
  endloop
endfacet
facet normal -0.998954 0.019647 0.0412988
  outer loop
    vertex -0.008584118078012692 0.1270749334248797 0.00512961176140414
    vertex -0.009056162415788908 0.1227711813975952 -0.004240981289613572
    vertex -0.008820745950380026 0.1159232917573705 0.004711097629942981
  endloop
endfacet
facet normal 0.455067 -0.0786611 -0.886976
  outer loop
    vertex 0.008541800501645698 0.1244122827529957 -0.005199773474881891
    vertex 0.009242399095225253 0.1128859792162964 -0.003818122439705072
    vertex -0.001649096281845887 0.1180393966180826 -0.009863086811602242
  endloop
endfacet
facet normal 0.973713 0.224147 -0.0405127
  outer loop
    vertex 0.008820745950374381 0.2228065417047041 0.004711097629953549
    vertex 0.008923090750613785 0.2206945408365955 -0.004514249822097881
    vertex 0.006785417680158599 0.2294690359573995 -0.007345618211273378
  endloop
endfacet
facet normal -0.408742 0.188234 0.893027
  outer loop
    vertex -0.008820745950394344 0.05654370845329641 0.004711097629916171
    vertex -0.005950033000798302 0.04699736879711523 0.008037232564098861
    vertex -2.449293598294706e-18 0.050605750122889 0.01
  endloop
endfacet
facet normal -0.507727 -0.0130396 0.861419
  outer loop
    vertex -0.00866780625997278 0.2113194168635045 0.004986896293244598
    vertex -0.008820745950369432 0.1990547083830744 0.004711097629962818
    vertex -2.449293598294706e-18 0.2049926667134818 0.01
  endloop
endfacet
facet normal -0.999553 0.0106742 0.0279437
  outer loop
    vertex -0.008685803343857058 0.2709088531235317 0.00495548385849874
    vertex -0.009008035869413634 0.2650747781479608 -0.004342267814789566
    vertex -0.008806690741361823 0.2601598976387366 0.004737319725964454
  endloop
endfacet
facet normal -0.541649 -0.0500535 0.839113
  outer loop
    vertex -0.008805966609181017 0.1645791192322855 0.00473866564319419
    vertex -0.009177998739728768 0.155726121205055 0.003970433116618029
    vertex -2.449293598294706e-18 0.1574890000702224 0.01
  endloop
endfacet
facet normal -0.503316 -0.021739 0.863829
  outer loop
    vertex -2.449293598294706e-18 0.1218612500877779 0.01
    vertex -0.008584118078012692 0.1270749334248797 0.00512961176140414
    vertex -0.008820745950380026 0.1159232917573705 0.004711097629942981
  endloop
endfacet
facet normal -0.506085 -0.016797 0.86232
  outer loop
    vertex -2.449293598294706e-18 0.1693649167310372 0.01
    vertex -0.008634438786573689 0.1751093328335483 0.00504444911173776
    vertex -0.008805966609181017 0.1645791192322855 0.00473866564319419
  endloop
endfacet
facet normal -0.503316 0.021739 0.863829
  outer loop
    vertex -0.008820745950375726 0.1040473750965557 0.004711097629951035
    vertex -0.008584118078012159 0.09289573342904731 0.005129611761405033
    vertex -2.449293598294706e-18 0.09810941676614826 0.01
  endloop
endfacet
facet normal -0.999845 -0.0130269 0.0118731
  outer loop
    vertex -0.008898570471448245 0.2203275976252892 -0.004562394499017962
    vertex -0.00866780625997278 0.2113194168635045 0.004986896293244598
    vertex -0.00882074595037677 0.2228065417047041 0.004711097629949076
  endloop
endfacet
facet normal -0.409288 -0.187363 0.89296
  outer loop
    vertex -2.449293598294706e-18 0.2881240833391852 0.01
    vertex -0.005957143991462557 0.2917577056019385 0.008031963363025354
    vertex -0.008820745950375682 0.2821861250087778 0.004711097629951113
  endloop
endfacet
facet normal 0.408161 0.189159 0.893098
  outer loop
    vertex -2.449293598294706e-18 0.050605750122889 0.01
    vertex 0.005928888025255236 0.04700592417394676 0.008052843397458135
    vertex 0.008820745950382772 0.05654370845329641 0.00471109762993784
  endloop
endfacet
facet normal -0.508783 -0.0117494 0.860814
  outer loop
    vertex -2.449293598294706e-18 0.2643722500175558 0.01
    vertex -0.008685803343857058 0.2709088531235317 0.00495548385849874
    vertex -0.008806690741361823 0.2601598976387366 0.004737319725964454
  endloop
endfacet
facet normal -0.621366 0.174464 0.76385
  outer loop
    vertex -2.449293598294706e-18 0.1456130834094075 0.01
    vertex -0.009830650922415678 0.1463597661210287 0.001832567172468114
    vertex -0.008781801606991504 0.1371761931844123 0.004783300171998556
  endloop
endfacet
facet normal -0.514242 0 0.857645
  outer loop
    vertex -2.449293598294706e-18 0.1218612500877779 0.01
    vertex -0.008820745950380026 0.1159232917573705 0.004711097629942981
    vertex -2.449293598294706e-18 0.1099853334269631 0.01
  endloop
endfacet
facet normal -0.514242 0 0.857645
  outer loop
    vertex -2.449293598294706e-18 0.2287445000351115 0.01
    vertex -0.00882074595037677 0.2228065417047041 0.004711097629949076
    vertex -2.449293598294706e-18 0.2168685833742967 0.01
  endloop
endfacet
facet normal -0.512966 0 0.858409
  outer loop
    vertex -2.449293598294706e-18 0.2643722500175558 0.01
    vertex -0.008806690741361823 0.2601598976387366 0.004737319725964454
    vertex -2.449293598294706e-18 0.252496333356741 0.01
  endloop
endfacet
facet normal -0.514242 0 0.857645
  outer loop
    vertex -2.449293598294706e-18 0.1099853334269631 0.01
    vertex -0.008820745950375726 0.1040473750965557 0.004711097629951035
    vertex -2.449293598294706e-18 0.09810941676614826 0.01
  endloop
endfacet
facet normal -0.5129 0 0.858448
  outer loop
    vertex -2.449293598294706e-18 0.1693649167310372 0.01
    vertex -0.008805966609181017 0.1645791192322855 0.00473866564319419
    vertex -2.449293598294706e-18 0.1574890000702224 0.01
  endloop
endfacet
facet normal -0.514242 0 0.857645
  outer loop
    vertex -2.449293598294706e-18 0.1931167500526669 0.01
    vertex -0.00882074595037434 0.1871787917222595 0.004711097629953627
    vertex -2.449293598294706e-18 0.1812408333918521 0.01
  endloop
endfacet
facet normal -0.51072 0 0.859747
  outer loop
    vertex -2.449293598294706e-18 0.1456130834094075 0.01
    vertex -0.008781801606991504 0.1371761931844123 0.004783300171998556
    vertex -2.449293598294706e-18 0.1337371667485927 0.01
  endloop
endfacet
facet normal -0.581849 -0.11583 0.805007
  outer loop
    vertex -0.008806690741361823 0.2601598976387366 0.004737319725964454
    vertex -0.009595641986810293 0.2507623815450961 0.002814898730143485
    vertex -2.449293598294706e-18 0.252496333356741 0.01
  endloop
endfacet
facet normal 0.999985 5.96699e-13 -0.0055574
  outer loop
    vertex 0.008820745950382772 0.05654370845329641 0.00471109762993784
    vertex 0.008767838984675072 0.06248166678371431 -0.004808845967465792
    vertex 0.008820745950375759 0.06841962511411123 0.00471109762995097
  endloop
endfacet
facet normal 0.960167 -0.276148 -0.04268
  outer loop
    vertex 0.006785417680158599 0.2294690359573995 -0.007345618211273378
    vertex 0.00927178610382629 0.237557845737626 -0.003746195729656115
    vertex 0.008820745950375334 0.2346824583655189 0.004711097629951767
  endloop
endfacet
facet normal -0.998868 0.0465689 -0.00972661
  outer loop
    vertex -0.008820745950375682 0.2821861250087778 0.004711097629951113
    vertex -0.008591624172870118 0.2850478663995048 -0.005117029809582298
    vertex -0.009041523347092819 0.2755743345978909 -0.004272102007674381
  endloop
endfacet
facet normal -0.997236 6.12809e-05 0.0742936
  outer loop
    vertex -0.008634438786573689 0.1751093328335483 0.00504444911173776
    vertex -0.009286308012427462 0.1805810727742079 -0.003710051684050442
    vertex -0.009286890248348304 0.1693390199594945 -0.003708594007859738
  endloop
endfacet
facet normal -0.999466 -0.0323591 0.00464739
  outer loop
    vertex -0.009008035869413634 0.2650747781479608 -0.004342267814789566
    vertex -0.008676055528427533 0.2547304901237973 -0.004972530589915163
    vertex -0.008806690741361823 0.2601598976387366 0.004737319725964454
  endloop
endfacet
facet normal 0.514242 -6.4455e-13 0.857645
  outer loop
    vertex -2.449293598294706e-18 0.06248166678370382 0.01
    vertex 0.008820745950382772 0.05654370845329641 0.00471109762993784
    vertex 0.008820745950375759 0.06841962511411123 0.00471109762995097
  endloop
endfacet
facet normal -0.99904 -0.0432701 -0.0068273
  outer loop
    vertex -0.009056162415788908 0.1227711813975952 -0.004240981289613572
    vertex -0.008600268132739749 0.1123812183988839 -0.005102488416937481
    vertex -0.008820745950380026 0.1159232917573705 0.004711097629942981
  endloop
endfacet
facet normal -0.997788 0.0143684 0.0649029
  outer loop
    vertex -0.008634438786573689 0.1751093328335483 0.00504444911173776
    vertex -0.009286890248348304 0.1693390199594945 -0.003708594007859738
    vertex -0.008805966609181017 0.1645791192322855 0.00473866564319419
  endloop
endfacet
facet normal -0.512817 0 0.858498
  outer loop
    vertex -2.449293598294706e-18 0.08623350010533345 0.01
    vertex -0.008805050604236307 0.08222980016851736 0.004740367481202049
    vertex -2.449293598294706e-18 0.07435758344451864 0.01
  endloop
endfacet
facet normal -0.999317 -0.00343308 0.0367875
  outer loop
    vertex -0.009041523347092819 0.2755743345978909 -0.004272102007674381
    vertex -0.009008035869413634 0.2650747781479608 -0.004342267814789566
    vertex -0.008685803343857058 0.2709088531235317 0.00495548385849874
  endloop
endfacet
facet normal 0.970305 -0.234421 -0.0596233
  outer loop
    vertex 0.007004936401545804 0.1708003228636156 -0.00713658643962914
    vertex 0.009215682353980844 0.1791232167603649 -0.003882164183870394
    vertex 0.008820745950375377 0.1753028750614447 0.004711097629951685
  endloop
endfacet
facet normal -0.356824 -0.262035 -0.896668
  outer loop
    vertex -0.002966267567349557 0.1074823730240084 -0.009549934906526334
    vertex 0.003389278042593031 0.09834249691458891 -0.009408123848568149
    vertex -0.008166370940115878 0.1016340487548796 -0.005771515023668474
  endloop
endfacet
facet normal 0.999614 -0.00111811 -0.0277524
  outer loop
    vertex 0.008820745950375358 0.1277992084181853 0.004711097629951722
    vertex 0.008541800501645698 0.1244122827529957 -0.005199773474881891
    vertex 0.008552729372815234 0.1337362228068691 -0.005181777713814396
  endloop
endfacet
facet normal -0.514242 0 0.857645
  outer loop
    vertex -2.449293598294706e-18 0.06248166678370382 0.01
    vertex -0.008820745950394344 0.05654370845329641 0.004711097629916171
    vertex -2.449293598294706e-18 0.050605750122889 0.01
  endloop
endfacet
facet normal 0.999603 0.000135521 -0.0281805
  outer loop
    vertex 0.008822315591689832 0.1156101442988 0.004708157559027363
    vertex 0.008541800501645698 0.1244122827529957 -0.005199773474881891
    vertex 0.008820745950375358 0.1277992084181853 0.004711097629951722
  endloop
endfacet
facet normal 0.312022 -0 0.950075
  outer loop
    vertex -2.449293598294706e-18 0.03872983346207417 0.01
    vertex 0.005928888025255236 0.04700592417394676 0.008052843397458135
    vertex -2.449293598294706e-18 0.050605750122889 0.01
  endloop
endfacet
facet normal -0.31327 0 0.949664
  outer loop
    vertex -2.449293598294706e-18 0.050605750122889 0.01
    vertex -0.005950033000798302 0.04699736879711523 0.008037232564098861
    vertex -2.449293598294706e-18 0.03872983346207417 0.01
  endloop
endfacet
facet normal -0.313691 0 0.949525
  outer loop
    vertex -2.449293598294706e-18 0.3 0.01
    vertex -0.005957143991462557 0.2917577056019385 0.008031963363025354
    vertex -2.449293598294706e-18 0.2881240833391852 0.01
  endloop
endfacet
facet normal -0.0211281 -0.0536472 -0.998336
  outer loop
    vertex 0.00351897354824651 0.2132994474788918 -0.009360385951804625
    vertex -0.003429436000292883 0.216653309865265 -0.009393559959881831
    vertex -0.00189546635067756 0.2239610508000612 -0.009818717192864305
  endloop
endfacet
facet normal 0.516672 -0.00492303 0.856169
  outer loop
    vertex -2.449293598294706e-18 0.1693649167310372 0.01
    vertex 0.008875275924230241 0.163016953205543 0.004607545688192254
    vertex 0.008820745950375377 0.1753028750614447 0.004711097629951685
  endloop
endfacet
facet normal 0.357552 -0.0192796 -0.933694
  outer loop
    vertex 0.008217912405533146 0.1611772994530875 -0.005697886950000361
    vertex -0.002477461531988834 0.1560748331415013 -0.009688249808789797
    vertex -0.002181477621294212 0.1649980143883119 -0.00975915751424233
  endloop
endfacet
facet normal -0.963918 0.00603545 0.26613
  outer loop
    vertex -0.00866780625997278 0.2113194168635045 0.004986896293244598
    vertex -0.009995016788112092 0.2053274503485759 0.000315657100914044
    vertex -0.008820745950369432 0.1990547083830744 0.004711097629962818
  endloop
endfacet
facet normal -0.507276 0.0139343 0.861671
  outer loop
    vertex -0.00882074595037677 0.2228065417047041 0.004711097629949076
    vertex -0.00866780625997278 0.2113194168635045 0.004986896293244598
    vertex -2.449293598294706e-18 0.2168685833742967 0.01
  endloop
endfacet
facet normal 0.318523 -0 0.947915
  outer loop
    vertex -2.449293598294706e-18 0.2881240833391852 0.01
    vertex 0.006038652735139628 0.291296174588016 0.007970864014922766
    vertex -2.449293598294706e-18 0.3 0.01
  endloop
endfacet
facet normal 0.514242 8.18975e-13 0.857645
  outer loop
    vertex -2.449293598294706e-18 0.2643722500175558 0.01
    vertex 0.008820745950366346 0.2584342916871484 0.004711097629968596
    vertex 0.008820745950375256 0.2703102083479632 0.004711097629951913
  endloop
endfacet
facet normal 0.510401 0.00771719 0.859902
  outer loop
    vertex -2.449293598294706e-18 0.08623350010533345 0.01
    vertex 0.008732669944801265 0.08002101748741854 0.004872419895202453
    vertex 0.008820745950375327 0.09217145843574086 0.004711097629951781
  endloop
endfacet
facet normal -0.991488 -0.11697 -0.0571735
  outer loop
    vertex -0.008820745950375682 0.2821861250087778 0.004711097629951113
    vertex -0.009748541417578199 0.2912640335897895 0.002228438967026574
    vertex -0.008591624172870118 0.2850478663995048 -0.005117029809582298
  endloop
endfacet
facet normal -0.594286 -0.0434027 -0.803082
  outer loop
    vertex -0.008591624172870118 0.2850478663995048 -0.005117029809582298
    vertex -0.001842032253718059 0.2798134846558046 -0.009828881786666395
    vertex -0.009041523347092819 0.2755743345978909 -0.004272102007674381
  endloop
endfacet
facet normal 0.514312 -0.000140628 0.857603
  outer loop
    vertex -2.449293598294706e-18 0.1218612500877779 0.01
    vertex 0.008822315591689832 0.1156101442988 0.004708157559027363
    vertex 0.008820745950375358 0.1277992084181853 0.004711097629951722
  endloop
endfacet
facet normal -0.514242 0 0.857645
  outer loop
    vertex -2.449293598294706e-18 0.2406204166959263 0.01
    vertex -0.008820745950379197 0.2346824583655189 0.004711097629944532
    vertex -2.449293598294706e-18 0.2287445000351115 0.01
  endloop
endfacet
facet normal -0.493477 0 0.869759
  outer loop
    vertex -2.449293598294706e-18 0.1337371667485927 0.01
    vertex -0.008584118078012692 0.1270749334248797 0.00512961176140414
    vertex -2.449293598294706e-18 0.1218612500877779 0.01
  endloop
endfacet
facet normal -0.497773 0 0.867308
  outer loop
    vertex -2.449293598294706e-18 0.1812408333918521 0.01
    vertex -0.008634438786573689 0.1751093328335483 0.00504444911173776
    vertex -2.449293598294706e-18 0.1693649167310372 0.01
  endloop
endfacet
facet normal 0.512119 0.00427584 0.858904
  outer loop
    vertex -2.449293598294706e-18 0.252496333356741 0.01
    vertex 0.008772993418019624 0.2464087568857805 0.004799436059307841
    vertex 0.008820745950366346 0.2584342916871484 0.004711097629968596
  endloop
endfacet
facet normal -0.349328 0.130987 -0.9278
  outer loop
    vertex -0.008281608968542485 0.2457904083139325 -0.005604904360660998
    vertex 0.001432910976558691 0.2412977851043215 -0.009896805855085651
    vertex -0.002312799285730556 0.2324978806568913 -0.009728872466217462
  endloop
endfacet
facet normal -0.493477 0 0.869759
  outer loop
    vertex -2.449293598294706e-18 0.09810941676614826 0.01
    vertex -0.008584118078012159 0.09289573342904731 0.005129611761405033
    vertex -2.449293598294706e-18 0.08623350010533345 0.01
  endloop
endfacet
facet normal -0.514242 0 0.857645
  outer loop
    vertex -2.449293598294706e-18 0.2881240833391852 0.01
    vertex -0.008820745950375682 0.2821861250087778 0.004711097629951113
    vertex -2.449293598294706e-18 0.2762481666783705 0.01
  endloop
endfacet
facet normal -0.715173 -0.10684 -0.690734
  outer loop
    vertex -0.002312799285730556 0.2324978806568913 -0.009728872466217462
    vertex -0.009568419713602887 0.2369559297249125 -0.002906087435769211
    vertex -0.008281608968542485 0.2457904083139325 -0.005604904360660998
  endloop
endfacet
facet normal -0.514242 0 0.857645
  outer loop
    vertex -2.449293598294706e-18 0.2049926667134818 0.01
    vertex -0.008820745950369432 0.1990547083830744 0.004711097629962818
    vertex -2.449293598294706e-18 0.1931167500526669 0.01
  endloop
endfacet
facet normal 0.514242 -0 0.857645
  outer loop
    vertex -2.449293598294706e-18 0.050605750122889 0.01
    vertex 0.008820745950382772 0.05654370845329641 0.00471109762993784
    vertex -2.449293598294706e-18 0.06248166678370382 0.01
  endloop
endfacet
facet normal 0.505207 -0.0180218 0.86281
  outer loop
    vertex 0.008820745950375256 0.2703102083479632 0.004711097629951913
    vertex 0.008624470868256649 0.2815824848234553 0.005061472339408012
    vertex -2.449293598294706e-18 0.2762481666783705 0.01
  endloop
endfacet
facet normal -0.929439 0.33176 -0.161485
  outer loop
    vertex -0.007451521343809359 0.209053386253713 -0.006668945168671998
    vertex -0.009995016788112092 0.2053274503485759 0.000315657100914044
    vertex -0.00866780625997278 0.2113194168635045 0.004986896293244598
  endloop
endfacet
facet normal -0.50725 0.182345 -0.842287
  outer loop
    vertex -0.008757773035758962 0.06088658363939402 -0.004827153556096311
    vertex 0.0002373387755283431 0.06202791660029289 -0.009997183118540478
    vertex -0.004338837391175476 0.05385926794810392 -0.009009688679024241
  endloop
endfacet
facet normal 0.512126 0.00426159 0.8589
  outer loop
    vertex -2.449293598294706e-18 0.2168685833742967 0.01
    vertex 0.008773156817970019 0.2107815156766844 0.004799137364913216
    vertex 0.008820745950374381 0.2228065417047041 0.004711097629953549
  endloop
endfacet
facet normal -0.227007 0.244557 -0.942688
  outer loop
    vertex -0.008166370940115878 0.1016340487548796 -0.005771515023668474
    vertex 0.003389278042593031 0.09834249691458891 -0.009408123848568149
    vertex -0.002977419428705701 0.09189941514694822 -0.00954646392888832
  endloop
endfacet
facet normal 0.514242 -1.37948e-06 0.857645
  outer loop
    vertex 0.008820745950375377 0.1753028750614447 0.004711097629951685
    vertex 0.008820731225540369 0.1869543206986896 0.004711125199649984
    vertex -2.449293598294706e-18 0.1812408333918521 0.01
  endloop
endfacet
facet normal -0.988032 -0.0152045 0.153498
  outer loop
    vertex -0.008820745950375726 0.1040473750965557 0.004711097629951035
    vertex -0.00975500156478301 0.09498673831009523 -0.002199987379754943
    vertex -0.008584118078012159 0.09289573342904731 0.005129611761405033
  endloop
endfacet
facet normal -0.999673 -0.0213231 0.0140894
  outer loop
    vertex -0.009073061993849548 0.228744500035108 -0.004204705228165569
    vertex -0.008898570471448245 0.2203275976252892 -0.004562394499017962
    vertex -0.00882074595037677 0.2228065417047041 0.004711097629949076
  endloop
endfacet
facet normal -0.502221 0 0.864739
  outer loop
    vertex -2.449293598294706e-18 0.2762481666783705 0.01
    vertex -0.008685803343857058 0.2709088531235317 0.00495548385849874
    vertex -2.449293598294706e-18 0.2643722500175558 0.01
  endloop
endfacet
facet normal 0.514242 -0 0.857645
  outer loop
    vertex -2.449293598294706e-18 0.2643722500175558 0.01
    vertex 0.008820745950375256 0.2703102083479632 0.004711097629951913
    vertex -2.449293598294706e-18 0.2762481666783705 0.01
  endloop
endfacet
facet normal 0.496917 -0 0.867798
  outer loop
    vertex -2.449293598294706e-18 0.2762481666783705 0.01
    vertex 0.008624470868256649 0.2815824848234553 0.005061472339408012
    vertex -2.449293598294706e-18 0.2881240833391852 0.01
  endloop
endfacet
facet normal 0.514242 8.74897e-14 0.857645
  outer loop
    vertex -2.449293598294706e-18 0.2287445000351115 0.01
    vertex 0.008820745950374381 0.2228065417047041 0.004711097629953549
    vertex 0.008820745950375334 0.2346824583655189 0.004711097629951767
  endloop
endfacet
facet normal -0.998539 0.0520931 0.0143907
  outer loop
    vertex -0.00882074595037434 0.1871787917222595 0.004711097629953627
    vertex -0.008744976027785357 0.1912725112394138 -0.004850298369529387
    vertex -0.009286308012427462 0.1805810727742079 -0.003710051684050442
  endloop
endfacet
facet normal 0.510216 -0.00808529 0.860008
  outer loop
    vertex 0.008820745950375759 0.06841962511411123 0.00471109762995097
    vertex 0.008732669944801265 0.08002101748741854 0.004872419895202453
    vertex -2.449293598294706e-18 0.07435758344451864 0.01
  endloop
endfacet
facet normal 0.99969 0.00426545 -0.0245237
  outer loop
    vertex 0.008820745950375358 0.1277992084181853 0.004711097629951722
    vertex 0.008552729372815234 0.1337362228068691 -0.005181777713814396
    vertex 0.00877288580633011 0.1395251718830214 0.004799632759815245
  endloop
endfacet
facet normal -0.997768 -0.0252031 0.061838
  outer loop
    vertex -0.009261754868411097 0.1320637353379967 -0.003770927837742769
    vertex -0.009056162415788908 0.1227711813975952 -0.004240981289613572
    vertex -0.008584118078012692 0.1270749334248797 0.00512961176140414
  endloop
endfacet
facet normal 0.516864 0.00522912 0.856051
  outer loop
    vertex 0.008819774520304427 0.1512528906082976 0.004712916019938059
    vertex 0.008875275924230241 0.163016953205543 0.004607545688192254
    vertex -2.449293598294706e-18 0.1574890000702224 0.01
  endloop
endfacet
facet normal 0.514242 -0 0.857645
  outer loop
    vertex -2.449293598294706e-18 0.06248166678370382 0.01
    vertex 0.008820745950375759 0.06841962511411123 0.00471109762995097
    vertex -2.449293598294706e-18 0.07435758344451864 0.01
  endloop
endfacet
facet normal -0.998003 -0.0614094 0.0147857
  outer loop
    vertex -0.009219856482316753 0.08689739986834415 -0.003872240494272243
    vertex -0.008666466093246776 0.07763496185580737 -0.004989224935258378
    vertex -0.008805050604236307 0.08222980016851736 0.004740367481202049
  endloop
endfacet
facet normal 0.984854 0.145921 -0.0936493
  outer loop
    vertex 0.008772993418019624 0.2464087568857805 0.004799436059307841
    vertex 0.00927178610382629 0.237557845737626 -0.003746195729656115
    vertex 0.007902871831820061 0.2452687881898322 -0.006127366221291577
  endloop
endfacet
facet normal 0.382695 -0.19796 -0.902417
  outer loop
    vertex 0.006785417680158599 0.2294690359573995 -0.007345618211273378
    vertex 0.008923090750613785 0.2206945408365955 -0.004514249822097881
    vertex -0.00189546635067756 0.2239610508000612 -0.009818717192864305
  endloop
endfacet
facet normal 0.519252 -0 0.854621
  outer loop
    vertex -2.449293598294706e-18 0.1574890000702224 0.01
    vertex 0.008875275924230241 0.163016953205543 0.004607545688192254
    vertex -2.449293598294706e-18 0.1693649167310372 0.01
  endloop
endfacet
facet normal 0.512064 -0.00438542 0.858936
  outer loop
    vertex 0.008820745950375334 0.2346824583655189 0.004711097629951767
    vertex 0.008772993418019624 0.2464087568857805 0.004799436059307841
    vertex -2.449293598294706e-18 0.2406204166959263 0.01
  endloop
endfacet
facet normal 0.514242 -0 0.857645
  outer loop
    vertex -2.449293598294706e-18 0.252496333356741 0.01
    vertex 0.008820745950366346 0.2584342916871484 0.004711097629968596
    vertex -2.449293598294706e-18 0.2643722500175558 0.01
  endloop
endfacet
facet normal 0.511887 -0.00474129 0.85904
  outer loop
    vertex 0.008820745950375327 0.09217145843574086 0.004711097629951781
    vertex 0.008769115741612184 0.1038856894589731 0.004806517357735162
    vertex -2.449293598294706e-18 0.09810941676614826 0.01
  endloop
endfacet
facet normal 0.512088 0.00488211 0.858919
  outer loop
    vertex 0.008769115741612184 0.1038856894589731 0.004806517357735162
    vertex 0.008822315591689832 0.1156101442988 0.004708157559027363
    vertex -2.449293598294706e-18 0.1099853334269631 0.01
  endloop
endfacet
facet normal 0.512123 0.00430333 0.858901
  outer loop
    vertex 0.00877288580633011 0.1395251718830214 0.004799632759815245
    vertex 0.008819774520304427 0.1512528906082976 0.004712916019938059
    vertex -2.449293598294706e-18 0.1456130834094075 0.01
  endloop
endfacet
facet normal 0.512059 -0.00439529 0.858939
  outer loop
    vertex 0.008820745950375358 0.1277992084181853 0.004711097629951722
    vertex 0.00877288580633011 0.1395251718830214 0.004799632759815245
    vertex -2.449293598294706e-18 0.1337371667485927 0.01
  endloop
endfacet
facet normal 0.512122 -0.00447488 0.858901
  outer loop
    vertex 0.008822075082983353 0.1990038973051663 0.004708608205213538
    vertex 0.008773156817970019 0.2107815156766844 0.004799137364913216
    vertex -2.449293598294706e-18 0.2049926667134818 0.01
  endloop
endfacet
facet normal 0.514304 0.000121784 0.857608
  outer loop
    vertex -2.449293598294706e-18 0.1931167500526669 0.01
    vertex 0.008820731225540369 0.1869543206986896 0.004711125199649984
    vertex 0.008822075082983353 0.1990038973051663 0.004708608205213538
  endloop
endfacet
facet normal 0.32195 -0.31701 -0.892106
  outer loop
    vertex 0.008972603975540502 0.1439019175668075 -0.004415017315720833
    vertex -0.002288617339219558 0.1474351618947436 -0.009734589394248922
    vertex 0.004925815383079273 0.1518580402230811 -0.008702662972436633
  endloop
endfacet
facet normal 0.98142 0.162115 -0.10263
  outer loop
    vertex 0.008820731225540369 0.1869543206986896 0.004711125199649984
    vertex 0.009215682353980844 0.1791232167603649 -0.003882164183870394
    vertex 0.007332373167149556 0.1886774441904061 -0.006799728210573213
  endloop
endfacet
facet normal 0.514242 -0 0.857645
  outer loop
    vertex -2.449293598294706e-18 0.08623350010533345 0.01
    vertex 0.008820745950375327 0.09217145843574086 0.004711097629951781
    vertex -2.449293598294706e-18 0.09810941676614826 0.01
  endloop
endfacet
facet normal 0.514385 -0 0.857559
  outer loop
    vertex -2.449293598294706e-18 0.1099853334269631 0.01
    vertex 0.008822315591689832 0.1156101442988 0.004708157559027363
    vertex -2.449293598294706e-18 0.1218612500877779 0.01
  endloop
endfacet
facet normal 0.248953 0.216433 -0.944023
  outer loop
    vertex 0.004925815383079273 0.1518580402230811 -0.008702662972436633
    vertex -0.002477461531988834 0.1560748331415013 -0.009688249808789797
    vertex 0.008217912405533146 0.1611772994530875 -0.005697886950000361
  endloop
endfacet
facet normal 0.514154 -0 0.857698
  outer loop
    vertex -2.449293598294706e-18 0.1456130834094075 0.01
    vertex 0.008819774520304427 0.1512528906082976 0.004712916019938059
    vertex -2.449293598294706e-18 0.1574890000702224 0.01
  endloop
endfacet
facet normal 0.514242 -0 0.857645
  outer loop
    vertex -2.449293598294706e-18 0.1218612500877779 0.01
    vertex 0.008820745950375358 0.1277992084181853 0.004711097629951722
    vertex -2.449293598294706e-18 0.1337371667485927 0.01
  endloop
endfacet
facet normal 0.514242 -0 0.857645
  outer loop
    vertex -2.449293598294706e-18 0.2287445000351115 0.01
    vertex 0.008820745950375334 0.2346824583655189 0.004711097629951767
    vertex -2.449293598294706e-18 0.2406204166959263 0.01
  endloop
endfacet
facet normal 0.514242 -0 0.857645
  outer loop
    vertex -2.449293598294706e-18 0.2168685833742967 0.01
    vertex 0.008820745950374381 0.2228065417047041 0.004711097629953549
    vertex -2.449293598294706e-18 0.2287445000351115 0.01
  endloop
endfacet
facet normal 0.514363 -0 0.857572
  outer loop
    vertex -2.449293598294706e-18 0.1931167500526669 0.01
    vertex 0.008822075082983353 0.1990038973051663 0.004708608205213538
    vertex -2.449293598294706e-18 0.2049926667134818 0.01
  endloop
endfacet
facet normal 0.97412 0.186211 -0.128123
  outer loop
    vertex 0.008732669944801265 0.08002101748741854 0.004872419895202453
    vertex 0.009405975725923067 0.07081019921744916 -0.003395234990887381
    vertex 0.007504755528327233 0.07854474462206933 -0.006608982104684641
  endloop
endfacet
facet normal 0.514242 -0 0.857645
  outer loop
    vertex -2.449293598294706e-18 0.1693649167310372 0.01
    vertex 0.008820745950375377 0.1753028750614447 0.004711097629951685
    vertex -2.449293598294706e-18 0.1812408333918521 0.01
  endloop
endfacet
facet normal -0.96528 0.118876 -0.232601
  outer loop
    vertex -0.009524294668349358 0.07007061508326637 0.003047591027426745
    vertex -0.007270247106288331 0.06897578477562644 -0.006866112947913553
    vertex -0.008757773035758962 0.06088658363939402 -0.004827153556096311
  endloop
endfacet
facet normal 0.50993 -0 0.860216
  outer loop
    vertex -2.449293598294706e-18 0.2406204166959263 0.01
    vertex 0.008772993418019624 0.2464087568857805 0.004799436059307841
    vertex -2.449293598294706e-18 0.252496333356741 0.01
  endloop
endfacet
facet normal 0.506339 -0 0.862335
  outer loop
    vertex -2.449293598294706e-18 0.07435758344451864 0.01
    vertex 0.008732669944801265 0.08002101748741854 0.004872419895202453
    vertex -2.449293598294706e-18 0.08623350010533345 0.01
  endloop
endfacet
facet normal 0.998507 0.00365565 0.0544948
  outer loop
    vertex 0.008820745950375334 0.2346824583655189 0.004711097629951767
    vertex 0.00927178610382629 0.237557845737626 -0.003746195729656115
    vertex 0.008772993418019624 0.2464087568857805 0.004799436059307841
  endloop
endfacet
facet normal 0.976417 -0.171961 -0.130531
  outer loop
    vertex 0.006624581806852356 0.08896362496495382 -0.00749098897905482
    vertex 0.009299648571954224 0.1012574967793321 -0.003676484249680635
    vertex 0.008820745950375327 0.09217145843574086 0.004711097629951781
  endloop
endfacet
facet normal 0.330324 -0.098703 -0.938693
  outer loop
    vertex 0.007004936401545804 0.1708003228636156 -0.00713658643962914
    vertex 0.008217912405533146 0.1611772994530875 -0.005697886950000361
    vertex -0.002181477621294212 0.1649980143883119 -0.00975915751424233
  endloop
endfacet
facet normal -0.999063 0.0426302 -0.00744727
  outer loop
    vertex -0.008940526785338156 0.1598152355681761 -0.004479618376675738
    vertex -0.009177998739728768 0.155726121205055 0.003970433116618029
    vertex -0.008805966609181017 0.1645791192322855 0.00473866564319419
  endloop
endfacet
facet normal 0.989007 0.0126414 0.147327
  outer loop
    vertex 0.008820745950375256 0.2703102083479632 0.004711097629951913
    vertex 0.0097368809724254 0.2800989782716793 -0.0022788481583511
    vertex 0.008624470868256649 0.2815824848234553 0.005061472339408012
  endloop
endfacet
facet normal 0.50992 -0 0.860222
  outer loop
    vertex -2.449293598294706e-18 0.1337371667485927 0.01
    vertex 0.00877288580633011 0.1395251718830214 0.004799632759815245
    vertex -2.449293598294706e-18 0.1456130834094075 0.01
  endloop
endfacet
facet normal 0.509944 -0 0.860207
  outer loop
    vertex -2.449293598294706e-18 0.2049926667134818 0.01
    vertex 0.008773156817970019 0.2107815156766844 0.004799137364913216
    vertex -2.449293598294706e-18 0.2168685833742967 0.01
  endloop
endfacet
facet normal 0.509582 -0 0.860422
  outer loop
    vertex -2.449293598294706e-18 0.09810941676614826 0.01
    vertex 0.008769115741612184 0.1038856894589731 0.004806517357735162
    vertex -2.449293598294706e-18 0.1099853334269631 0.01
  endloop
endfacet
facet normal 0.514241 -0 0.857646
  outer loop
    vertex -2.449293598294706e-18 0.1812408333918521 0.01
    vertex 0.008820731225540369 0.1869543206986896 0.004711125199649984
    vertex -2.449293598294706e-18 0.1931167500526669 0.01
  endloop
endfacet
facet normal -0.996855 0.0652317 -0.0450048
  outer loop
    vertex -0.008666466093246776 0.07763496185580737 -0.004989224935258378
    vertex -0.009524294668349358 0.07007061508326637 0.003047591027426745
    vertex -0.008805050604236307 0.08222980016851736 0.004740367481202049
  endloop
endfacet
facet normal -0.978536 0.178908 -0.102273
  outer loop
    vertex -0.008166370940115878 0.1016340487548796 -0.005771515023668474
    vertex -0.00975500156478301 0.09498673831009523 -0.002199987379754943
    vertex -0.008820745950375726 0.1040473750965557 0.004711097629951035
  endloop
endfacet
facet normal -0.500655 0 0.865647
  outer loop
    vertex -2.449293598294706e-18 0.2168685833742967 0.01
    vertex -0.00866780625997278 0.2113194168635045 0.004986896293244598
    vertex -2.449293598294706e-18 0.2049926667134818 0.01
  endloop
endfacet
facet normal 0.266312 0.0113698 -0.96382
  outer loop
    vertex 0.006729954766644005 0.2852304405414382 -0.007396465969564495
    vertex 0.006537354059949955 0.275265806957783 -0.007567232115830454
    vertex -0.001842032253718059 0.2798134846558046 -0.009828881786666395
  endloop
endfacet
facet normal 0.997242 0.00654296 0.0739246
  outer loop
    vertex 0.008820745950375759 0.06841962511411123 0.00471109762995097
    vertex 0.009405975725923067 0.07081019921744916 -0.003395234990887381
    vertex 0.008732669944801265 0.08002101748741854 0.004872419895202453
  endloop
endfacet
facet normal -0.998628 -0.0391358 0.0348019
  outer loop
    vertex -0.009286890248348304 0.1693390199594945 -0.003708594007859738
    vertex -0.008940526785338156 0.1598152355681761 -0.004479618376675738
    vertex -0.008805966609181017 0.1645791192322855 0.00473866564319419
  endloop
endfacet
facet normal -0.511158 -0.0636629 -0.857126
  outer loop
    vertex -0.008744976027785357 0.1912725112394138 -0.004850298369529387
    vertex -0.008036349744294437 0.2004052021721856 -0.00595122531814909
    vertex -0.0006020978737233465 0.1949810565476856 -0.009981857449916715
  endloop
endfacet
facet normal -0.525875 0.0369054 -0.849761
  outer loop
    vertex -0.0008592367810075695 0.2512065865605398 -0.009963017221412586
    vertex -0.008281608968542485 0.2457904083139325 -0.005604904360660998
    vertex -0.008676055528427533 0.2547304901237973 -0.004972530589915163
  endloop
endfacet
facet normal 0.249444 -0.0218596 -0.968142
  outer loop
    vertex 0.006537354059949955 0.275265806957783 -0.007567232115830454
    vertex -0.002296653111482638 0.2703657699094295 -0.009732696670785397
    vertex -0.001842032253718059 0.2798134846558046 -0.009828881786666395
  endloop
endfacet
facet normal -0.538841 -0.0609593 -0.840199
  outer loop
    vertex -0.001675144091991709 0.08295179859069329 -0.009858696276438648
    vertex -0.0001059241645162092 0.07102073977516847 -0.009999438987831845
    vertex -0.008666466093246776 0.07763496185580737 -0.004989224935258378
  endloop
endfacet
facet normal -0.58777 0.0303948 -0.808457
  outer loop
    vertex -0.009008035869413634 0.2650747781479608 -0.004342267814789566
    vertex -0.001678347756062121 0.2601007096680928 -0.009858151389064851
    vertex -0.008676055528427533 0.2547304901237973 -0.004972530589915163
  endloop
endfacet
facet normal -0.973506 0.174589 0.147664
  outer loop
    vertex -0.008820745950379197 0.2346824583655189 0.004711097629944532
    vertex -0.006947520830930452 0.2430288291198602 0.007192492913016144
    vertex -0.009568419713602887 0.2369559297249125 -0.002906087435769211
  endloop
endfacet
facet normal 0.998715 -0.00410787 0.0505184
  outer loop
    vertex 0.008769115741612184 0.1038856894589731 0.004806517357735162
    vertex 0.009242399095225253 0.1128859792162964 -0.003818122439705072
    vertex 0.008822315591689832 0.1156101442988 0.004708157559027363
  endloop
endfacet
facet normal -0.609812 0.221872 0.760856
  outer loop
    vertex -0.009595641986810293 0.2507623815450961 0.002814898730143485
    vertex -0.006947520830930452 0.2430288291198602 0.007192492913016144
    vertex -2.449293598294706e-18 0.252496333356741 0.01
  endloop
endfacet
facet normal -0.775013 -0.131776 -0.618053
  outer loop
    vertex -0.009749279121818217 0.03872983346207417 -0.002225209339563233
    vertex -0.007818314824680253 0.04617938467061945 -0.006234898018587393
    vertex -0.004338837391175535 0.03872983346207417 -0.009009688679024212
  endloop
endfacet
facet normal -0.587215 0.0412625 -0.808378
  outer loop
    vertex -0.009056162415788908 0.1227711813975952 -0.004240981289613572
    vertex -0.001649096281845887 0.1180393966180826 -0.009863086811602242
    vertex -0.008600268132739749 0.1123812183988839 -0.005102488416937481
  endloop
endfacet
facet normal -0.702623 -5.58738e-05 -0.711563
  outer loop
    vertex -0.009286308012427462 0.1805810727742079 -0.003710051684050442
    vertex -0.003591624493711123 0.1750293984237134 -0.009332750585769146
    vertex -0.009286890248348304 0.1693390199594945 -0.003708594007859738
  endloop
endfacet
facet normal 0.229936 0.0154942 -0.973082
  outer loop
    vertex 0.006537354059949955 0.275265806957783 -0.007567232115830454
    vertex 0.006316196636361928 0.266894598994006 -0.007752784019357837
    vertex -0.002296653111482638 0.2703657699094295 -0.009732696670785397
  endloop
endfacet
facet normal 0.999796 -0.00385059 0.0198406
  outer loop
    vertex 0.00877288580633011 0.1395251718830214 0.004799632759815245
    vertex 0.008972603975540502 0.1439019175668075 -0.004415017315720833
    vertex 0.008819774520304427 0.1512528906082976 0.004712916019938059
  endloop
endfacet
facet normal -0.99816 -0.0386212 -0.0467407
  outer loop
    vertex -0.008940526785338156 0.1598152355681761 -0.004479618376675738
    vertex -0.008542793153921435 0.1504054457906072 -0.005198142469124241
    vertex -0.009177998739728768 0.155726121205055 0.003970433116618029
  endloop
endfacet
facet normal 0.998946 1.15381e-06 0.0459109
  outer loop
    vertex 0.008820745950375377 0.1753028750614447 0.004711097629951685
    vertex 0.009215682353980844 0.1791232167603649 -0.003882164183870394
    vertex 0.008820731225540369 0.1869543206986896 0.004711125199649984
  endloop
endfacet
facet normal 3.18008e-15 0.107183 -0.994239
  outer loop
    vertex 0.004338837391175594 0.3 -0.009009688679024184
    vertex -0.0003436475021067541 0.2908686077894561 -0.009994093575422225
    vertex -0.004338837391175535 0.3 -0.009009688679024212
  endloop
endfacet
facet normal -0.641349 -0.0666724 -0.764347
  outer loop
    vertex -0.009219856482316753 0.08689739986834415 -0.003872240494272243
    vertex -0.002977419428705701 0.09189941514694822 -0.00954646392888832
    vertex -0.001675144091991709 0.08295179859069329 -0.009858696276438648
  endloop
endfacet
facet normal -0.989183 0.135853 0.0553248
  outer loop
    vertex -0.008757773035758962 0.06088658363939402 -0.004827153556096311
    vertex -0.009654573328484708 0.05345204022713814 -0.002605611990475885
    vertex -0.008820745950394344 0.05654370845329641 0.004711097629916171
  endloop
endfacet
facet normal 0.397909 0.0780694 -0.914097
  outer loop
    vertex -0.0003436475021067541 0.2908686077894561 -0.009994093575422225
    vertex 0.007818314824680305 0.2932837572047035 -0.006234898018587329
    vertex 0.006729954766644005 0.2852304405414382 -0.007396465969564495
  endloop
endfacet
facet normal 0.507225 0.155893 -0.847597
  outer loop
    vertex 0.004647453495295959 0.05389198939715433 -0.008854443856564984
    vertex 0.0002373387755283431 0.06202791660029289 -0.009997183118540478
    vertex 0.008767838984675072 0.06248166678371431 -0.004808845967465792
  endloop
endfacet
facet normal -0.600927 0.0602137 -0.797033
  outer loop
    vertex -0.009219856482316753 0.08689739986834415 -0.003872240494272243
    vertex -0.001675144091991709 0.08295179859069329 -0.009858696276438648
    vertex -0.008666466093246776 0.07763496185580737 -0.004989224935258378
  endloop
endfacet
facet normal 0.357798 0.0580531 -0.931993
  outer loop
    vertex -0.001675144091991709 0.08295179859069329 -0.009858696276438648
    vertex 0.007504755528327233 0.07854474462206933 -0.006608982104684641
    vertex -0.0001059241645162092 0.07102073977516847 -0.009999438987831845
  endloop
endfacet
facet normal -0.607159 0.0211679 -0.794298
  outer loop
    vertex -0.009073061993849548 0.228744500035108 -0.004204705228165569
    vertex -0.00189546635067756 0.2239610508000612 -0.009818717192864305
    vertex -0.008898570471448245 0.2203275976252892 -0.004562394499017962
  endloop
endfacet
facet normal -0.627733 0.00319989 -0.778422
  outer loop
    vertex -0.009041523347092819 0.2755743345978909 -0.004272102007674381
    vertex -0.002296653111482638 0.2703657699094295 -0.009732696670785397
    vertex -0.009008035869413634 0.2650747781479608 -0.004342267814789566
  endloop
endfacet
facet normal -0.625133 -0.0223493 -0.780198
  outer loop
    vertex -0.009073061993849548 0.228744500035108 -0.004204705228165569
    vertex -0.002312799285730556 0.2324978806568913 -0.009728872466217462
    vertex -0.00189546635067756 0.2239610508000612 -0.009818717192864305
  endloop
endfacet
facet normal -0.623361 -0.0516494 -0.780227
  outer loop
    vertex -0.008744976027785357 0.1912725112394138 -0.004850298369529387
    vertex -0.002084175076050831 0.1853579604612476 -0.009780399493495575
    vertex -0.009286308012427462 0.1805810727742079 -0.003710051684050442
  endloop
endfacet
facet normal 0.994862 -0.00319634 0.101188
  outer loop
    vertex 0.008773156817970019 0.2107815156766844 0.004799137364913216
    vertex 0.009565621828350008 0.2132164395780557 -0.002915283697514505
    vertex 0.008820745950374381 0.2228065417047041 0.004711097629953549
  endloop
endfacet
facet normal -0.550694 -0.0408868 -0.833705
  outer loop
    vertex -0.001678347756062121 0.2601007096680928 -0.009858151389064851
    vertex -0.0008592367810075695 0.2512065865605398 -0.009963017221412586
    vertex -0.008676055528427533 0.2547304901237973 -0.004972530589915163
  endloop
endfacet
facet normal 3.17094e-15 -0.131011 -0.991381
  outer loop
    vertex -0.004338837391175535 0.03872983346207417 -0.009009688679024212
    vertex 5.323759555233251e-06 0.04622364634272362 -0.009999998582879109
    vertex 0.004338837391175594 0.03872983346207417 -0.009009688679024184
  endloop
endfacet
facet normal -0.553882 0.0679327 -0.829819
  outer loop
    vertex -0.008744976027785357 0.1912725112394138 -0.004850298369529387
    vertex -0.0006020978737233465 0.1949810565476856 -0.009981857449916715
    vertex -0.002084175076050831 0.1853579604612476 -0.009780399493495575
  endloop
endfacet
facet normal 0.555979 -0.19869 -0.8071
  outer loop
    vertex 0.007504755528327233 0.07854474462206933 -0.006608982104684641
    vertex 0.009405975725923067 0.07081019921744916 -0.003395234990887381
    vertex -0.0001059241645162092 0.07102073977516847 -0.009999438987831845
  endloop
endfacet
facet normal 0.228439 0.06714 -0.97124
  outer loop
    vertex -0.002977419428705701 0.09189941514694822 -0.00954646392888832
    vertex 0.006624581806852356 0.08896362496495382 -0.00749098897905482
    vertex -0.001675144091991709 0.08295179859069329 -0.009858696276438648
  endloop
endfacet
facet normal -0.618865 0.0217857 -0.785195
  outer loop
    vertex -0.001842032253718059 0.2798134846558046 -0.009828881786666395
    vertex -0.002296653111482638 0.2703657699094295 -0.009732696670785397
    vertex -0.009041523347092819 0.2755743345978909 -0.004272102007674381
  endloop
endfacet
facet normal -0.633727 0.0394962 -0.772547
  outer loop
    vertex -0.009286890248348304 0.1693390199594945 -0.003708594007859738
    vertex -0.002181477621294212 0.1649980143883119 -0.00975915751424233
    vertex -0.008940526785338156 0.1598152355681761 -0.004479618376675738
  endloop
endfacet
facet normal 0.378976 -0.0380463 -0.924624
  outer loop
    vertex 0.007331486443443506 0.2559406541810085 -0.006800684269219099
    vertex 0.007902871831820061 0.2452687881898322 -0.006127366221291577
    vertex -0.0008592367810075695 0.2512065865605398 -0.009963017221412586
  endloop
endfacet
facet normal 0.338504 0.042258 -0.940016
  outer loop
    vertex -0.001678347756062121 0.2601007096680928 -0.009858151389064851
    vertex 0.007331486443443506 0.2559406541810085 -0.006800684269219099
    vertex -0.0008592367810075695 0.2512065865605398 -0.009963017221412586
  endloop
endfacet
facet normal -0.662014 -0.00888293 -0.749439
  outer loop
    vertex -0.009261754868411097 0.1320637353379967 -0.003770927837742769
    vertex -0.00270600807640487 0.1375467659911299 -0.009626916447670646
    vertex -0.002528255883481013 0.1283662538538491 -0.009675118716979325
  endloop
endfacet
facet normal -0.43048 0.131544 -0.892963
  outer loop
    vertex -0.007818314824680253 0.04617938467061945 -0.006234898018587393
    vertex 5.323759555233251e-06 0.04622364634272362 -0.009999998582879109
    vertex -0.004338837391175535 0.03872983346207417 -0.009009688679024212
  endloop
endfacet
facet normal 0.260456 0.022891 -0.965214
  outer loop
    vertex -0.002312799285730556 0.2324978806568913 -0.009728872466217462
    vertex 0.006785417680158599 0.2294690359573995 -0.007345618211273378
    vertex -0.00189546635067756 0.2239610508000612 -0.009818717192864305
  endloop
endfacet
facet normal -0.968993 -0.110173 0.221166
  outer loop
    vertex -0.007818314824680333 0.03872983346207417 0.006234898018587291
    vertex -0.009720304411351511 0.04765653457598854 0.002348548945766376
    vertex -0.009749279121818217 0.03872983346207417 -0.002225209339563233
  endloop
endfacet
facet normal -0.651636 0.0239333 -0.758154
  outer loop
    vertex -0.009261754868411097 0.1320637353379967 -0.003770927837742769
    vertex -0.002528255883481013 0.1283662538538491 -0.009675118716979325
    vertex -0.009056162415788908 0.1227711813975952 -0.004240981289613572
  endloop
endfacet
facet normal 0.323247 -0.0695414 -0.943756
  outer loop
    vertex -0.0006020978737233465 0.1949810565476856 -0.009981857449916715
    vertex 0.007332373167149556 0.1886774441904061 -0.006799728210573213
    vertex -0.002084175076050831 0.1853579604612476 -0.009780399493495575
  endloop
endfacet
facet normal -0.481654 -0.129884 -0.866683
  outer loop
    vertex -0.008757773035758962 0.06088658363939402 -0.004827153556096311
    vertex -0.007270247106288331 0.06897578477562644 -0.006866112947913553
    vertex 0.0002373387755283431 0.06202791660029289 -0.009997183118540478
  endloop
endfacet
facet normal 0.9996 0.00393643 0.0280232
  outer loop
    vertex 0.008822075082983353 0.1990038973051663 0.004708608205213538
    vertex 0.009046847361853818 0.2057790251207889 -0.004260815979518316
    vertex 0.008773156817970019 0.2107815156766844 0.004799137364913216
  endloop
endfacet
facet normal -0.61282 -0.0272606 -0.789752
  outer loop
    vertex -0.009008035869413634 0.2650747781479608 -0.004342267814789566
    vertex -0.002296653111482638 0.2703657699094295 -0.009732696670785397
    vertex -0.001678347756062121 0.2601007096680928 -0.009858151389064851
  endloop
endfacet
facet normal 0.969143 -0.108779 0.2212
  outer loop
    vertex 0.009749279121818237 0.03872983346207417 -0.002225209339563139
    vertex 0.009661508750892714 0.04771869002305582 0.002579776861750552
    vertex 0.007818314824680294 0.03872983346207417 0.006234898018587341
  endloop
endfacet
facet normal 0.774799 -0.13382 -0.617882
  outer loop
    vertex 0.004338837391175594 0.03872983346207417 -0.009009688679024184
    vertex 0.007786654751583933 0.04606264487540112 -0.006274393020813677
    vertex 0.009749279121818237 0.03872983346207417 -0.002225209339563139
  endloop
endfacet
facet normal -0.964146 0.123481 -0.234894
  outer loop
    vertex -0.009749279121818217 0.03872983346207417 -0.002225209339563233
    vertex -0.009720304411351511 0.04765653457598854 0.002348548945766376
    vertex -0.007818314824680253 0.04617938467061945 -0.006234898018587393
  endloop
endfacet
facet normal -0.292846 0.158982 -0.94285
  outer loop
    vertex 6.41932613441278e-05 0.2031436520903007 -0.009999793959137259
    vertex -0.007451521343809359 0.209053386253713 -0.006668945168671998
    vertex 0.00351897354824651 0.2132994474788918 -0.009360385951804625
  endloop
endfacet
facet normal -0.968723 0.112639 0.221105
  outer loop
    vertex -0.009749279121818217 0.3 -0.002225209339563233
    vertex -0.009748541417578199 0.2912640335897895 0.002228438967026574
    vertex -0.007818314824680333 0.3 0.006234898018587291
  endloop
endfacet
facet normal -0.762573 -0.0990379 -0.639276
  outer loop
    vertex -0.004338837391175476 0.05385926794810392 -0.009009688679024241
    vertex -0.009654573328484708 0.05345204022713814 -0.002605611990475885
    vertex -0.008757773035758962 0.06088658363939402 -0.004827153556096311
  endloop
endfacet
facet normal 0.310013 -0.0541637 -0.949188
  outer loop
    vertex -0.001675144091991709 0.08295179859069329 -0.009858696276438648
    vertex 0.006624581806852356 0.08896362496495382 -0.00749098897905482
    vertex 0.007504755528327233 0.07854474462206933 -0.006608982104684641
  endloop
endfacet
facet normal -0.429464 -0.1284 -0.893909
  outer loop
    vertex -0.007818314824680253 0.04617938467061945 -0.006234898018587393
    vertex -0.004338837391175476 0.05385926794810392 -0.009009688679024241
    vertex 5.323759555233251e-06 0.04622364634272362 -0.009999998582879109
  endloop
endfacet
facet normal -0.619621 -0.0384809 -0.783957
  outer loop
    vertex -0.009056162415788908 0.1227711813975952 -0.004240981289613572
    vertex -0.002528255883481013 0.1283662538538491 -0.009675118716979325
    vertex -0.001649096281845887 0.1180393966180826 -0.009863086811602242
  endloop
endfacet
facet normal 0.230485 0.0736443 -0.970285
  outer loop
    vertex -0.003591624493711123 0.1750293984237134 -0.009332750585769146
    vertex 0.007004936401545804 0.1708003228636156 -0.00713658643962914
    vertex -0.002181477621294212 0.1649980143883119 -0.00975915751424233
  endloop
endfacet
facet normal 0.968807 -0.208816 -0.133452
  outer loop
    vertex 0.008822075082983353 0.1990038973051663 0.004708608205213538
    vertex 0.006855488580428554 0.1975418517800764 -0.007280266226149542
    vertex 0.009046847361853818 0.2057790251207889 -0.004260815979518316
  endloop
endfacet
facet normal 0.233888 0.0259663 -0.971917
  outer loop
    vertex -0.002296653111482638 0.2703657699094295 -0.009732696670785397
    vertex 0.006316196636361928 0.266894598994006 -0.007752784019357837
    vertex -0.001678347756062121 0.2601007096680928 -0.009858151389064851
  endloop
endfacet
facet normal 0.964497 0.131763 -0.228875
  outer loop
    vertex 0.007786654751583933 0.04606264487540112 -0.006274393020813677
    vertex 0.009661508750892714 0.04771869002305582 0.002579776861750552
    vertex 0.009749279121818237 0.03872983346207417 -0.002225209339563139
  endloop
endfacet
facet normal -0.993653 0.0793924 0.0796916
  outer loop
    vertex -0.008820745950394344 0.05654370845329641 0.004711097629916171
    vertex -0.009654573328484708 0.05345204022713814 -0.002605611990475885
    vertex -0.009720304411351511 0.04765653457598854 0.002348548945766376
  endloop
endfacet
facet normal 0.969813 0.102301 0.221353
  outer loop
    vertex 0.007818314824680294 0.3 0.006234898018587341
    vertex 0.009855949319385693 0.290514580346086 0.00169123121237183
    vertex 0.009749279121818237 0.3 -0.002225209339563139
  endloop
endfacet
facet normal 0.430332 0.130823 -0.893141
  outer loop
    vertex 0.004338837391175594 0.03872983346207417 -0.009009688679024184
    vertex 5.323759555233251e-06 0.04622364634272362 -0.009999998582879109
    vertex 0.007786654751583933 0.04606264487540112 -0.006274393020813677
  endloop
endfacet
facet normal 0.763452 -0.0635028 -0.642735
  outer loop
    vertex 0.008767838984675072 0.06248166678371431 -0.004808845967465792
    vertex 0.009483190046849981 0.05452674327482111 -0.003173185550094016
    vertex 0.004647453495295959 0.05389198939715433 -0.008854443856564984
  endloop
endfacet
facet normal -0.591708 0.049959 -0.804603
  outer loop
    vertex -0.001649096281845887 0.1180393966180826 -0.009863086811602242
    vertex -0.002966267567349557 0.1074823730240084 -0.009549934906526334
    vertex -0.008600268132739749 0.1123812183988839 -0.005102488416937481
  endloop
endfacet
facet normal -0.992957 0.0972148 -0.0677182
  outer loop
    vertex -0.008676055528427533 0.2547304901237973 -0.004972530589915163
    vertex -0.009595641986810293 0.2507623815450961 0.002814898730143485
    vertex -0.008806690741361823 0.2601598976387366 0.004737319725964454
  endloop
endfacet
facet normal 0.996443 0.083874 -0.00814725
  outer loop
    vertex 0.008820745950374381 0.2228065417047041 0.004711097629953549
    vertex 0.009565621828350008 0.2132164395780557 -0.002915283697514505
    vertex 0.008923090750613785 0.2206945408365955 -0.004514249822097881
  endloop
endfacet
facet normal -0.668937 -0.0625505 -0.740682
  outer loop
    vertex -0.009286890248348304 0.1693390199594945 -0.003708594007859738
    vertex -0.003591624493711123 0.1750293984237134 -0.009332750585769146
    vertex -0.002181477621294212 0.1649980143883119 -0.00975915751424233
  endloop
endfacet
facet normal 0.0175994 -0.129708 -0.991396
  outer loop
    vertex -0.004338837391175476 0.05385926794810392 -0.009009688679024241
    vertex 0.0002373387755283431 0.06202791660029289 -0.009997183118540478
    vertex 0.004647453495295959 0.05389198939715433 -0.008854443856564984
  endloop
endfacet
facet normal 0.993204 0.101152 0.0575729
  outer loop
    vertex 0.008820745950382772 0.05654370845329641 0.00471109762993784
    vertex 0.009483190046849981 0.05452674327482111 -0.003173185550094016
    vertex 0.008767838984675072 0.06248166678371431 -0.004808845967465792
  endloop
endfacet
facet normal -0.127755 -0.274107 -0.953176
  outer loop
    vertex -0.007451521343809359 0.209053386253713 -0.006668945168671998
    vertex -0.003429436000292883 0.216653309865265 -0.009393559959881831
    vertex 0.00351897354824651 0.2132994474788918 -0.009360385951804625
  endloop
endfacet
facet normal 0.99914 -0.0414171 0.00198315
  outer loop
    vertex 0.008552729372815234 0.1337362228068691 -0.005181777713814396
    vertex 0.008972603975540502 0.1439019175668075 -0.004415017315720833
    vertex 0.00877288580633011 0.1395251718830214 0.004799632759815245
  endloop
endfacet
facet normal -0.990342 -0.0341906 -0.134367
  outer loop
    vertex -0.008281608968542485 0.2457904083139325 -0.005604904360660998
    vertex -0.009595641986810293 0.2507623815450961 0.002814898730143485
    vertex -0.008676055528427533 0.2547304901237973 -0.004972530589915163
  endloop
endfacet
facet normal 0.0166062 0.137887 -0.990309
  outer loop
    vertex -0.004338837391175476 0.05385926794810392 -0.009009688679024241
    vertex 0.004647453495295959 0.05389198939715433 -0.008854443856564984
    vertex 5.323759555233251e-06 0.04622364634272362 -0.009999998582879109
  endloop
endfacet
facet normal 0.446975 -0.133854 -0.884475
  outer loop
    vertex 0.004338837391175594 0.3 -0.009009688679024184
    vertex 0.007818314824680305 0.2932837572047035 -0.006234898018587329
    vertex -0.0003436475021067541 0.2908686077894561 -0.009994093575422225
  endloop
endfacet
facet normal -0.396968 -0.0153828 -0.917704
  outer loop
    vertex 0.0002373387755283431 0.06202791660029289 -0.009997183118540478
    vertex -0.007270247106288331 0.06897578477562644 -0.006866112947913553
    vertex -0.0001059241645162092 0.07102073977516847 -0.009999438987831845
  endloop
endfacet
facet normal 0.998117 0.00390055 0.0612145
  outer loop
    vertex 0.008820745950375327 0.09217145843574086 0.004711097629951781
    vertex 0.009299648571954224 0.1012574967793321 -0.003676484249680635
    vertex 0.008769115741612184 0.1038856894589731 0.004806517357735162
  endloop
endfacet
facet normal -0.971628 -0.111451 -0.208608
  outer loop
    vertex -0.008666466093246776 0.07763496185580737 -0.004989224935258378
    vertex -0.007270247106288331 0.06897578477562644 -0.006866112947913553
    vertex -0.009524294668349358 0.07007061508326637 0.003047591027426745
  endloop
endfacet
facet normal -0.668091 0.0653833 -0.741201
  outer loop
    vertex -0.002084175076050831 0.1853579604612476 -0.009780399493495575
    vertex -0.003591624493711123 0.1750293984237134 -0.009332750585769146
    vertex -0.009286308012427462 0.1805810727742079 -0.003710051684050442
  endloop
endfacet
facet normal -0.443284 -0.108488 -0.889792
  outer loop
    vertex -0.0008592367810075695 0.2512065865605398 -0.009963017221412586
    vertex 0.001432910976558691 0.2412977851043215 -0.009896805855085651
    vertex -0.008281608968542485 0.2457904083139325 -0.005604904360660998
  endloop
endfacet
facet normal -0.374667 0 0.927159
  outer loop
    vertex -2.449293598294706e-18 0.252496333356741 0.01
    vertex -0.006947520830930452 0.2430288291198602 0.007192492913016144
    vertex -2.449293598294706e-18 0.2406204166959263 0.01
  endloop
endfacet
facet normal 0.56191 -0.139818 -0.815296
  outer loop
    vertex 0.009046847361853818 0.2057790251207889 -0.004260815979518316
    vertex 6.41932613441278e-05 0.2031436520903007 -0.009999793959137259
    vertex 0.00351897354824651 0.2132994474788918 -0.009360385951804625
  endloop
endfacet
facet normal -0.456306 0.0352933 -0.889123
  outer loop
    vertex -0.008036349744294437 0.2004052021721856 -0.00595122531814909
    vertex 6.41932613441278e-05 0.2031436520903007 -0.009999793959137259
    vertex -0.0006020978737233465 0.1949810565476856 -0.009981857449916715
  endloop
endfacet
facet normal -0.483012 -0.117792 -0.867655
  outer loop
    vertex -0.0003436475021067541 0.2908686077894561 -0.009994093575422225
    vertex -0.007818314824680253 0.2938286799799517 -0.006234898018587393
    vertex -0.004338837391175535 0.3 -0.009009688679024212
  endloop
endfacet
facet normal -0.976996 0.0599893 -0.204644
  outer loop
    vertex -0.009748541417578199 0.2912640335897895 0.002228438967026574
    vertex -0.007818314824680253 0.2938286799799517 -0.006234898018587393
    vertex -0.008591624172870118 0.2850478663995048 -0.005117029809582298
  endloop
endfacet
facet normal -0.672577 0.0203346 -0.739748
  outer loop
    vertex -0.00936780544611298 0.1401241419201525 -0.003499174348868032
    vertex -0.002288617339219558 0.1474351618947436 -0.009734589394248922
    vertex -0.00270600807640487 0.1375467659911299 -0.009626916447670646
  endloop
endfacet
facet normal 0.426401 -0.124283 -0.895955
  outer loop
    vertex 5.323759555233251e-06 0.04622364634272362 -0.009999998582879109
    vertex 0.004647453495295959 0.05389198939715433 -0.008854443856564984
    vertex 0.007786654751583933 0.04606264487540112 -0.006274393020813677
  endloop
endfacet
facet normal 0.773468 0.145873 -0.616821
  outer loop
    vertex 0.009749279121818237 0.3 -0.002225209339563139
    vertex 0.007818314824680305 0.2932837572047035 -0.006234898018587329
    vertex 0.004338837391175594 0.3 -0.009009688679024184
  endloop
endfacet
facet normal -0.710886 0.0969729 -0.696589
  outer loop
    vertex -0.009219856482316753 0.08689739986834415 -0.003872240494272243
    vertex -0.00975500156478301 0.09498673831009523 -0.002199987379754943
    vertex -0.002977419428705701 0.09189941514694822 -0.00954646392888832
  endloop
endfacet
facet normal 0.297901 -0.0552216 -0.952998
  outer loop
    vertex -0.001678347756062121 0.2601007096680928 -0.009858151389064851
    vertex 0.006316196636361928 0.266894598994006 -0.007752784019357837
    vertex 0.007331486443443506 0.2559406541810085 -0.006800684269219099
  endloop
endfacet
facet normal -0.615073 0.0341526 -0.787731
  outer loop
    vertex -0.008940526785338156 0.1598152355681761 -0.004479618376675738
    vertex -0.002477461531988834 0.1560748331415013 -0.009688249808789797
    vertex -0.008542793153921435 0.1504054457906072 -0.005198142469124241
  endloop
endfacet
facet normal 0.954561 -0.291858 -0.0602687
  outer loop
    vertex 0.007331486443443506 0.2559406541810085 -0.006800684269219099
    vertex 0.00991778124244508 0.2632593865692358 -0.001279693411331212
    vertex 0.008820745950366346 0.2584342916871484 0.004711097629968596
  endloop
endfacet
facet normal -0.61021 -0.0812601 -0.788061
  outer loop
    vertex -0.008542793153921435 0.1504054457906072 -0.005198142469124241
    vertex -0.002288617339219558 0.1474351618947436 -0.009734589394248922
    vertex -0.00936780544611298 0.1401241419201525 -0.003499174348868032
  endloop
endfacet
facet normal 0.56492 -0.150258 -0.811349
  outer loop
    vertex 0.007902871831820061 0.2452687881898322 -0.006127366221291577
    vertex 0.00927178610382629 0.237557845737626 -0.003746195729656115
    vertex 0.001432910976558691 0.2412977851043215 -0.009896805855085651
  endloop
endfacet
facet normal -0.656715 0.0789927 -0.749991
  outer loop
    vertex -0.009073061993849548 0.228744500035108 -0.004204705228165569
    vertex -0.009568419713602887 0.2369559297249125 -0.002906087435769211
    vertex -0.002312799285730556 0.2324978806568913 -0.009728872466217462
  endloop
endfacet
facet normal -0.970337 -0.150636 -0.189092
  outer loop
    vertex -0.009720304411351511 0.04765653457598854 0.002348548945766376
    vertex -0.009654573328484708 0.05345204022713814 -0.002605611990475885
    vertex -0.007818314824680253 0.04617938467061945 -0.006234898018587393
  endloop
endfacet
facet normal 0.2497 0.150576 -0.956544
  outer loop
    vertex 0.007332373167149556 0.1886774441904061 -0.006799728210573213
    vertex 0.003596681007436606 0.1787934842983399 -0.009330803059262626
    vertex -0.002084175076050831 0.1853579604612476 -0.009780399493495575
  endloop
endfacet
facet normal 0.983644 -4.84915e-13 0.180125
  outer loop
    vertex 0.008820745950366346 0.2584342916871484 0.004711097629968596
    vertex 0.00991778124244508 0.2632593865692358 -0.001279693411331212
    vertex 0.008820745950375256 0.2703102083479632 0.004711097629951913
  endloop
endfacet
facet normal -0.758024 -0.158738 -0.632615
  outer loop
    vertex -0.002977419428705701 0.09189941514694822 -0.00954646392888832
    vertex -0.00975500156478301 0.09498673831009523 -0.002199987379754943
    vertex -0.008166370940115878 0.1016340487548796 -0.005771515023668474
  endloop
endfacet
facet normal 0.953545 -0.105745 -0.28208
  outer loop
    vertex 0.009855949319385693 0.290514580346086 0.00169123121237183
    vertex 0.007818314824680305 0.2932837572047035 -0.006234898018587329
    vertex 0.009749279121818237 0.3 -0.002225209339563139
  endloop
endfacet
facet normal -0.957074 -0.131708 -0.258191
  outer loop
    vertex -0.009749279121818217 0.3 -0.002225209339563233
    vertex -0.007818314824680253 0.2938286799799517 -0.006234898018587393
    vertex -0.009748541417578199 0.2912640335897895 0.002228438967026574
  endloop
endfacet
facet normal -0.997758 -0.0153236 0.0651396
  outer loop
    vertex -0.008781801606991504 0.1371761931844123 0.004783300171998556
    vertex -0.00936780544611298 0.1401241419201525 -0.003499174348868032
    vertex -0.009261754868411097 0.1320637353379967 -0.003770927837742769
  endloop
endfacet
facet normal -0.605909 0.0250361 -0.79514
  outer loop
    vertex -0.008600268132739749 0.1123812183988839 -0.005102488416937481
    vertex -0.002966267567349557 0.1074823730240084 -0.009549934906526334
    vertex -0.008166370940115878 0.1016340487548796 -0.005771515023668474
  endloop
endfacet
facet normal -0.419508 -0.170898 0.891519
  outer loop
    vertex -2.449293598294706e-18 0.2406204166959263 0.01
    vertex -0.006947520830930452 0.2430288291198602 0.007192492913016144
    vertex -0.008820745950379197 0.2346824583655189 0.004711097629944532
  endloop
endfacet
facet normal -0.767616 0.120333 -0.629512
  outer loop
    vertex -0.007818314824680253 0.04617938467061945 -0.006234898018587393
    vertex -0.009654573328484708 0.05345204022713814 -0.002605611990475885
    vertex -0.004338837391175476 0.05385926794810392 -0.009009688679024241
  endloop
endfacet
facet normal -0.987023 -0.0924392 0.131303
  outer loop
    vertex -0.008584118078012159 0.09289573342904731 0.005129611761405033
    vertex -0.00975500156478301 0.09498673831009523 -0.002199987379754943
    vertex -0.009219856482316753 0.08689739986834415 -0.003872240494272243
  endloop
endfacet
facet normal -0.673531 0.0160529 -0.738984
  outer loop
    vertex -0.009261754868411097 0.1320637353379967 -0.003770927837742769
    vertex -0.00936780544611298 0.1401241419201525 -0.003499174348868032
    vertex -0.00270600807640487 0.1375467659911299 -0.009626916447670646
  endloop
endfacet
facet normal 0.997533 0.0640702 0.0286772
  outer loop
    vertex 0.008822315591689832 0.1156101442988 0.004708157559027363
    vertex 0.009242399095225253 0.1128859792162964 -0.003818122439705072
    vertex 0.008541800501645698 0.1244122827529957 -0.005199773474881891
  endloop
endfacet
facet normal 0.994826 0.0795026 0.0632477
  outer loop
    vertex 0.009661508750892714 0.04771869002305582 0.002579776861750552
    vertex 0.009483190046849981 0.05452674327482111 -0.003173185550094016
    vertex 0.008820745950382772 0.05654370845329641 0.00471109762993784
  endloop
endfacet
facet normal -0.771955 0.158443 -0.615614
  outer loop
    vertex -0.004338837391175535 0.3 -0.009009688679024212
    vertex -0.007818314824680253 0.2938286799799517 -0.006234898018587393
    vertex -0.009749279121818217 0.3 -0.002225209339563233
  endloop
endfacet
facet normal 0.49103 0.181678 -0.851988
  outer loop
    vertex 0.009046847361853818 0.2057790251207889 -0.004260815979518316
    vertex 0.006855488580428554 0.1975418517800764 -0.007280266226149542
    vertex 6.41932613441278e-05 0.2031436520903007 -0.009999793959137259
  endloop
endfacet
facet normal 0.165356 -0.142442 -0.975893
  outer loop
    vertex -0.002977419428705701 0.09189941514694822 -0.00954646392888832
    vertex 0.003389278042593031 0.09834249691458891 -0.009408123848568149
    vertex 0.006624581806852356 0.08896362496495382 -0.00749098897905482
  endloop
endfacet
facet normal 0.995336 -0.0842429 0.047014
  outer loop
    vertex 0.008767838984675072 0.06248166678371431 -0.004808845967465792
    vertex 0.009405975725923067 0.07081019921744916 -0.003395234990887381
    vertex 0.008820745950375759 0.06841962511411123 0.00471109762995097
  endloop
endfacet
facet normal 0.131808 0.0763198 -0.988333
  outer loop
    vertex 0.005199454673077986 0.1064325147374161 -0.008541994562314326
    vertex 0.003389278042593031 0.09834249691458891 -0.009408123848568149
    vertex -0.002966267567349557 0.1074823730240084 -0.009549934906526334
  endloop
endfacet
facet normal -0.994494 -0.0720309 0.0761169
  outer loop
    vertex -0.008820745950379197 0.2346824583655189 0.004711097629944532
    vertex -0.009568419713602887 0.2369559297249125 -0.002906087435769211
    vertex -0.009073061993849548 0.228744500035108 -0.004204705228165569
  endloop
endfacet
facet normal 0.69631 -0.0805363 -0.713208
  outer loop
    vertex 0.009215682353980844 0.1791232167603649 -0.003882164183870394
    vertex 0.003596681007436606 0.1787934842983399 -0.009330803059262626
    vertex 0.007332373167149556 0.1886774441904061 -0.006799728210573213
  endloop
endfacet
facet normal -0.589791 -0.00856038 -0.807511
  outer loop
    vertex -0.002477461531988834 0.1560748331415013 -0.009688249808789797
    vertex -0.002288617339219558 0.1474351618947436 -0.009734589394248922
    vertex -0.008542793153921435 0.1504054457906072 -0.005198142469124241
  endloop
endfacet
facet normal -0.82821 0.0658312 0.556538
  outer loop
    vertex -0.007818314824680333 0.03872983346207417 0.006234898018587291
    vertex -0.005950033000798302 0.04699736879711523 0.008037232564098861
    vertex -0.009720304411351511 0.04765653457598854 0.002348548945766376
  endloop
endfacet
facet normal -0.962231 -0.25211 -0.102721
  outer loop
    vertex -0.008820745950369432 0.1990547083830744 0.004711097629962818
    vertex -0.009995016788112092 0.2053274503485759 0.000315657100914044
    vertex -0.008036349744294437 0.2004052021721856 -0.00595122531814909
  endloop
endfacet
facet normal -0.427329 0.125174 -0.895389
  outer loop
    vertex -0.0001059241645162092 0.07102073977516847 -0.009999438987831845
    vertex -0.007270247106288331 0.06897578477562644 -0.006866112947913553
    vertex -0.008666466093246776 0.07763496185580737 -0.004989224935258378
  endloop
endfacet
facet normal -0.832572 -0.0681478 0.549709
  outer loop
    vertex -0.009748541417578199 0.2912640335897895 0.002228438967026574
    vertex -0.005957143991462557 0.2917577056019385 0.008031963363025354
    vertex -0.007818314824680333 0.3 0.006234898018587291
  endloop
endfacet
facet normal -0.434312 -0.0452904 -0.899623
  outer loop
    vertex -0.008036349744294437 0.2004052021721856 -0.00595122531814909
    vertex -0.007451521343809359 0.209053386253713 -0.006668945168671998
    vertex 6.41932613441278e-05 0.2031436520903007 -0.009999793959137259
  endloop
endfacet
facet normal -0.622356 0.0144248 -0.782601
  outer loop
    vertex -0.002181477621294212 0.1649980143883119 -0.00975915751424233
    vertex -0.002477461531988834 0.1560748331415013 -0.009688249808789797
    vertex -0.008940526785338156 0.1598152355681761 -0.004479618376675738
  endloop
endfacet
facet normal 0.349714 -0.0306038 -0.936357
  outer loop
    vertex 6.41932613441278e-05 0.2031436520903007 -0.009999793959137259
    vertex 0.006855488580428554 0.1975418517800764 -0.007280266226149542
    vertex -0.0006020978737233465 0.1949810565476856 -0.009981857449916715
  endloop
endfacet
facet normal 0.848644 -0.0689192 0.524456
  outer loop
    vertex 0.007818314824680294 0.3 0.006234898018587341
    vertex 0.006038652735139628 0.291296174588016 0.007970864014922766
    vertex 0.009855949319385693 0.290514580346086 0.00169123121237183
  endloop
endfacet
facet normal 0.820721 0.062627 0.567886
  outer loop
    vertex 0.009661508750892714 0.04771869002305582 0.002579776861750552
    vertex 0.005928888025255236 0.04700592417394676 0.008052843397458135
    vertex 0.007818314824680294 0.03872983346207417 0.006234898018587341
  endloop
endfacet
facet normal 0.454724 0.0992745 -0.885082
  outer loop
    vertex 0.007902871831820061 0.2452687881898322 -0.006127366221291577
    vertex 0.001432910976558691 0.2412977851043215 -0.009896805855085651
    vertex -0.0008592367810075695 0.2512065865605398 -0.009963017221412586
  endloop
endfacet
facet normal -0.98739 0.0973043 -0.124874
  outer loop
    vertex -0.008542793153921435 0.1504054457906072 -0.005198142469124241
    vertex -0.009830650922415678 0.1463597661210287 0.001832567172468114
    vertex -0.009177998739728768 0.155726121205055 0.003970433116618029
  endloop
endfacet
facet normal 0.672763 0.0817659 -0.735326
  outer loop
    vertex 0.006624581806852356 0.08896362496495382 -0.00749098897905482
    vertex 0.003389278042593031 0.09834249691458891 -0.009408123848568149
    vertex 0.009299648571954224 0.1012574967793321 -0.003676484249680635
  endloop
endfacet
facet normal 0.350097 -0.0319152 -0.93617
  outer loop
    vertex -0.0006020978737233465 0.1949810565476856 -0.009981857449916715
    vertex 0.006855488580428554 0.1975418517800764 -0.007280266226149542
    vertex 0.007332373167149556 0.1886774441904061 -0.006799728210573213
  endloop
endfacet
facet normal 0.858718 -0.00781674 -0.512389
  outer loop
    vertex 0.006729954766644005 0.2852304405414382 -0.007396465969564495
    vertex 0.0097368809724254 0.2800989782716793 -0.0022788481583511
    vertex 0.006537354059949955 0.275265806957783 -0.007567232115830454
  endloop
endfacet
facet normal 0.974789 -0.128569 -0.182363
  outer loop
    vertex 0.007786654751583933 0.04606264487540112 -0.006274393020813677
    vertex 0.009483190046849981 0.05452674327482111 -0.003173185550094016
    vertex 0.009661508750892714 0.04771869002305582 0.002579776861750552
  endloop
endfacet
facet normal 0.432099 0.090607 0.897263
  outer loop
    vertex -2.449293598294706e-18 0.3 0.01
    vertex 0.006038652735139628 0.291296174588016 0.007970864014922766
    vertex 0.007818314824680294 0.3 0.006234898018587341
  endloop
endfacet
facet normal 0.715073 -0.0857243 -0.693774
  outer loop
    vertex 0.009299648571954224 0.1012574967793321 -0.003676484249680635
    vertex 0.003389278042593031 0.09834249691458891 -0.009408123848568149
    vertex 0.005199454673077986 0.1064325147374161 -0.008541994562314326
  endloop
endfacet
facet normal 0.753722 0.0875699 -0.651333
  outer loop
    vertex 0.004647453495295959 0.05389198939715433 -0.008854443856564984
    vertex 0.009483190046849981 0.05452674327482111 -0.003173185550094016
    vertex 0.007786654751583933 0.04606264487540112 -0.006274393020813677
  endloop
endfacet
facet normal -0.4318 -0.0978918 0.896642
  outer loop
    vertex -2.449293598294706e-18 0.03872983346207417 0.01
    vertex -0.005950033000798302 0.04699736879711523 0.008037232564098861
    vertex -0.007818314824680333 0.03872983346207417 0.006234898018587291
  endloop
endfacet
facet normal 0.431779 -0.098374 0.896599
  outer loop
    vertex 0.007818314824680294 0.03872983346207417 0.006234898018587341
    vertex 0.005928888025255236 0.04700592417394676 0.008052843397458135
    vertex -2.449293598294706e-18 0.03872983346207417 0.01
  endloop
endfacet
facet normal -0.431796 0.09799 0.896633
  outer loop
    vertex -0.007818314824680333 0.3 0.006234898018587291
    vertex -0.005957143991462557 0.2917577056019385 0.008031963363025354
    vertex -2.449293598294706e-18 0.3 0.01
  endloop
endfacet
facet normal 0.114125 -0.217443 -0.969378
  outer loop
    vertex -0.003591624493711123 0.1750293984237134 -0.009332750585769146
    vertex 0.003596681007436606 0.1787934842983399 -0.009330803059262626
    vertex 0.007004936401545804 0.1708003228636156 -0.00713658643962914
  endloop
endfacet
facet normal -0.626333 0.0863994 -0.774753
  outer loop
    vertex -0.00189546635067756 0.2239610508000612 -0.009818717192864305
    vertex -0.003429436000292883 0.216653309865265 -0.009393559959881831
    vertex -0.008898570471448245 0.2203275976252892 -0.004562394499017962
  endloop
endfacet
facet normal -0.945176 0.0369897 -0.324461
  outer loop
    vertex -0.008036349744294437 0.2004052021721856 -0.00595122531814909
    vertex -0.009995016788112092 0.2053274503485759 0.000315657100914044
    vertex -0.007451521343809359 0.209053386253713 -0.006668945168671998
  endloop
endfacet
facet normal 0.882744 0.0411367 -0.468051
  outer loop
    vertex 0.006316196636361928 0.266894598994006 -0.007752784019357837
    vertex 0.00991778124244508 0.2632593865692358 -0.001279693411331212
    vertex 0.007331486443443506 0.2559406541810085 -0.006800684269219099
  endloop
endfacet
facet normal 0.993655 -0.0830344 0.0758649
  outer loop
    vertex 0.009046847361853818 0.2057790251207889 -0.004260815979518316
    vertex 0.009565621828350008 0.2132164395780557 -0.002915283697514505
    vertex 0.008773156817970019 0.2107815156766844 0.004799137364913216
  endloop
endfacet
facet normal 0.727833 0.0725977 -0.681901
  outer loop
    vertex 0.00351897354824651 0.2132994474788918 -0.009360385951804625
    vertex 0.009565621828350008 0.2132164395780557 -0.002915283697514505
    vertex 0.009046847361853818 0.2057790251207889 -0.004260815979518316
  endloop
endfacet
facet normal 0.136603 0.00829895 -0.990591
  outer loop
    vertex 0.004925815383079273 0.1518580402230811 -0.008702662972436633
    vertex -0.002288617339219558 0.1474351618947436 -0.009734589394248922
    vertex -0.002477461531988834 0.1560748331415013 -0.009688249808789797
  endloop
endfacet
facet normal 0.0248313 -0.0469039 -0.998591
  outer loop
    vertex -0.002084175076050831 0.1853579604612476 -0.009780399493495575
    vertex 0.003596681007436606 0.1787934842983399 -0.009330803059262626
    vertex -0.003591624493711123 0.1750293984237134 -0.009332750585769146
  endloop
endfacet
facet normal 0.726206 -0.0835107 -0.682386
  outer loop
    vertex 0.008923090750613785 0.2206945408365955 -0.004514249822097881
    vertex 0.009565621828350008 0.2132164395780557 -0.002915283697514505
    vertex 0.00351897354824651 0.2132994474788918 -0.009360385951804625
  endloop
endfacet
facet normal -0.637148 0.0617693 -0.768263
  outer loop
    vertex -0.008898570471448245 0.2203275976252892 -0.004562394499017962
    vertex -0.003429436000292883 0.216653309865265 -0.009393559959881831
    vertex -0.007451521343809359 0.209053386253713 -0.006668945168671998
  endloop
endfacet
facet normal 0.689893 0.0972473 -0.717349
  outer loop
    vertex 0.007004936401545804 0.1708003228636156 -0.00713658643962914
    vertex 0.003596681007436606 0.1787934842983399 -0.009330803059262626
    vertex 0.009215682353980844 0.1791232167603649 -0.003882164183870394
  endloop
endfacet
facet normal -0.987262 0.0545223 -0.149469
  outer loop
    vertex -0.00936780544611298 0.1401241419201525 -0.003499174348868032
    vertex -0.009830650922415678 0.1463597661210287 0.001832567172468114
    vertex -0.008542793153921435 0.1504054457906072 -0.005198142469124241
  endloop
endfacet
facet normal -0.99414 -0.102683 0.0337901
  outer loop
    vertex -0.008781801606991504 0.1371761931844123 0.004783300171998556
    vertex -0.009830650922415678 0.1463597661210287 0.001832567172468114
    vertex -0.00936780544611298 0.1401241419201525 -0.003499174348868032
  endloop
endfacet
facet normal 0.163754 0.670169 -0.723918
  outer loop
    vertex -0.2632563041413105 0.009201512267439855 -0.003915631748792761
    vertex -0.2537838141851198 0.009940555545378078 -0.001088740303861831
    vertex -0.252496333356741 2.449293598294706e-18 -0.01
  endloop
endfacet
facet normal 0.0812618 -0.972183 0.219676
  outer loop
    vertex -0.1385057546016718 -0.005925546497198001 0.008055302521292699
    vertex -0.1488757803009452 -0.006998518973216219 0.007142879824099843
    vertex -0.1397006396379031 -0.008883262370971361 -0.004592129097541173
  endloop
endfacet
facet normal 0.05077 0.851102 -0.52254
  outer loop
    vertex -0.04846425689673581 0.00970882935261219 -0.002395544322665723
    vertex -0.04765142485401609 0.006427961669138639 -0.007660372626712385
    vertex -0.05773140799052888 0.008425751879104538 -0.005385787340005764
  endloop
endfacet
facet normal -0.0555093 0.843643 -0.534027
  outer loop
    vertex -0.2809984254715456 0.008425751879104547 -0.005385787340005748
    vertex -0.2916622438831889 0.006134084446901999 -0.007897658387033147
    vertex -0.2902655765653387 0.009708829352612192 -0.002395544322665715
  endloop
endfacet
facet normal 0.164789 0.640242 0.75029
  outer loop
    vertex -0.1602503909573993 0.009210916288021663 0.003893458762470358
    vertex -0.1657731873911785 0.005149350836513669 0.008572291756729701
    vertex -0.1536862915190826 0.0003734311121960905 0.009993025027710278
  endloop
endfacet
facet normal 0.000489349 0.514485 -0.8575
  outer loop
    vertex -0.1693649167310372 2.449293598294706e-18 -0.01
    vertex -0.1753028750614447 0.008820745950371047 -0.004711097629959794
    vertex -0.1661377823684198 0.008824850302121552 -0.00470340484597543
  endloop
endfacet
facet normal 0.0861778 -0.450415 0.888651
  outer loop
    vertex -0.04729206050127906 -0.0004395443823065116 0.009990335366542145
    vertex -0.05687867272007735 -0.003509877441753868 0.009363800528838027
    vertex -0.04768999342159731 -0.00774444646551704 0.006326416753798365
  endloop
endfacet
facet normal -0.0852761 -0.446991 0.890465
  outer loop
    vertex -0.2911577807267324 -0.007722557151512579 0.006353118214044337
    vertex -0.2818171880349787 -0.003498030057032658 0.009368232796002461
    vertex -0.291377130837926 -0.0004344443794648461 0.009990558446911334
  endloop
endfacet
facet normal -0.148701 0.656093 -0.739885
  outer loop
    vertex -0.08623350010533345 2.449293598294706e-18 -0.01
    vertex -0.08571089454186598 0.009913231752879059 -0.001314471838310118
    vertex -0.07613965086261065 0.009232681444588971 -0.003841561315759848
  endloop
endfacet
facet normal -0.042721 0.612413 -0.789383
  outer loop
    vertex -0.1456130834094075 2.449293598294706e-18 -0.01
    vertex -0.1454963135132044 0.009684213581582949 -0.002493192192006935
    vertex -0.1365674410708964 0.009501395054995801 -0.003118251434522456
  endloop
endfacet
facet normal 0.139515 0.663897 -0.734695
  outer loop
    vertex -0.2280080309994669 0.009277614803201771 -0.003731737338480748
    vertex -0.2180582606404838 0.009920077048762419 -0.00126177309632798
    vertex -0.2168685833742967 2.449293598294706e-18 -0.01
  endloop
endfacet
facet normal 0.217193 -0.941621 0.257247
  outer loop
    vertex -0.1610418187597698 -0.005199454673077218 0.008541994562314793
    vertex -0.1711640058947096 -0.008375038617485979 0.00546431406085142
    vertex -0.1612624477262012 -0.00885392219709436 -0.004648447238358181
  endloop
endfacet
facet normal -0.0151996 -0.989025 0.146962
  outer loop
    vertex -0.1397006396379031 -0.008883262370971361 -0.004592129097541173
    vertex -0.1488757803009452 -0.006998518973216219 0.007142879824099843
    vertex -0.1513101865146169 -0.008743579986826089 -0.004852814545598699
  endloop
endfacet
facet normal -0.00427421 0.0877416 0.996134
  outer loop
    vertex -0.06619291333103665 0.005171087417558346 0.008559197095520686
    vertex -0.05687867272007735 -0.003509877441753868 0.009363800528838027
    vertex -0.05789865505995826 0.005101379248946805 0.008600926098881152
  endloop
endfacet
facet normal 0.00449771 0.0883622 0.996078
  outer loop
    vertex -0.2808311784021162 0.005101379248946343 0.008600926098881426
    vertex -0.2818171880349787 -0.003498030057032658 0.009368232796002461
    vertex -0.2726281899744885 0.00517398608859277 0.008557445176864908
  endloop
endfacet
facet normal 0.0436812 0.611736 -0.789855
  outer loop
    vertex -0.1545047694812635 0.009494884562310129 -0.003138019622055411
    vertex -0.1454963135132044 0.009684213581582949 -0.002493192192006935
    vertex -0.1456130834094075 2.449293598294706e-18 -0.01
  endloop
endfacet
facet normal -0.000374881 0.996383 -0.0849747
  outer loop
    vertex -0.1753028750614447 0.008820745950371047 -0.004711097629959794
    vertex -0.1694280178235475 0.009492872312024456 0.003144101663050904
    vertex -0.1661377823684198 0.008824850302121552 -0.00470340484597543
  endloop
endfacet
facet normal -0.0299971 -0.0549223 0.99804
  outer loop
    vertex -0.126069882868687 0.003925274873558076 0.00919740274028563
    vertex -0.1259968481455028 -0.004906467869115021 0.008713585544960347
    vertex -0.115905584295642 -0.004247391851005827 0.009053157596331199
  endloop
endfacet
facet normal 0.0607024 -0.833871 -0.548612
  outer loop
    vertex -0.05714734863861905 -0.008624470868256677 -0.005061472339407962
    vertex -0.04742405875416852 -0.005967301747445063 -0.00802441959614146
    vertex -0.04813437861408047 -0.009700648494744297 -0.002428460166734308
  endloop
endfacet
facet normal -0.0611114 -0.834497 -0.547612
  outer loop
    vertex -0.290541927575302 -0.009703388373471325 -0.002417489208576024
    vertex -0.291298721913068 -0.005969833917660186 -0.008022535945419879
    vertex -0.2815824848234553 -0.008624470868256649 -0.005061472339408012
  endloop
endfacet
facet normal 0 0.55156 -0.834135
  outer loop
    vertex -0.2643722500175558 2.449293598294706e-18 -0.01
    vertex -0.2632563041413105 0.009201512267439855 -0.003915631748792761
    vertex -0.252496333356741 2.449293598294706e-18 -0.01
  endloop
endfacet
facet normal -0.14304 -0.0682869 0.987358
  outer loop
    vertex -0.1536862915190826 0.0003734311121960905 0.009993025027710278
    vertex -0.1657731873911785 0.005149350836513669 0.008572291756729701
    vertex -0.1610418187597698 -0.005199454673077218 0.008541994562314793
  endloop
endfacet
facet normal -0.0990415 0.988173 -0.117071
  outer loop
    vertex -0.05773140799052888 0.008425751879104538 -0.005385787340005764
    vertex -0.05383011610262785 0.009728845867293374 0.002312911172191586
    vertex -0.04846425689673581 0.00970882935261219 -0.002395544322665723
  endloop
endfacet
facet normal 0.0990415 0.988173 -0.117071
  outer loop
    vertex -0.2902655765653387 0.009708829352612192 -0.002395544322665715
    vertex -0.2848997173594467 0.009728845867293315 0.002312911172191828
    vertex -0.2809984254715456 0.008425751879104547 -0.005385787340005748
  endloop
endfacet
facet normal 0.0123513 0.0800996 0.99671
  outer loop
    vertex -0.2726281899744885 0.00517398608859277 0.008557445176864908
    vertex -0.2818171880349787 -0.003498030057032658 0.009368232796002461
    vertex -0.2708790301718962 -0.003785539554457373 0.009255792255752
  endloop
endfacet
facet normal 0 0.58659 -0.809884
  outer loop
    vertex -0.1456130834094075 2.449293598294706e-18 -0.01
    vertex -0.1365674410708964 0.009501395054995801 -0.003118251434522456
    vertex -0.1337371667485927 2.449293598294706e-18 -0.01
  endloop
endfacet
facet normal 0 0.554907 -0.831912
  outer loop
    vertex -0.08623350010533345 2.449293598294706e-18 -0.01
    vertex -0.07613965086261065 0.009232681444588971 -0.003841561315759848
    vertex -0.07435758344451864 2.449293598294706e-18 -0.01
  endloop
endfacet
facet normal -0.000900074 0.514688 -0.857377
  outer loop
    vertex -0.2049926667134818 2.449293598294706e-18 -0.01
    vertex -0.2080594051017701 0.008828156778781465 -0.004697195747385335
    vertex -0.1990547083830744 0.008820745950374343 -0.004711097629953621
  endloop
endfacet
facet normal -0.000656473 0.514864 -0.857272
  outer loop
    vertex -0.2406204166959263 2.449293598294706e-18 -0.01
    vertex -0.2443451900895259 0.008829798021756388 -0.004694109808577871
    vertex -0.2373784055971682 0.008825625000057114 -0.004701951016159871
  endloop
endfacet
facet normal -0.0834226 0.523341 0.84803
  outer loop
    vertex -0.1602503909573993 0.009210916288021663 0.003893458762470358
    vertex -0.1536862915190826 0.0003734311121960905 0.009993025027710278
    vertex -0.1492139203254774 0.008341160307201292 0.005515890202820362
  endloop
endfacet
facet normal 0 0.585747 -0.810494
  outer loop
    vertex -0.1574890000702224 2.449293598294706e-18 -0.01
    vertex -0.1545047694812635 0.009494884562310129 -0.003138019622055411
    vertex -0.1456130834094075 2.449293598294706e-18 -0.01
  endloop
endfacet
facet normal 0.000706396 0.997253 -0.0740611
  outer loop
    vertex -0.2080594051017701 0.008828156778781465 -0.004697195747385335
    vertex -0.2049926667134786 0.009423362947688436 0.003346674581750175
    vertex -0.1990547083830744 0.008820745950374343 -0.004711097629953621
  endloop
endfacet
facet normal -0.00988246 0.0817677 0.996602
  outer loop
    vertex -0.06756051131120769 -0.003734903965129208 0.009276340462233053
    vertex -0.05687867272007735 -0.003509877441753868 0.009363800528838027
    vertex -0.06619291333103665 0.005171087417558346 0.008559197095520686
  endloop
endfacet
facet normal 0 0.559833 -0.828605
  outer loop
    vertex -0.2287445000351115 2.449293598294706e-18 -0.01
    vertex -0.2280080309994669 0.009277614803201771 -0.003731737338480748
    vertex -0.2168685833742967 2.449293598294706e-18 -0.01
  endloop
endfacet
facet normal 0.000516829 0.997431 -0.0716296
  outer loop
    vertex -0.2443451900895259 0.008829798021756388 -0.004694109808577871
    vertex -0.2406204166959306 0.00940832814958021 0.003388710880234049
    vertex -0.2373784055971682 0.008825625000057114 -0.004701951016159871
  endloop
endfacet
facet normal 0.0924044 0.925813 0.366513
  outer loop
    vertex -0.0909384794039885 0.007144796965142711 0.006996561750380506
    vertex -0.08571089454186598 0.009913231752879059 -0.001314471838310118
    vertex -0.09819901080742491 0.009736529269565239 0.002280350364066758
  endloop
endfacet
facet normal 0.0172093 -0.997795 0.0640999
  outer loop
    vertex -0.1612624477262012 -0.00885392219709436 -0.004648447238358181
    vertex -0.1711640058947096 -0.008375038617485979 0.00546431406085142
    vertex -0.1762373355240956 -0.009082394808253071 -0.004184507682752853
  endloop
endfacet
facet normal -0.102441 0.561357 -0.821209
  outer loop
    vertex -0.1812408333918521 2.449293598294706e-18 -0.01
    vertex -0.1842232550994179 0.009495101980367663 -0.003137361691360769
    vertex -0.1753028750614447 0.008820745950371047 -0.004711097629959794
  endloop
endfacet
facet normal 0.00815533 -0.511633 0.859165
  outer loop
    vertex -0.08415703462108762 -0.0001512947576177623 0.009998855429313766
    vertex -0.09473927115832852 -0.0003270337008955895 0.009994651017343153
    vertex -0.08747590586768235 -0.008692207806452742 0.004944241443279447
  endloop
endfacet
facet normal 0.0115851 0.0900828 0.995867
  outer loop
    vertex -0.115905584295642 -0.004247391851005827 0.009053157596331199
    vertex -0.1094186583120381 0.005922163741824974 0.008057789809557805
    vertex -0.11744382623566 0.005774103271162158 0.008164541102471987
  endloop
endfacet
facet normal -0.0315123 0.497615 -0.866825
  outer loop
    vertex -0.1261425204587485 0.008766080791724138 -0.004812050244226996
    vertex -0.1187503910796808 0.008532639731666328 -0.005214792345778418
    vertex -0.1218612500877779 2.449293598294706e-18 -0.01
  endloop
endfacet
facet normal -0.121513 -0.97985 0.158522
  outer loop
    vertex -0.2140288623269541 -0.008227549932669888 0.005683961831805674
    vertex -0.2247202546485055 -0.006606803548399848 0.007506673489159574
    vertex -0.2228065417047041 -0.008820745950375351 -0.004711097629951734
  endloop
endfacet
facet normal 0.0592412 -0.746464 0.662784
  outer loop
    vertex -0.2538539723808777 -0.008795379175356851 0.00475828804946685
    vertex -0.2404604303319039 -0.009659256908298339 0.002588195506427364
    vertex -0.2454295046521251 -0.004361853719974051 0.008998568337549509
  endloop
endfacet
facet normal -0.0752788 0.974009 -0.213635
  outer loop
    vertex -0.09819901080742491 0.009736529269565239 0.002280350364066758
    vertex -0.08571089454186598 0.009913231752879059 -0.001314471838310118
    vertex -0.09333671886301137 0.008433540130709736 -0.005373583614656835
  endloop
endfacet
facet normal -0.113468 -0.729797 0.674182
  outer loop
    vertex -0.04768999342159731 -0.00774444646551704 0.006326416753798365
    vertex -0.05687867272007735 -0.003509877441753868 0.009363800528838027
    vertex -0.05489060762360655 -0.009451345434829511 0.003266813351192164
  endloop
endfacet
facet normal -0.0289357 -0.728112 0.684847
  outer loop
    vertex -0.115905584295642 -0.004247391851005827 0.009053157596331199
    vertex -0.1208225598941159 -0.009425773372952403 0.003339879686716492
    vertex -0.1094338791930127 -0.009080920824227959 0.004187705455748173
  endloop
endfacet
facet normal 0.11391 -0.731591 0.67216
  outer loop
    vertex -0.2842935468851147 -0.009427985791486782 0.003333629240860981
    vertex -0.2818171880349787 -0.003498030057032658 0.009368232796002461
    vertex -0.2911577807267324 -0.007722557151512579 0.006353118214044337
  endloop
endfacet
facet normal -0.0361522 0.495612 -0.867791
  outer loop
    vertex -0.06681007422961914 0.008765159716094074 -0.004813727781185976
    vertex -0.05773140799052888 0.008425751879104538 -0.005385787340005764
    vertex -0.06248166678370382 2.449293598294706e-18 -0.01
  endloop
endfacet
facet normal 0.0361777 0.495623 -0.867784
  outer loop
    vertex -0.2762481666783705 2.449293598294706e-18 -0.01
    vertex -0.2809984254715456 0.008425751879104547 -0.005385787340005748
    vertex -0.2719483641350815 0.008764425642316179 -0.004815064190673957
  endloop
endfacet
facet normal -0.229763 0.973122 0.0155915
  outer loop
    vertex -0.2080594051017701 0.008828156778781465 -0.004697195747385335
    vertex -0.2134648259251229 0.007368302654356173 0.006760777765450346
    vertex -0.2049926667134786 0.009423362947688436 0.003346674581750175
  endloop
endfacet
facet normal -0.0182025 -0.529341 -0.848214
  outer loop
    vertex -0.1612624477262012 -0.00885392219709436 -0.004648447238358181
    vertex -0.1762373355240956 -0.009082394808253071 -0.004184507682752853
    vertex -0.1693649167310372 2.449293598294706e-18 -0.01
  endloop
endfacet
facet normal 0.0340989 -0.99806 -0.0520831
  outer loop
    vertex -0.1094338791930127 -0.009080920824227959 0.004187705455748173
    vertex -0.1208225598941159 -0.009425773372952403 0.003339879686716492
    vertex -0.1154212887294769 -0.008821142245291165 -0.004710355558589983
  endloop
endfacet
facet normal -0.0729037 -0.995903 -0.0535001
  outer loop
    vertex -0.2465583750263337 -0.008820745950377682 -0.00471109762994737
    vertex -0.2404604303319039 -0.009659256908298339 0.002588195506427364
    vertex -0.2538539723808777 -0.008795379175356851 0.00475828804946685
  endloop
endfacet
facet normal -0.426988 -0.869568 0.248059
  outer loop
    vertex -0.1612624477262012 -0.00885392219709436 -0.004648447238358181
    vertex -0.1554162682504757 -0.009639486581668888 0.002660883019192215
    vertex -0.1610418187597698 -0.005199454673077218 0.008541994562314793
  endloop
endfacet
facet normal -0.204747 0.978513 0.0243156
  outer loop
    vertex -0.2443451900895259 0.008829798021756388 -0.004694109808577871
    vertex -0.2495446015253364 0.007459717189275821 0.006659776231677972
    vertex -0.2406204166959306 0.00940832814958021 0.003388710880234049
  endloop
endfacet
facet normal 0.0102318 0.741366 0.671022
  outer loop
    vertex -0.1976276559761808 0.009308937453756383 0.003652900694249932
    vertex -0.2049504276720257 0.004752756193484421 0.008798369653821978
    vertex -0.1930858286713234 0.004444487986425649 0.008958042561771969
  endloop
endfacet
facet normal -0.132487 0.179913 0.97472
  outer loop
    vertex -0.1041431358568673 -0.0006133348012583946 0.009981173298844445
    vertex -0.1094186583120381 0.005922163741824974 0.008057789809557805
    vertex -0.115905584295642 -0.004247391851005827 0.009053157596331199
  endloop
endfacet
facet normal 0.0287125 0.990809 -0.132184
  outer loop
    vertex -0.06681007422961914 0.008765159716094074 -0.004813727781185976
    vertex -0.06255124044107782 0.009639112423465587 0.002662238097502061
    vertex -0.05773140799052888 0.008425751879104538 -0.005385787340005764
  endloop
endfacet
facet normal -0.0287436 0.990811 -0.132165
  outer loop
    vertex -0.2809984254715456 0.008425751879104547 -0.005385787340005748
    vertex -0.2761785930209966 0.009639112423465514 0.002662238097502326
    vertex -0.2719483641350815 0.008764425642316179 -0.004815064190673957
  endloop
endfacet
facet normal -0.208196 0.63779 -0.741538
  outer loop
    vertex -0.252496333356741 2.449293598294706e-18 -0.01
    vertex -0.2537838141851198 0.009940555545378078 -0.001088740303861831
    vertex -0.2443451900895259 0.008829798021756388 -0.004694109808577871
  endloop
endfacet
facet normal 0.0965513 0.102607 0.990025
  outer loop
    vertex -0.115905584295642 -0.004247391851005827 0.009053157596331199
    vertex -0.11744382623566 0.005774103271162158 0.008164541102471987
    vertex -0.126069882868687 0.003925274873558076 0.00919740274028563
  endloop
endfacet
facet normal -0.187533 0.636506 -0.748126
  outer loop
    vertex -0.2168685833742967 2.449293598294706e-18 -0.01
    vertex -0.2180582606404838 0.009920077048762419 -0.00126177309632798
    vertex -0.2080594051017701 0.008828156778781465 -0.004697195747385335
  endloop
endfacet
facet normal 8.36137e-13 -0.998376 0.0569725
  outer loop
    vertex -0.2109306250438892 -0.008820745950366365 -0.00471109762996856
    vertex -0.2140288623269541 -0.008227549932669888 0.005683961831805674
    vertex -0.2228065417047041 -0.008820745950375351 -0.004711097629951734
  endloop
endfacet
facet normal 0.0239891 0.9907 -0.13393
  outer loop
    vertex -0.1261425204587485 0.008766080791724138 -0.004812050244226996
    vertex -0.1219352930336498 0.009662822923003299 0.002574850123537673
    vertex -0.1187503910796808 0.008532639731666328 -0.005214792345778418
  endloop
endfacet
facet normal 0 0.509228 -0.860631
  outer loop
    vertex -0.07435758344451864 2.449293598294706e-18 -0.01
    vertex -0.06681007422961914 0.008765159716094074 -0.004813727781185976
    vertex -0.06248166678370382 2.449293598294706e-18 -0.01
  endloop
endfacet
facet normal 0 0.509163 -0.86067
  outer loop
    vertex -0.2762481666783705 2.449293598294706e-18 -0.01
    vertex -0.2719483641350815 0.008764425642316179 -0.004815064190673957
    vertex -0.2643722500175558 2.449293598294706e-18 -0.01
  endloop
endfacet
facet normal -0.169269 -0.38992 -0.905158
  outer loop
    vertex -0.050605750122889 2.449293598294706e-18 -0.01
    vertex -0.04742405875416852 -0.005967301747445063 -0.00802441959614146
    vertex -0.05714734863861905 -0.008624470868256677 -0.005061472339407962
  endloop
endfacet
facet normal 0.169332 -0.389877 -0.905165
  outer loop
    vertex -0.2815824848234553 -0.008624470868256649 -0.005061472339408012
    vertex -0.291298721913068 -0.005969833917660186 -0.008022535945419879
    vertex -0.2881240833391852 2.449293598294706e-18 -0.01
  endloop
endfacet
facet normal 0 0.514687 -0.857378
  outer loop
    vertex -0.2406204166959263 2.449293598294706e-18 -0.01
    vertex -0.2373784055971682 0.008825625000057114 -0.004701951016159871
    vertex -0.2287445000351115 2.449293598294706e-18 -0.01
  endloop
endfacet
facet normal 0 0.509311 -0.860583
  outer loop
    vertex -0.1337371667485927 2.449293598294706e-18 -0.01
    vertex -0.1261425204587485 0.008766080791724138 -0.004812050244226996
    vertex -0.1218612500877779 2.449293598294706e-18 -0.01
  endloop
endfacet
facet normal 0 0.514616 -0.857421
  outer loop
    vertex -0.1693649167310372 2.449293598294706e-18 -0.01
    vertex -0.1661377823684198 0.008824850302121552 -0.00470340484597543
    vertex -0.1574890000702224 2.449293598294706e-18 -0.01
  endloop
endfacet
facet normal 0 0.514242 -0.857645
  outer loop
    vertex -0.2049926667134818 2.449293598294706e-18 -0.01
    vertex -0.1990547083830744 0.008820745950374343 -0.004711097629953621
    vertex -0.1931167500526669 2.449293598294706e-18 -0.01
  endloop
endfacet
facet normal 0 0.503563 -0.863958
  outer loop
    vertex -0.1099853334269631 2.449293598294706e-18 -0.01
    vertex -0.101644847361981 0.008701152286934794 -0.004928483425920129
    vertex -0.09810941676614826 2.449293598294706e-18 -0.01
  endloop
endfacet
facet normal 0 0.514242 -0.857645
  outer loop
    vertex -0.1812408333918521 2.449293598294706e-18 -0.01
    vertex -0.1753028750614447 0.008820745950371047 -0.004711097629959794
    vertex -0.1693649167310372 2.449293598294706e-18 -0.01
  endloop
endfacet
facet normal 0.059067 0.545603 -0.83596
  outer loop
    vertex -0.2719483641350815 0.008764425642316179 -0.004815064190673957
    vertex -0.2632563041413105 0.009201512267439855 -0.003915631748792761
    vertex -0.2643722500175558 2.449293598294706e-18 -0.01
  endloop
endfacet
facet normal 0.0603987 -0.325417 0.943639
  outer loop
    vertex -0.1488757803009452 -0.006998518973216219 0.007142879824099843
    vertex -0.1536862915190826 0.0003734311121960905 0.009993025027710278
    vertex -0.1610418187597698 -0.005199454673077218 0.008541994562314793
  endloop
endfacet
facet normal -0.0597266 0.545912 -0.835711
  outer loop
    vertex -0.07435758344451864 2.449293598294706e-18 -0.01
    vertex -0.07613965086261065 0.009232681444588971 -0.003841561315759848
    vertex -0.06681007422961914 0.008765159716094074 -0.004813727781185976
  endloop
endfacet
facet normal -0.0932245 0.565672 -0.819344
  outer loop
    vertex -0.1337371667485927 2.449293598294706e-18 -0.01
    vertex -0.1365674410708964 0.009501395054995801 -0.003118251434522456
    vertex -0.1261425204587485 0.008766080791724138 -0.004812050244226996
  endloop
endfacet
facet normal 0.0775638 0.567853 -0.819467
  outer loop
    vertex -0.1661377823684198 0.008824850302121552 -0.00470340484597543
    vertex -0.1545047694812635 0.009494884562310129 -0.003138019622055411
    vertex -0.1574890000702224 2.449293598294706e-18 -0.01
  endloop
endfacet
facet normal -0.00145572 -0.517775 0.855516
  outer loop
    vertex -0.08747590586768235 -0.008692207806452742 0.004944241443279447
    vertex -0.09473927115832852 -0.0003270337008955895 0.009994651017343153
    vertex -0.09810661739495875 -0.008707810892072287 0.004916709211241522
  endloop
endfacet
facet normal -0.128252 0.390721 -0.911531
  outer loop
    vertex -0.05773140799052888 0.008425751879104538 -0.005385787340005764
    vertex -0.04765142485401609 0.006427961669138639 -0.007660372626712385
    vertex -0.050605750122889 2.449293598294706e-18 -0.01
  endloop
endfacet
facet normal 0.131379 0.38838 -0.912086
  outer loop
    vertex -0.2881240833391852 2.449293598294706e-18 -0.01
    vertex -0.2916622438831889 0.006134084446901999 -0.007897658387033147
    vertex -0.2809984254715456 0.008425751879104547 -0.005385787340005748
  endloop
endfacet
facet normal 0.0590675 0.555632 -0.829327
  outer loop
    vertex -0.2373784055971682 0.008825625000057114 -0.004701951016159871
    vertex -0.2280080309994669 0.009277614803201771 -0.003731737338480748
    vertex -0.2287445000351115 2.449293598294706e-18 -0.01
  endloop
endfacet
facet normal 0.0269631 -0.752108 0.658488
  outer loop
    vertex -0.1259968481455028 -0.004906467869115021 0.008713585544960347
    vertex -0.1208225598941159 -0.009425773372952403 0.003339879686716492
    vertex -0.115905584295642 -0.004247391851005827 0.009053157596331199
  endloop
endfacet
facet normal 0.0995843 0.109863 0.988945
  outer loop
    vertex -0.2818171880349787 -0.003498030057032658 0.009368232796002461
    vertex -0.2865276786648593 0.00443881393546051 0.008960855475140842
    vertex -0.291377130837926 -0.0004344443794648461 0.009990558446911334
  endloop
endfacet
facet normal 0.13896 -0.984366 0.108228
  outer loop
    vertex -0.07859485895084628 -0.007221566651449849 0.006917295360086007
    vertex -0.08747590586768235 -0.008692207806452742 0.004944241443279447
    vertex -0.07996640054893663 -0.008714908630097265 -0.004904117409795184
  endloop
endfacet
facet normal 0.175768 0.962726 0.205581
  outer loop
    vertex -0.2080594051017701 0.008828156778781465 -0.004697195747385335
    vertex -0.2180582606404838 0.009920077048762419 -0.00126177309632798
    vertex -0.2134648259251229 0.007368302654356173 0.006760777765450346
  endloop
endfacet
facet normal -0.100064 0.110657 0.988808
  outer loop
    vertex -0.04729206050127906 -0.0004395443823065116 0.009990335366542145
    vertex -0.05214643828716074 0.004458826413482367 0.008950914311646156
    vertex -0.05687867272007735 -0.003509877441753868 0.009363800528838027
  endloop
endfacet
facet normal -0.0306392 0.494005 -0.868919
  outer loop
    vertex -0.101644847361981 0.008701152286934794 -0.004928483425920129
    vertex -0.09333671886301137 0.008433540130709736 -0.005373583614656835
    vertex -0.09810941676614826 2.449293598294706e-18 -0.01
  endloop
endfacet
facet normal 0.267793 0.626903 -0.731629
  outer loop
    vertex -0.09333671886301137 0.008433540130709736 -0.005373583614656835
    vertex -0.08571089454186598 0.009913231752879059 -0.001314471838310118
    vertex -0.08623350010533345 2.449293598294706e-18 -0.01
  endloop
endfacet
facet normal 0.019827 -0.999797 -0.00347811
  outer loop
    vertex -0.2703102083479632 -0.008820745950375256 -0.004711097629951913
    vertex -0.2643722500175424 -0.008736306568779188 0.004865896375417958
    vertex -0.27623992500487 -0.008970104138676018 0.00442009408738178
  endloop
endfacet
facet normal 0.190638 0.960401 0.203193
  outer loop
    vertex -0.2443451900895259 0.008829798021756388 -0.004694109808577871
    vertex -0.2537838141851198 0.009940555545378078 -0.001088740303861831
    vertex -0.2495446015253364 0.007459717189275821 0.006659776231677972
  endloop
endfacet
facet normal 0.00254895 -0.52124 -0.853406
  outer loop
    vertex -0.1337371667485927 2.449293598294706e-18 -0.01
    vertex -0.1271206523964771 -0.008911337176895016 -0.004537407819415042
    vertex -0.1397006396379031 -0.008883262370971361 -0.004592129097541173
  endloop
endfacet
facet normal 0.00881364 -0.99992 0.00902537
  outer loop
    vertex -0.07996640054893663 -0.008714908630097265 -0.004904117409795184
    vertex -0.08747590586768235 -0.008692207806452742 0.004944241443279447
    vertex -0.09217145843574086 -0.008820745950375358 -0.004711097629951722
  endloop
endfacet
facet normal 0.00295022 -0.542041 0.840347
  outer loop
    vertex -0.1931142326137261 -0.008689490565216472 0.004949015429053937
    vertex -0.1877035745081161 -0.0008909720632123866 0.00996022935391425
    vertex -0.1989387491517249 -0.0009624341861979984 0.009953578273025104
  endloop
endfacet
facet normal -0.00011907 -0.543675 0.839296
  outer loop
    vertex -0.1931142326137261 -0.008689490565216472 0.004949015429053937
    vertex -0.1989387491517249 -0.0009624341861979984 0.009953578273025104
    vertex -0.2047590376476463 -0.008690980702440169 0.00494639812690129
  endloop
endfacet
facet normal -0.0356562 -0.549045 0.835032
  outer loop
    vertex -0.09810661739495875 -0.008707810892072287 0.004916709211241522
    vertex -0.1041431358568673 -0.0006133348012583946 0.009981173298844445
    vertex -0.1094338791930127 -0.009080920824227959 0.004187705455748173
  endloop
endfacet
facet normal 0.0146843 -0.522457 0.852539
  outer loop
    vertex -0.09810661739495875 -0.008707810892072287 0.004916709211241522
    vertex -0.09473927115832852 -0.0003270337008955895 0.009994651017343153
    vertex -0.1041431358568673 -0.0006133348012583946 0.009981173298844445
  endloop
endfacet
facet normal -0.0665374 0.549287 -0.832981
  outer loop
    vertex -0.1099853334269631 2.449293598294706e-18 -0.01
    vertex -0.1102732037874615 0.009205243426880973 -0.003906852115433173
    vertex -0.101644847361981 0.008701152286934794 -0.004928483425920129
  endloop
endfacet
facet normal -0.0563907 -0.822022 0.566657
  outer loop
    vertex -0.1610418187597698 -0.005199454673077218 0.008541994562314793
    vertex -0.1554162682504757 -0.009639486581668888 0.002660883019192215
    vertex -0.1488757803009452 -0.006998518973216219 0.007142879824099843
  endloop
endfacet
facet normal 0.0842296 0.551827 -0.829694
  outer loop
    vertex -0.1187503910796808 0.008532639731666328 -0.005214792345778418
    vertex -0.1102732037874615 0.009205243426880973 -0.003906852115433173
    vertex -0.1099853334269631 2.449293598294706e-18 -0.01
  endloop
endfacet
facet normal 0.00012674 -0.999985 0.00544452
  outer loop
    vertex -0.1988138531578767 -0.008743579986826211 -0.004852814545598478
    vertex -0.1931142326137261 -0.008689490565216472 0.004949015429053937
    vertex -0.2047590376476463 -0.008690980702440169 0.00494639812690129
  endloop
endfacet
facet normal 0.00647685 -0.999936 0.00929687
  outer loop
    vertex -0.1988138531578767 -0.008743579986826211 -0.004852814545598478
    vertex -0.2047590376476463 -0.008690980702440169 0.00494639812690129
    vertex -0.2109306250438892 -0.008820745950366365 -0.00471109762996856
  endloop
endfacet
facet normal 0 0.514918 -0.85724
  outer loop
    vertex -0.2168685833742967 2.449293598294706e-18 -0.01
    vertex -0.2080594051017701 0.008828156778781465 -0.004697195747385335
    vertex -0.2049926667134818 2.449293598294706e-18 -0.01
  endloop
endfacet
facet normal 0 0.489142 -0.872204
  outer loop
    vertex -0.1218612500877779 2.449293598294706e-18 -0.01
    vertex -0.1187503910796808 0.008532639731666328 -0.005214792345778418
    vertex -0.1099853334269631 2.449293598294706e-18 -0.01
  endloop
endfacet
facet normal -0.00660043 0.375274 0.92689
  outer loop
    vertex -0.0909384794039885 0.007144796965142711 0.006996561750380506
    vertex -0.09473927115832852 -0.0003270337008955895 0.009994651017343153
    vertex -0.08415703462108762 -0.0001512947576177623 0.009998855429313766
  endloop
endfacet
facet normal 7.62575e-13 -0.999961 0.00881656
  outer loop
    vertex -0.2584342916871484 -0.008820745950366346 -0.004711097629968596
    vertex -0.2643722500175424 -0.008736306568779188 0.004865896375417958
    vertex -0.2703102083479632 -0.008820745950375256 -0.004711097629951913
  endloop
endfacet
facet normal 0 0.515067 -0.85715
  outer loop
    vertex -0.252496333356741 2.449293598294706e-18 -0.01
    vertex -0.2443451900895259 0.008829798021756388 -0.004694109808577871
    vertex -0.2406204166959263 2.449293598294706e-18 -0.01
  endloop
endfacet
facet normal -0.00918619 -0.509665 -0.860324
  outer loop
    vertex -0.08623350010533345 2.449293598294706e-18 -0.01
    vertex -0.07996640054893663 -0.008714908630097265 -0.004904117409795184
    vertex -0.09217145843574086 -0.008820745950375358 -0.004711097629951722
  endloop
endfacet
facet normal 0.0183083 -0.547487 0.836614
  outer loop
    vertex -0.1711640058947096 -0.008375038617485979 0.00546431406085142
    vertex -0.1707561676624098 -0.001636425619980326 0.00986519696662322
    vertex -0.1791741835374384 -0.002030154298554875 0.009791755385223795
  endloop
endfacet
facet normal -0.357859 -0.901181 0.244559
  outer loop
    vertex -0.1397006396379031 -0.008883262370971361 -0.004592129097541173
    vertex -0.1328759487140888 -0.009776048089656644 0.002104491327784626
    vertex -0.1385057546016718 -0.005925546497198001 0.008055302521292699
  endloop
endfacet
facet normal -9.59356e-13 -0.999996 0.00267881
  outer loop
    vertex -0.2465583750263337 -0.008820745950377682 -0.00471109762994737
    vertex -0.2538539723808777 -0.008795379175356851 0.00475828804946685
    vertex -0.2584342916871484 -0.008820745950366346 -0.004711097629968596
  endloop
endfacet
facet normal 0 0.480323 -0.877091
  outer loop
    vertex -0.06248166678370382 2.449293598294706e-18 -0.01
    vertex -0.05773140799052888 0.008425751879104538 -0.005385787340005764
    vertex -0.050605750122889 2.449293598294706e-18 -0.01
  endloop
endfacet
facet normal 0 0.480323 -0.877091
  outer loop
    vertex -0.2881240833391852 2.449293598294706e-18 -0.01
    vertex -0.2809984254715456 0.008425751879104547 -0.005385787340005748
    vertex -0.2762481666783705 2.449293598294706e-18 -0.01
  endloop
endfacet
facet normal -8.18975e-13 -0.514242 -0.857645
  outer loop
    vertex -0.2643722500175558 2.449293598294706e-18 -0.01
    vertex -0.2584342916871484 -0.008820745950366346 -0.004711097629968596
    vertex -0.2703102083479632 -0.008820745950375256 -0.004711097629951913
  endloop
endfacet
facet normal -0 -0.539235 -0.842155
  outer loop
    vertex -0.1693649167310372 2.449293598294706e-18 -0.01
    vertex -0.1762373355240956 -0.009082394808253071 -0.004184507682752853
    vertex -0.1812408333918521 2.449293598294706e-18 -0.01
  endloop
endfacet
facet normal 0.00731854 -0.5106 -0.859787
  outer loop
    vertex -0.2228065417047041 -0.008820745950375351 -0.004711097629951734
    vertex -0.234942297584849 -0.008737432132677062 -0.004863874970315581
    vertex -0.2287445000351115 2.449293598294706e-18 -0.01
  endloop
endfacet
facet normal 0.0330449 0.997733 -0.058617
  outer loop
    vertex -0.2406204166959306 0.00940832814958021 0.003388710880234049
    vertex -0.2321104129533022 0.009162717895721711 0.004005571215622199
    vertex -0.2373784055971682 0.008825625000057114 -0.004701951016159871
  endloop
endfacet
facet normal -0.00828319 0.189738 0.9818
  outer loop
    vertex -0.1930858286713234 0.004444487986425649 0.008958042561771969
    vertex -0.2049504276720257 0.004752756193484421 0.008798369653821978
    vertex -0.1989387491517249 -0.0009624341861979984 0.009953578273025104
  endloop
endfacet
facet normal -0.00680084 -0.510859 -0.859638
  outer loop
    vertex -0.2049926667134818 2.449293598294706e-18 -0.01
    vertex -0.1988138531578767 -0.008743579986826211 -0.004852814545598478
    vertex -0.2109306250438892 -0.008820745950366365 -0.00471109762996856
  endloop
endfacet
facet normal 0.15987 0.0702081 0.984638
  outer loop
    vertex -0.1657731873911785 0.005149350836513669 0.008572291756729701
    vertex -0.1707561676624098 -0.001636425619980326 0.00986519696662322
    vertex -0.1610418187597698 -0.005199454673077218 0.008541994562314793
  endloop
endfacet
facet normal -0.016561 -0.999495 -0.0271032
  outer loop
    vertex -0.2703102083479632 -0.008820745950375256 -0.004711097629951913
    vertex -0.27623992500487 -0.008970104138676018 0.00442009408738178
    vertex -0.2815824848234553 -0.008624470868256649 -0.005061472339408012
  endloop
endfacet
facet normal -0.203636 -0.968111 0.145923
  outer loop
    vertex -0.07996640054893663 -0.008714908630097265 -0.004904117409795184
    vertex -0.07045782942780036 -0.00950951535245783 0.003093399062741317
    vertex -0.07859485895084628 -0.007221566651449849 0.006917295360086007
  endloop
endfacet
facet normal 1.04194e-12 -0.514242 -0.857645
  outer loop
    vertex -0.252496333356741 2.449293598294706e-18 -0.01
    vertex -0.2465583750263337 -0.008820745950377682 -0.00471109762994737
    vertex -0.2584342916871484 -0.008820745950366346 -0.004711097629968596
  endloop
endfacet
facet normal 0.0151074 -0.997246 -0.0726073
  outer loop
    vertex -0.05714734863861905 -0.008624470868256677 -0.005061472339407962
    vertex -0.06182765869609855 -0.009326555681956531 0.003607680572246434
    vertex -0.06841962511411123 -0.008820745950375301 -0.004711097629951829
  endloop
endfacet
facet normal -0 -0.314441 -0.949277
  outer loop
    vertex -0.2881240833391852 2.449293598294706e-18 -0.01
    vertex -0.291298721913068 -0.005969833917660186 -0.008022535945419879
    vertex -0.3 2.449293598294706e-18 -0.01
  endloop
endfacet
facet normal -0 -0.314291 -0.949327
  outer loop
    vertex -0.03872983346207417 2.449293598294706e-18 -0.01
    vertex -0.04742405875416852 -0.005967301747445063 -0.00802441959614146
    vertex -0.050605750122889 2.449293598294706e-18 -0.01
  endloop
endfacet
facet normal -8.26021e-13 -0.514242 -0.857645
  outer loop
    vertex -0.2168685833742967 2.449293598294706e-18 -0.01
    vertex -0.2109306250438892 -0.008820745950366365 -0.00471109762996856
    vertex -0.2228065417047041 -0.008820745950375351 -0.004711097629951734
  endloop
endfacet
facet normal -0.00603435 -0.537619 0.843166
  outer loop
    vertex -0.1820785878304761 -0.008616966420665305 0.005074237844753295
    vertex -0.1877035745081161 -0.0008909720632123866 0.00996022935391425
    vertex -0.1931142326137261 -0.008689490565216472 0.004949015429053937
  endloop
endfacet
facet normal -0.00674674 -0.999933 0.00944106
  outer loop
    vertex -0.1871787917222595 -0.008820745950375353 -0.00471109762995173
    vertex -0.1931142326137261 -0.008689490565216472 0.004949015429053937
    vertex -0.1988138531578767 -0.008743579986826211 -0.004852814545598478
  endloop
endfacet
facet normal -0.00863588 -0.518889 -0.854798
  outer loop
    vertex -0.1154212887294769 -0.008821142245291165 -0.004710355558589983
    vertex -0.1271206523964771 -0.008911337176895016 -0.004537407819415042
    vertex -0.1218612500877779 2.449293598294706e-18 -0.01
  endloop
endfacet
facet normal 0.0202602 -0.097995 0.994981
  outer loop
    vertex -0.2363601315094237 -0.004804328585400038 0.008770315093741392
    vertex -0.2433050708895535 0.002640829670641643 0.009644999670848038
    vertex -0.2454295046521251 -0.004361853719974051 0.008998568337549509
  endloop
endfacet
facet normal 0.0180218 -0.505207 -0.86281
  outer loop
    vertex -0.2703102083479632 -0.008820745950375256 -0.004711097629951913
    vertex -0.2815824848234553 -0.008624470868256649 -0.005061472339408012
    vertex -0.2762481666783705 2.449293598294706e-18 -0.01
  endloop
endfacet
facet normal -0.0180218 -0.505207 -0.86281
  outer loop
    vertex -0.06248166678370382 2.449293598294706e-18 -0.01
    vertex -0.05714734863861905 -0.008624470868256677 -0.005061472339407962
    vertex -0.06841962511411123 -0.008820745950375301 -0.004711097629951829
  endloop
endfacet
facet normal -0.00722789 -0.999947 0.00727377
  outer loop
    vertex -0.09217145843574086 -0.008820745950375358 -0.004711097629951722
    vertex -0.09810661739495875 -0.008707810892072287 0.004916709211241522
    vertex -0.1037889096702434 -0.008737877346415861 -0.004863075105218148
  endloop
endfacet
facet normal 0.0501552 0.994857 -0.0880023
  outer loop
    vertex -0.2761785930209966 0.009639112423465514 0.002662238097502326
    vertex -0.2672802369283563 0.009283756908256509 0.003716430770026472
    vertex -0.2719483641350815 0.008764425642316179 -0.004815064190673957
  endloop
endfacet
facet normal 0.00971486 -0.509399 -0.860475
  outer loop
    vertex -0.06841962511411123 -0.008820745950375301 -0.004711097629951829
    vertex -0.07996640054893663 -0.008714908630097265 -0.004904117409795184
    vertex -0.07435758344451864 2.449293598294706e-18 -0.01
  endloop
endfacet
facet normal 0.0236152 0.987916 -0.153179
  outer loop
    vertex -0.101644847361981 0.008701152286934794 -0.004928483425920129
    vertex -0.09819901080742491 0.009736529269565239 0.002280350364066758
    vertex -0.09333671886301137 0.008433540130709736 -0.005373583614656835
  endloop
endfacet
facet normal -0 -0.522618 -0.852567
  outer loop
    vertex -0.1218612500877779 2.449293598294706e-18 -0.01
    vertex -0.1271206523964771 -0.008911337176895016 -0.004537407819415042
    vertex -0.1337371667485927 2.449293598294706e-18 -0.01
  endloop
endfacet
facet normal 0.00637209 -0.999827 0.0175002
  outer loop
    vertex -0.1871787917222595 -0.008820745950375353 -0.00471109762995173
    vertex -0.1820785878304761 -0.008616966420665305 0.005074237844753295
    vertex -0.1931142326137261 -0.008689490565216472 0.004949015429053937
  endloop
endfacet
facet normal -0.208731 -0.439127 0.873841
  outer loop
    vertex -0.2529165928819129 0.001074573429572822 0.009942096959115623
    vertex -0.2538539723808777 -0.008795379175356851 0.00475828804946685
    vertex -0.2454295046521251 -0.004361853719974051 0.008998568337549509
  endloop
endfacet
facet normal -0.0152548 0.759266 0.650601
  outer loop
    vertex -0.2049926667134786 0.009423362947688436 0.003346674581750175
    vertex -0.2049504276720257 0.004752756193484421 0.008798369653821978
    vertex -0.1976276559761808 0.009308937453756383 0.003652900694249932
  endloop
endfacet
facet normal 0.0646376 0.993571 0.0929429
  outer loop
    vertex -0.1492139203254774 0.008341160307201292 0.005515890202820362
    vertex -0.1545047694812635 0.009494884562310129 -0.003138019622055411
    vertex -0.1602503909573993 0.009210916288021663 0.003893458762470358
  endloop
endfacet
facet normal 0.0498093 -0.0705817 0.996262
  outer loop
    vertex -0.2361418276051148 0.003544195624307129 0.009350865060337584
    vertex -0.2433050708895535 0.002640829670641643 0.009644999670848038
    vertex -0.2363601315094237 -0.004804328585400038 0.008770315093741392
  endloop
endfacet
facet normal 0.287868 -0.933402 0.214228
  outer loop
    vertex -0.2247202546485055 -0.006606803548399848 0.007506673489159574
    vertex -0.2309730634810166 -0.009701685795508754 0.002424312835676058
    vertex -0.2228065417047041 -0.008820745950375351 -0.004711097629951734
  endloop
endfacet
facet normal -0 -0.514242 -0.857645
  outer loop
    vertex -0.2643722500175558 2.449293598294706e-18 -0.01
    vertex -0.2703102083479632 -0.008820745950375256 -0.004711097629951913
    vertex -0.2762481666783705 2.449293598294706e-18 -0.01
  endloop
endfacet
facet normal -0 -0.514242 -0.857645
  outer loop
    vertex -0.06248166678370382 2.449293598294706e-18 -0.01
    vertex -0.06841962511411123 -0.008820745950375301 -0.004711097629951829
    vertex -0.07435758344451864 2.449293598294706e-18 -0.01
  endloop
endfacet
facet normal -0.0374177 0.997651 -0.057379
  outer loop
    vertex -0.1753028750614447 0.008820745950371047 -0.004711097629959794
    vertex -0.1778772278622962 0.00921809675016692 0.003876427776260262
    vertex -0.1694280178235475 0.009492872312024456 0.003144101663050904
  endloop
endfacet
facet normal 0.0363131 0.996911 -0.0696374
  outer loop
    vertex -0.1694280178235475 0.009492872312024456 0.003144101663050904
    vertex -0.1602503909573993 0.009210916288021663 0.003893458762470358
    vertex -0.1661377823684198 0.008824850302121552 -0.00470340484597543
  endloop
endfacet
facet normal -0.00764839 -0.510435 -0.859882
  outer loop
    vertex -0.2406204166959263 2.449293598294706e-18 -0.01
    vertex -0.234942297584849 -0.008737432132677062 -0.004863874970315581
    vertex -0.2465583750263337 -0.008820745950377682 -0.00471109762994737
  endloop
endfacet
facet normal 0.00760754 -0.510455 -0.859871
  outer loop
    vertex -0.09217145843574086 -0.008820745950375358 -0.004711097629951722
    vertex -0.1037889096702434 -0.008737877346415861 -0.004863075105218148
    vertex -0.09810941676614826 2.449293598294706e-18 -0.01
  endloop
endfacet
facet normal -0.00763007 -0.510801 -0.859665
  outer loop
    vertex -0.1037889096702434 -0.008737877346415861 -0.004863075105218148
    vertex -0.1154212887294769 -0.008821142245291165 -0.004710355558589983
    vertex -0.1099853334269631 2.449293598294706e-18 -0.01
  endloop
endfacet
facet normal -0 -0.496917 -0.867798
  outer loop
    vertex -0.2762481666783705 2.449293598294706e-18 -0.01
    vertex -0.2815824848234553 -0.008624470868256649 -0.005061472339408012
    vertex -0.2881240833391852 2.449293598294706e-18 -0.01
  endloop
endfacet
facet normal -0 -0.496917 -0.867798
  outer loop
    vertex -0.050605750122889 2.449293598294706e-18 -0.01
    vertex -0.05714734863861905 -0.008624470868256677 -0.005061472339407962
    vertex -0.06248166678370382 2.449293598294706e-18 -0.01
  endloop
endfacet
facet normal -0.0501261 0.994881 -0.0877479
  outer loop
    vertex -0.06681007422961914 0.008765159716094074 -0.004813727781185976
    vertex -0.07144959653371537 0.009283756908220623 0.003716430770116119
    vertex -0.06255124044107782 0.009639112423465587 0.002662238097502061
  endloop
endfacet
facet normal -0.0119254 -0.513515 -0.857998
  outer loop
    vertex -0.1513101865146169 -0.008743579986826089 -0.004852814545598699
    vertex -0.1612624477262012 -0.00885392219709436 -0.004648447238358181
    vertex -0.1574890000702224 2.449293598294706e-18 -0.01
  endloop
endfacet
facet normal 0.00708435 -0.510717 -0.85972
  outer loop
    vertex -0.1871787917222595 -0.008820745950375353 -0.00471109762995173
    vertex -0.1988138531578767 -0.008743579986826211 -0.004852814545598478
    vertex -0.1931167500526669 2.449293598294706e-18 -0.01
  endloop
endfacet
facet normal 0.0130853 -0.513581 -0.857942
  outer loop
    vertex -0.1397006396379031 -0.008883262370971361 -0.004592129097541173
    vertex -0.1513101865146169 -0.008743579986826089 -0.004852814545598699
    vertex -0.1456130834094075 2.449293598294706e-18 -0.01
  endloop
endfacet
facet normal -0.0144308 0.123453 0.992246
  outer loop
    vertex -0.1791741835374384 -0.002030154298554875 0.009791755385223795
    vertex -0.1707561676624098 -0.001636425619980326 0.00986519696662322
    vertex -0.1739265333106708 0.004147158931534626 0.009099509481098011
  endloop
endfacet
facet normal -0 -0.514242 -0.857645
  outer loop
    vertex -0.252496333356741 2.449293598294706e-18 -0.01
    vertex -0.2584342916871484 -0.008820745950366346 -0.004711097629968596
    vertex -0.2643722500175558 2.449293598294706e-18 -0.01
  endloop
endfacet
facet normal 0.0180546 0.997954 -0.0613292
  outer loop
    vertex -0.2049926667134786 0.009423362947688436 0.003346674581750175
    vertex -0.1976276559761808 0.009308937453756383 0.003652900694249932
    vertex -0.1990547083830744 0.008820745950374343 -0.004711097629953621
  endloop
endfacet
facet normal -0 -0.514242 -0.857645
  outer loop
    vertex -0.2406204166959263 2.449293598294706e-18 -0.01
    vertex -0.2465583750263337 -0.008820745950377682 -0.00471109762994737
    vertex -0.252496333356741 2.449293598294706e-18 -0.01
  endloop
endfacet
facet normal -0 -0.514242 -0.857645
  outer loop
    vertex -0.08623350010533345 2.449293598294706e-18 -0.01
    vertex -0.09217145843574086 -0.008820745950375358 -0.004711097629951722
    vertex -0.09810941676614826 2.449293598294706e-18 -0.01
  endloop
endfacet
facet normal -0.0144687 -0.673962 0.738624
  outer loop
    vertex -0.2643722500175424 -0.008736306568779188 0.004865896375417958
    vertex -0.2708790301718962 -0.003785539554457373 0.009255792255752
    vertex -0.27623992500487 -0.008970104138676018 0.00442009408738178
  endloop
endfacet
facet normal -0 -0.514278 -0.857623
  outer loop
    vertex -0.1099853334269631 2.449293598294706e-18 -0.01
    vertex -0.1154212887294769 -0.008821142245291165 -0.004710355558589983
    vertex -0.1218612500877779 2.449293598294706e-18 -0.01
  endloop
endfacet
facet normal -0 -0.517279 -0.855817
  outer loop
    vertex -0.1574890000702224 2.449293598294706e-18 -0.01
    vertex -0.1612624477262012 -0.00885392219709436 -0.004648447238358181
    vertex -0.1693649167310372 2.449293598294706e-18 -0.01
  endloop
endfacet
facet normal -0 -0.514242 -0.857645
  outer loop
    vertex -0.2168685833742967 2.449293598294706e-18 -0.01
    vertex -0.2228065417047041 -0.008820745950375351 -0.004711097629951734
    vertex -0.2287445000351115 2.449293598294706e-18 -0.01
  endloop
endfacet
facet normal -0 -0.514242 -0.857645
  outer loop
    vertex -0.2049926667134818 2.449293598294706e-18 -0.01
    vertex -0.2109306250438892 -0.008820745950366365 -0.00471109762996856
    vertex -0.2168685833742967 2.449293598294706e-18 -0.01
  endloop
endfacet
facet normal -0 -0.519994 -0.85417
  outer loop
    vertex -0.1337371667485927 2.449293598294706e-18 -0.01
    vertex -0.1397006396379031 -0.008883262370971361 -0.004592129097541173
    vertex -0.1456130834094075 2.449293598294706e-18 -0.01
  endloop
endfacet
facet normal -0 -0.514242 -0.857645
  outer loop
    vertex -0.1812408333918521 2.449293598294706e-18 -0.01
    vertex -0.1871787917222595 -0.008820745950375353 -0.00471109762995173
    vertex -0.1931167500526669 2.449293598294706e-18 -0.01
  endloop
endfacet
facet normal 0.0480135 -0.106248 0.99318
  outer loop
    vertex -0.2454295046521251 -0.004361853719974051 0.008998568337549509
    vertex -0.2433050708895535 0.002640829670641643 0.009644999670848038
    vertex -0.2529165928819129 0.001074573429572822 0.009942096959115623
  endloop
endfacet
facet normal 0 0.480958 -0.876744
  outer loop
    vertex -0.09810941676614826 2.449293598294706e-18 -0.01
    vertex -0.09333671886301137 0.008433540130709736 -0.005373583614656835
    vertex -0.08623350010533345 2.449293598294706e-18 -0.01
  endloop
endfacet
facet normal -0.0464635 -0.99799 0.0431021
  outer loop
    vertex -0.2047590376476463 -0.008690980702440169 0.00494639812690129
    vertex -0.2140288623269541 -0.008227549932669888 0.005683961831805674
    vertex -0.2109306250438892 -0.008820745950366365 -0.00471109762996856
  endloop
endfacet
facet normal -0.00762605 -0.995923 -0.0898847
  outer loop
    vertex -0.06841962511411123 -0.008820745950375301 -0.004711097629951829
    vertex -0.07045782942780036 -0.00950951535245783 0.003093399062741317
    vertex -0.07996640054893663 -0.008714908630097265 -0.004904117409795184
  endloop
endfacet
facet normal 0.0282264 -0.527946 -0.848809
  outer loop
    vertex -0.1812408333918521 2.449293598294706e-18 -0.01
    vertex -0.1762373355240956 -0.009082394808253071 -0.004184507682752853
    vertex -0.1871787917222595 -0.008820745950375353 -0.00471109762995173
  endloop
endfacet
facet normal 0.0709979 0.997167 -0.024856
  outer loop
    vertex -0.1753028750614447 0.008820745950371047 -0.004711097629959794
    vertex -0.1842232550994179 0.009495101980367663 -0.003137361691360769
    vertex -0.1778772278622962 0.00921809675016692 0.003876427776260262
  endloop
endfacet
facet normal 0.268625 0.618244 -0.738657
  outer loop
    vertex -0.1812408333918521 2.449293598294706e-18 -0.01
    vertex -0.189565319881471 0.006067718181963324 -0.007948760662158076
    vertex -0.1842232550994179 0.009495101980367663 -0.003137361691360769
  endloop
endfacet
facet normal -0 -0.504771 -0.863253
  outer loop
    vertex -0.07435758344451864 2.449293598294706e-18 -0.01
    vertex -0.07996640054893663 -0.008714908630097265 -0.004904117409795184
    vertex -0.08623350010533345 2.449293598294706e-18 -0.01
  endloop
endfacet
facet normal -0.185548 0.410425 -0.892818
  outer loop
    vertex -0.1990547083830744 0.008820745950374343 -0.004711097629953621
    vertex -0.189565319881471 0.006067718181963324 -0.007948760662158076
    vertex -0.1931167500526669 2.449293598294706e-18 -0.01
  endloop
endfacet
facet normal -0.0507261 0.477657 0.877081
  outer loop
    vertex -0.2529165928819129 0.001074573429572822 0.009942096959115623
    vertex -0.2433050708895535 0.002640829670641643 0.009644999670848038
    vertex -0.2495446015253364 0.007459717189275821 0.006659776231677972
  endloop
endfacet
facet normal -0 -0.506761 -0.862087
  outer loop
    vertex -0.2287445000351115 2.449293598294706e-18 -0.01
    vertex -0.234942297584849 -0.008737432132677062 -0.004863874970315581
    vertex -0.2406204166959263 2.449293598294706e-18 -0.01
  endloop
endfacet
facet normal 0.0198767 -0.997834 0.0627002
  outer loop
    vertex -0.1762373355240956 -0.009082394808253071 -0.004184507682752853
    vertex -0.1711640058947096 -0.008375038617485979 0.00546431406085142
    vertex -0.1820785878304761 -0.008616966420665305 0.005074237844753295
  endloop
endfacet
facet normal -0 -0.5068 -0.862064
  outer loop
    vertex -0.09810941676614826 2.449293598294706e-18 -0.01
    vertex -0.1037889096702434 -0.008737877346415861 -0.004863075105218148
    vertex -0.1099853334269631 2.449293598294706e-18 -0.01
  endloop
endfacet
facet normal -0 -0.507306 -0.861766
  outer loop
    vertex -0.1931167500526669 2.449293598294706e-18 -0.01
    vertex -0.1988138531578767 -0.008743579986826211 -0.004852814545598478
    vertex -0.2049926667134818 2.449293598294706e-18 -0.01
  endloop
endfacet
facet normal -0 -0.507306 -0.861766
  outer loop
    vertex -0.1456130834094075 2.449293598294706e-18 -0.01
    vertex -0.1513101865146169 -0.008743579986826089 -0.004852814545598699
    vertex -0.1574890000702224 2.449293598294706e-18 -0.01
  endloop
endfacet
facet normal 0.0611038 0.841642 -0.536568
  outer loop
    vertex -0.1918713520666356 0.009664028940167987 -0.002570319949655221
    vertex -0.189565319881471 0.006067718181963324 -0.007948760662158076
    vertex -0.1990547083830744 0.008820745950374343 -0.004711097629953621
  endloop
endfacet
facet normal 0.101165 -0.992913 -0.0623645
  outer loop
    vertex -0.2815824848234553 -0.008624470868256649 -0.005061472339408012
    vertex -0.2842935468851147 -0.009427985791486782 0.003333629240860981
    vertex -0.290541927575302 -0.009703388373471325 -0.002417489208576024
  endloop
endfacet
facet normal 0.00671144 -0.99941 -0.0336938
  outer loop
    vertex -0.1037889096702434 -0.008737877346415861 -0.004863075105218148
    vertex -0.1094338791930127 -0.009080920824227959 0.004187705455748173
    vertex -0.1154212887294769 -0.008821142245291165 -0.004710355558589983
  endloop
endfacet
facet normal 0.00191446 0.989747 -0.142818
  outer loop
    vertex -0.1219352930336498 0.009662822923003299 0.002574850123537673
    vertex -0.1141355393720278 0.009653009769199273 0.002611398551685171
    vertex -0.1187503910796808 0.008532639731666328 -0.005214792345778418
  endloop
endfacet
facet normal -0.0974454 -0.992622 -0.0721475
  outer loop
    vertex -0.04813437861408047 -0.009700648494744297 -0.002428460166734308
    vertex -0.05489060762360655 -0.009451345434829511 0.003266813351192164
    vertex -0.05714734863861905 -0.008624470868256677 -0.005061472339407962
  endloop
endfacet
facet normal -0.0594348 0.994445 -0.0868707
  outer loop
    vertex -0.1261425204587485 0.008766080791724138 -0.004812050244226996
    vertex -0.1309633975818913 0.009233686179351681 0.003839145678565708
    vertex -0.1219352930336498 0.009662822923003299 0.002574850123537673
  endloop
endfacet
facet normal -0.00556109 -0.99997 0.00536863
  outer loop
    vertex -0.2584342916871484 -0.008820745950366346 -0.004711097629968596
    vertex -0.2538539723808777 -0.008795379175356851 0.00475828804946685
    vertex -0.2643722500175424 -0.008736306568779188 0.004865896375417958
  endloop
endfacet
facet normal 0.154689 0.972849 0.172151
  outer loop
    vertex -0.05383011610262785 0.009728845867293374 0.002312911172191586
    vertex -0.04617938467061983 0.007818314824680253 0.006234898018587393
    vertex -0.04846425689673581 0.00970882935261219 -0.002395544322665723
  endloop
endfacet
facet normal -0.154689 0.972849 0.172151
  outer loop
    vertex -0.2902655765653387 0.009708829352612192 -0.002395544322665715
    vertex -0.2925504487914544 0.007818314824680253 0.006234898018587393
    vertex -0.2848997173594467 0.009728845867293315 0.002312911172191828
  endloop
endfacet
facet normal 0 0.342025 -0.939691
  outer loop
    vertex -0.050605750122889 2.449293598294706e-18 -0.01
    vertex -0.04765142485401609 0.006427961669138639 -0.007660372626712385
    vertex -0.03872983346207417 2.449293598294706e-18 -0.01
  endloop
endfacet
facet normal 0 0.324218 -0.945983
  outer loop
    vertex -0.3 2.449293598294706e-18 -0.01
    vertex -0.2916622438831889 0.006134084446901999 -0.007897658387033147
    vertex -0.2881240833391852 2.449293598294706e-18 -0.01
  endloop
endfacet
facet normal 0.0333937 0.554394 0.831584
  outer loop
    vertex -0.1402629181581341 0.008712057168306562 0.004909181183879676
    vertex -0.1492139203254774 0.008341160307201292 0.005515890202820362
    vertex -0.1442742499555235 0.001483473662496678 0.00988935315845676
  endloop
endfacet
facet normal -0.0165151 0.987185 -0.158724
  outer loop
    vertex -0.06255124044107782 0.009639112423465587 0.002662238097502061
    vertex -0.05383011610262785 0.009728845867293374 0.002312911172191586
    vertex -0.05773140799052888 0.008425751879104538 -0.005385787340005764
  endloop
endfacet
facet normal 0.0165151 0.987185 -0.158724
  outer loop
    vertex -0.2809984254715456 0.008425751879104547 -0.005385787340005748
    vertex -0.2848997173594467 0.009728845867293315 0.002312911172191828
    vertex -0.2761785930209966 0.009639112423465514 0.002662238097502326
  endloop
endfacet
facet normal 0.0518584 0.64297 0.764133
  outer loop
    vertex -0.1309633975818913 0.009233686179351681 0.003839145678565708
    vertex -0.1402629181581341 0.008712057168306562 0.004909181183879676
    vertex -0.1351792883864204 0.00268992807093406 0.009631421856257828
  endloop
endfacet
facet normal 0.0733851 0.437081 0.896423
  outer loop
    vertex -0.08069171746389112 0.008283100349594267 0.005602700116778635
    vertex -0.0909384794039885 0.007144796965142711 0.006996561750380506
    vertex -0.08415703462108762 -0.0001512947576177623 0.009998855429313766
  endloop
endfacet
facet normal 0.101056 0.969937 -0.221382
  outer loop
    vertex -0.03872983346207417 0.007818314824680333 -0.006234898018587291
    vertex -0.04846425689673581 0.00970882935261219 -0.002395544322665723
    vertex -0.03872983346207417 0.009749279121818217 0.002225209339563233
  endloop
endfacet
facet normal -0.101056 0.969937 -0.221382
  outer loop
    vertex -0.3 0.009749279121818217 0.002225209339563233
    vertex -0.2902655765653387 0.009708829352612192 -0.002395544322665715
    vertex -0.3 0.007818314824680333 -0.006234898018587291
  endloop
endfacet
facet normal -0.0102077 -0.676375 0.736487
  outer loop
    vertex -0.2708790301718962 -0.003785539554457373 0.009255792255752
    vertex -0.2818171880349787 -0.003498030057032658 0.009368232796002461
    vertex -0.27623992500487 -0.008970104138676018 0.00442009408738178
  endloop
endfacet
facet normal 0.131776 0.775013 0.618053
  outer loop
    vertex -0.03872983346207417 0.009749279121818217 0.002225209339563233
    vertex -0.04617938467061983 0.007818314824680253 0.006234898018587393
    vertex -0.03872983346207417 0.004338837391175535 0.009009688679024212
  endloop
endfacet
facet normal -0.131776 0.775013 0.618053
  outer loop
    vertex -0.3 0.004338837391175535 0.009009688679024212
    vertex -0.2925504487914544 0.007818314824680253 0.006234898018587393
    vertex -0.3 0.009749279121818217 0.002225209339563233
  endloop
endfacet
facet normal -0.119081 0.962831 0.242436
  outer loop
    vertex -0.04846425689673581 0.00970882935261219 -0.002395544322665723
    vertex -0.04617938467061983 0.007818314824680253 0.006234898018587393
    vertex -0.03872983346207417 0.009749279121818217 0.002225209339563233
  endloop
endfacet
facet normal 0.119081 0.962831 0.242436
  outer loop
    vertex -0.3 0.009749279121818217 0.002225209339563233
    vertex -0.2925504487914544 0.007818314824680253 0.006234898018587393
    vertex -0.2902655765653387 0.009708829352612192 -0.002395544322665715
  endloop
endfacet
facet normal -0.0788658 0.609107 0.789157
  outer loop
    vertex -0.2321104129533022 0.009162717895721711 0.004005571215622199
    vertex -0.2279643516102063 0.00227200156294369 0.00973848083111434
    vertex -0.2237499980465865 0.008394939921527641 0.00543368969614032
  endloop
endfacet
facet normal 0.00143495 -0.999919 0.0126137
  outer loop
    vertex -0.09217145843574086 -0.008820745950375358 -0.004711097629951722
    vertex -0.08747590586768235 -0.008692207806452742 0.004944241443279447
    vertex -0.09810661739495875 -0.008707810892072287 0.004916709211241522
  endloop
endfacet
facet normal -0.0255337 -0.999092 0.0341145
  outer loop
    vertex -0.1871787917222595 -0.008820745950375353 -0.00471109762995173
    vertex -0.1762373355240956 -0.009082394808253071 -0.004184507682752853
    vertex -0.1820785878304761 -0.008616966420665305 0.005074237844753295
  endloop
endfacet
facet normal -0.0770648 -0.474049 0.87712
  outer loop
    vertex -0.2186246684291485 0.0004837647578915091 0.009988291728770349
    vertex -0.2140288623269541 -0.008227549932669888 0.005683961831805674
    vertex -0.2087269180666718 -0.001248361568355061 0.009921773702048142
  endloop
endfacet
facet normal 0.013377 -0.550765 0.834553
  outer loop
    vertex -0.1989387491517249 -0.0009624341861979984 0.009953578273025104
    vertex -0.2087269180666718 -0.001248361568355061 0.009921773702048142
    vertex -0.2047590376476463 -0.008690980702440169 0.00494639812690129
  endloop
endfacet
facet normal 0.113788 -3.17773e-15 0.993505
  outer loop
    vertex -0.03872983346207417 0.004338837391175535 0.009009688679024212
    vertex -0.04729206050127906 -0.0004395443823065116 0.009990335366542145
    vertex -0.03872983346207417 -0.004338837391175594 0.009009688679024184
  endloop
endfacet
facet normal -0.113023 -3.17801e-15 0.993592
  outer loop
    vertex -0.3 -0.004338837391175594 0.009009688679024184
    vertex -0.291377130837926 -0.0004344443794648461 0.009990558446911334
    vertex -0.3 0.004338837391175535 0.009009688679024212
  endloop
endfacet
facet normal -0.0463699 0.843596 0.534973
  outer loop
    vertex -0.09819901080742491 0.009736529269565239 0.002280350364066758
    vertex -0.1015072188843286 0.00586395235018579 0.008100250788386158
    vertex -0.0909384794039885 0.007144796965142711 0.006996561750380506
  endloop
endfacet
facet normal -0.13478 0.425187 0.895014
  outer loop
    vertex -0.03872983346207417 0.004338837391175535 0.009009688679024212
    vertex -0.04617938467061983 0.007818314824680253 0.006234898018587393
    vertex -0.04729206050127906 -0.0004395443823065116 0.009990335366542145
  endloop
endfacet
facet normal 0.134162 0.4262 0.894625
  outer loop
    vertex -0.291377130837926 -0.0004344443794648461 0.009990558446911334
    vertex -0.2925504487914544 0.007818314824680253 0.006234898018587393
    vertex -0.3 0.004338837391175535 0.009009688679024212
  endloop
endfacet
facet normal 0.127972 -0.613254 0.77945
  outer loop
    vertex -0.1094338791930127 -0.009080920824227959 0.004187705455748173
    vertex -0.1041431358568673 -0.0006133348012583946 0.009981173298844445
    vertex -0.115905584295642 -0.004247391851005827 0.009053157596331199
  endloop
endfacet
facet normal -0.0163747 -0.577411 0.816289
  outer loop
    vertex -0.1711640058947096 -0.008375038617485979 0.00546431406085142
    vertex -0.1791741835374384 -0.002030154298554875 0.009791755385223795
    vertex -0.1820785878304761 -0.008616966420665305 0.005074237844753295
  endloop
endfacet
facet normal -0.063046 0.993356 0.0962755
  outer loop
    vertex -0.1842232550994179 0.009495101980367663 -0.003137361691360769
    vertex -0.1874346187638009 0.008472360419378128 0.005312166123546484
    vertex -0.1778772278622962 0.00921809675016692 0.003876427776260262
  endloop
endfacet
facet normal -0.0549572 0.586987 0.807729
  outer loop
    vertex -0.1402629181581341 0.008712057168306562 0.004909181183879676
    vertex -0.1442742499555235 0.001483473662496678 0.00988935315845676
    vertex -0.1351792883864204 0.00268992807093406 0.009631421856257828
  endloop
endfacet
facet normal -0.0157671 0.800413 0.599241
  outer loop
    vertex -0.2848997173594467 0.009728845867293315 0.002312911172191828
    vertex -0.2808311784021162 0.005101379248946343 0.008600926098881426
    vertex -0.2761785930209966 0.009639112423465514 0.002662238097502326
  endloop
endfacet
facet normal 0.0157671 0.800413 0.599241
  outer loop
    vertex -0.06255124044107782 0.009639112423465587 0.002662238097502061
    vertex -0.05789865505995826 0.005101379248946805 0.008600926098881152
    vertex -0.05383011610262785 0.009728845867293374 0.002312911172191586
  endloop
endfacet
facet normal -0.00164495 -0.991447 -0.130502
  outer loop
    vertex -0.1271206523964771 -0.008911337176895016 -0.004537407819415042
    vertex -0.1328759487140888 -0.009776048089656644 0.002104491327784626
    vertex -0.1397006396379031 -0.008883262370971361 -0.004592129097541173
  endloop
endfacet
facet normal 0.0556673 0.347296 0.936102
  outer loop
    vertex -0.0909384794039885 0.007144796965142711 0.006996561750380506
    vertex -0.1015072188843286 0.00586395235018579 0.008100250788386158
    vertex -0.09473927115832852 -0.0003270337008955895 0.009994651017343153
  endloop
endfacet
facet normal -0.0890554 0.639825 0.763343
  outer loop
    vertex -0.2672802369283563 0.009283756908256509 0.003716430770026472
    vertex -0.2643398709597118 0.00260989954093657 0.00965341516698723
    vertex -0.2585562332343438 0.008328630652433956 0.005534791003763153
  endloop
endfacet
facet normal 0.332251 -0.940633 0.0694106
  outer loop
    vertex -0.1488757803009452 -0.006998518973216219 0.007142879824099843
    vertex -0.1554162682504757 -0.009639486581668888 0.002660883019192215
    vertex -0.1513101865146169 -0.008743579986826089 -0.004852814545598699
  endloop
endfacet
facet normal 0.0718362 -0.218384 0.973215
  outer loop
    vertex -0.2279643516102063 0.00227200156294369 0.00973848083111434
    vertex -0.2363601315094237 -0.004804328585400038 0.008770315093741392
    vertex -0.2247202546485055 -0.006606803548399848 0.007506673489159574
  endloop
endfacet
facet normal 0.0814719 0.994988 0.0579723
  outer loop
    vertex -0.2321104129533022 0.009162717895721711 0.004005571215622199
    vertex -0.2237499980465865 0.008394939921527641 0.00543368969614032
    vertex -0.2280080309994669 0.009277614803201771 -0.003731737338480748
  endloop
endfacet
facet normal 0.0801072 0.535807 0.840532
  outer loop
    vertex -0.2279643516102063 0.00227200156294369 0.00973848083111434
    vertex -0.2186246684291485 0.0004837647578915091 0.009988291728770349
    vertex -0.2237499980465865 0.008394939921527641 0.00543368969614032
  endloop
endfacet
facet normal -0.00174538 0.182905 0.983129
  outer loop
    vertex -0.1877035745081161 -0.0008909720632123866 0.00996022935391425
    vertex -0.1930858286713234 0.004444487986425649 0.008958042561771969
    vertex -0.1989387491517249 -0.0009624341861979984 0.009953578273025104
  endloop
endfacet
facet normal 0.0946884 -0.400394 0.911438
  outer loop
    vertex -0.2186246684291485 0.0004837647578915091 0.009988291728770349
    vertex -0.2247202546485055 -0.006606803548399848 0.007506673489159574
    vertex -0.2140288623269541 -0.008227549932669888 0.005683961831805674
  endloop
endfacet
facet normal 0.0353831 0.730274 0.682238
  outer loop
    vertex -0.1778772278622962 0.00921809675016692 0.003876427776260262
    vertex -0.1739265333106708 0.004147158931534626 0.009099509481098011
    vertex -0.1694280178235475 0.009492872312024456 0.003144101663050904
  endloop
endfacet
facet normal -0.030674 0.987991 0.151439
  outer loop
    vertex -0.1402629181581341 0.008712057168306562 0.004909181183879676
    vertex -0.1454963135132044 0.009684213581582949 -0.002493192192006935
    vertex -0.1492139203254774 0.008341160307201292 0.005515890202820362
  endloop
endfacet
facet normal 0.106078 -0.325986 0.939404
  outer loop
    vertex -0.08415703462108762 -0.0001512947576177623 0.009998855429313766
    vertex -0.07859485895084628 -0.007221566651449849 0.006917295360086007
    vertex -0.07470288818148482 0.002213561825043736 0.009751930272859269
  endloop
endfacet
facet normal 0.0339887 -0.999283 -0.0166761
  outer loop
    vertex -0.09810661739495875 -0.008707810892072287 0.004916709211241522
    vertex -0.1094338791930127 -0.009080920824227959 0.004187705455748173
    vertex -0.1037889096702434 -0.008737877346415861 -0.004863075105218148
  endloop
endfacet
facet normal -0.0471285 0.998837 -0.0101554
  outer loop
    vertex -0.2321104129533022 0.009162717895721711 0.004005571215622199
    vertex -0.2280080309994669 0.009277614803201771 -0.003731737338480748
    vertex -0.2373784055971682 0.008825625000057114 -0.004701951016159871
  endloop
endfacet
facet normal -0.00519208 -0.991712 -0.128379
  outer loop
    vertex -0.2228065417047041 -0.008820745950375351 -0.004711097629951734
    vertex -0.2309730634810166 -0.009701685795508754 0.002424312835676058
    vertex -0.234942297584849 -0.008737432132677062 -0.004863874970315581
  endloop
endfacet
facet normal -0.0578086 0.682319 0.728766
  outer loop
    vertex -0.1309633975818913 0.009233686179351681 0.003839145678565708
    vertex -0.1351792883864204 0.00268992807093406 0.009631421856257828
    vertex -0.126069882868687 0.003925274873558076 0.00919740274028563
  endloop
endfacet
facet normal -0.0222396 -0.779057 0.626558
  outer loop
    vertex -0.2454295046521251 -0.004361853719974051 0.008998568337549509
    vertex -0.2404604303319039 -0.009659256908298339 0.002588195506427364
    vertex -0.2363601315094237 -0.004804328585400038 0.008770315093741392
  endloop
endfacet
facet normal 0.0594968 0.735782 0.6746
  outer loop
    vertex -0.1309633975818913 0.009233686179351681 0.003839145678565708
    vertex -0.126069882868687 0.003925274873558076 0.00919740274028563
    vertex -0.1219352930336498 0.009662822923003299 0.002574850123537673
  endloop
endfacet
facet normal -0.050784 0.510751 0.858228
  outer loop
    vertex -0.1492139203254774 0.008341160307201292 0.005515890202820362
    vertex -0.1536862915190826 0.0003734311121960905 0.009993025027710278
    vertex -0.1442742499555235 0.001483473662496678 0.00988935315845676
  endloop
endfacet
facet normal 0.0724143 0.378353 0.922825
  outer loop
    vertex -0.2087269180666718 -0.001248361568355061 0.009921773702048142
    vertex -0.2134648259251229 0.007368302654356173 0.006760777765450346
    vertex -0.2186246684291485 0.0004837647578915091 0.009988291728770349
  endloop
endfacet
facet normal 0.0914053 0.621879 0.777761
  outer loop
    vertex -0.08069171746389112 0.008283100349594267 0.005602700116778635
    vertex -0.07470288818148482 0.002213561825043736 0.009751930272859269
    vertex -0.07144959653371537 0.009283756908220623 0.003716430770116119
  endloop
endfacet
facet normal 0.00911187 -0.707274 0.706881
  outer loop
    vertex -0.06182765869609855 -0.009326555681956531 0.003607680572246434
    vertex -0.05687867272007735 -0.003509877441753868 0.009363800528838027
    vertex -0.06756051131120769 -0.003734903965129208 0.009276340462233053
  endloop
endfacet
facet normal -0.131621 -0.235035 0.963034
  outer loop
    vertex -0.07859485895084628 -0.007221566651449849 0.006917295360086007
    vertex -0.06756051131120769 -0.003734903965129208 0.009276340462233053
    vertex -0.07470288818148482 0.002213561825043736 0.009751930272859269
  endloop
endfacet
facet normal 0.052564 0.548054 0.83479
  outer loop
    vertex -0.2643398709597118 0.00260989954093657 0.00965341516698723
    vertex -0.2529165928819129 0.001074573429572822 0.009942096959115623
    vertex -0.2585562332343438 0.008328630652433956 0.005534791003763153
  endloop
endfacet
facet normal -0.115967 -0.472109 0.873879
  outer loop
    vertex -0.08415703462108762 -0.0001512947576177623 0.009998855429313766
    vertex -0.08747590586768235 -0.008692207806452742 0.004944241443279447
    vertex -0.07859485895084628 -0.007221566651449849 0.006917295360086007
  endloop
endfacet
facet normal -0.0315757 0.988025 0.151027
  outer loop
    vertex -0.1492139203254774 0.008341160307201292 0.005515890202820362
    vertex -0.1454963135132044 0.009684213581582949 -0.002493192192006935
    vertex -0.1545047694812635 0.009494884562310129 -0.003138019622055411
  endloop
endfacet
facet normal -0.0772779 -0.269517 0.95989
  outer loop
    vertex -0.2279643516102063 0.00227200156294369 0.00973848083111434
    vertex -0.2247202546485055 -0.006606803548399848 0.007506673489159574
    vertex -0.2186246684291485 0.0004837647578915091 0.009988291728770349
  endloop
endfacet
facet normal 0.0398413 -0.540546 0.840371
  outer loop
    vertex -0.2087269180666718 -0.001248361568355061 0.009921773702048142
    vertex -0.2140288623269541 -0.008227549932669888 0.005683961831805674
    vertex -0.2047590376476463 -0.008690980702440169 0.00494639812690129
  endloop
endfacet
facet normal 0.0548488 -0.054165 0.997024
  outer loop
    vertex -0.1351792883864204 0.00268992807093406 0.009631421856257828
    vertex -0.1259968481455028 -0.004906467869115021 0.008713585544960347
    vertex -0.126069882868687 0.003925274873558076 0.00919740274028563
  endloop
endfacet
facet normal 0.098719 -0.442002 0.891565
  outer loop
    vertex -0.3 -0.004338837391175594 0.009009688679024184
    vertex -0.2911577807267324 -0.007722557151512579 0.006353118214044337
    vertex -0.291377130837926 -0.0004344443794648461 0.009990558446911334
  endloop
endfacet
facet normal -0.022464 -0.995436 -0.0927449
  outer loop
    vertex -0.05714734863861905 -0.008624470868256677 -0.005061472339407962
    vertex -0.05489060762360655 -0.009451345434829511 0.003266813351192164
    vertex -0.06182765869609855 -0.009326555681956531 0.003607680572246434
  endloop
endfacet
facet normal -0.0566955 0.998373 -0.00600793
  outer loop
    vertex -0.1602503909573993 0.009210916288021663 0.003893458762470358
    vertex -0.1545047694812635 0.009494884562310129 -0.003138019622055411
    vertex -0.1661377823684198 0.008824850302121552 -0.00470340484597543
  endloop
endfacet
facet normal -0.0625853 0.482235 0.873803
  outer loop
    vertex -0.2529165928819129 0.001074573429572822 0.009942096959115623
    vertex -0.2495446015253364 0.007459717189275821 0.006659776231677972
    vertex -0.2585562332343438 0.008328630652433956 0.005534791003763153
  endloop
endfacet
facet normal -0.0689603 0.95869 0.275967
  outer loop
    vertex -0.08069171746389112 0.008283100349594267 0.005602700116778635
    vertex -0.08571089454186598 0.009913231752879059 -0.001314471838310118
    vertex -0.0909384794039885 0.007144796965142711 0.006996561750380506
  endloop
endfacet
facet normal -0.0465472 0.998292 -0.0352994
  outer loop
    vertex -0.2672802369283563 0.009283756908256509 0.003716430770026472
    vertex -0.2632563041413105 0.009201512267439855 -0.003915631748792761
    vertex -0.2719483641350815 0.008764425642316179 -0.004815064190673957
  endloop
endfacet
facet normal 0.104494 -0.969591 -0.221303
  outer loop
    vertex -0.03872983346207417 -0.009749279121818237 0.002225209339563139
    vertex -0.04813437861408047 -0.009700648494744297 -0.002428460166734308
    vertex -0.03872983346207417 -0.007818314824680294 -0.006234898018587341
  endloop
endfacet
facet normal -0.103933 -0.969648 -0.221316
  outer loop
    vertex -0.3 -0.007818314824680294 -0.006234898018587341
    vertex -0.290541927575302 -0.009703388373471325 -0.002417489208576024
    vertex -0.3 -0.009749279121818237 0.002225209339563139
  endloop
endfacet
facet normal 0.066523 -0.995055 -0.0737565
  outer loop
    vertex -0.27623992500487 -0.008970104138676018 0.00442009408738178
    vertex -0.2842935468851147 -0.009427985791486782 0.003333629240860981
    vertex -0.2815824848234553 -0.008624470868256649 -0.005061472339408012
  endloop
endfacet
facet normal -0.100487 0.492017 0.864767
  outer loop
    vertex -0.08069171746389112 0.008283100349594267 0.005602700116778635
    vertex -0.08415703462108762 -0.0001512947576177623 0.009998855429313766
    vertex -0.07470288818148482 0.002213561825043736 0.009751930272859269
  endloop
endfacet
facet normal 0.0066485 -0.997493 -0.0704582
  outer loop
    vertex -0.1154212887294769 -0.008821142245291165 -0.004710355558589983
    vertex -0.1208225598941159 -0.009425773372952403 0.003339879686716492
    vertex -0.1271206523964771 -0.008911337176895016 -0.004537407819415042
  endloop
endfacet
facet normal -0.0990852 -0.441812 0.891619
  outer loop
    vertex -0.04729206050127906 -0.0004395443823065116 0.009990335366542145
    vertex -0.04768999342159731 -0.00774444646551704 0.006326416753798365
    vertex -0.03872983346207417 -0.004338837391175594 0.009009688679024184
  endloop
endfacet
facet normal -0.0553175 -0.280294 0.958319
  outer loop
    vertex -0.1442742499555235 0.001483473662496678 0.00988935315845676
    vertex -0.1488757803009452 -0.006998518973216219 0.007142879824099843
    vertex -0.1385057546016718 -0.005925546497198001 0.008055302521292699
  endloop
endfacet
facet normal 0.0495188 -0.33189 0.942017
  outer loop
    vertex -0.1442742499555235 0.001483473662496678 0.00988935315845676
    vertex -0.1536862915190826 0.0003734311121960905 0.009993025027710278
    vertex -0.1488757803009452 -0.006998518973216219 0.007142879824099843
  endloop
endfacet
facet normal -0.111174 -0.776985 0.619625
  outer loop
    vertex -0.3 -0.009749279121818237 0.002225209339563139
    vertex -0.2911577807267324 -0.007722557151512579 0.006353118214044337
    vertex -0.3 -0.004338837391175594 0.009009688679024184
  endloop
endfacet
facet normal 0.0463277 0.998295 -0.0354946
  outer loop
    vertex -0.06681007422961914 0.008765159716094074 -0.004813727781185976
    vertex -0.07613965086261065 0.009232681444588971 -0.003841561315759848
    vertex -0.07144959653371537 0.009283756908220623 0.003716430770116119
  endloop
endfacet
facet normal 0.0316666 0.99075 0.131957
  outer loop
    vertex -0.1842232550994179 0.009495101980367663 -0.003137361691360769
    vertex -0.1918713520666356 0.009664028940167987 -0.002570319949655221
    vertex -0.1874346187638009 0.008472360419378128 0.005312166123546484
  endloop
endfacet
facet normal 0.100071 0.994091 0.0420491
  outer loop
    vertex -0.2672802369283563 0.009283756908256509 0.003716430770026472
    vertex -0.2585562332343438 0.008328630652433956 0.005534791003763153
    vertex -0.2632563041413105 0.009201512267439855 -0.003915631748792761
  endloop
endfacet
facet normal -0.0675555 0.464567 0.882957
  outer loop
    vertex -0.2186246684291485 0.0004837647578915091 0.009988291728770349
    vertex -0.2134648259251229 0.007368302654356173 0.006760777765450346
    vertex -0.2237499980465865 0.008394939921527641 0.00543368969614032
  endloop
endfacet
facet normal 0.0609731 0.960738 0.270676
  outer loop
    vertex -0.2134648259251229 0.007368302654356173 0.006760777765450346
    vertex -0.2180582606404838 0.009920077048762419 -0.00126177309632798
    vertex -0.2237499980465865 0.008394939921527641 0.00543368969614032
  endloop
endfacet
facet normal 0.0677351 0.997572 -0.0161744
  outer loop
    vertex -0.1261425204587485 0.008766080791724138 -0.004812050244226996
    vertex -0.1365674410708964 0.009501395054995801 -0.003118251434522456
    vertex -0.1309633975818913 0.009233686179351681 0.003839145678565708
  endloop
endfacet
facet normal 0.109779 -0.777106 0.619721
  outer loop
    vertex -0.03872983346207417 -0.004338837391175594 0.009009688679024184
    vertex -0.04768999342159731 -0.00774444646551704 0.006326416753798365
    vertex -0.03872983346207417 -0.009749279121818237 0.002225209339563139
  endloop
endfacet
facet normal 0.0542647 -0.199924 0.978308
  outer loop
    vertex -0.1442742499555235 0.001483473662496678 0.00988935315845676
    vertex -0.1385057546016718 -0.005925546497198001 0.008055302521292699
    vertex -0.1351792883864204 0.00268992807093406 0.009631421856257828
  endloop
endfacet
facet normal -0.0470921 0.995976 0.0762552
  outer loop
    vertex -0.1309633975818913 0.009233686179351681 0.003839145678565708
    vertex -0.1365674410708964 0.009501395054995801 -0.003118251434522456
    vertex -0.1402629181581341 0.008712057168306562 0.004909181183879676
  endloop
endfacet
facet normal -0.0383804 -0.165463 0.985469
  outer loop
    vertex -0.1351792883864204 0.00268992807093406 0.009631421856257828
    vertex -0.1385057546016718 -0.005925546497198001 0.008055302521292699
    vertex -0.1259968481455028 -0.004906467869115021 0.008713585544960347
  endloop
endfacet
facet normal 0.137211 0.758447 0.637127
  outer loop
    vertex -0.2925504487914544 0.007818314824680253 0.006234898018587393
    vertex -0.2865276786648593 0.00443881393546051 0.008960855475140842
    vertex -0.2848997173594467 0.009728845867293315 0.002312911172191828
  endloop
endfacet
facet normal -0.0314444 0.700681 0.712781
  outer loop
    vertex -0.2406204166959306 0.00940832814958021 0.003388710880234049
    vertex -0.2361418276051148 0.003544195624307129 0.009350865060337584
    vertex -0.2321104129533022 0.009162717895721711 0.004005571215622199
  endloop
endfacet
facet normal -0.0513885 0.0820871 0.995299
  outer loop
    vertex -0.05687867272007735 -0.003509877441753868 0.009363800528838027
    vertex -0.05214643828716074 0.004458826413482367 0.008950914311646156
    vertex -0.05789865505995826 0.005101379248946805 0.008600926098881152
  endloop
endfacet
facet normal -0.0407546 -0.783676 0.619832
  outer loop
    vertex -0.1259968481455028 -0.004906467869115021 0.008713585544960347
    vertex -0.1328759487140888 -0.009776048089656644 0.002104491327784626
    vertex -0.1208225598941159 -0.009425773372952403 0.003339879686716492
  endloop
endfacet
facet normal 0.0086797 -0.993475 -0.113715
  outer loop
    vertex -0.1513101865146169 -0.008743579986826089 -0.004852814545598699
    vertex -0.1554162682504757 -0.009639486581668888 0.002660883019192215
    vertex -0.1612624477262012 -0.00885392219709436 -0.004648447238358181
  endloop
endfacet
facet normal -0.137125 0.758559 0.637013
  outer loop
    vertex -0.05383011610262785 0.009728845867293374 0.002312911172191586
    vertex -0.05214643828716074 0.004458826413482367 0.008950914311646156
    vertex -0.04617938467061983 0.007818314824680253 0.006234898018587393
  endloop
endfacet
facet normal -0.0577527 -0.0677529 0.996029
  outer loop
    vertex -0.2279643516102063 0.00227200156294369 0.00973848083111434
    vertex -0.2361418276051148 0.003544195624307129 0.009350865060337584
    vertex -0.2363601315094237 -0.004804328585400038 0.008770315093741392
  endloop
endfacet
facet normal 0.0188228 -0.0812023 0.99652
  outer loop
    vertex -0.2708790301718962 -0.003785539554457373 0.009255792255752
    vertex -0.2603564589691243 -0.004333177887284686 0.009012411963350711
    vertex -0.2643398709597118 0.00260989954093657 0.00965341516698723
  endloop
endfacet
facet normal -0.096729 0.993882 0.053308
  outer loop
    vertex -0.07613965086261065 0.009232681444588971 -0.003841561315759848
    vertex -0.08069171746389112 0.008283100349594267 0.005602700116778635
    vertex -0.07144959653371537 0.009283756908220623 0.003716430770116119
  endloop
endfacet
facet normal 0.0532604 0.0826883 0.995151
  outer loop
    vertex -0.2808311784021162 0.005101379248946343 0.008600926098881426
    vertex -0.2865276786648593 0.00443881393546051 0.008960855475140842
    vertex -0.2818171880349787 -0.003498030057032658 0.009368232796002461
  endloop
endfacet
facet normal 0.118426 0.688596 0.71541
  outer loop
    vertex -0.2672802369283563 0.009283756908256509 0.003716430770026472
    vertex -0.2726281899744885 0.00517398608859277 0.008557445176864908
    vertex -0.2643398709597118 0.00260989954093657 0.00965341516698723
  endloop
endfacet
facet normal 0.0055602 -0.992914 -0.118707
  outer loop
    vertex -0.234942297584849 -0.008737432132677062 -0.004863874970315581
    vertex -0.2404604303319039 -0.009659256908298339 0.002588195506427364
    vertex -0.2465583750263337 -0.008820745950377682 -0.00471109762994737
  endloop
endfacet
facet normal 0.0581406 0.959566 0.275415
  outer loop
    vertex -0.2495446015253364 0.007459717189275821 0.006659776231677972
    vertex -0.2537838141851198 0.009940555545378078 -0.001088740303861831
    vertex -0.2585562332343438 0.008328630652433956 0.005534791003763153
  endloop
endfacet
facet normal -0.0420453 0.784098 0.619211
  outer loop
    vertex -0.2761785930209966 0.009639112423465514 0.002662238097502326
    vertex -0.2726281899744885 0.00517398608859277 0.008557445176864908
    vertex -0.2672802369283563 0.009283756908256509 0.003716430770026472
  endloop
endfacet
facet normal 0.0507687 0.788409 0.613053
  outer loop
    vertex -0.05789865505995826 0.005101379248946805 0.008600926098881152
    vertex -0.05214643828716074 0.004458826413482367 0.008950914311646156
    vertex -0.05383011610262785 0.009728845867293374 0.002312911172191586
  endloop
endfacet
facet normal -0.253301 0.435967 0.863581
  outer loop
    vertex -0.1877035745081161 -0.0008909720632123866 0.00996022935391425
    vertex -0.1819442571470203 0.004687724244800567 0.00883318976387969
    vertex -0.1874346187638009 0.008472360419378128 0.005312166123546484
  endloop
endfacet
facet normal 0.1159 -0.967079 0.226552
  outer loop
    vertex -0.290541927575302 -0.009703388373471325 -0.002417489208576024
    vertex -0.2911577807267324 -0.007722557151512579 0.006353118214044337
    vertex -0.3 -0.009749279121818237 0.002225209339563139
  endloop
endfacet
facet normal 0.0675716 0.66182 0.746611
  outer loop
    vertex -0.2321104129533022 0.009162717895721711 0.004005571215622199
    vertex -0.2361418276051148 0.003544195624307129 0.009350865060337584
    vertex -0.2279643516102063 0.00227200156294369 0.00973848083111434
  endloop
endfacet
facet normal 0.0216463 -0.712477 0.701362
  outer loop
    vertex -0.05489060762360655 -0.009451345434829511 0.003266813351192164
    vertex -0.05687867272007735 -0.003509877441753868 0.009363800528838027
    vertex -0.06182765869609855 -0.009326555681956531 0.003607680572246434
  endloop
endfacet
facet normal -0.0528289 0.787663 0.613838
  outer loop
    vertex -0.2848997173594467 0.009728845867293315 0.002312911172191828
    vertex -0.2865276786648593 0.00443881393546051 0.008960855475140842
    vertex -0.2808311784021162 0.005101379248946343 0.008600926098881426
  endloop
endfacet
facet normal 0.258242 0.423597 0.868261
  outer loop
    vertex -0.1874346187638009 0.008472360419378128 0.005312166123546484
    vertex -0.1930858286713234 0.004444487986425649 0.008958042561771969
    vertex -0.1877035745081161 -0.0008909720632123866 0.00996022935391425
  endloop
endfacet
facet normal 0.0627179 0.991432 0.114583
  outer loop
    vertex -0.1874346187638009 0.008472360419378128 0.005312166123546484
    vertex -0.1918713520666356 0.009664028940167987 -0.002570319949655221
    vertex -0.1976276559761808 0.009308937453756383 0.003652900694249932
  endloop
endfacet
facet normal -0.0561451 -0.700525 0.711416
  outer loop
    vertex -0.27623992500487 -0.008970104138676018 0.00442009408738178
    vertex -0.2818171880349787 -0.003498030057032658 0.009368232796002461
    vertex -0.2842935468851147 -0.009427985791486782 0.003333629240860981
  endloop
endfacet
facet normal -0.13456 0.678445 0.722223
  outer loop
    vertex -0.07470288818148482 0.002213561825043736 0.009751930272859269
    vertex -0.06619291333103665 0.005171087417558346 0.008559197095520686
    vertex -0.07144959653371537 0.009283756908220623 0.003716430770116119
  endloop
endfacet
facet normal -0.114945 -0.968208 0.222172
  outer loop
    vertex -0.03872983346207417 -0.009749279121818237 0.002225209339563139
    vertex -0.04768999342159731 -0.00774444646551704 0.006326416753798365
    vertex -0.04813437861408047 -0.009700648494744297 -0.002428460166734308
  endloop
endfacet
facet normal -0.0845661 -0.541251 0.836598
  outer loop
    vertex -0.1610418187597698 -0.005199454673077218 0.008541994562314793
    vertex -0.1707561676624098 -0.001636425619980326 0.00986519696662322
    vertex -0.1711640058947096 -0.008375038617485979 0.00546431406085142
  endloop
endfacet
facet normal -0.11414 0.055033 0.991939
  outer loop
    vertex -0.2726281899744885 0.00517398608859277 0.008557445176864908
    vertex -0.2708790301718962 -0.003785539554457373 0.009255792255752
    vertex -0.2643398709597118 0.00260989954093657 0.00965341516698723
  endloop
endfacet
facet normal -0.0590462 -0.563916 0.823718
  outer loop
    vertex -0.1820785878304761 -0.008616966420665305 0.005074237844753295
    vertex -0.1791741835374384 -0.002030154298554875 0.009791755385223795
    vertex -0.1877035745081161 -0.0008909720632123866 0.00996022935391425
  endloop
endfacet
facet normal 0.04213 0.783648 0.619774
  outer loop
    vertex -0.07144959653371537 0.009283756908220623 0.003716430770116119
    vertex -0.06619291333103665 0.005171087417558346 0.008559197095520686
    vertex -0.06255124044107782 0.009639112423465587 0.002662238097502061
  endloop
endfacet
facet normal -0.00383776 0.796034 0.60524
  outer loop
    vertex -0.2808311784021162 0.005101379248946343 0.008600926098881426
    vertex -0.2726281899744885 0.00517398608859277 0.008557445176864908
    vertex -0.2761785930209966 0.009639112423465514 0.002662238097502326
  endloop
endfacet
facet normal 0.00364408 0.795961 0.605337
  outer loop
    vertex -0.06255124044107782 0.009639112423465587 0.002662238097502061
    vertex -0.06619291333103665 0.005171087417558346 0.008559197095520686
    vertex -0.05789865505995826 0.005101379248946805 0.008600926098881152
  endloop
endfacet
facet normal -0.148744 -0.966774 0.2079
  outer loop
    vertex -0.2842935468851147 -0.009427985791486782 0.003333629240860981
    vertex -0.2911577807267324 -0.007722557151512579 0.006353118214044337
    vertex -0.290541927575302 -0.009703388373471325 -0.002417489208576024
  endloop
endfacet
facet normal 0.135905 0.642924 0.753776
  outer loop
    vertex -0.2495446015253364 0.007459717189275821 0.006659776231677972
    vertex -0.2433050708895535 0.002640829670641643 0.009644999670848038
    vertex -0.2406204166959306 0.00940832814958021 0.003388710880234049
  endloop
endfacet
facet normal -0.0916441 0.432058 -0.897177
  outer loop
    vertex -0.3 0.007818314824680333 -0.006234898018587291
    vertex -0.2916622438831889 0.006134084446901999 -0.007897658387033147
    vertex -0.3 2.449293598294706e-18 -0.01
  endloop
endfacet
facet normal 0.0761166 0.432625 -0.898355
  outer loop
    vertex -0.03872983346207417 2.449293598294706e-18 -0.01
    vertex -0.04765142485401609 0.006427961669138639 -0.007660372626712385
    vertex -0.03872983346207417 0.007818314824680333 -0.006234898018587291
  endloop
endfacet
facet normal 0.140554 -0.967741 0.209099
  outer loop
    vertex -0.04813437861408047 -0.009700648494744297 -0.002428460166734308
    vertex -0.04768999342159731 -0.00774444646551704 0.006326416753798365
    vertex -0.05489060762360655 -0.009451345434829511 0.003266813351192164
  endloop
endfacet
facet normal -0.0181884 -0.67662 0.736108
  outer loop
    vertex -0.2643722500175424 -0.008736306568779188 0.004865896375417958
    vertex -0.2603564589691243 -0.004333177887284686 0.009012411963350711
    vertex -0.2708790301718962 -0.003785539554457373 0.009255792255752
  endloop
endfacet
facet normal -0.0016482 0.820266 0.571979
  outer loop
    vertex -0.1219352930336498 0.009662822923003299 0.002574850123537673
    vertex -0.11744382623566 0.005774103271162158 0.008164541102471987
    vertex -0.1141355393720278 0.009653009769199273 0.002611398551685171
  endloop
endfacet
facet normal 0.0387361 -0.994634 -0.0959264
  outer loop
    vertex -0.1208225598941159 -0.009425773372952403 0.003339879686716492
    vertex -0.1328759487140888 -0.009776048089656644 0.002104491327784626
    vertex -0.1271206523964771 -0.008911337176895016 -0.004537407819415042
  endloop
endfacet
facet normal 0 0.320253 -0.947332
  outer loop
    vertex -0.1931167500526669 2.449293598294706e-18 -0.01
    vertex -0.189565319881471 0.006067718181963324 -0.007948760662158076
    vertex -0.1812408333918521 2.449293598294706e-18 -0.01
  endloop
endfacet
facet normal 0.234797 -0.469367 0.851214
  outer loop
    vertex -0.2529165928819129 0.001074573429572822 0.009942096959115623
    vertex -0.2603564589691243 -0.004333177887284686 0.009012411963350711
    vertex -0.2538539723808777 -0.008795379175356851 0.00475828804946685
  endloop
endfacet
facet normal 0.0280848 0.993466 0.110617
  outer loop
    vertex -0.1365674410708964 0.009501395054995801 -0.003118251434522456
    vertex -0.1454963135132044 0.009684213581582949 -0.002493192192006935
    vertex -0.1402629181581341 0.008712057168306562 0.004909181183879676
  endloop
endfacet
facet normal 0.0262321 0.727076 0.686055
  outer loop
    vertex -0.1778772278622962 0.00921809675016692 0.003876427776260262
    vertex -0.1819442571470203 0.004687724244800567 0.00883318976387969
    vertex -0.1739265333106708 0.004147158931534626 0.009099509481098011
  endloop
endfacet
facet normal 0.117448 0.0617763 0.991156
  outer loop
    vertex -0.07470288818148482 0.002213561825043736 0.009751930272859269
    vertex -0.06756051131120769 -0.003734903965129208 0.009276340462233053
    vertex -0.06619291333103665 0.005171087417558346 0.008559197095520686
  endloop
endfacet
facet normal 0.0968979 -0.749634 0.654721
  outer loop
    vertex -0.07859485895084628 -0.007221566651449849 0.006917295360086007
    vertex -0.07045782942780036 -0.00950951535245783 0.003093399062741317
    vertex -0.06756051131120769 -0.003734903965129208 0.009276340462233053
  endloop
endfacet
facet normal -0.0573708 0.689887 0.72164
  outer loop
    vertex -0.2406204166959306 0.00940832814958021 0.003388710880234049
    vertex -0.2433050708895535 0.002640829670641643 0.009644999670848038
    vertex -0.2361418276051148 0.003544195624307129 0.009350865060337584
  endloop
endfacet
facet normal -0.0933046 0.780598 0.618031
  outer loop
    vertex -0.126069882868687 0.003925274873558076 0.00919740274028563
    vertex -0.11744382623566 0.005774103271162158 0.008164541102471987
    vertex -0.1219352930336498 0.009662822923003299 0.002574850123537673
  endloop
endfacet
facet normal -0.104692 0.993694 -0.0401378
  outer loop
    vertex -0.1976276559761808 0.009308937453756383 0.003652900694249932
    vertex -0.1918713520666356 0.009664028940167987 -0.002570319949655221
    vertex -0.1990547083830744 0.008820745950374343 -0.004711097629953621
  endloop
endfacet
facet normal -0.145043 0.269492 0.952017
  outer loop
    vertex -0.2087269180666718 -0.001248361568355061 0.009921773702048142
    vertex -0.2049504276720257 0.004752756193484421 0.008798369653821978
    vertex -0.2134648259251229 0.007368302654356173 0.006760777765450346
  endloop
endfacet
facet normal 0.0259589 -0.996364 -0.0811526
  outer loop
    vertex -0.06182765869609855 -0.009326555681956531 0.003607680572246434
    vertex -0.07045782942780036 -0.00950951535245783 0.003093399062741317
    vertex -0.06841962511411123 -0.008820745950375301 -0.004711097629951829
  endloop
endfacet
facet normal 0.00357123 -0.687295 0.72637
  outer loop
    vertex -0.2538539723808777 -0.008795379175356851 0.00475828804946685
    vertex -0.2603564589691243 -0.004333177887284686 0.009012411963350711
    vertex -0.2643722500175424 -0.008736306568779188 0.004865896375417958
  endloop
endfacet
facet normal -0.0282436 0.771126 0.636055
  outer loop
    vertex -0.1694280178235475 0.009492872312024456 0.003144101663050904
    vertex -0.1657731873911785 0.005149350836513669 0.008572291756729701
    vertex -0.1602503909573993 0.009210916288021663 0.003893458762470358
  endloop
endfacet
facet normal 0.037155 -0.822594 0.567414
  outer loop
    vertex -0.1385057546016718 -0.005925546497198001 0.008055302521292699
    vertex -0.1328759487140888 -0.009776048089656644 0.002104491327784626
    vertex -0.1259968481455028 -0.004906467869115021 0.008713585544960347
  endloop
endfacet
facet normal -0.00261847 0.990015 -0.14094
  outer loop
    vertex -0.101644847361981 0.008701152286934794 -0.004928483425920129
    vertex -0.1054322935497614 0.009724578508983591 0.002330788026100717
    vertex -0.09819901080742491 0.009736529269565239 0.002280350364066758
  endloop
endfacet
facet normal 0.0775274 0.757424 0.648304
  outer loop
    vertex -0.2134648259251229 0.007368302654356173 0.006760777765450346
    vertex -0.2049504276720257 0.004752756193484421 0.008798369653821978
    vertex -0.2049926667134786 0.009423362947688436 0.003346674581750175
  endloop
endfacet
facet normal -0.00997838 0.282596 0.959187
  outer loop
    vertex -0.09473927115832852 -0.0003270337008955895 0.009994651017343153
    vertex -0.1015072188843286 0.00586395235018579 0.008100250788386158
    vertex -0.1041431358568673 -0.0006133348012583946 0.009981173298844445
  endloop
endfacet
facet normal -0.0625122 0.992482 -0.105219
  outer loop
    vertex -0.1141355393720278 0.009653009769199273 0.002611398551685171
    vertex -0.1102732037874615 0.009205243426880973 -0.003906852115433173
    vertex -0.1187503910796808 0.008532639731666328 -0.005214792345778418
  endloop
endfacet
facet normal 0.00709088 -0.788729 0.6147
  outer loop
    vertex -0.2404604303319039 -0.009659256908298339 0.002588195506427364
    vertex -0.2309730634810166 -0.009701685795508754 0.002424312835676058
    vertex -0.2363601315094237 -0.004804328585400038 0.008770315093741392
  endloop
endfacet
facet normal -0.0638476 -0.815538 0.57517
  outer loop
    vertex -0.2363601315094237 -0.004804328585400038 0.008770315093741392
    vertex -0.2309730634810166 -0.009701685795508754 0.002424312835676058
    vertex -0.2247202546485055 -0.006606803548399848 0.007506673489159574
  endloop
endfacet
facet normal -0.0985261 0.985145 0.140647
  outer loop
    vertex -0.2237499980465865 0.008394939921527641 0.00543368969614032
    vertex -0.2180582606404838 0.009920077048762419 -0.00126177309632798
    vertex -0.2280080309994669 0.009277614803201771 -0.003731737338480748
  endloop
endfacet
facet normal 0.109908 0.982291 0.15174
  outer loop
    vertex -0.07613965086261065 0.009232681444588971 -0.003841561315759848
    vertex -0.08571089454186598 0.009913231752879059 -0.001314471838310118
    vertex -0.08069171746389112 0.008283100349594267 0.005602700116778635
  endloop
endfacet
facet normal -0.0463814 0.844553 -0.533459
  outer loop
    vertex -0.03872983346207417 0.007818314824680333 -0.006234898018587291
    vertex -0.04765142485401609 0.006427961669138639 -0.007660372626712385
    vertex -0.04846425689673581 0.00970882935261219 -0.002395544322665723
  endloop
endfacet
facet normal 0.0572557 0.830479 -0.554099
  outer loop
    vertex -0.2902655765653387 0.009708829352612192 -0.002395544322665715
    vertex -0.2916622438831889 0.006134084446901999 -0.007897658387033147
    vertex -0.3 0.007818314824680333 -0.006234898018587291
  endloop
endfacet
facet normal 0.0608191 -0.826917 -0.559026
  outer loop
    vertex -0.3 -0.007818314824680294 -0.006234898018587341
    vertex -0.291298721913068 -0.005969833917660186 -0.008022535945419879
    vertex -0.290541927575302 -0.009703388373471325 -0.002417489208576024
  endloop
endfacet
facet normal -0.0608958 -0.826735 -0.559286
  outer loop
    vertex -0.04813437861408047 -0.009700648494744297 -0.002428460166734308
    vertex -0.04742405875416852 -0.005967301747445063 -0.00802441959614146
    vertex -0.03872983346207417 -0.007818314824680294 -0.006234898018587341
  endloop
endfacet
facet normal -0.00872001 0.189295 0.981882
  outer loop
    vertex -0.1989387491517249 -0.0009624341861979984 0.009953578273025104
    vertex -0.2049504276720257 0.004752756193484421 0.008798369653821978
    vertex -0.2087269180666718 -0.001248361568355061 0.009921773702048142
  endloop
endfacet
facet normal -0.0519988 0.762373 0.645046
  outer loop
    vertex -0.1739265333106708 0.004147158931534626 0.009099509481098011
    vertex -0.1657731873911785 0.005149350836513669 0.008572291756729701
    vertex -0.1694280178235475 0.009492872312024456 0.003144101663050904
  endloop
endfacet
facet normal -0.0555665 0.711768 0.700214
  outer loop
    vertex -0.1976276559761808 0.009308937453756383 0.003652900694249932
    vertex -0.1930858286713234 0.004444487986425649 0.008958042561771969
    vertex -0.1874346187638009 0.008472360419378128 0.005312166123546484
  endloop
endfacet
facet normal -0.121632 0.981007 0.151102
  outer loop
    vertex -0.2585562332343438 0.008328630652433956 0.005534791003763153
    vertex -0.2537838141851198 0.009940555545378078 -0.001088740303861831
    vertex -0.2632563041413105 0.009201512267439855 -0.003915631748792761
  endloop
endfacet
facet normal -0.193573 0.38344 0.903052
  outer loop
    vertex -0.291377130837926 -0.0004344443794648461 0.009990558446911334
    vertex -0.2865276786648593 0.00443881393546051 0.008960855475140842
    vertex -0.2925504487914544 0.007818314824680253 0.006234898018587393
  endloop
endfacet
facet normal 0.0484835 0.717145 0.695236
  outer loop
    vertex -0.1874346187638009 0.008472360419378128 0.005312166123546484
    vertex -0.1819442571470203 0.004687724244800567 0.00883318976387969
    vertex -0.1778772278622962 0.00921809675016692 0.003876427776260262
  endloop
endfacet
facet normal 0.194471 0.384237 0.90252
  outer loop
    vertex -0.04617938467061983 0.007818314824680253 0.006234898018587393
    vertex -0.05214643828716074 0.004458826413482367 0.008950914311646156
    vertex -0.04729206050127906 -0.0004395443823065116 0.009990335366542145
  endloop
endfacet
facet normal 0.0926703 -0.432017 -0.897092
  outer loop
    vertex -0.03872983346207417 -0.007818314824680294 -0.006234898018587341
    vertex -0.04742405875416852 -0.005967301747445063 -0.00802441959614146
    vertex -0.03872983346207417 2.449293598294706e-18 -0.01
  endloop
endfacet
facet normal -0.092528 -0.432022 -0.897104
  outer loop
    vertex -0.3 2.449293598294706e-18 -0.01
    vertex -0.291298721913068 -0.005969833917660186 -0.008022535945419879
    vertex -0.3 -0.007818314824680294 -0.006234898018587341
  endloop
endfacet
facet normal -0.040524 -0.114885 0.992552
  outer loop
    vertex -0.2643398709597118 0.00260989954093657 0.00965341516698723
    vertex -0.2603564589691243 -0.004333177887284686 0.009012411963350711
    vertex -0.2529165928819129 0.001074573429572822 0.009942096959115623
  endloop
endfacet
facet normal -0.00758703 0.821899 0.569582
  outer loop
    vertex -0.11744382623566 0.005774103271162158 0.008164541102471987
    vertex -0.1094186583120381 0.005922163741824974 0.008057789809557805
    vertex -0.1141355393720278 0.009653009769199273 0.002611398551685171
  endloop
endfacet
facet normal -0.024053 0.13149 0.991026
  outer loop
    vertex -0.1739265333106708 0.004147158931534626 0.009099509481098011
    vertex -0.1819442571470203 0.004687724244800567 0.00883318976387969
    vertex -0.1791741835374384 -0.002030154298554875 0.009791755385223795
  endloop
endfacet
facet normal -0.00663968 -0.991803 -0.127603
  outer loop
    vertex -0.234942297584849 -0.008737432132677062 -0.004863874970315581
    vertex -0.2309730634810166 -0.009701685795508754 0.002424312835676058
    vertex -0.2404604303319039 -0.009659256908298339 0.002588195506427364
  endloop
endfacet
facet normal -0.0256821 -0.724555 0.688739
  outer loop
    vertex -0.06756051131120769 -0.003734903965129208 0.009276340462233053
    vertex -0.07045782942780036 -0.00950951535245783 0.003093399062741317
    vertex -0.06182765869609855 -0.009326555681956531 0.003607680572246434
  endloop
endfacet
facet normal 0.00249526 0.831878 0.554952
  outer loop
    vertex -0.1054322935497614 0.009724578508983591 0.002330788026100717
    vertex -0.1015072188843286 0.00586395235018579 0.008100250788386158
    vertex -0.09819901080742491 0.009736529269565239 0.002280350364066758
  endloop
endfacet
facet normal 0.0441291 0.992168 -0.116854
  outer loop
    vertex -0.101644847361981 0.008701152286934794 -0.004928483425920129
    vertex -0.1102732037874615 0.009205243426880973 -0.003906852115433173
    vertex -0.1054322935497614 0.009724578508983591 0.002330788026100717
  endloop
endfacet
facet normal -0.023461 0.826382 -0.562622
  outer loop
    vertex -0.1842232550994179 0.009495101980367663 -0.003137361691360769
    vertex -0.189565319881471 0.006067718181963324 -0.007948760662158076
    vertex -0.1918713520666356 0.009664028940167987 -0.002570319949655221
  endloop
endfacet
facet normal 0.0405248 0.157499 0.986687
  outer loop
    vertex -0.1791741835374384 -0.002030154298554875 0.009791755385223795
    vertex -0.1819442571470203 0.004687724244800567 0.00883318976387969
    vertex -0.1877035745081161 -0.0008909720632123866 0.00996022935391425
  endloop
endfacet
facet normal -0.010611 0.997143 -0.0747854
  outer loop
    vertex -0.1054322935497614 0.009724578508983591 0.002330788026100717
    vertex -0.1102732037874615 0.009205243426880973 -0.003906852115433173
    vertex -0.1141355393720278 0.009653009769199273 0.002611398551685171
  endloop
endfacet
facet normal 0.0447399 0.155177 0.986873
  outer loop
    vertex -0.1739265333106708 0.004147158931534626 0.009099509481098011
    vertex -0.1707561676624098 -0.001636425619980326 0.00986519696662322
    vertex -0.1657731873911785 0.005149350836513669 0.008572291756729701
  endloop
endfacet
facet normal 0.00314555 0.832081 0.554645
  outer loop
    vertex -0.1054322935497614 0.009724578508983591 0.002330788026100717
    vertex -0.1094186583120381 0.005922163741824974 0.008057789809557805
    vertex -0.1015072188843286 0.00586395235018579 0.008100250788386158
  endloop
endfacet
facet normal -0.00309189 0.280026 0.959987
  outer loop
    vertex -0.1015072188843286 0.00586395235018579 0.008100250788386158
    vertex -0.1094186583120381 0.005922163741824974 0.008057789809557805
    vertex -0.1041431358568673 -0.0006133348012583946 0.009981173298844445
  endloop
endfacet
facet normal 0.0111861 0.829438 0.558487
  outer loop
    vertex -0.1141355393720278 0.009653009769199273 0.002611398551685171
    vertex -0.1094186583120381 0.005922163741824974 0.008057789809557805
    vertex -0.1054322935497614 0.009724578508983591 0.002330788026100717
  endloop
endfacet
facet normal -0.998786 -0.000230586 -0.04925
  outer loop
    vertex -0.008820745950377582 -0.1277992084181853 -0.004711097629947556
    vertex -0.00924206608420685 -0.1247401004162799 0.003818928448551173
    vertex -0.008823075215545449 -0.1186420018094012 -0.004706733871893295
  endloop
endfacet
facet normal -0.540072 -0.0619345 0.839337
  outer loop
    vertex -0.0003490567726557599 -0.2908731464821919 0.009993906111699426
    vertex -0.001890136356113007 -0.2797950930495834 0.00981974462780473
    vertex -0.008590281608794688 -0.2850702388827975 0.005119283336718503
  endloop
endfacet
facet normal -0.994377 0.0101725 -0.105412
  outer loop
    vertex -0.008784641560248212 -0.149438149346213 -0.004778082529421176
    vertex -0.009555297589823519 -0.1447002533831763 0.002948946925584263
    vertex -0.008654121895350482 -0.1390891507694844 -0.005010606172951072
  endloop
endfacet
facet normal 0.150211 -0.096576 0.983926
  outer loop
    vertex 0.005274968960973355 -0.1179026852531499 0.008495569578360694
    vertex -0.003307640014574734 -0.1216590182931586 0.009437135027855863
    vertex 0.007083206549369489 -0.1297270640022586 0.007058908200208385
  endloop
endfacet
facet normal 0.818888 0.016112 0.573727
  outer loop
    vertex 0.006503105586563428 -0.2752136428321008 0.007596684653847857
    vertex 0.00955040324596282 -0.2651550730801999 0.002964759322357015
    vertex 0.006062980103707836 -0.2655100306160626 0.007952375259131257
  endloop
endfacet
facet normal 0.11628 0.0375626 0.992506
  outer loop
    vertex 0.005199454673076817 -0.1895639313631191 0.008541994562315037
    vertex -0.002880569612592554 -0.1918758556629126 0.009576132763647776
    vertex -0.001990127188118216 -0.2005467105679157 0.009799969070110002
  endloop
endfacet
facet normal 0.168644 0.0375443 0.984962
  outer loop
    vertex 0.005127679973625938 -0.08836261103245013 0.008585272161561072
    vertex 0.006080459259681164 -0.07568813903420259 0.007939018528216041
    vertex -0.002742995554071203 -0.08006102411996295 0.009616442969744355
  endloop
endfacet
facet normal 0.989639 -0.00199736 0.143561
  outer loop
    vertex 0.007096078872196634 -0.2560417313937333 0.007045967970376005
    vertex 0.008802193469578381 -0.2582355695274718 -0.004745670671687165
    vertex 0.00882074595037532 -0.2465583750263337 -0.004711097629951793
  endloop
endfacet
facet normal -0.506751 -0.0129764 -0.861995
  outer loop
    vertex -0.008784641560248212 -0.149438149346213 -0.004778082529421176
    vertex -0.008654121895350482 -0.1390891507694844 -0.005010606172951072
    vertex -2.449293598294706e-18 -0.1456130834094075 -0.01
  endloop
endfacet
facet normal 0.525601 -0.250963 0.812872
  outer loop
    vertex -0.001990127188118216 -0.2005467105679157 0.009799969070110002
    vertex 0.009181063861872918 -0.1960554155668376 0.00396334030386127
    vertex 0.005199454673076817 -0.1895639313631191 0.008541994562315037
  endloop
endfacet
facet normal -0.586283 0.118953 -0.801325
  outer loop
    vertex -2.449293598294706e-18 -0.2287445000351115 -0.01
    vertex -0.008160605396507875 -0.2405354007153706 -0.00577966431226646
    vertex -0.009435250335327806 -0.2302011658561188 -0.003313012392022783
  endloop
endfacet
facet normal 0.214591 -0.0115116 0.976636
  outer loop
    vertex 0.007083206549369489 -0.1297270640022586 0.007058908200208385
    vertex -0.003307640014574734 -0.1216590182931586 0.009437135027855863
    vertex -0.003477011090008373 -0.1299983463612964 0.009376054280984021
  endloop
endfacet
facet normal 0.992553 -0.0363802 0.116255
  outer loop
    vertex 0.00882074595037532 -0.2465583750263337 -0.004711097629951793
    vertex 0.007523038963448051 -0.2458560128553071 0.006588162471770294
    vertex 0.007096078872196634 -0.2560417313937333 0.007045967970376005
  endloop
endfacet
facet normal 0.963595 -0.255185 0.0797854
  outer loop
    vertex 0.008820745950375256 -0.2703102083479632 -0.004711097629951913
    vertex 0.00955040324596282 -0.2651550730801999 0.002964759322357015
    vertex 0.006503105586563428 -0.2752136428321008 0.007596684653847857
  endloop
endfacet
facet normal 0.832393 0.0605512 -0.550868
  outer loop
    vertex 0.008624470868256677 -0.05714734863861905 -0.005061472339407962
    vertex 0.005947691270853304 -0.04743777947782731 -0.008038965639099062
    vertex 0.009703090056243631 -0.04793213604639145 -0.002418686288137841
  endloop
endfacet
facet normal 0.783117 -0.0271912 0.621279
  outer loop
    vertex 0.005127679973625938 -0.08836261103245013 0.008585272161561072
    vertex 0.009389591755140038 -0.08317325034698565 0.003440285841584422
    vertex 0.006080459259681164 -0.07568813903420259 0.007939018528216041
  endloop
endfacet
facet normal 0.300652 0.0567913 0.952042
  outer loop
    vertex -0.0003490567726557599 -0.2908731464821919 0.009993906111699426
    vertex 0.006693405801214635 -0.2851673569305843 0.007429557105256428
    vertex -0.001890136356113007 -0.2797950930495834 0.00981974462780473
  endloop
endfacet
facet normal -0.51438 0.000277821 -0.857562
  outer loop
    vertex -2.449293598294706e-18 -0.1218612500877779 -0.01
    vertex -0.008820745950377582 -0.1277992084181853 -0.004711097629947556
    vertex -0.008823075215545449 -0.1186420018094012 -0.004706733871893295
  endloop
endfacet
facet normal 0.90711 -0.140252 0.396838
  outer loop
    vertex 0.009856718447775456 -0.2905022055032735 -0.001686742849779718
    vertex 0.009734387895893277 -0.2800428342085841 0.002289474239271208
    vertex 0.006693405801214635 -0.2851673569305843 0.007429557105256428
  endloop
endfacet
facet normal 0.210262 0.11132 0.971287
  outer loop
    vertex 0.00447392730046763 -0.1412409885959555 0.008943376013012672
    vertex 0.007083206549369489 -0.1297270640022586 0.007058908200208385
    vertex -0.003477011090008373 -0.1299983463612964 0.009376054280984021
  endloop
endfacet
facet normal -0.505453 -0.0101133 -0.862795
  outer loop
    vertex -0.0087552140495129 -0.08957072570850373 -0.004831793346906709
    vertex -0.008658493160077852 -0.0797944787607147 -0.00500304869023729
    vertex -2.449293598294706e-18 -0.08623350010533345 -0.01
  endloop
endfacet
facet normal 0.85641 -0.0749562 -0.510826
  outer loop
    vertex 0.009856718447775456 -0.2905022055032735 -0.001686742849779718
    vertex 0.006039397652885918 -0.2912945608748477 -0.007970299617349155
    vertex 0.008624470868256649 -0.2815824848234553 -0.005061472339408012
  endloop
endfacet
facet normal -0.503615 -0.0248327 -0.863571
  outer loop
    vertex -0.008795920769391346 -0.2208028927733781 -0.004757286812731598
    vertex -0.008527336237986865 -0.2100384112621752 -0.005223460221377783
    vertex -2.449293598294706e-18 -0.2168685833742967 -0.01
  endloop
endfacet
facet normal -0.987964 0.00706751 -0.154524
  outer loop
    vertex -0.0087552140495129 -0.08957072570850373 -0.004831793346906709
    vertex -0.009780455107683854 -0.08168404503332924 0.002083914078502473
    vertex -0.008658493160077852 -0.0797944787607147 -0.00500304869023729
  endloop
endfacet
facet normal -0.0500593 -0.0737349 0.996021
  outer loop
    vertex -0.003477011090008373 -0.1299983463612964 0.009376054280984021
    vertex -0.005081917531934145 -0.1392237669769879 0.008612439503335881
    vertex 0.00447392730046763 -0.1412409885959555 0.008943376013012672
  endloop
endfacet
facet normal -0.996557 0.0213961 -0.0801024
  outer loop
    vertex -0.008795920769391346 -0.2208028927733781 -0.004757286812731598
    vertex -0.009342967617288183 -0.2151257563544676 0.003564962286238718
    vertex -0.008527336237986865 -0.2100384112621752 -0.005223460221377783
  endloop
endfacet
facet normal -0.993505 -0.0557029 0.0992206
  outer loop
    vertex -0.009236619977231976 -0.05881569009954831 -0.00383208186188646
    vertex -0.008548687566466493 -0.05501773541250804 0.005188443012209077
    vertex -0.009681086214975881 -0.04852498320834656 -0.002505308304022473
  endloop
endfacet
facet normal 0.416266 -0.0128508 0.909152
  outer loop
    vertex -0.002498788462714158 -0.2197933756509465 0.00968277110225201
    vertex -0.002661802678053398 -0.2281539400127344 0.009639232671904323
    vertex 0.009013930154350078 -0.2255607869945138 0.004330018842048886
  endloop
endfacet
facet normal 0.185907 0.0543961 0.98106
  outer loop
    vertex -0.002742995554071203 -0.08006102411996295 0.009616442969744355
    vertex -0.001769977312650131 -0.08745653033056087 0.009842112593986305
    vertex 0.005127679973625938 -0.08836261103245013 0.008585272161561072
  endloop
endfacet
facet normal -0.999 0.0446895 -0.00104382
  outer loop
    vertex -0.007932184047387002 -0.2351519898637769 0.006089372401026163
    vertex -0.008160605396507875 -0.2405354007153706 -0.00577966431226646
    vertex -0.008385381931574168 -0.245297850670524 0.005448428201016279
  endloop
endfacet
facet normal -0.995888 -0.0430277 -0.0797187
  outer loop
    vertex -0.00924206608420685 -0.1247401004162799 0.003818928448551173
    vertex -0.00959181914117792 -0.1148088487333778 0.002827897728513687
    vertex -0.008823075215545449 -0.1186420018094012 -0.004706733871893295
  endloop
endfacet
facet normal -0.993226 0.00209088 -0.116181
  outer loop
    vertex -0.008814411753436968 -0.1977050925308639 -0.004722938221157697
    vertex -0.009653467246816217 -0.1888364936349779 0.002609706902057499
    vertex -0.008794013771492051 -0.1901199316838381 -0.004760811042964021
  endloop
endfacet
facet normal -0.512549 -0.00290892 -0.858653
  outer loop
    vertex -2.449293598294706e-18 -0.1931167500526669 -0.01
    vertex -0.008814411753436968 -0.1977050925308639 -0.004722938221157697
    vertex -0.008794013771492051 -0.1901199316838381 -0.004760811042964021
  endloop
endfacet
facet normal 0.767307 0.00559861 0.641255
  outer loop
    vertex 0.009303315540503546 -0.09733862415412142 0.003667195107139136
    vertex 0.009389591755140038 -0.08317325034698565 0.003440285841584422
    vertex 0.005127679973625938 -0.08836261103245013 0.008585272161561072
  endloop
endfacet
facet normal -0.837932 -0.0625882 -0.542174
  outer loop
    vertex -0.008820745950375682 -0.2821861250087778 -0.004711097629951113
    vertex -0.005957019315995397 -0.2917577713944076 -0.00803205583078565
    vertex -0.009748279593798816 -0.2912645421447961 -0.002229584033205658
  endloop
endfacet
facet normal -0.459366 0 -0.888247
  outer loop
    vertex -2.449293598294706e-18 -0.2406204166959263 -0.01
    vertex -0.008160605396507875 -0.2405354007153706 -0.00577966431226646
    vertex -2.449293598294706e-18 -0.2287445000351115 -0.01
  endloop
endfacet
facet normal 0.390203 -0.0729351 0.917835
  outer loop
    vertex -0.002498788462714158 -0.2197933756509465 0.00968277110225201
    vertex 0.009013930154350078 -0.2255607869945138 0.004330018842048886
    vertex 0.008473989874139333 -0.2161225779498653 0.005309566424199253
  endloop
endfacet
facet normal 0.956184 0.0920706 0.277912
  outer loop
    vertex 0.006693405801214635 -0.2851673569305843 0.007429557105256428
    vertex 0.007818314824680305 -0.2932438782218695 0.006234898018587329
    vertex 0.009856718447775456 -0.2905022055032735 -0.001686742849779718
  endloop
endfacet
facet normal 0.430296 0.0961353 0.897554
  outer loop
    vertex 0.008533115612403941 -0.2048319758113485 0.005214013611925856
    vertex 0.009181063861872918 -0.1960554155668376 0.00396334030386127
    vertex -0.001990127188118216 -0.2005467105679157 0.009799969070110002
  endloop
endfacet
facet normal 0.99827 -0.00701533 -0.0583836
  outer loop
    vertex 0.008857797973808401 -0.09159130863725998 -0.004641057536294482
    vertex 0.009389591755140038 -0.08317325034698565 0.003440285841584422
    vertex 0.009303315540503546 -0.09733862415412142 0.003667195107139136
  endloop
endfacet
facet normal -0.986435 -0.141521 0.0831736
  outer loop
    vertex -0.009435250335327806 -0.2302011658561188 -0.003313012392022783
    vertex -0.008160605396507875 -0.2405354007153706 -0.00577966431226646
    vertex -0.007932184047387002 -0.2351519898637769 0.006089372401026163
  endloop
endfacet
facet normal 0.983693 0.0738492 -0.163995
  outer loop
    vertex 0.008624470868256649 -0.2815824848234553 -0.005061472339408012
    vertex 0.009734387895893277 -0.2800428342085841 0.002289474239271208
    vertex 0.009856718447775456 -0.2905022055032735 -0.001686742849779718
  endloop
endfacet
facet normal -0.994782 -0.0934756 -0.040875
  outer loop
    vertex -0.009184938035248285 -0.08883954051481661 0.003954353713143195
    vertex -0.009780455107683854 -0.08168404503332924 0.002083914078502473
    vertex -0.0087552140495129 -0.08957072570850373 -0.004831793346906709
  endloop
endfacet
facet normal -0.592895 -0.123753 -0.795714
  outer loop
    vertex -0.009461652690463453 -0.2506521044139824 -0.003236839255360959
    vertex -0.008160605396507875 -0.2405354007153706 -0.00577966431226646
    vertex -2.449293598294706e-18 -0.252496333356741 -0.01
  endloop
endfacet
facet normal -0.0803571 -0.112339 0.990415
  outer loop
    vertex 0.002314633944201913 -0.1770404036826284 0.009728436138678626
    vertex -0.005569811074194183 -0.1839477998012973 0.00830525162760189
    vertex 0.005199454673076817 -0.1895639313631191 0.008541994562315037
  endloop
endfacet
facet normal 0.892 0.326925 0.312181
  outer loop
    vertex 0.005199454673076817 -0.1895639313631191 0.008541994562315037
    vertex 0.009181063861872918 -0.1960554155668376 0.00396334030386127
    vertex 0.008819534449303871 -0.1867836007501049 -0.004713365262478847
  endloop
endfacet
facet normal -0.999294 0.0118801 -0.0356362
  outer loop
    vertex -0.008820745950375682 -0.2821861250087778 -0.004711097629951113
    vertex -0.009060602671975882 -0.2755369832340836 0.004231486644263872
    vertex -0.008677137759533261 -0.2708850802624155 -0.004970641840052661
  endloop
endfacet
facet normal 0.215599 -0.155164 0.964075
  outer loop
    vertex 0.0004972823814303437 -0.04588372392218572 0.009987627858161265
    vertex -0.002947527777131634 -0.05335372593859466 0.009555735450661946
    vertex 0.007090790252328826 -0.05496633964237758 0.007051290208002966
  endloop
endfacet
facet normal -0.493578 0.0201679 -0.869468
  outer loop
    vertex -2.449293598294706e-18 -0.09810941676614826 -0.01
    vertex -0.008531730963599996 -0.1006770413412186 -0.00521627901523194
    vertex -0.0087552140495129 -0.08957072570850373 -0.004831793346906709
  endloop
endfacet
facet normal 0.933568 -0.303012 0.191403
  outer loop
    vertex 0.008819534449303871 -0.1867836007501049 -0.004713365262478847
    vertex 0.009338142227553269 -0.1799486760310172 0.003577582946346108
    vertex 0.005199454673076817 -0.1895639313631191 0.008541994562315037
  endloop
endfacet
facet normal -0.506538 0.0153941 -0.86208
  outer loop
    vertex -2.449293598294706e-18 -0.1337371667485927 -0.01
    vertex -0.008654121895350482 -0.1390891507694844 -0.005010606172951072
    vertex -0.008820745950377582 -0.1277992084181853 -0.004711097629947556
  endloop
endfacet
facet normal 0.911578 0.293011 0.288392
  outer loop
    vertex 0.006503105586563428 -0.2752136428321008 0.007596684653847857
    vertex 0.009734387895893277 -0.2800428342085841 0.002289474239271208
    vertex 0.008820745950375256 -0.2703102083479632 -0.004711097629951913
  endloop
endfacet
facet normal -0.994775 -0.101682 0.00915198
  outer loop
    vertex -0.008772835791633267 -0.1972547435661881 0.004799724176766653
    vertex -0.009653467246816217 -0.1888364936349779 0.002609706902057499
    vertex -0.008814411753436968 -0.1977050925308639 -0.004722938221157697
  endloop
endfacet
facet normal 0.463391 0.0503743 0.884721
  outer loop
    vertex 0.007090790252328826 -0.05496633964237758 0.007051290208002966
    vertex 0.007834704227478635 -0.04710938273770209 0.006214290761456887
    vertex 0.0004972823814303437 -0.04588372392218572 0.009987627858161265
  endloop
endfacet
facet normal -0.99791 -0.0207443 -0.0611955
  outer loop
    vertex -0.008527336237986865 -0.2100384112621752 -0.005223460221377783
    vertex -0.009174788540978354 -0.2060363146584757 0.003977845551090727
    vertex -0.008814411753436968 -0.1977050925308639 -0.004722938221157697
  endloop
endfacet
facet normal -0.567016 -0.0872979 -0.819068
  outer loop
    vertex -2.449293598294706e-18 -0.2287445000351115 -0.01
    vertex -0.009435250335327806 -0.2302011658561188 -0.003313012392022783
    vertex -0.008795920769391346 -0.2208028927733781 -0.004757286812731598
  endloop
endfacet
facet normal 0.389196 -0.170312 -0.905274
  outer loop
    vertex -2.449293598294706e-18 -0.050605750122889 -0.01
    vertex 0.005947691270853304 -0.04743777947782731 -0.008038965639099062
    vertex 0.008624470868256677 -0.05714734863861905 -0.005061472339407962
  endloop
endfacet
facet normal -0.915046 0.0644653 0.398164
  outer loop
    vertex -0.009987591353258742 -0.1698666975632666 -0.0004980150201662622
    vertex -0.009863607198345326 -0.1813489938700737 0.001645980873749835
    vertex -0.006901405684972176 -0.1738331761283939 0.007236753386114089
  endloop
endfacet
facet normal -0.507578 -0.0133355 -0.861503
  outer loop
    vertex -0.008820745950375682 -0.2821861250087778 -0.004711097629951113
    vertex -0.008677137759533261 -0.2708850802624155 -0.004970641840052661
    vertex -2.449293598294706e-18 -0.2762481666783705 -0.01
  endloop
endfacet
facet normal -0.860138 0.0285089 -0.509265
  outer loop
    vertex -0.009681086214975881 -0.04852498320834656 -0.002505308304022473
    vertex -0.00707789231176502 -0.05142220809446616 -0.007064236719070053
    vertex -0.009236619977231976 -0.05881569009954831 -0.00383208186188646
  endloop
endfacet
facet normal -0.593154 -0.17076 -0.786771
  outer loop
    vertex -0.009236619977231976 -0.05881569009954831 -0.00383208186188646
    vertex -0.00707789231176502 -0.05142220809446616 -0.007064236719070053
    vertex -2.449293598294706e-18 -0.06248166678370382 -0.01
  endloop
endfacet
facet normal -0.594958 -0.135293 -0.792289
  outer loop
    vertex -2.449293598294706e-18 -0.1574890000702224 -0.01
    vertex -0.009756833373199951 -0.1603081203513166 -0.002191849111506463
    vertex -0.008784641560248212 -0.149438149346213 -0.004778082529421176
  endloop
endfacet
facet normal -0.991121 -0.00101305 -0.132958
  outer loop
    vertex -0.009599970347886408 -0.1076740895016799 0.002800101662386871
    vertex -0.009606701556107197 -0.09804606675937452 0.002776920094616974
    vertex -0.008531730963599996 -0.1006770413412186 -0.00521627901523194
  endloop
endfacet
facet normal 0.391654 0.166768 -0.904873
  outer loop
    vertex 0.008624470868256649 -0.2815824848234553 -0.005061472339408012
    vertex 0.006039397652885918 -0.2912945608748477 -0.007970299617349155
    vertex -2.449293598294706e-18 -0.2881240833391852 -0.01
  endloop
endfacet
facet normal -0.470388 0.0708597 0.87961
  outer loop
    vertex -0.008590281608794688 -0.2850702388827975 0.005119283336718503
    vertex -0.007818314824680253 -0.2937942638384388 0.006234898018587393
    vertex -0.0003490567726557599 -0.2908731464821919 0.009993906111699426
  endloop
endfacet
facet normal -0.499128 0.0235354 -0.866209
  outer loop
    vertex -2.449293598294706e-18 -0.2049926667134818 -0.01
    vertex -0.008527336237986865 -0.2100384112621752 -0.005223460221377783
    vertex -0.008814411753436968 -0.1977050925308639 -0.004722938221157697
  endloop
endfacet
facet normal -0.99162 -0.0155136 -0.128252
  outer loop
    vertex -0.008531730963599996 -0.1006770413412186 -0.00521627901523194
    vertex -0.009606701556107197 -0.09804606675937452 0.002776920094616974
    vertex -0.0087552140495129 -0.08957072570850373 -0.004831793346906709
  endloop
endfacet
facet normal -0.508341 0 -0.861156
  outer loop
    vertex -2.449293598294706e-18 -0.09810941676614826 -0.01
    vertex -0.0087552140495129 -0.08957072570850373 -0.004831793346906709
    vertex -2.449293598294706e-18 -0.08623350010533345 -0.01
  endloop
endfacet
facet normal -0.459366 0 -0.888247
  outer loop
    vertex -2.449293598294706e-18 -0.252496333356741 -0.01
    vertex -0.008160605396507875 -0.2405354007153706 -0.00577966431226646
    vertex -2.449293598294706e-18 -0.2406204166959263 -0.01
  endloop
endfacet
facet normal -0.514454 0 -0.857518
  outer loop
    vertex -2.449293598294706e-18 -0.1218612500877779 -0.01
    vertex -0.008823075215545449 -0.1186420018094012 -0.004706733871893295
    vertex -2.449293598294706e-18 -0.1099853334269631 -0.01
  endloop
endfacet
facet normal 0.788978 -0.0490255 0.612462
  outer loop
    vertex 0.004611052166220487 -0.1078118746116751 0.008873454677880165
    vertex 0.009787969017641463 -0.1097630138450312 0.002048331640553071
    vertex 0.009303315540503546 -0.09733862415412142 0.003667195107139136
  endloop
endfacet
facet normal -0.993519 -0.00166211 -0.113657
  outer loop
    vertex -0.008654121895350482 -0.1390891507694844 -0.005010606172951072
    vertex -0.009555297589823519 -0.1447002533831763 0.002948946925584263
    vertex -0.009568718197558411 -0.1336801242880348 0.002905104482753505
  endloop
endfacet
facet normal -0.514242 0 -0.857645
  outer loop
    vertex -2.449293598294706e-18 -0.1337371667485927 -0.01
    vertex -0.008820745950377582 -0.1277992084181853 -0.004711097629947556
    vertex -2.449293598294706e-18 -0.1218612500877779 -0.01
  endloop
endfacet
facet normal -0.999453 -0.0112269 -0.0311116
  outer loop
    vertex -0.008677137759533261 -0.2708850802624155 -0.004970641840052661
    vertex -0.009030809791230256 -0.2650758979653181 0.004294703076420971
    vertex -0.008805075323616346 -0.2601339322723402 -0.00474032156561583
  endloop
endfacet
facet normal -0.510975 0 -0.859595
  outer loop
    vertex -2.449293598294706e-18 -0.1574890000702224 -0.01
    vertex -0.008784641560248212 -0.149438149346213 -0.004778082529421176
    vertex -2.449293598294706e-18 -0.1456130834094075 -0.01
  endloop
endfacet
facet normal 0.964942 0.194686 0.176022
  outer loop
    vertex 0.007083206549369489 -0.1297270640022586 0.007058908200208385
    vertex 0.009284822724320043 -0.1376147050768778 0.003713767221831513
    vertex 0.008855343495834269 -0.1279279296541729 -0.004645739076916148
  endloop
endfacet
facet normal -0.994212 -0.0118404 -0.106782
  outer loop
    vertex -0.008654121895350482 -0.1390891507694844 -0.005010606172951072
    vertex -0.009568718197558411 -0.1336801242880348 0.002905104482753505
    vertex -0.008820745950377582 -0.1277992084181853 -0.004711097629947556
  endloop
endfacet
facet normal 0.811374 0.0130137 0.584383
  outer loop
    vertex 0.009686951274192342 -0.122962720086718 0.002482533989983494
    vertex 0.009787969017641463 -0.1097630138450312 0.002048331640553071
    vertex 0.005274968960973355 -0.1179026852531499 0.008495569578360694
  endloop
endfacet
facet normal -0.507314 0.0160266 -0.861613
  outer loop
    vertex -2.449293598294706e-18 -0.07435758344451864 -0.01
    vertex -0.008658493160077852 -0.0797944787607147 -0.00500304869023729
    vertex -0.008811594593687379 -0.06986415334404142 -0.004728192119245935
  endloop
endfacet
facet normal -0.51182 0 -0.859093
  outer loop
    vertex -2.449293598294706e-18 -0.1931167500526669 -0.01
    vertex -0.008794013771492051 -0.1901199316838381 -0.004760811042964021
    vertex -2.449293598294706e-18 -0.1812408333918521 -0.01
  endloop
endfacet
facet normal 0.519835 0.0110264 -0.854195
  outer loop
    vertex -2.449293598294706e-18 -0.1099853334269631 -0.01
    vertex 0.008945151258261145 -0.1033310214139057 -0.004470376826043757
    vertex 0.008816198968044782 -0.1165585706983277 -0.004719601228477477
  endloop
endfacet
facet normal 0.423625 -0.219209 0.878914
  outer loop
    vertex 0.008473989874139333 -0.2161225779498653 0.005309566424199253
    vertex 0.003875039830867532 -0.2093366163924428 0.009218680291082349
    vertex -0.002498788462714158 -0.2197933756509465 0.00968277110225201
  endloop
endfacet
facet normal -0.513666 0 -0.85799
  outer loop
    vertex -2.449293598294706e-18 -0.2049926667134818 -0.01
    vertex -0.008814411753436968 -0.1977050925308639 -0.004722938221157697
    vertex -2.449293598294706e-18 -0.1931167500526669 -0.01
  endloop
endfacet
facet normal -0.761703 0.0010275 0.647926
  outer loop
    vertex -0.009599970347886408 -0.1076740895016799 0.002800101662386871
    vertex -0.004294090282746937 -0.1035091434939647 0.00903110118665594
    vertex -0.009606701556107197 -0.09804606675937452 0.002776920094616974
  endloop
endfacet
facet normal -0.971788 -0.0533899 -0.229736
  outer loop
    vertex -0.008517314738052013 -0.1762245162443095 -0.005239785267829394
    vertex -0.009863607198345326 -0.1813489938700737 0.001645980873749835
    vertex -0.009987591353258742 -0.1698666975632666 -0.0004980150201662622
  endloop
endfacet
facet normal 0.98874 0.0961732 0.114643
  outer loop
    vertex 0.007266001877760932 -0.1612488791763659 0.006870605265358695
    vertex 0.008395286061660475 -0.1711453403417673 0.005433154879339383
    vertex 0.008820745950375339 -0.1634269584006298 -0.004711097629951757
  endloop
endfacet
facet normal -0.998961 0.045518 0.00220881
  outer loop
    vertex -0.009174788540978354 -0.2060363146584757 0.003977845551090727
    vertex -0.008772835791633267 -0.1972547435661881 0.004799724176766653
    vertex -0.008814411753436968 -0.1977050925308639 -0.004722938221157697
  endloop
endfacet
facet normal 0.966618 0.239524 0.0909861
  outer loop
    vertex 0.006904039626539646 -0.06522219155935959 0.007234240584551381
    vertex 0.009949075923774886 -0.07514551775780734 0.001007912825081067
    vertex 0.008820745950375301 -0.06841962511411123 -0.004711097629951829
  endloop
endfacet
facet normal -0.409286 0.187366 -0.892961
  outer loop
    vertex -2.449293598294706e-18 -0.2881240833391852 -0.01
    vertex -0.005957019315995397 -0.2917577713944076 -0.00803205583078565
    vertex -0.008820745950375682 -0.2821861250087778 -0.004711097629951113
  endloop
endfacet
facet normal 0.676389 0.0865125 0.731446
  outer loop
    vertex 0.005199454673076817 -0.1895639313631191 0.008541994562315037
    vertex 0.009338142227553269 -0.1799486760310172 0.003577582946346108
    vertex 0.002314633944201913 -0.1770404036826284 0.009728436138678626
  endloop
endfacet
facet normal -0.511992 0 -0.85899
  outer loop
    vertex -2.449293598294706e-18 -0.2287445000351115 -0.01
    vertex -0.008795920769391346 -0.2208028927733781 -0.004757286812731598
    vertex -2.449293598294706e-18 -0.2168685833742967 -0.01
  endloop
endfacet
facet normal 0.998514 -0.0026942 -0.0544218
  outer loop
    vertex 0.008855343495834269 -0.1279279296541729 -0.004645739076916148
    vertex 0.009284822724320043 -0.1376147050768778 0.003713767221831513
    vertex 0.008821307247669352 -0.1392433510414809 -0.004710046543529709
  endloop
endfacet
facet normal -0.508376 0.0123964 -0.861046
  outer loop
    vertex -2.449293598294706e-18 -0.2643722500175558 -0.01
    vertex -0.008677137759533261 -0.2708850802624155 -0.004970641840052661
    vertex -0.008805075323616346 -0.2601339322723402 -0.00474032156561583
  endloop
endfacet
facet normal -0.503844 -0.0577368 0.861863
  outer loop
    vertex -0.0006591828861812352 -0.2405692579738645 0.009978250243532971
    vertex -0.002661802678053398 -0.2281539400127344 0.009639232671904323
    vertex -0.007932184047387002 -0.2351519898637769 0.006089372401026163
  endloop
endfacet
facet normal 0.999281 -0.00585063 0.0374593
  outer loop
    vertex 0.008820745950375339 -0.1634269584006298 -0.004711097629951757
    vertex 0.008395286061660475 -0.1711453403417673 0.005433154879339383
    vertex 0.008756801527793468 -0.1751029467695716 -0.004828915717097784
  endloop
endfacet
facet normal -0.496723 -0.0200176 -0.867678
  outer loop
    vertex -0.008794013771492051 -0.1901199316838381 -0.004760811042964021
    vertex -0.008517314738052013 -0.1762245162443095 -0.005239785267829394
    vertex -2.449293598294706e-18 -0.1812408333918521 -0.01
  endloop
endfacet
facet normal -0.567394 0.0904889 -0.818459
  outer loop
    vertex -0.008805075323616346 -0.2601339322723402 -0.00474032156561583
    vertex -0.009461652690463453 -0.2506521044139824 -0.003236839255360959
    vertex -2.449293598294706e-18 -0.252496333356741 -0.01
  endloop
endfacet
facet normal 0.517747 0.00711244 -0.855504
  outer loop
    vertex -2.449293598294706e-18 -0.1574890000702224 -0.01
    vertex 0.008900044377146824 -0.1509670979070858 -0.004559518624242828
    vertex 0.008820745950375339 -0.1634269584006298 -0.004711097629951757
  endloop
endfacet
facet normal 0.999444 -0.00619811 0.0327725
  outer loop
    vertex 0.008893193405464957 -0.1985175952385903 -0.004572866830883511
    vertex 0.008533115612403941 -0.2048319758113485 0.005214013611925856
    vertex 0.008820745950375367 -0.2109306250438892 -0.004711097629951706
  endloop
endfacet
facet normal -0.541682 0.0472316 -0.839256
  outer loop
    vertex -0.008811594593687379 -0.06986415334404142 -0.004728192119245935
    vertex -0.009236619977231976 -0.05881569009954831 -0.00383208186188646
    vertex -2.449293598294706e-18 -0.06248166678370382 -0.01
  endloop
endfacet
facet normal -0.51282 0 -0.858496
  outer loop
    vertex -2.449293598294706e-18 -0.2643722500175558 -0.01
    vertex -0.008805075323616346 -0.2601339322723402 -0.00474032156561583
    vertex -2.449293598294706e-18 -0.252496333356741 -0.01
  endloop
endfacet
facet normal -0.999459 0.0320176 -0.00745792
  outer loop
    vertex -0.009030809791230256 -0.2650758979653181 0.004294703076420971
    vertex -0.008710432257880599 -0.2549312166809455 0.004912063708959106
    vertex -0.008805075323616346 -0.2601339322723402 -0.00474032156561583
  endloop
endfacet
facet normal 0.331436 0.3228 0.886539
  outer loop
    vertex 0.009013930154350078 -0.2255607869945138 0.004330018842048886
    vertex -0.002661802678053398 -0.2281539400127344 0.009639232671904323
    vertex 0.004555052478273065 -0.2335400306363662 0.008902330982398846
  endloop
endfacet
facet normal 0.287438 0.0118505 0.957726
  outer loop
    vertex 0.006904039626539646 -0.06522219155935959 0.007234240584551381
    vertex 0.007090790252328826 -0.05496633964237758 0.007051290208002966
    vertex -0.001876660020615571 -0.06140552566328728 0.009822329009304421
  endloop
endfacet
facet normal 0.517451 0.00650885 -0.855688
  outer loop
    vertex -2.449293598294706e-18 -0.2049926667134818 -0.01
    vertex 0.008893193405464957 -0.1985175952385903 -0.004572866830883511
    vertex 0.008820745950375367 -0.2109306250438892 -0.004711097629951706
  endloop
endfacet
facet normal 0.827815 0.058807 0.557911
  outer loop
    vertex 0.007083206549369489 -0.1297270640022586 0.007058908200208385
    vertex 0.009686951274192342 -0.122962720086718 0.002482533989983494
    vertex 0.005274968960973355 -0.1179026852531499 0.008495569578360694
  endloop
endfacet
facet normal 0.999474 -0.00489865 0.0320478
  outer loop
    vertex 0.008820745950375367 -0.2109306250438892 -0.004711097629951706
    vertex 0.008473989874139333 -0.2161225779498653 0.005309566424199253
    vertex 0.008764984948938872 -0.2229810692818187 -0.004814045995301151
  endloop
endfacet
facet normal 0.279983 -0.00682964 0.959981
  outer loop
    vertex -0.001998491624896087 -0.0697822666469563 0.009798266745971973
    vertex 0.006904039626539646 -0.06522219155935959 0.007234240584551381
    vertex -0.001876660020615571 -0.06140552566328728 0.009822329009304421
  endloop
endfacet
facet normal -0.998785 -0.0484171 0.00921062
  outer loop
    vertex -0.008820745950375682 -0.2821861250087778 -0.004711097629951113
    vertex -0.008590281608794688 -0.2850702388827975 0.005119283336718503
    vertex -0.009060602671975882 -0.2755369832340836 0.004231486644263872
  endloop
endfacet
facet normal -0.489067 0 -0.872246
  outer loop
    vertex -2.449293598294706e-18 -0.1099853334269631 -0.01
    vertex -0.008531730963599996 -0.1006770413412186 -0.00521627901523194
    vertex -2.449293598294706e-18 -0.09810941676614826 -0.01
  endloop
endfacet
facet normal -0.738049 0.112486 0.665305
  outer loop
    vertex -0.002742995554071203 -0.08006102411996295 0.009616442969744355
    vertex -0.009780455107683854 -0.08168404503332924 0.002083914078502473
    vertex -0.009184938035248285 -0.08883954051481661 0.003954353713143195
  endloop
endfacet
facet normal -0.999192 0.00308785 -0.0400767
  outer loop
    vertex -0.009060602671975882 -0.2755369832340836 0.004231486644263872
    vertex -0.009030809791230256 -0.2650758979653181 0.004294703076420971
    vertex -0.008677137759533261 -0.2708850802624155 -0.004970641840052661
  endloop
endfacet
facet normal -0.499469 0 -0.866332
  outer loop
    vertex -2.449293598294706e-18 -0.1456130834094075 -0.01
    vertex -0.008654121895350482 -0.1390891507694844 -0.005010606172951072
    vertex -2.449293598294706e-18 -0.1337371667485927 -0.01
  endloop
endfacet
facet normal -0.998651 -0.014013 -0.0499935
  outer loop
    vertex -0.008658493160077852 -0.0797944787607147 -0.00500304869023729
    vertex -0.009183607211852336 -0.07433962158494901 0.003957443439698635
    vertex -0.008811594593687379 -0.06986415334404142 -0.004728192119245935
  endloop
endfacet
facet normal -0.499848 0 -0.866113
  outer loop
    vertex -2.449293598294706e-18 -0.08623350010533345 -0.01
    vertex -0.008658493160077852 -0.0797944787607147 -0.00500304869023729
    vertex -2.449293598294706e-18 -0.07435758344451864 -0.01
  endloop
endfacet
facet normal -0.614319 -0.0568101 0.78701
  outer loop
    vertex -0.009184938035248285 -0.08883954051481661 0.003954353713143195
    vertex -0.001769977312650131 -0.08745653033056087 0.009842112593986305
    vertex -0.002742995554071203 -0.08006102411996295 0.009616442969744355
  endloop
endfacet
facet normal 0.313132 0 -0.94971
  outer loop
    vertex -2.449293598294706e-18 -0.03872983346207417 -0.01
    vertex 0.005947691270853304 -0.04743777947782731 -0.008038965639099062
    vertex -2.449293598294706e-18 -0.050605750122889 -0.01
  endloop
endfacet
facet normal -0.2787 0 -0.960378
  outer loop
    vertex -2.449293598294706e-18 -0.050605750122889 -0.01
    vertex -0.005353140714641979 -0.04585887799327895 -0.00844653091447858
    vertex -2.449293598294706e-18 -0.03872983346207417 -0.01
  endloop
endfacet
facet normal -0.313683 0 -0.949528
  outer loop
    vertex -2.449293598294706e-18 -0.3 -0.01
    vertex -0.005957019315995397 -0.2917577713944076 -0.00803205583078565
    vertex -2.449293598294706e-18 -0.2881240833391852 -0.01
  endloop
endfacet
facet normal -0.547932 -0.0739994 -0.833243
  outer loop
    vertex -2.449293598294706e-18 -0.1099853334269631 -0.01
    vertex -0.009182197409796726 -0.1099984697343282 -0.003960713411435155
    vertex -0.008531730963599996 -0.1006770413412186 -0.00521627901523194
  endloop
endfacet
facet normal -0.548896 0.0492147 -0.834441
  outer loop
    vertex -0.008823075215545449 -0.1186420018094012 -0.004706733871893295
    vertex -0.009182197409796726 -0.1099984697343282 -0.003960713411435155
    vertex -2.449293598294706e-18 -0.1099853334269631 -0.01
  endloop
endfacet
facet normal 0.513387 0.00172511 -0.858155
  outer loop
    vertex 0.00882074595037532 -0.2465583750263337 -0.004711097629951793
    vertex 0.008802193469578381 -0.2582355695274718 -0.004745670671687165
    vertex -2.449293598294706e-18 -0.252496333356741 -0.01
  endloop
endfacet
facet normal -0.488699 0 -0.872452
  outer loop
    vertex -2.449293598294706e-18 -0.2168685833742967 -0.01
    vertex -0.008527336237986865 -0.2100384112621752 -0.005223460221377783
    vertex -2.449293598294706e-18 -0.2049926667134818 -0.01
  endloop
endfacet
facet normal 0.318567 0 -0.9479
  outer loop
    vertex -2.449293598294706e-18 -0.2881240833391852 -0.01
    vertex 0.006039397652885918 -0.2912945608748477 -0.007970299617349155
    vertex -2.449293598294706e-18 -0.3 -0.01
  endloop
endfacet
facet normal 0.687376 0.0521524 0.724427
  outer loop
    vertex 0.009303315540503546 -0.09733862415412142 0.003667195107139136
    vertex 0.003380951130225488 -0.09906743528784222 0.009411119458121175
    vertex 0.004611052166220487 -0.1078118746116751 0.008873454677880165
  endloop
endfacet
facet normal 0.991387 -0.0118773 -0.130422
  outer loop
    vertex 0.008816198968044782 -0.1165585706983277 -0.004719601228477477
    vertex 0.009787969017641463 -0.1097630138450312 0.002048331640553071
    vertex 0.009686951274192342 -0.122962720086718 0.002482533989983494
  endloop
endfacet
facet normal -0.513411 0 -0.858143
  outer loop
    vertex -2.449293598294706e-18 -0.07435758344451864 -0.01
    vertex -0.008811594593687379 -0.06986415334404142 -0.004728192119245935
    vertex -2.449293598294706e-18 -0.06248166678370382 -0.01
  endloop
endfacet
facet normal -0.991457 0.117035 0.0575806
  outer loop
    vertex -0.008820745950375682 -0.2821861250087778 -0.004711097629951113
    vertex -0.009748279593798816 -0.2912645421447961 -0.002229584033205658
    vertex -0.008590281608794688 -0.2850702388827975 0.005119283336718503
  endloop
endfacet
facet normal -0.995616 -0.0781629 -0.0513716
  outer loop
    vertex -0.008784641560248212 -0.149438149346213 -0.004778082529421176
    vertex -0.00889394734204382 -0.1541906712340646 0.004571400297168438
    vertex -0.009555297589823519 -0.1447002533831763 0.002948946925584263
  endloop
endfacet
facet normal 0.522196 -0.00851283 -0.852783
  outer loop
    vertex 0.008857797973808401 -0.09159130863725998 -0.004641057536294482
    vertex 0.008945151258261145 -0.1033310214139057 -0.004470376826043757
    vertex -2.449293598294706e-18 -0.09810941676614826 -0.01
  endloop
endfacet
facet normal -0.997532 0.0238252 0.0660436
  outer loop
    vertex -0.008787143183596609 -0.0638513039398214 0.004773480352004357
    vertex -0.008548687566466493 -0.05501773541250804 0.005188443012209077
    vertex -0.009236619977231976 -0.05881569009954831 -0.00383208186188646
  endloop
endfacet
facet normal -0.597283 0.0451051 0.800761
  outer loop
    vertex -0.008590281608794688 -0.2850702388827975 0.005119283336718503
    vertex -0.001890136356113007 -0.2797950930495834 0.00981974462780473
    vertex -0.009060602671975882 -0.2755369832340836 0.004231486644263872
  endloop
endfacet
facet normal -0.383129 0 -0.923695
  outer loop
    vertex -2.449293598294706e-18 -0.06248166678370382 -0.01
    vertex -0.00707789231176502 -0.05142220809446616 -0.007064236719070053
    vertex -2.449293598294706e-18 -0.050605750122889 -0.01
  endloop
endfacet
facet normal 0.505207 -0.0180218 -0.86281
  outer loop
    vertex -2.449293598294706e-18 -0.06248166678370382 -0.01
    vertex 0.008624470868256677 -0.05714734863861905 -0.005061472339407962
    vertex 0.008820745950375301 -0.06841962511411123 -0.004711097629951829
  endloop
endfacet
facet normal 0.927098 -0.297249 0.228324
  outer loop
    vertex 0.008820745950375301 -0.06841962511411123 -0.004711097629951829
    vertex 0.009827335125344575 -0.06024020707233228 0.001850266017136116
    vertex 0.006904039626539646 -0.06522219155935959 0.007234240584551381
  endloop
endfacet
facet normal 0.997716 0.0356998 -0.0573364
  outer loop
    vertex 0.009013930154350078 -0.2255607869945138 0.004330018842048886
    vertex 0.009393717432587077 -0.237621944035532 0.003429004636437472
    vertex 0.008820745950385145 -0.2346824583655189 -0.004711097629933398
  endloop
endfacet
facet normal -0.978984 0.0601612 0.194861
  outer loop
    vertex -0.008548687566466493 -0.05501773541250804 0.005188443012209077
    vertex -0.007827393949487133 -0.04663287321334889 0.006223496120311493
    vertex -0.009681086214975881 -0.04852498320834656 -0.002505308304022473
  endloop
endfacet
facet normal 0.511772 0.00497133 -0.859107
  outer loop
    vertex 0.008820745950375367 -0.2109306250438892 -0.004711097629951706
    vertex 0.008764984948938872 -0.2229810692818187 -0.004814045995301151
    vertex -2.449293598294706e-18 -0.2168685833742967 -0.01
  endloop
endfacet
facet normal 0.137753 0.0492326 0.989242
  outer loop
    vertex 0.004555052478273065 -0.2335400306363662 0.008902330982398846
    vertex -0.002661802678053398 -0.2281539400127344 0.009639232671904323
    vertex -0.0006591828861812352 -0.2405692579738645 0.009978250243532971
  endloop
endfacet
facet normal 0.525815 0 -0.850599
  outer loop
    vertex -2.449293598294706e-18 -0.09810941676614826 -0.01
    vertex 0.008945151258261145 -0.1033310214139057 -0.004470376826043757
    vertex -2.449293598294706e-18 -0.1099853334269631 -0.01
  endloop
endfacet
facet normal -0.514242 0 -0.857645
  outer loop
    vertex -2.449293598294706e-18 -0.2881240833391852 -0.01
    vertex -0.008820745950375682 -0.2821861250087778 -0.004711097629951113
    vertex -2.449293598294706e-18 -0.2762481666783705 -0.01
  endloop
endfacet
facet normal -0.647982 0.268705 -0.712683
  outer loop
    vertex -2.449293598294706e-18 -0.1574890000702224 -0.01
    vertex -0.006679333304272409 -0.1668121965726881 -0.007442211137184796
    vertex -0.009756833373199951 -0.1603081203513166 -0.002191849111506463
  endloop
endfacet
facet normal -0.996573 0.0220605 -0.0797193
  outer loop
    vertex -0.009342967617288183 -0.2151257563544676 0.003564962286238718
    vertex -0.009174788540978354 -0.2060363146584757 0.003977845551090727
    vertex -0.008527336237986865 -0.2100384112621752 -0.005223460221377783
  endloop
endfacet
facet normal 0.518256 -0.00749968 -0.855192
  outer loop
    vertex 0.008821307247669352 -0.1392433510414809 -0.004710046543529709
    vertex 0.008900044377146824 -0.1509670979070858 -0.004559518624242828
    vertex -2.449293598294706e-18 -0.1456130834094075 -0.01
  endloop
endfacet
facet normal 0.505207 0.0180218 -0.86281
  outer loop
    vertex 0.008820745950375256 -0.2703102083479632 -0.004711097629951913
    vertex 0.008624470868256649 -0.2815824848234553 -0.005061472339408012
    vertex -2.449293598294706e-18 -0.2762481666783705 -0.01
  endloop
endfacet
facet normal -0.591369 0.00628456 0.806377
  outer loop
    vertex -0.008787143183596609 -0.0638513039398214 0.004773480352004357
    vertex -0.001998491624896087 -0.0697822666469563 0.009798266745971973
    vertex -0.001876660020615571 -0.06140552566328728 0.009822329009304421
  endloop
endfacet
facet normal 0.999475 -0.00496303 0.0320145
  outer loop
    vertex 0.008533115612403941 -0.2048319758113485 0.005214013611925856
    vertex 0.008473989874139333 -0.2161225779498653 0.005309566424199253
    vertex 0.008820745950375367 -0.2109306250438892 -0.004711097629951706
  endloop
endfacet
facet normal -0.998051 -0.0560861 -0.0273451
  outer loop
    vertex -0.008795920769391346 -0.2208028927733781 -0.004757286812731598
    vertex -0.008766809670313956 -0.2259858661203715 0.004810722212359566
    vertex -0.009342967617288183 -0.2151257563544676 0.003564962286238718
  endloop
endfacet
facet normal 0.514242 9.02969e-13 -0.857645
  outer loop
    vertex -2.449293598294706e-18 -0.2406204166959263 -0.01
    vertex 0.008820745950385145 -0.2346824583655189 -0.004711097629933398
    vertex 0.00882074595037532 -0.2465583750263337 -0.004711097629951793
  endloop
endfacet
facet normal 0.514242 0 -0.857645
  outer loop
    vertex -2.449293598294706e-18 -0.06248166678370382 -0.01
    vertex 0.008820745950375301 -0.06841962511411123 -0.004711097629951829
    vertex -2.449293598294706e-18 -0.07435758344451864 -0.01
  endloop
endfacet
facet normal 0.999653 0.0045355 -0.0259358
  outer loop
    vertex 0.008764984948938872 -0.2229810692818187 -0.004814045995301151
    vertex 0.009013930154350078 -0.2255607869945138 0.004330018842048886
    vertex 0.008820745950385145 -0.2346824583655189 -0.004711097629933398
  endloop
endfacet
facet normal 0.517809 -0.00699256 -0.855468
  outer loop
    vertex 0.008819534449303871 -0.1867836007501049 -0.004713365262478847
    vertex 0.008893193405464957 -0.1985175952385903 -0.004572866830883511
    vertex -2.449293598294706e-18 -0.1931167500526669 -0.01
  endloop
endfacet
facet normal 0.513415 -0.00166824 -0.858139
  outer loop
    vertex -2.449293598294706e-18 -0.2643722500175558 -0.01
    vertex 0.008802193469578381 -0.2582355695274718 -0.004745670671687165
    vertex 0.008820745950375256 -0.2703102083479632 -0.004711097629951913
  endloop
endfacet
facet normal 0.496917 0 -0.867798
  outer loop
    vertex -2.449293598294706e-18 -0.050605750122889 -0.01
    vertex 0.008624470868256677 -0.05714734863861905 -0.005061472339407962
    vertex -2.449293598294706e-18 -0.06248166678370382 -0.01
  endloop
endfacet
facet normal 0.508983 0.0105451 -0.860712
  outer loop
    vertex 0.008820745950375301 -0.06841962511411123 -0.004711097629951829
    vertex 0.008705860964005784 -0.07993867039915623 -0.004920161061936925
    vertex -2.449293598294706e-18 -0.07435758344451864 -0.01
  endloop
endfacet
facet normal 0.521559 0 -0.853215
  outer loop
    vertex -2.449293598294706e-18 -0.1456130834094075 -0.01
    vertex 0.008900044377146824 -0.1509670979070858 -0.004559518624242828
    vertex -2.449293598294706e-18 -0.1574890000702224 -0.01
  endloop
endfacet
facet normal -0.501466 0 -0.865177
  outer loop
    vertex -2.449293598294706e-18 -0.2762481666783705 -0.01
    vertex -0.008677137759533261 -0.2708850802624155 -0.004970641840052661
    vertex -2.449293598294706e-18 -0.2643722500175558 -0.01
  endloop
endfacet
facet normal -0.998769 -0.0407203 0.0283388
  outer loop
    vertex -0.008787143183596609 -0.0638513039398214 0.004773480352004357
    vertex -0.009236619977231976 -0.05881569009954831 -0.00383208186188646
    vertex -0.008811594593687379 -0.06986415334404142 -0.004728192119245935
  endloop
endfacet
facet normal 0.514242 0 -0.857645
  outer loop
    vertex -2.449293598294706e-18 -0.2643722500175558 -0.01
    vertex 0.008820745950375256 -0.2703102083479632 -0.004711097629951913
    vertex -2.449293598294706e-18 -0.2762481666783705 -0.01
  endloop
endfacet
facet normal 0.496917 0 -0.867798
  outer loop
    vertex -2.449293598294706e-18 -0.2762481666783705 -0.01
    vertex 0.008624470868256649 -0.2815824848234553 -0.005061472339408012
    vertex -2.449293598294706e-18 -0.2881240833391852 -0.01
  endloop
endfacet
facet normal 0.511412 -0.0139118 -0.859223
  outer loop
    vertex 0.008705860964005784 -0.07993867039915623 -0.004920161061936925
    vertex 0.008857797973808401 -0.09159130863725998 -0.004641057536294482
    vertex -2.449293598294706e-18 -0.08623350010533345 -0.01
  endloop
endfacet
facet normal 0.520919 0 -0.853606
  outer loop
    vertex -2.449293598294706e-18 -0.1931167500526669 -0.01
    vertex 0.008893193405464957 -0.1985175952385903 -0.004572866830883511
    vertex -2.449293598294706e-18 -0.2049926667134818 -0.01
  endloop
endfacet
facet normal 0.517636 0 -0.855601
  outer loop
    vertex -2.449293598294706e-18 -0.08623350010533345 -0.01
    vertex 0.008857797973808401 -0.09159130863725998 -0.004641057536294482
    vertex -2.449293598294706e-18 -0.09810941676614826 -0.01
  endloop
endfacet
facet normal 0.515503 -0.00379193 -0.85688
  outer loop
    vertex 0.008816198968044782 -0.1165585706983277 -0.004719601228477477
    vertex 0.008855343495834269 -0.1279279296541729 -0.004645739076916148
    vertex -2.449293598294706e-18 -0.1218612500877779 -0.01
  endloop
endfacet
facet normal 0.515813 0.0033172 -0.856695
  outer loop
    vertex 0.008855343495834269 -0.1279279296541729 -0.004645739076916148
    vertex 0.008821307247669352 -0.1392433510414809 -0.004710046543529709
    vertex -2.449293598294706e-18 -0.1337371667485927 -0.01
  endloop
endfacet
facet normal -0.61572 -0.0379614 0.78705
  outer loop
    vertex -0.009183607211852336 -0.07433962158494901 0.003957443439698635
    vertex -0.001998491624896087 -0.0697822666469563 0.009798266745971973
    vertex -0.008787143183596609 -0.0638513039398214 0.004773480352004357
  endloop
endfacet
facet normal 0.511323 0.00587127 -0.859368
  outer loop
    vertex 0.008820745950375339 -0.1634269584006298 -0.004711097629951757
    vertex 0.008756801527793468 -0.1751029467695716 -0.004828915717097784
    vertex -2.449293598294706e-18 -0.1693649167310372 -0.01
  endloop
endfacet
facet normal 0.511461 -0.00575358 -0.859287
  outer loop
    vertex 0.008756801527793468 -0.1751029467695716 -0.004828915717097784
    vertex 0.008819534449303871 -0.1867836007501049 -0.004713365262478847
    vertex -2.449293598294706e-18 -0.1812408333918521 -0.01
  endloop
endfacet
facet normal 0.25143 0.0654124 0.965663
  outer loop
    vertex 0.007090790252328826 -0.05496633964237758 0.007051290208002966
    vertex -0.002947527777131634 -0.05335372593859466 0.009555735450661946
    vertex -0.001876660020615571 -0.06140552566328728 0.009822329009304421
  endloop
endfacet
facet normal 0.0733983 0.182079 0.980541
  outer loop
    vertex -0.005569811074194183 -0.1839477998012973 0.00830525162760189
    vertex -0.002880569612592554 -0.1918758556629126 0.009576132763647776
    vertex 0.005199454673076817 -0.1895639313631191 0.008541994562315037
  endloop
endfacet
facet normal 0.513829 0 -0.857893
  outer loop
    vertex -2.449293598294706e-18 -0.1099853334269631 -0.01
    vertex 0.008816198968044782 -0.1165585706983277 -0.004719601228477477
    vertex -2.449293598294706e-18 -0.1218612500877779 -0.01
  endloop
endfacet
facet normal 0.511698 -0.00512036 -0.85915
  outer loop
    vertex -2.449293598294706e-18 -0.2287445000351115 -0.01
    vertex 0.008764984948938872 -0.2229810692818187 -0.004814045995301151
    vertex 0.008820745950385145 -0.2346824583655189 -0.004711097629933398
  endloop
endfacet
facet normal 0.514293 0 -0.857614
  outer loop
    vertex -2.449293598294706e-18 -0.1337371667485927 -0.01
    vertex 0.008821307247669352 -0.1392433510414809 -0.004710046543529709
    vertex -2.449293598294706e-18 -0.1456130834094075 -0.01
  endloop
endfacet
facet normal -0.998968 0.0395067 -0.0224299
  outer loop
    vertex -0.009183607211852336 -0.07433962158494901 0.003957443439698635
    vertex -0.008787143183596609 -0.0638513039398214 0.004773480352004357
    vertex -0.008811594593687379 -0.06986415334404142 -0.004728192119245935
  endloop
endfacet
facet normal -0.584623 -0.0223157 0.810998
  outer loop
    vertex -0.008787143183596609 -0.0638513039398214 0.004773480352004357
    vertex -0.001876660020615571 -0.06140552566328728 0.009822329009304421
    vertex -0.008548687566466493 -0.05501773541250804 0.005188443012209077
  endloop
endfacet
facet normal 0.999356 0.00584962 -0.035389
  outer loop
    vertex 0.008819534449303871 -0.1867836007501049 -0.004713365262478847
    vertex 0.009181063861872918 -0.1960554155668376 0.00396334030386127
    vertex 0.008893193405464957 -0.1985175952385903 -0.004572866830883511
  endloop
endfacet
facet normal -0.487863 0 -0.87292
  outer loop
    vertex -2.449293598294706e-18 -0.1812408333918521 -0.01
    vertex -0.008517314738052013 -0.1762245162443095 -0.005239785267829394
    vertex -2.449293598294706e-18 -0.1693649167310372 -0.01
  endloop
endfacet
facet normal 0.514242 0 -0.857645
  outer loop
    vertex -2.449293598294706e-18 -0.1574890000702224 -0.01
    vertex 0.008820745950375339 -0.1634269584006298 -0.004711097629951757
    vertex -2.449293598294706e-18 -0.1693649167310372 -0.01
  endloop
endfacet
facet normal 0.514132 0 -0.857711
  outer loop
    vertex -2.449293598294706e-18 -0.1812408333918521 -0.01
    vertex 0.008819534449303871 -0.1867836007501049 -0.004713365262478847
    vertex -2.449293598294706e-18 -0.1931167500526669 -0.01
  endloop
endfacet
facet normal 0.514242 0 -0.857645
  outer loop
    vertex -2.449293598294706e-18 -0.2406204166959263 -0.01
    vertex 0.00882074595037532 -0.2465583750263337 -0.004711097629951793
    vertex -2.449293598294706e-18 -0.252496333356741 -0.01
  endloop
endfacet
facet normal 0.00653221 0.0403631 0.999164
  outer loop
    vertex -0.002498788462714158 -0.2197933756509465 0.00968277110225201
    vertex 0.003875039830867532 -0.2093366163924428 0.009218680291082349
    vertex -0.003615960401719321 -0.2107153012762782 0.009323348667361843
  endloop
endfacet
facet normal 0.514242 0 -0.857645
  outer loop
    vertex -2.449293598294706e-18 -0.2049926667134818 -0.01
    vertex 0.008820745950375367 -0.2109306250438892 -0.004711097629951706
    vertex -2.449293598294706e-18 -0.2168685833742967 -0.01
  endloop
endfacet
facet normal 0.514242 0 -0.857645
  outer loop
    vertex -2.449293598294706e-18 -0.2287445000351115 -0.01
    vertex 0.008820745950385145 -0.2346824583655189 -0.004711097629933398
    vertex -2.449293598294706e-18 -0.2406204166959263 -0.01
  endloop
endfacet
facet normal -0.785441 0.00150584 0.618934
  outer loop
    vertex -0.009555297589823519 -0.1447002533831763 0.002948946925584263
    vertex -0.005081917531934145 -0.1392237669769879 0.008612439503335881
    vertex -0.009568718197558411 -0.1336801242880348 0.002905104482753505
  endloop
endfacet
facet normal 0.512559 0 -0.858652
  outer loop
    vertex -2.449293598294706e-18 -0.252496333356741 -0.01
    vertex 0.008802193469578381 -0.2582355695274718 -0.004745670671687165
    vertex -2.449293598294706e-18 -0.2643722500175558 -0.01
  endloop
endfacet
facet normal 0.51741 0 -0.855738
  outer loop
    vertex -2.449293598294706e-18 -0.1218612500877779 -0.01
    vertex 0.008855343495834269 -0.1279279296541729 -0.004645739076916148
    vertex -2.449293598294706e-18 -0.1337371667485927 -0.01
  endloop
endfacet
facet normal 0.508482 0 -0.861072
  outer loop
    vertex -2.449293598294706e-18 -0.1693649167310372 -0.01
    vertex 0.008756801527793468 -0.1751029467695716 -0.004828915717097784
    vertex -2.449293598294706e-18 -0.1812408333918521 -0.01
  endloop
endfacet
facet normal 0.509213 0 -0.860641
  outer loop
    vertex -2.449293598294706e-18 -0.2168685833742967 -0.01
    vertex 0.008764984948938872 -0.2229810692818187 -0.004814045995301151
    vertex -2.449293598294706e-18 -0.2287445000351115 -0.01
  endloop
endfacet
facet normal 0.488528 0.213597 0.846
  outer loop
    vertex 0.007523038963448051 -0.2458560128553071 0.006588162471770294
    vertex 0.009393717432587077 -0.237621944035532 0.003429004636437472
    vertex -0.0006591828861812352 -0.2405692579738645 0.009978250243532971
  endloop
endfacet
facet normal 0.503976 0 -0.863718
  outer loop
    vertex -2.449293598294706e-18 -0.07435758344451864 -0.01
    vertex 0.008705860964005784 -0.07993867039915623 -0.004920161061936925
    vertex -2.449293598294706e-18 -0.08623350010533345 -0.01
  endloop
endfacet
facet normal 0.989101 -0.0126628 -0.146692
  outer loop
    vertex 0.008820745950375256 -0.2703102083479632 -0.004711097629951913
    vertex 0.009734387895893277 -0.2800428342085841 0.002289474239271208
    vertex 0.008624470868256649 -0.2815824848234553 -0.005061472339408012
  endloop
endfacet
facet normal -0.989844 0.136914 0.0382568
  outer loop
    vertex -0.008385381931574168 -0.245297850670524 0.005448428201016279
    vertex -0.008160605396507875 -0.2405354007153706 -0.00577966431226646
    vertex -0.009461652690463453 -0.2506521044139824 -0.003236839255360959
  endloop
endfacet
facet normal 0.261727 -0.0112003 0.965077
  outer loop
    vertex 0.006693405801214635 -0.2851673569305843 0.007429557105256428
    vertex 0.006503105586563428 -0.2752136428321008 0.007596684653847857
    vertex -0.001890136356113007 -0.2797950930495834 0.00981974462780473
  endloop
endfacet
facet normal -0.996978 0.043039 -0.0646783
  outer loop
    vertex -0.009568718197558411 -0.1336801242880348 0.002905104482753505
    vertex -0.00924206608420685 -0.1247401004162799 0.003818928448551173
    vertex -0.008820745950377582 -0.1277992084181853 -0.004711097629947556
  endloop
endfacet
facet normal -0.535889 -0.0288985 0.843794
  outer loop
    vertex -0.001033913783227113 -0.2502878852490955 0.009946407506675614
    vertex -0.008385381931574168 -0.245297850670524 0.005448428201016279
    vertex -0.008710432257880599 -0.2549312166809455 0.004912063708959106
  endloop
endfacet
facet normal 0.247991 0.0156908 0.968635
  outer loop
    vertex 0.006503105586563428 -0.2752136428321008 0.007596684653847857
    vertex -0.002229531863460218 -0.2700199906490657 0.009748291525688776
    vertex -0.001890136356113007 -0.2797950930495834 0.00981974462780473
  endloop
endfacet
facet normal 0.581197 -0.316369 0.749747
  outer loop
    vertex -0.0006591828861812352 -0.2405692579738645 0.009978250243532971
    vertex 0.009393717432587077 -0.237621944035532 0.003429004636437472
    vertex 0.004555052478273065 -0.2335400306363662 0.008902330982398846
  endloop
endfacet
facet normal 0.995568 0.0492724 -0.0801021
  outer loop
    vertex 0.009303315540503546 -0.09733862415412142 0.003667195107139136
    vertex 0.009787969017641463 -0.1097630138450312 0.002048331640553071
    vertex 0.008945151258261145 -0.1033310214139057 -0.004470376826043757
  endloop
endfacet
facet normal -0.996283 0.0744357 0.0433529
  outer loop
    vertex -0.008795920769391346 -0.2208028927733781 -0.004757286812731598
    vertex -0.009435250335327806 -0.2302011658561188 -0.003313012392022783
    vertex -0.008766809670313956 -0.2259858661203715 0.004810722212359566
  endloop
endfacet
facet normal -0.597658 -0.0298826 0.801194
  outer loop
    vertex -0.009030809791230256 -0.2650758979653181 0.004294703076420971
    vertex -0.001858805198346058 -0.2602229575816478 0.009825723547637683
    vertex -0.008710432257880599 -0.2549312166809455 0.004912063708959106
  endloop
endfacet
facet normal -0.237192 0.0711224 0.968856
  outer loop
    vertex -0.006901405684972176 -0.1738331761283939 0.007236753386114089
    vertex -0.005569811074194183 -0.1839477998012973 0.00830525162760189
    vertex 0.002314633944201913 -0.1770404036826284 0.009728436138678626
  endloop
endfacet
facet normal -0.400484 0.0646478 0.91402
  outer loop
    vertex -0.007941048380346736 -0.1638879017537563 0.006077808044105414
    vertex -0.006901405684972176 -0.1738331761283939 0.007236753386114089
    vertex 0.0003999246606851826 -0.1675574325958799 0.009991999813139302
  endloop
endfacet
facet normal -0.750902 -0.0303696 0.659715
  outer loop
    vertex -0.009599970347886408 -0.1076740895016799 0.002800101662386871
    vertex -0.003659522813744915 -0.1132202119393756 0.009306336162834465
    vertex -0.004294090282746937 -0.1035091434939647 0.00903110118665594
  endloop
endfacet
facet normal -0.550686 0.0750296 0.831333
  outer loop
    vertex -0.00889394734204382 -0.1541906712340646 0.004571400297168438
    vertex -0.007941048380346736 -0.1638879017537563 0.006077808044105414
    vertex -0.001362524833856233 -0.1580291320330119 0.009906741445961181
  endloop
endfacet
facet normal 3.16903e-15 0.135441 0.990785
  outer loop
    vertex -0.004338837391175535 -0.03872983346207417 0.009009688679024212
    vertex 0.0004972823814303437 -0.04588372392218572 0.009987627858161265
    vertex 0.004338837391175594 -0.03872983346207417 0.009009688679024184
  endloop
endfacet
facet normal -0.642971 0.0330358 0.765178
  outer loop
    vertex -0.009183607211852336 -0.07433962158494901 0.003957443439698635
    vertex -0.002742995554071203 -0.08006102411996295 0.009616442969744355
    vertex -0.001998491624896087 -0.0697822666469563 0.009798266745971973
  endloop
endfacet
facet normal 0.255146 0.0449631 0.965856
  outer loop
    vertex 0.006080459259681164 -0.07568813903420259 0.007939018528216041
    vertex 0.006904039626539646 -0.06522219155935959 0.007234240584551381
    vertex -0.001998491624896087 -0.0697822666469563 0.009798266745971973
  endloop
endfacet
facet normal 0.873824 -0.0361092 0.4849
  outer loop
    vertex 0.006080459259681164 -0.07568813903420259 0.007939018528216041
    vertex 0.009949075923774886 -0.07514551775780734 0.001007912825081067
    vertex 0.006904039626539646 -0.06522219155935959 0.007234240584551381
  endloop
endfacet
facet normal -0.997207 0.0524796 -0.05314
  outer loop
    vertex -0.009606701556107197 -0.09804606675937452 0.002776920094616974
    vertex -0.009184938035248285 -0.08883954051481661 0.003954353713143195
    vertex -0.0087552140495129 -0.08957072570850373 -0.004831793346906709
  endloop
endfacet
facet normal 0.976897 -0.174726 0.123056
  outer loop
    vertex 0.00882074595037532 -0.2465583750263337 -0.004711097629951793
    vertex 0.009393717432587077 -0.237621944035532 0.003429004636437472
    vertex 0.007523038963448051 -0.2458560128553071 0.006588162471770294
  endloop
endfacet
facet normal -0.607252 -0.0464367 0.793151
  outer loop
    vertex -0.009174788540978354 -0.2060363146584757 0.003977845551090727
    vertex -0.001990127188118216 -0.2005467105679157 0.009799969070110002
    vertex -0.008772835791633267 -0.1972547435661881 0.004799724176766653
  endloop
endfacet
facet normal 0.397538 -0.0798425 0.914105
  outer loop
    vertex -0.0003490567726557599 -0.2908731464821919 0.009993906111699426
    vertex 0.007818314824680305 -0.2932438782218695 0.006234898018587329
    vertex 0.006693405801214635 -0.2851673569305843 0.007429557105256428
  endloop
endfacet
facet normal 0.981029 -0.0621669 -0.183623
  outer loop
    vertex 0.009703090056243631 -0.04793213604639145 -0.002418686288137841
    vertex 0.009947405041342533 -0.05424617811508475 0.001024271908954434
    vertex 0.008624470868256677 -0.05714734863861905 -0.005061472339407962
  endloop
endfacet
facet normal 3.18007e-15 -0.107216 0.994236
  outer loop
    vertex 0.004338837391175594 -0.3 0.009009688679024184
    vertex -0.0003490567726557599 -0.2908731464821919 0.009993906111699426
    vertex -0.004338837391175535 -0.3 0.009009688679024212
  endloop
endfacet
facet normal 0.224826 -0.0255074 0.974065
  outer loop
    vertex 0.006503105586563428 -0.2752136428321008 0.007596684653847857
    vertex 0.006062980103707836 -0.2655100306160626 0.007952375259131257
    vertex -0.002229531863460218 -0.2700199906490657 0.009748291525688776
  endloop
endfacet
facet normal 0.201925 -0.0319413 0.97888
  outer loop
    vertex -0.002742995554071203 -0.08006102411996295 0.009616442969744355
    vertex 0.006080459259681164 -0.07568813903420259 0.007939018528216041
    vertex -0.001998491624896087 -0.0697822666469563 0.009798266745971973
  endloop
endfacet
facet normal -0.626863 -0.00292296 0.779124
  outer loop
    vertex -0.009060602671975882 -0.2755369832340836 0.004231486644263872
    vertex -0.002229531863460218 -0.2700199906490657 0.009748291525688776
    vertex -0.009030809791230256 -0.2650758979653181 0.004294703076420971
  endloop
endfacet
facet normal -0.563482 0.0367597 0.82531
  outer loop
    vertex -0.001858805198346058 -0.2602229575816478 0.009825723547637683
    vertex -0.001033913783227113 -0.2502878852490955 0.009946407506675614
    vertex -0.008710432257880599 -0.2549312166809455 0.004912063708959106
  endloop
endfacet
facet normal 0.997532 -7.16544e-13 -0.070215
  outer loop
    vertex 0.008820745950385145 -0.2346824583655189 -0.004711097629933398
    vertex 0.009393717432587077 -0.237621944035532 0.003429004636437472
    vertex 0.00882074595037532 -0.2465583750263337 -0.004711097629951793
  endloop
endfacet
facet normal -0.645074 0.0532163 0.762265
  outer loop
    vertex -0.008766809670313956 -0.2259858661203715 0.004810722212359566
    vertex -0.002498788462714158 -0.2197933756509465 0.00968277110225201
    vertex -0.009342967617288183 -0.2151257563544676 0.003564962286238718
  endloop
endfacet
facet normal -0.287369 -0.08454 0.954082
  outer loop
    vertex -0.006901405684972176 -0.1738331761283939 0.007236753386114089
    vertex 0.002314633944201913 -0.1770404036826284 0.009728436138678626
    vertex 0.0003999246606851826 -0.1675574325958799 0.009991999813139302
  endloop
endfacet
facet normal -0.450602 -0.0753883 0.889536
  outer loop
    vertex -0.007941048380346736 -0.1638879017537563 0.006077808044105414
    vertex 0.0003999246606851826 -0.1675574325958799 0.009991999813139302
    vertex -0.001362524833856233 -0.1580291320330119 0.009906741445961181
  endloop
endfacet
facet normal 0.996952 0.0111496 -0.0772187
  outer loop
    vertex 0.008705860964005784 -0.07993867039915623 -0.004920161061936925
    vertex 0.009389591755140038 -0.08317325034698565 0.003440285841584422
    vertex 0.008857797973808401 -0.09159130863725998 -0.004641057536294482
  endloop
endfacet
facet normal -0.69035 0.0749106 0.719587
  outer loop
    vertex -0.00889394734204382 -0.1541906712340646 0.004571400297168438
    vertex -0.003152185651112608 -0.1485261781692702 0.009490191021308254
    vertex -0.009555297589823519 -0.1447002533831763 0.002948946925584263
  endloop
endfacet
facet normal 0.776428 0.117361 0.619181
  outer loop
    vertex 0.004338837391175594 -0.03872983346207417 0.009009688679024184
    vertex 0.007834704227478635 -0.04710938273770209 0.006214290761456887
    vertex 0.009749279121818237 -0.03872983346207417 0.002225209339563139
  endloop
endfacet
facet normal -0.970024 0.100172 -0.221402
  outer loop
    vertex -0.007818314824680333 -0.03872983346207417 -0.006234898018587291
    vertex -0.009681086214975881 -0.04852498320834656 -0.002505308304022473
    vertex -0.009749279121818217 -0.03872983346207417 0.002225209339563233
  endloop
endfacet
facet normal -0.620458 -0.0158111 0.784081
  outer loop
    vertex -0.001890136356113007 -0.2797950930495834 0.00981974462780473
    vertex -0.002229531863460218 -0.2700199906490657 0.009748291525688776
    vertex -0.009060602671975882 -0.2755369832340836 0.004231486644263872
  endloop
endfacet
facet normal 0.146506 -0.0793524 0.986022
  outer loop
    vertex 0.006157527634674983 -0.151353508065043 0.007879394229775148
    vertex 0.00447392730046763 -0.1412409885959555 0.008943376013012672
    vertex -0.003152185651112608 -0.1485261781692702 0.009490191021308254
  endloop
endfacet
facet normal 0.439215 -0.114038 0.891115
  outer loop
    vertex 0.0004972823814303437 -0.04588372392218572 0.009987627858161265
    vertex 0.007834704227478635 -0.04710938273770209 0.006214290761456887
    vertex 0.004338837391175594 -0.03872983346207417 0.009009688679024184
  endloop
endfacet
facet normal 0.990803 -0.00711324 -0.135122
  outer loop
    vertex 0.008945151258261145 -0.1033310214139057 -0.004470376826043757
    vertex 0.009787969017641463 -0.1097630138450312 0.002048331640553071
    vertex 0.008816198968044782 -0.1165585706983277 -0.004719601228477477
  endloop
endfacet
facet normal 0.312163 -0.0374496 0.94929
  outer loop
    vertex -0.001858805198346058 -0.2602229575816478 0.009825723547637683
    vertex 0.007096078872196634 -0.2560417313937333 0.007045967970376005
    vertex -0.001033913783227113 -0.2502878852490955 0.009946407506675614
  endloop
endfacet
facet normal -0.60266 -0.0786882 0.794109
  outer loop
    vertex -0.00889394734204382 -0.1541906712340646 0.004571400297168438
    vertex -0.001362524833856233 -0.1580291320330119 0.009906741445961181
    vertex -0.003152185651112608 -0.1485261781692702 0.009490191021308254
  endloop
endfacet
facet normal -0.617856 0.017167 0.786104
  outer loop
    vertex -0.009030809791230256 -0.2650758979653181 0.004294703076420971
    vertex -0.002229531863460218 -0.2700199906490657 0.009748291525688776
    vertex -0.001858805198346058 -0.2602229575816478 0.009825723547637683
  endloop
endfacet
facet normal 0.971093 0.216655 0.100197
  outer loop
    vertex 0.007096078872196634 -0.2560417313937333 0.007045967970376005
    vertex 0.00955040324596282 -0.2651550730801999 0.002964759322357015
    vertex 0.008802193469578381 -0.2582355695274718 -0.004745670671687165
  endloop
endfacet
facet normal -0.71439 -0.0452738 0.698281
  outer loop
    vertex -0.009568718197558411 -0.1336801242880348 0.002905104482753505
    vertex -0.003477011090008373 -0.1299983463612964 0.009376054280984021
    vertex -0.00924206608420685 -0.1247401004162799 0.003818928448551173
  endloop
endfacet
facet normal 0.472736 0.259753 0.842051
  outer loop
    vertex -0.001990127188118216 -0.2005467105679157 0.009799969070110002
    vertex 0.003875039830867532 -0.2093366163924428 0.009218680291082349
    vertex 0.008533115612403941 -0.2048319758113485 0.005214013611925856
  endloop
endfacet
facet normal 0.0734215 -0.0324968 0.996771
  outer loop
    vertex -0.003659522813744915 -0.1132202119393756 0.009306336162834465
    vertex 0.005274968960973355 -0.1179026852531499 0.008495569578360694
    vertex 0.004611052166220487 -0.1078118746116751 0.008873454677880165
  endloop
endfacet
facet normal 0.0323888 0.0304308 0.999012
  outer loop
    vertex -0.003659522813744915 -0.1132202119393756 0.009306336162834465
    vertex 0.004611052166220487 -0.1078118746116751 0.008873454677880165
    vertex -0.004294090282746937 -0.1035091434939647 0.00903110118665594
  endloop
endfacet
facet normal -0.968723 -0.112645 -0.221105
  outer loop
    vertex -0.009749279121818217 -0.3 0.002225209339563233
    vertex -0.009748279593798816 -0.2912645421447961 -0.002229584033205658
    vertex -0.007818314824680333 -0.3 -0.006234898018587291
  endloop
endfacet
facet normal -0.994952 0.0584419 -0.0815738
  outer loop
    vertex -0.008531730963599996 -0.1006770413412186 -0.00521627901523194
    vertex -0.009182197409796726 -0.1099984697343282 -0.003960713411435155
    vertex -0.009599970347886408 -0.1076740895016799 0.002800101662386871
  endloop
endfacet
facet normal 0.193279 0.0792662 0.977937
  outer loop
    vertex -0.001362524833856233 -0.1580291320330119 0.009906741445961181
    vertex 0.006157527634674983 -0.151353508065043 0.007879394229775148
    vertex -0.003152185651112608 -0.1485261781692702 0.009490191021308254
  endloop
endfacet
facet normal -0.396872 -0.144379 0.906448
  outer loop
    vertex -0.004338837391175535 -0.03872983346207417 0.009009688679024212
    vertex -0.007827393949487133 -0.04663287321334889 0.006223496120311493
    vertex 0.0004972823814303437 -0.04588372392218572 0.009987627858161265
  endloop
endfacet
facet normal -0.734896 -0.0201369 0.677881
  outer loop
    vertex -0.003659522813744915 -0.1132202119393756 0.009306336162834465
    vertex -0.00959181914117792 -0.1148088487333778 0.002827897728513687
    vertex -0.003307640014574734 -0.1216590182931586 0.009437135027855863
  endloop
endfacet
facet normal 0.738844 -0.0270355 0.673334
  outer loop
    vertex 0.004555052478273065 -0.2335400306363662 0.008902330982398846
    vertex 0.009393717432587077 -0.237621944035532 0.003429004636437472
    vertex 0.009013930154350078 -0.2255607869945138 0.004330018842048886
  endloop
endfacet
facet normal 0.998781 0.00672069 -0.048909
  outer loop
    vertex 0.008857797973808401 -0.09159130863725998 -0.004641057536294482
    vertex 0.009303315540503546 -0.09733862415412142 0.003667195107139136
    vertex 0.008945151258261145 -0.1033310214139057 -0.004470376826043757
  endloop
endfacet
facet normal 0.989729 -0.0045607 -0.142884
  outer loop
    vertex 0.008900044377146824 -0.1509670979070858 -0.004559518624242828
    vertex 0.009814588038853905 -0.1553971709378121 0.001916732017676403
    vertex 0.008820745950375339 -0.1634269584006298 -0.004711097629951757
  endloop
endfacet
facet normal 0.998246 0.0582234 -0.0107511
  outer loop
    vertex 0.008473989874139333 -0.2161225779498653 0.005309566424199253
    vertex 0.009013930154350078 -0.2255607869945138 0.004330018842048886
    vertex 0.008764984948938872 -0.2229810692818187 -0.004814045995301151
  endloop
endfacet
facet normal 0.800515 0.0302545 0.598549
  outer loop
    vertex 0.005274968960973355 -0.1179026852531499 0.008495569578360694
    vertex 0.009787969017641463 -0.1097630138450312 0.002048331640553071
    vertex 0.004611052166220487 -0.1078118746116751 0.008873454677880165
  endloop
endfacet
facet normal -0.983147 0.0132925 -0.182331
  outer loop
    vertex -0.008794013771492051 -0.1901199316838381 -0.004760811042964021
    vertex -0.009863607198345326 -0.1813489938700737 0.001645980873749835
    vertex -0.008517314738052013 -0.1762245162443095 -0.005239785267829394
  endloop
endfacet
facet normal 0.969353 0.106786 -0.221249
  outer loop
    vertex 0.009749279121818237 -0.03872983346207417 0.002225209339563139
    vertex 0.009703090056243631 -0.04793213604639145 -0.002418686288137841
    vertex 0.007818314824680294 -0.03872983346207417 -0.006234898018587341
  endloop
endfacet
facet normal 0.219958 -0.0160324 0.975378
  outer loop
    vertex -0.002229531863460218 -0.2700199906490657 0.009748291525688776
    vertex 0.006062980103707836 -0.2655100306160626 0.007952375259131257
    vertex -0.001858805198346058 -0.2602229575816478 0.009825723547637683
  endloop
endfacet
facet normal 0.969829 -0.102143 -0.221357
  outer loop
    vertex 0.007818314824680294 -0.3 -0.006234898018587341
    vertex 0.009856718447775456 -0.2905022055032735 -0.001686742849779718
    vertex 0.009749279121818237 -0.3 0.002225209339563139
  endloop
endfacet
facet normal -0.995703 -0.0770846 0.0513123
  outer loop
    vertex -0.008710432257880599 -0.2549312166809455 0.004912063708959106
    vertex -0.009461652690463453 -0.2506521044139824 -0.003236839255360959
    vertex -0.008805075323616346 -0.2601339322723402 -0.00474032156561583
  endloop
endfacet
facet normal -0.937098 -0.0578458 0.34424
  outer loop
    vertex -0.007941048380346736 -0.1638879017537563 0.006077808044105414
    vertex -0.009987591353258742 -0.1698666975632666 -0.0004980150201662622
    vertex -0.006901405684972176 -0.1738331761283939 0.007236753386114089
  endloop
endfacet
facet normal 0.352937 0.0272413 0.93525
  outer loop
    vertex 0.007096078872196634 -0.2560417313937333 0.007045967970376005
    vertex 0.007523038963448051 -0.2458560128553071 0.006588162471770294
    vertex -0.001033913783227113 -0.2502878852490955 0.009946407506675614
  endloop
endfacet
facet normal 0.986014 0.0120018 -0.166228
  outer loop
    vertex 0.008624470868256677 -0.05714734863861905 -0.005061472339407962
    vertex 0.009827335125344575 -0.06024020707233228 0.001850266017136116
    vertex 0.008820745950375301 -0.06841962511411123 -0.004711097629951829
  endloop
endfacet
facet normal -0.513418 0.0169853 0.857971
  outer loop
    vertex -0.001033913783227113 -0.2502878852490955 0.009946407506675614
    vertex -0.0006591828861812352 -0.2405692579738645 0.009978250243532971
    vertex -0.008385381931574168 -0.245297850670524 0.005448428201016279
  endloop
endfacet
facet normal -0.993967 0.027629 0.106139
  outer loop
    vertex -0.008385381931574168 -0.245297850670524 0.005448428201016279
    vertex -0.009461652690463453 -0.2506521044139824 -0.003236839255360959
    vertex -0.008710432257880599 -0.2549312166809455 0.004912063708959106
  endloop
endfacet
facet normal -0.99445 0.0980319 0.0382053
  outer loop
    vertex -0.008784641560248212 -0.149438149346213 -0.004778082529421176
    vertex -0.009756833373199951 -0.1603081203513166 -0.002191849111506463
    vertex -0.00889394734204382 -0.1541906712340646 0.004571400297168438
  endloop
endfacet
facet normal -0.70144 -0.0193848 0.712465
  outer loop
    vertex -0.009342967617288183 -0.2151257563544676 0.003564962286238718
    vertex -0.003615960401719321 -0.2107153012762782 0.009323348667361843
    vertex -0.009174788540978354 -0.2060363146584757 0.003977845551090727
  endloop
endfacet
facet normal -0.0153216 0.0907783 0.995753
  outer loop
    vertex 0.00447392730046763 -0.1412409885959555 0.008943376013012672
    vertex -0.005081917531934145 -0.1392237669769879 0.008612439503335881
    vertex -0.003152185651112608 -0.1485261781692702 0.009490191021308254
  endloop
endfacet
facet normal -0.965821 -0.118148 0.230717
  outer loop
    vertex -0.009681086214975881 -0.04852498320834656 -0.002505308304022473
    vertex -0.007827393949487133 -0.04663287321334889 0.006223496120311493
    vertex -0.009749279121818217 -0.03872983346207417 0.002225209339563233
  endloop
endfacet
facet normal 0.446101 0.133704 0.884939
  outer loop
    vertex 0.004338837391175594 -0.3 0.009009688679024184
    vertex 0.007818314824680305 -0.2932438782218695 0.006234898018587329
    vertex -0.0003490567726557599 -0.2908731464821919 0.009993906111699426
  endloop
endfacet
facet normal 0.948359 -0.263336 0.176833
  outer loop
    vertex 0.008820745950375339 -0.1634269584006298 -0.004711097629951757
    vertex 0.009814588038853905 -0.1553971709378121 0.001916732017676403
    vertex 0.007266001877760932 -0.1612488791763659 0.006870605265358695
  endloop
endfacet
facet normal 0.373082 -0.0174247 0.927635
  outer loop
    vertex -0.001033913783227113 -0.2502878852490955 0.009946407506675614
    vertex 0.007523038963448051 -0.2458560128553071 0.006588162471770294
    vertex -0.0006591828861812352 -0.2405692579738645 0.009978250243532971
  endloop
endfacet
facet normal -0.775765 0.124334 0.618652
  outer loop
    vertex -0.009749279121818217 -0.03872983346207417 0.002225209339563233
    vertex -0.007827393949487133 -0.04663287321334889 0.006223496120311493
    vertex -0.004338837391175535 -0.03872983346207417 0.009009688679024212
  endloop
endfacet
facet normal 0.949159 -0.299248 0.0977094
  outer loop
    vertex 0.008855343495834269 -0.1279279296541729 -0.004645739076916148
    vertex 0.009686951274192342 -0.122962720086718 0.002482533989983494
    vertex 0.007083206549369489 -0.1297270640022586 0.007058908200208385
  endloop
endfacet
facet normal 0.3555 0.0740938 0.931735
  outer loop
    vertex 0.0003999246606851826 -0.1675574325958799 0.009991999813139302
    vertex 0.007266001877760932 -0.1612488791763659 0.006870605265358695
    vertex -0.001362524833856233 -0.1580291320330119 0.009906741445961181
  endloop
endfacet
facet normal 0.997789 0.00470303 -0.0662899
  outer loop
    vertex 0.008756801527793468 -0.1751029467695716 -0.004828915717097784
    vertex 0.009338142227553269 -0.1799486760310172 0.003577582946346108
    vertex 0.008819534449303871 -0.1867836007501049 -0.004713365262478847
  endloop
endfacet
facet normal 0.310656 -0.0618964 0.948505
  outer loop
    vertex -0.001362524833856233 -0.1580291320330119 0.009906741445961181
    vertex 0.007266001877760932 -0.1612488791763659 0.006870605265358695
    vertex 0.006157527634674983 -0.151353508065043 0.007879394229775148
  endloop
endfacet
facet normal -0.761089 0.00244457 0.648642
  outer loop
    vertex -0.004294090282746937 -0.1035091434939647 0.00903110118665594
    vertex -0.004245888416058875 -0.09454160579706425 0.009053862797633785
    vertex -0.009606701556107197 -0.09804606675937452 0.002776920094616974
  endloop
endfacet
facet normal -0.000965587 0.0770752 0.997025
  outer loop
    vertex -0.004245888416058875 -0.09454160579706425 0.009053862797633785
    vertex 0.003380951130225488 -0.09906743528784222 0.009411119458121175
    vertex 0.005127679973625938 -0.08836261103245013 0.008585272161561072
  endloop
endfacet
facet normal 0.968402 -0.116216 0.220662
  outer loop
    vertex 0.009749279121818237 -0.03872983346207417 0.002225209339563139
    vertex 0.007834704227478635 -0.04710938273770209 0.006214290761456887
    vertex 0.009703090056243631 -0.04793213604639145 -0.002418686288137841
  endloop
endfacet
facet normal 0.521053 0.0815924 0.849615
  outer loop
    vertex 0.002314633944201913 -0.1770404036826284 0.009728436138678626
    vertex 0.008395286061660475 -0.1711453403417673 0.005433154879339383
    vertex 0.0003999246606851826 -0.1675574325958799 0.009991999813139302
  endloop
endfacet
facet normal -0.747081 0.0752988 0.660454
  outer loop
    vertex -0.009568718197558411 -0.1336801242880348 0.002905104482753505
    vertex -0.005081917531934145 -0.1392237669769879 0.008612439503335881
    vertex -0.003477011090008373 -0.1299983463612964 0.009376054280984021
  endloop
endfacet
facet normal -0.686262 -0.0557403 0.725215
  outer loop
    vertex -0.002498788462714158 -0.2197933756509465 0.00968277110225201
    vertex -0.003615960401719321 -0.2107153012762782 0.009323348667361843
    vertex -0.009342967617288183 -0.2151257563544676 0.003564962286238718
  endloop
endfacet
facet normal -0.737727 0.00178726 0.675097
  outer loop
    vertex -0.009599970347886408 -0.1076740895016799 0.002800101662386871
    vertex -0.00959181914117792 -0.1148088487333778 0.002827897728513687
    vertex -0.003659522813744915 -0.1132202119393756 0.009306336162834465
  endloop
endfacet
facet normal -0.848966 -0.0562593 0.525445
  outer loop
    vertex -0.006901405684972176 -0.1738331761283939 0.007236753386114089
    vertex -0.009863607198345326 -0.1813489938700737 0.001645980873749835
    vertex -0.005569811074194183 -0.1839477998012973 0.00830525162760189
  endloop
endfacet
facet normal -0.490338 -0.033115 0.870903
  outer loop
    vertex -0.008385381931574168 -0.245297850670524 0.005448428201016279
    vertex -0.0006591828861812352 -0.2405692579738645 0.009978250243532971
    vertex -0.007932184047387002 -0.2351519898637769 0.006089372401026163
  endloop
endfacet
facet normal -0.980225 -0.0674209 0.186045
  outer loop
    vertex -0.00889394734204382 -0.1541906712340646 0.004571400297168438
    vertex -0.009756833373199951 -0.1603081203513166 -0.002191849111506463
    vertex -0.007941048380346736 -0.1638879017537563 0.006077808044105414
  endloop
endfacet
facet normal -0.976959 -0.0602665 0.204742
  outer loop
    vertex -0.009748279593798816 -0.2912645421447961 -0.002229584033205658
    vertex -0.007818314824680253 -0.2937942638384388 0.006234898018587393
    vertex -0.008590281608794688 -0.2850702388827975 0.005119283336718503
  endloop
endfacet
facet normal -0.482694 0.117418 0.867882
  outer loop
    vertex -0.0003490567726557599 -0.2908731464821919 0.009993906111699426
    vertex -0.007818314824680253 -0.2937942638384388 0.006234898018587393
    vertex -0.004338837391175535 -0.3 0.009009688679024212
  endloop
endfacet
facet normal -0.990101 -0.0734714 0.119591
  outer loop
    vertex -0.009435250335327806 -0.2302011658561188 -0.003313012392022783
    vertex -0.007932184047387002 -0.2351519898637769 0.006089372401026163
    vertex -0.008766809670313956 -0.2259858661203715 0.004810722212359566
  endloop
endfacet
facet normal 0.773565 -0.14503 0.616898
  outer loop
    vertex 0.009749279121818237 -0.3 0.002225209339563139
    vertex 0.007818314824680305 -0.2932438782218695 0.006234898018587329
    vertex 0.004338837391175594 -0.3 0.009009688679024184
  endloop
endfacet
facet normal -0.60591 -0.0417149 0.794439
  outer loop
    vertex -0.001990127188118216 -0.2005467105679157 0.009799969070110002
    vertex -0.002880569612592554 -0.1918758556629126 0.009576132763647776
    vertex -0.008772835791633267 -0.1972547435661881 0.004799724176766653
  endloop
endfacet
facet normal 0.468549 -0.0743964 0.880299
  outer loop
    vertex 0.0003999246606851826 -0.1675574325958799 0.009991999813139302
    vertex 0.008395286061660475 -0.1711453403417673 0.005433154879339383
    vertex 0.007266001877760932 -0.1612488791763659 0.006870605265358695
  endloop
endfacet
facet normal 0.994144 0.107861 -0.00657492
  outer loop
    vertex 0.008395286061660475 -0.1711453403417673 0.005433154879339383
    vertex 0.009338142227553269 -0.1799486760310172 0.003577582946346108
    vertex 0.008756801527793468 -0.1751029467695716 -0.004828915717097784
  endloop
endfacet
facet normal -0.73748 -0.0898262 0.669368
  outer loop
    vertex -0.003152185651112608 -0.1485261781692702 0.009490191021308254
    vertex -0.005081917531934145 -0.1392237669769879 0.008612439503335881
    vertex -0.009555297589823519 -0.1447002533831763 0.002948946925584263
  endloop
endfacet
facet normal -0.699386 0.0465417 0.713227
  outer loop
    vertex -0.003307640014574734 -0.1216590182931586 0.009437135027855863
    vertex -0.00959181914117792 -0.1148088487333778 0.002827897728513687
    vertex -0.00924206608420685 -0.1247401004162799 0.003818928448551173
  endloop
endfacet
facet normal -0.712708 -0.118451 0.691388
  outer loop
    vertex -0.009183607211852336 -0.07433962158494901 0.003957443439698635
    vertex -0.009780455107683854 -0.08168404503332924 0.002083914078502473
    vertex -0.002742995554071203 -0.08006102411996295 0.009616442969744355
  endloop
endfacet
facet normal -0.745223 -0.0508913 0.66487
  outer loop
    vertex -0.009606701556107197 -0.09804606675937452 0.002776920094616974
    vertex -0.004245888416058875 -0.09454160579706425 0.009053862797633785
    vertex -0.009184938035248285 -0.08883954051481661 0.003954353713143195
  endloop
endfacet
facet normal 0.269085 0.0626443 0.961077
  outer loop
    vertex -0.001858805198346058 -0.2602229575816478 0.009825723547637683
    vertex 0.006062980103707836 -0.2655100306160626 0.007952375259131257
    vertex 0.007096078872196634 -0.2560417313937333 0.007045967970376005
  endloop
endfacet
facet normal 0.633594 -0.0940062 0.767933
  outer loop
    vertex 0.002314633944201913 -0.1770404036826284 0.009728436138678626
    vertex 0.009338142227553269 -0.1799486760310172 0.003577582946346108
    vertex 0.008395286061660475 -0.1711453403417673 0.005433154879339383
  endloop
endfacet
facet normal 0.993046 0.00265439 -0.117701
  outer loop
    vertex 0.008816198968044782 -0.1165585706983277 -0.004719601228477477
    vertex 0.009686951274192342 -0.122962720086718 0.002482533989983494
    vertex 0.008855343495834269 -0.1279279296541729 -0.004645739076916148
  endloop
endfacet
facet normal -0.357616 0 -0.933869
  outer loop
    vertex -2.449293598294706e-18 -0.1693649167310372 -0.01
    vertex -0.006679333304272409 -0.1668121965726881 -0.007442211137184796
    vertex -2.449293598294706e-18 -0.1574890000702224 -0.01
  endloop
endfacet
facet normal -0.99586 -0.034104 -0.0842557
  outer loop
    vertex -0.00959181914117792 -0.1148088487333778 0.002827897728513687
    vertex -0.009182197409796726 -0.1099984697343282 -0.003960713411435155
    vertex -0.008823075215545449 -0.1186420018094012 -0.004706733871893295
  endloop
endfacet
facet normal -0.398753 -0.134403 -0.907156
  outer loop
    vertex -0.008517314738052013 -0.1762245162443095 -0.005239785267829394
    vertex -0.006679333304272409 -0.1668121965726881 -0.007442211137184796
    vertex -2.449293598294706e-18 -0.1693649167310372 -0.01
  endloop
endfacet
facet normal 0.953666 0.105297 0.281841
  outer loop
    vertex 0.009856718447775456 -0.2905022055032735 -0.001686742849779718
    vertex 0.007818314824680305 -0.2932438782218695 0.006234898018587329
    vertex 0.009749279121818237 -0.3 0.002225209339563139
  endloop
endfacet
facet normal 0.100546 0.0196107 0.994739
  outer loop
    vertex -0.003659522813744915 -0.1132202119393756 0.009306336162834465
    vertex -0.003307640014574734 -0.1216590182931586 0.009437135027855863
    vertex 0.005274968960973355 -0.1179026852531499 0.008495569578360694
  endloop
endfacet
facet normal -0.418397 0.141069 0.897242
  outer loop
    vertex -0.007827393949487133 -0.04663287321334889 0.006223496120311493
    vertex -0.002947527777131634 -0.05335372593859466 0.009555735450661946
    vertex 0.0004972823814303437 -0.04588372392218572 0.009987627858161265
  endloop
endfacet
facet normal -0.957281 0.131453 0.257554
  outer loop
    vertex -0.009749279121818217 -0.3 0.002225209339563233
    vertex -0.007818314824680253 -0.2937942638384388 0.006234898018587393
    vertex -0.009748279593798816 -0.2912645421447961 -0.002229584033205658
  endloop
endfacet
facet normal 0.969875 0.144478 0.196135
  outer loop
    vertex 0.007834704227478635 -0.04710938273770209 0.006214290761456887
    vertex 0.009947405041342533 -0.05424617811508475 0.001024271908954434
    vertex 0.009703090056243631 -0.04793213604639145 -0.002418686288137841
  endloop
endfacet
facet normal 0.995432 0.00125611 -0.0954681
  outer loop
    vertex 0.008802193469578381 -0.2582355695274718 -0.004745670671687165
    vertex 0.00955040324596282 -0.2651550730801999 0.002964759322357015
    vertex 0.008820745950375256 -0.2703102083479632 -0.004711097629951913
  endloop
endfacet
facet normal 0.991895 0.00503144 -0.126963
  outer loop
    vertex 0.008821307247669352 -0.1392433510414809 -0.004710046543529709
    vertex 0.009741895362517437 -0.1449128539260325 0.002257315827650457
    vertex 0.008900044377146824 -0.1509670979070858 -0.004559518624242828
  endloop
endfacet
facet normal 0.997089 -0.0753085 -0.0119034
  outer loop
    vertex 0.008893193405464957 -0.1985175952385903 -0.004572866830883511
    vertex 0.009181063861872918 -0.1960554155668376 0.00396334030386127
    vertex 0.008533115612403941 -0.2048319758113485 0.005214013611925856
  endloop
endfacet
facet normal 0.756421 -0.0648946 0.650858
  outer loop
    vertex 0.00447392730046763 -0.1412409885959555 0.008943376013012672
    vertex 0.009284822724320043 -0.1376147050768778 0.003713767221831513
    vertex 0.007083206549369489 -0.1297270640022586 0.007058908200208385
  endloop
endfacet
facet normal -0.659968 0.0704616 0.747982
  outer loop
    vertex -0.009174788540978354 -0.2060363146584757 0.003977845551090727
    vertex -0.003615960401719321 -0.2107153012762782 0.009323348667361843
    vertex -0.001990127188118216 -0.2005467105679157 0.009799969070110002
  endloop
endfacet
facet normal -0.998124 -0.00137876 -0.0612034
  outer loop
    vertex -0.009599970347886408 -0.1076740895016799 0.002800101662386871
    vertex -0.009182197409796726 -0.1099984697343282 -0.003960713411435155
    vertex -0.00959181914117792 -0.1148088487333778 0.002827897728513687
  endloop
endfacet
facet normal -0.772063 -0.157586 0.615699
  outer loop
    vertex -0.004338837391175535 -0.3 0.009009688679024212
    vertex -0.007818314824680253 -0.2937942638384388 0.006234898018587393
    vertex -0.009749279121818217 -0.3 0.002225209339563233
  endloop
endfacet
facet normal -0.740389 -0.145964 0.656139
  outer loop
    vertex -0.005569811074194183 -0.1839477998012973 0.00830525162760189
    vertex -0.009653467246816217 -0.1888364936349779 0.002609706902057499
    vertex -0.002880569612592554 -0.1918758556629126 0.009576132763647776
  endloop
endfacet
facet normal 0.650233 0.00302452 0.759729
  outer loop
    vertex 0.008533115612403941 -0.2048319758113485 0.005214013611925856
    vertex 0.003875039830867532 -0.2093366163924428 0.009218680291082349
    vertex 0.008473989874139333 -0.2161225779498653 0.005309566424199253
  endloop
endfacet
facet normal 0.979675 -0.00613189 -0.200496
  outer loop
    vertex 0.008820745950375301 -0.06841962511411123 -0.004711097629951829
    vertex 0.009949075923774886 -0.07514551775780734 0.001007912825081067
    vertex 0.008705860964005784 -0.07993867039915623 -0.004920161061936925
  endloop
endfacet
facet normal -0.0128545 -0.0631669 0.99792
  outer loop
    vertex 0.004611052166220487 -0.1078118746116751 0.008873454677880165
    vertex 0.003380951130225488 -0.09906743528784222 0.009411119458121175
    vertex -0.004294090282746937 -0.1035091434939647 0.00903110118665594
  endloop
endfacet
facet normal 0.802117 0.0711591 0.592912
  outer loop
    vertex 0.006157527634674983 -0.151353508065043 0.007879394229775148
    vertex 0.009741895362517437 -0.1449128539260325 0.002257315827650457
    vertex 0.00447392730046763 -0.1412409885959555 0.008943376013012672
  endloop
endfacet
facet normal 0.904761 -0.0404974 0.423989
  outer loop
    vertex 0.007090790252328826 -0.05496633964237758 0.007051290208002966
    vertex 0.009947405041342533 -0.05424617811508475 0.001024271908954434
    vertex 0.007834704227478635 -0.04710938273770209 0.006214290761456887
  endloop
endfacet
facet normal -0.985643 0.112268 -0.126107
  outer loop
    vertex -0.008658493160077852 -0.0797944787607147 -0.00500304869023729
    vertex -0.009780455107683854 -0.08168404503332924 0.002083914078502473
    vertex -0.009183607211852336 -0.07433962158494901 0.003957443439698635
  endloop
endfacet
facet normal -0.603968 -0.0539979 0.795177
  outer loop
    vertex -0.001876660020615571 -0.06140552566328728 0.009822329009304421
    vertex -0.002947527777131634 -0.05335372593859466 0.009555735450661946
    vertex -0.008548687566466493 -0.05501773541250804 0.005188443012209077
  endloop
endfacet
facet normal 0.156109 -0.162939 0.974208
  outer loop
    vertex 0.005127679973625938 -0.08836261103245013 0.008585272161561072
    vertex -0.001769977312650131 -0.08745653033056087 0.009842112593986305
    vertex -0.004245888416058875 -0.09454160579706425 0.009053862797633785
  endloop
endfacet
facet normal -0.787451 -0.0828112 -0.610788
  outer loop
    vertex -0.007818314824680333 -0.03872983346207417 -0.006234898018587291
    vertex -0.005353140714641979 -0.04585887799327895 -0.00844653091447858
    vertex -0.009681086214975881 -0.04852498320834656 -0.002505308304022473
  endloop
endfacet
facet normal -0.689849 0.00870862 0.723901
  outer loop
    vertex -0.003477011090008373 -0.1299983463612964 0.009376054280984021
    vertex -0.003307640014574734 -0.1216590182931586 0.009437135027855863
    vertex -0.00924206608420685 -0.1247401004162799 0.003818928448551173
  endloop
endfacet
facet normal -0.686729 0.114892 0.717777
  outer loop
    vertex -0.002880569612592554 -0.1918758556629126 0.009576132763647776
    vertex -0.009653467246816217 -0.1888364936349779 0.002609706902057499
    vertex -0.008772835791633267 -0.1972547435661881 0.004799724176766653
  endloop
endfacet
facet normal 0.881737 -0.0076416 0.471679
  outer loop
    vertex 0.006904039626539646 -0.06522219155935959 0.007234240584551381
    vertex 0.009827335125344575 -0.06024020707233228 0.001850266017136116
    vertex 0.007090790252328826 -0.05496633964237758 0.007051290208002966
  endloop
endfacet
facet normal 0.703954 -0.0602699 0.707683
  outer loop
    vertex 0.005127679973625938 -0.08836261103245013 0.008585272161561072
    vertex 0.003380951130225488 -0.09906743528784222 0.009411119458121175
    vertex 0.009303315540503546 -0.09733862415412142 0.003667195107139136
  endloop
endfacet
facet normal -0.605715 -0.0459518 0.794353
  outer loop
    vertex -0.008548687566466493 -0.05501773541250804 0.005188443012209077
    vertex -0.002947527777131634 -0.05335372593859466 0.009555735450661946
    vertex -0.007827393949487133 -0.04663287321334889 0.006223496120311493
  endloop
endfacet
facet normal -0.832538 0.0681359 -0.549761
  outer loop
    vertex -0.009748279593798816 -0.2912645421447961 -0.002229584033205658
    vertex -0.005957019315995397 -0.2917577713944076 -0.00803205583078565
    vertex -0.007818314824680333 -0.3 -0.006234898018587291
  endloop
endfacet
facet normal -0.0481385 -0.00227652 0.998838
  outer loop
    vertex -0.004294090282746937 -0.1035091434939647 0.00903110118665594
    vertex 0.003380951130225488 -0.09906743528784222 0.009411119458121175
    vertex -0.004245888416058875 -0.09454160579706425 0.009053862797633785
  endloop
endfacet
facet normal -0.607241 0.055272 0.792593
  outer loop
    vertex -0.007932184047387002 -0.2351519898637769 0.006089372401026163
    vertex -0.002661802678053398 -0.2281539400127344 0.009639232671904323
    vertex -0.008766809670313956 -0.2259858661203715 0.004810722212359566
  endloop
endfacet
facet normal -0.631493 0.135745 0.763407
  outer loop
    vertex -0.004245888416058875 -0.09454160579706425 0.009053862797633785
    vertex -0.001769977312650131 -0.08745653033056087 0.009842112593986305
    vertex -0.009184938035248285 -0.08883954051481661 0.003954353713143195
  endloop
endfacet
facet normal 0.827333 -0.0620659 -0.558273
  outer loop
    vertex 0.009703090056243631 -0.04793213604639145 -0.002418686288137841
    vertex 0.005947691270853304 -0.04743777947782731 -0.008038965639099062
    vertex 0.007818314824680294 -0.03872983346207417 -0.006234898018587341
  endloop
endfacet
facet normal 0.848737 0.0689168 -0.524306
  outer loop
    vertex 0.007818314824680294 -0.3 -0.006234898018587341
    vertex 0.006039397652885918 -0.2912945608748477 -0.007970299617349155
    vertex 0.009856718447775456 -0.2905022055032735 -0.001686742849779718
  endloop
endfacet
facet normal -0.618576 0.00796946 0.785685
  outer loop
    vertex -0.008766809670313956 -0.2259858661203715 0.004810722212359566
    vertex -0.002661802678053398 -0.2281539400127344 0.009639232671904323
    vertex -0.002498788462714158 -0.2197933756509465 0.00968277110225201
  endloop
endfacet
facet normal 0.84896 -0.0112768 0.528337
  outer loop
    vertex 0.006157527634674983 -0.151353508065043 0.007879394229775148
    vertex 0.009814588038853905 -0.1553971709378121 0.001916732017676403
    vertex 0.009741895362517437 -0.1449128539260325 0.002257315827650457
  endloop
endfacet
facet normal 0.85723 0.00774395 0.514876
  outer loop
    vertex 0.006693405801214635 -0.2851673569305843 0.007429557105256428
    vertex 0.009734387895893277 -0.2800428342085841 0.002289474239271208
    vertex 0.006503105586563428 -0.2752136428321008 0.007596684653847857
  endloop
endfacet
facet normal -0.968217 0.0661188 0.241215
  outer loop
    vertex -0.009756833373199951 -0.1603081203513166 -0.002191849111506463
    vertex -0.009987591353258742 -0.1698666975632666 -0.0004980150201662622
    vertex -0.007941048380346736 -0.1638879017537563 0.006077808044105414
  endloop
endfacet
facet normal 0.432101 -0.0905693 -0.897266
  outer loop
    vertex -2.449293598294706e-18 -0.3 -0.01
    vertex 0.006039397652885918 -0.2912945608748477 -0.007970299617349155
    vertex 0.007818314824680294 -0.3 -0.006234898018587341
  endloop
endfacet
facet normal -0.430292 0.128401 -0.893511
  outer loop
    vertex -2.449293598294706e-18 -0.03872983346207417 -0.01
    vertex -0.005353140714641979 -0.04585887799327895 -0.00844653091447858
    vertex -0.007818314824680333 -0.03872983346207417 -0.006234898018587291
  endloop
endfacet
facet normal 0.432001 0.0930467 -0.89706
  outer loop
    vertex 0.007818314824680294 -0.03872983346207417 -0.006234898018587341
    vertex 0.005947691270853304 -0.04743777947782731 -0.008038965639099062
    vertex -2.449293598294706e-18 -0.03872983346207417 -0.01
  endloop
endfacet
facet normal -0.431795 -0.0979943 -0.896632
  outer loop
    vertex -0.007818314824680333 -0.3 -0.006234898018587291
    vertex -0.005957019315995397 -0.2917577713944076 -0.00803205583078565
    vertex -2.449293598294706e-18 -0.3 -0.01
  endloop
endfacet
facet normal 0.0232482 -0.0505164 0.998453
  outer loop
    vertex -0.003615960401719321 -0.2107153012762782 0.009323348667361843
    vertex 0.003875039830867532 -0.2093366163924428 0.009218680291082349
    vertex -0.001990127188118216 -0.2005467105679157 0.009799969070110002
  endloop
endfacet
facet normal 0.991144 0.0111706 -0.132323
  outer loop
    vertex 0.009741895362517437 -0.1449128539260325 0.002257315827650457
    vertex 0.009814588038853905 -0.1553971709378121 0.001916732017676403
    vertex 0.008900044377146824 -0.1509670979070858 -0.004559518624242828
  endloop
endfacet
facet normal -0.913546 0.0853365 -0.397683
  outer loop
    vertex -0.009987591353258742 -0.1698666975632666 -0.0004980150201662622
    vertex -0.006679333304272409 -0.1668121965726881 -0.007442211137184796
    vertex -0.008517314738052013 -0.1762245162443095 -0.005239785267829394
  endloop
endfacet
facet normal 0.865139 0.045999 0.499418
  outer loop
    vertex 0.007266001877760932 -0.1612488791763659 0.006870605265358695
    vertex 0.009814588038853905 -0.1553971709378121 0.001916732017676403
    vertex 0.006157527634674983 -0.151353508065043 0.007879394229775148
  endloop
endfacet
facet normal 0.820199 -0.034829 0.571018
  outer loop
    vertex 0.006062980103707836 -0.2655100306160626 0.007952375259131257
    vertex 0.00955040324596282 -0.2651550730801999 0.002964759322357015
    vertex 0.007096078872196634 -0.2560417313937333 0.007045967970376005
  endloop
endfacet
facet normal -0.827309 0.120138 -0.54875
  outer loop
    vertex -0.005353140714641979 -0.04585887799327895 -0.00844653091447858
    vertex -0.00707789231176502 -0.05142220809446616 -0.007064236719070053
    vertex -0.009681086214975881 -0.04852498320834656 -0.002505308304022473
  endloop
endfacet
facet normal -0.993212 -0.0418439 -0.108529
  outer loop
    vertex -0.008794013771492051 -0.1901199316838381 -0.004760811042964021
    vertex -0.009653467246816217 -0.1888364936349779 0.002609706902057499
    vertex -0.009863607198345326 -0.1813489938700737 0.001645980873749835
  endloop
endfacet
facet normal -0.830826 0.0480471 0.554454
  outer loop
    vertex -0.009863607198345326 -0.1813489938700737 0.001645980873749835
    vertex -0.009653467246816217 -0.1888364936349779 0.002609706902057499
    vertex -0.005569811074194183 -0.1839477998012973 0.00830525162760189
  endloop
endfacet
facet normal 0.866827 0.0882777 0.490733
  outer loop
    vertex 0.009389591755140038 -0.08317325034698565 0.003440285841584422
    vertex 0.009949075923774886 -0.07514551775780734 0.001007912825081067
    vertex 0.006080459259681164 -0.07568813903420259 0.007939018528216041
  endloop
endfacet
facet normal -0.891061 -0.0582542 -0.450131
  outer loop
    vertex -0.009756833373199951 -0.1603081203513166 -0.002191849111506463
    vertex -0.006679333304272409 -0.1668121965726881 -0.007442211137184796
    vertex -0.009987591353258742 -0.1698666975632666 -0.0004980150201662622
  endloop
endfacet
facet normal 0.994674 0.0761558 -0.0694552
  outer loop
    vertex 0.008821307247669352 -0.1392433510414809 -0.004710046543529709
    vertex 0.009284822724320043 -0.1376147050768778 0.003713767221831513
    vertex 0.009741895362517437 -0.1449128539260325 0.002257315827650457
  endloop
endfacet
facet normal 0.760849 -0.0808433 0.643873
  outer loop
    vertex 0.009741895362517437 -0.1449128539260325 0.002257315827650457
    vertex 0.009284822724320043 -0.1376147050768778 0.003713767221831513
    vertex 0.00447392730046763 -0.1412409885959555 0.008943376013012672
  endloop
endfacet
facet normal 0.986946 -0.105622 -0.121578
  outer loop
    vertex 0.008705860964005784 -0.07993867039915623 -0.004920161061936925
    vertex 0.009949075923774886 -0.07514551775780734 0.001007912825081067
    vertex 0.009389591755140038 -0.08317325034698565 0.003440285841584422
  endloop
endfacet
facet normal 0.900934 0.0414796 0.43197
  outer loop
    vertex 0.009827335125344575 -0.06024020707233228 0.001850266017136116
    vertex 0.009947405041342533 -0.05424617811508475 0.001024271908954434
    vertex 0.007090790252328826 -0.05496633964237758 0.007051290208002966
  endloop
endfacet
facet normal -0.36929 -0.11465 -0.922215
  outer loop
    vertex -2.449293598294706e-18 -0.050605750122889 -0.01
    vertex -0.00707789231176502 -0.05142220809446616 -0.007064236719070053
    vertex -0.005353140714641979 -0.04585887799327895 -0.00844653091447858
  endloop
endfacet
facet normal 0.980471 -0.0459901 -0.191213
  outer loop
    vertex 0.008624470868256677 -0.05714734863861905 -0.005061472339407962
    vertex 0.009947405041342533 -0.05424617811508475 0.001024271908954434
    vertex 0.009827335125344575 -0.06024020707233228 0.001850266017136116
  endloop
endfacet
facet normal 0 0 1
  outer loop
    vertex 0.006234898018587341 0.007818314824680294 0.3
    vertex -1.932977587517014e-17 6.443258625056712e-18 0.3
    vertex 0.01 -2.449293598294706e-18 0.3
  endloop
endfacet
facet normal 0 0 1
  outer loop
    vertex 0.01 -2.449293598294706e-18 0.3
    vertex -1.932977587517014e-17 6.443258625056712e-18 0.3
    vertex 0.006234898018587291 -0.007818314824680333 0.3
  endloop
endfacet
facet normal 0 0 1
  outer loop
    vertex 0.006234898018587291 -0.007818314824680333 0.3
    vertex -1.932977587517014e-17 6.443258625056712e-18 0.3
    vertex -0.002225209339563233 -0.009749279121818217 0.3
  endloop
endfacet
facet normal 0 0 1
  outer loop
    vertex -0.002225209339563139 0.009749279121818237 0.3
    vertex -1.932977587517014e-17 6.443258625056712e-18 0.3
    vertex 0.006234898018587341 0.007818314824680294 0.3
  endloop
endfacet
facet normal -0 0 1
  outer loop
    vertex -0.009009688679024184 0.004338837391175594 0.3
    vertex -1.932977587517014e-17 6.443258625056712e-18 0.3
    vertex -0.002225209339563139 0.009749279121818237 0.3
  endloop
endfacet
facet normal 0 -0 1
  outer loop
    vertex -0.002225209339563233 -0.009749279121818217 0.3
    vertex -1.932977587517014e-17 6.443258625056712e-18 0.3
    vertex -0.009009688679024212 -0.004338837391175535 0.3
  endloop
endfacet
facet normal 0 0 1
  outer loop
    vertex -0.009009688679024212 -0.004338837391175535 0.3
    vertex -1.932977587517014e-17 6.443258625056712e-18 0.3
    vertex -0.009009688679024184 0.004338837391175594 0.3
  endloop
endfacet
facet normal 1 -0 0
  outer loop
    vertex 0.3 -0.007818314824680294 0.006234898018587341
    vertex 0.3 -6.443258625056712e-18 -1.932977587517014e-17
    vertex 0.3 2.449293598294706e-18 0.01
  endloop
endfacet
facet normal 1 0 0
  outer loop
    vertex 0.3 2.449293598294706e-18 0.01
    vertex 0.3 -6.443258625056712e-18 -1.932977587517014e-17
    vertex 0.3 0.007818314824680333 0.006234898018587291
  endloop
endfacet
facet normal 1 0 0
  outer loop
    vertex 0.3 0.007818314824680333 0.006234898018587291
    vertex 0.3 -6.443258625056712e-18 -1.932977587517014e-17
    vertex 0.3 0.009749279121818217 -0.002225209339563233
  endloop
endfacet
facet normal 1 0 0
  outer loop
    vertex 0.3 -0.009749279121818237 -0.002225209339563139
    vertex 0.3 -6.443258625056712e-18 -1.932977587517014e-17
    vertex 0.3 -0.007818314824680294 0.006234898018587341
  endloop
endfacet
facet normal 1 0 -0
  outer loop
    vertex 0.3 -0.004338837391175594 -0.009009688679024184
    vertex 0.3 -6.443258625056712e-18 -1.932977587517014e-17
    vertex 0.3 -0.009749279121818237 -0.002225209339563139
  endloop
endfacet
facet normal 1 0 0
  outer loop
    vertex 0.3 0.009749279121818217 -0.002225209339563233
    vertex 0.3 -6.443258625056712e-18 -1.932977587517014e-17
    vertex 0.3 0.004338837391175535 -0.009009688679024212
  endloop
endfacet
facet normal 1 0 0
  outer loop
    vertex 0.3 0.004338837391175535 -0.009009688679024212
    vertex 0.3 -6.443258625056712e-18 -1.932977587517014e-17
    vertex 0.3 -0.004338837391175594 -0.009009688679024184
  endloop
endfacet
facet normal 0 1 0
  outer loop
    vertex 0.007818314824680294 0.3 0.006234898018587341
    vertex 6.443258625056712e-18 0.3 -1.932977587517014e-17
    vertex -2.449293598294706e-18 0.3 0.01
  endloop
endfacet
facet normal 0 1 0
  outer loop
    vertex -2.449293598294706e-18 0.3 0.01
    vertex 6.443258625056712e-18 0.3 -1.932977587517014e-17
    vertex -0.007818314824680333 0.3 0.006234898018587291
  endloop
endfacet
facet normal 0 1 0
  outer loop
    vertex -0.007818314824680333 0.3 0.006234898018587291
    vertex 6.443258625056712e-18 0.3 -1.932977587517014e-17
    vertex -0.009749279121818217 0.3 -0.002225209339563233
  endloop
endfacet
facet normal 0 1 0
  outer loop
    vertex 0.009749279121818237 0.3 -0.002225209339563139
    vertex 6.443258625056712e-18 0.3 -1.932977587517014e-17
    vertex 0.007818314824680294 0.3 0.006234898018587341
  endloop
endfacet
facet normal 0 1 -0
  outer loop
    vertex 0.004338837391175594 0.3 -0.009009688679024184
    vertex 6.443258625056712e-18 0.3 -1.932977587517014e-17
    vertex 0.009749279121818237 0.3 -0.002225209339563139
  endloop
endfacet
facet normal -0 1 0
  outer loop
    vertex -0.009749279121818217 0.3 -0.002225209339563233
    vertex 6.443258625056712e-18 0.3 -1.932977587517014e-17
    vertex -0.004338837391175535 0.3 -0.009009688679024212
  endloop
endfacet
facet normal 0 1 0
  outer loop
    vertex -0.004338837391175535 0.3 -0.009009688679024212
    vertex 6.443258625056712e-18 0.3 -1.932977587517014e-17
    vertex 0.004338837391175594 0.3 -0.009009688679024184
  endloop
endfacet
facet normal -1 0 0
  outer loop
    vertex -0.3 -0.007818314824680294 -0.006234898018587341
    vertex -0.3 -6.443258625056712e-18 1.932977587517014e-17
    vertex -0.3 2.449293598294706e-18 -0.01
  endloop
endfacet
facet normal -1 0 0
  outer loop
    vertex -0.3 2.449293598294706e-18 -0.01
    vertex -0.3 -6.443258625056712e-18 1.932977587517014e-17
    vertex -0.3 0.007818314824680333 -0.006234898018587291
  endloop
endfacet
facet normal -1 0 0
  outer loop
    vertex -0.3 0.007818314824680333 -0.006234898018587291
    vertex -0.3 -6.443258625056712e-18 1.932977587517014e-17
    vertex -0.3 0.009749279121818217 0.002225209339563233
  endloop
endfacet
facet normal -1 0 0
  outer loop
    vertex -0.3 -0.009749279121818237 0.002225209339563139
    vertex -0.3 -6.443258625056712e-18 1.932977587517014e-17
    vertex -0.3 -0.007818314824680294 -0.006234898018587341
  endloop
endfacet
facet normal -1 0 -0
  outer loop
    vertex -0.3 -0.004338837391175594 0.009009688679024184
    vertex -0.3 -6.443258625056712e-18 1.932977587517014e-17
    vertex -0.3 -0.009749279121818237 0.002225209339563139
  endloop
endfacet
facet normal -1 -0 0
  outer loop
    vertex -0.3 0.009749279121818217 0.002225209339563233
    vertex -0.3 -6.443258625056712e-18 1.932977587517014e-17
    vertex -0.3 0.004338837391175535 0.009009688679024212
  endloop
endfacet
facet normal -1 0 0
  outer loop
    vertex -0.3 0.004338837391175535 0.009009688679024212
    vertex -0.3 -6.443258625056712e-18 1.932977587517014e-17
    vertex -0.3 -0.004338837391175594 0.009009688679024184
  endloop
endfacet
facet normal -0 -1 0
  outer loop
    vertex 0.007818314824680294 -0.3 -0.006234898018587341
    vertex 6.443258625056712e-18 -0.3 1.932977587517014e-17
    vertex -2.449293598294706e-18 -0.3 -0.01
  endloop
endfacet
facet normal 0 -1 0
  outer loop
    vertex -2.449293598294706e-18 -0.3 -0.01
    vertex 6.443258625056712e-18 -0.3 1.932977587517014e-17
    vertex -0.007818314824680333 -0.3 -0.006234898018587291
  endloop
endfacet
facet normal 0 -1 0
  outer loop
    vertex -0.007818314824680333 -0.3 -0.006234898018587291
    vertex 6.443258625056712e-18 -0.3 1.932977587517014e-17
    vertex -0.009749279121818217 -0.3 0.002225209339563233
  endloop
endfacet
facet normal 0 -1 0
  outer loop
    vertex 0.009749279121818237 -0.3 0.002225209339563139
    vertex 6.443258625056712e-18 -0.3 1.932977587517014e-17
    vertex 0.007818314824680294 -0.3 -0.006234898018587341
  endloop
endfacet
facet normal 0 -1 -0
  outer loop
    vertex 0.004338837391175594 -0.3 0.009009688679024184
    vertex 6.443258625056712e-18 -0.3 1.932977587517014e-17
    vertex 0.009749279121818237 -0.3 0.002225209339563139
  endloop
endfacet
facet normal 0 -1 0
  outer loop
    vertex -0.009749279121818217 -0.3 0.002225209339563233
    vertex 6.443258625056712e-18 -0.3 1.932977587517014e-17
    vertex -0.004338837391175535 -0.3 0.009009688679024212
  endloop
endfacet
facet normal 0 -1 0
  outer loop
    vertex -0.004338837391175535 -0.3 0.009009688679024212
    vertex 6.443258625056712e-18 -0.3 1.932977587517014e-17
    vertex 0.004338837391175594 -0.3 0.009009688679024184
  endloop
endfacet
endsolid Created by Gmsh
