# Wavefront OBJ file written 2026-08-30T13:44:57
o cylinder_surface

# points : 4222
# faces  : 8440
# zones  : 6
#   0  down  (nFaces: 120)
#   1  right  (nFaces: 60)
#   2  up  (nFaces: 120)
#   3  left  (nFaces: 60)
#   4  cylinder  (nFaces: 80)
#   5  defaultFaces  (nFaces: 8000)

# <points count="4222">
v 0.293892 0.404508 -0.5
v 0.293892 0.404508 0.5
v 0.404508 0.293892 -0.5
v 0.404508 0.293892 0.5
v -0.293892 0.404508 0.5
v -0.293892 0.404508 -0.5
v -0.404508 0.293892 -0.5
v -0.404508 0.293892 0.5
v 0.353553 0.353553 -0.5
v 0.353553 0.353553 0.5
v -0.353553 0.353553 0.5
v -0.353553 0.353553 -0.5
v 0.154508 0.475528 -0.5
v 0.154508 0.475528 0.5
v 0.475528 0.154508 -0.5
v 0.475528 0.154508 0.5
v -0.154508 0.475528 -0.5
v -0.154508 0.475528 0.5
v -0.475528 0.154508 -0.5
v -0.475528 0.154508 0.5
v 0.226995 0.445503 -0.5
v 0.226995 0.445503 0.5
v 0.445503 0.226995 -0.5
v 0.445503 0.226995 0.5
v -0.226995 0.445503 -0.5
v -0.226995 0.445503 0.5
v -0.445503 0.226995 0.5
v -0.445503 0.226995 -0.5
v 0.261249 0.42632 -0.5
v 0.261249 0.42632 0.5
v 0.42632 0.261249 -0.5
v 0.42632 0.261249 0.5
v -0.261249 0.42632 -0.5
v -0.261249 0.42632 0.5
v -0.42632 0.261249 -0.5
v -0.42632 0.261249 0.5
v 0.0782172 0.493844 -0.5
v 0.0782172 0.493844 0.5
v 0.493844 0.0782172 -0.5
v 0.493844 0.0782172 0.5
v -0.0782172 0.493844 -0.5
v -0.0782172 0.493844 0.5
v -0.493844 0.0782172 -0.5
v -0.493844 0.0782172 0.5
v 0.324724 0.380203 -0.5
v 0.324724 0.380203 0.5
v 0.380203 0.324724 -0.5
v 0.380203 0.324724 0.5
v -0.324724 0.380203 -0.5
v -0.324724 0.380203 0.5
v -0.380203 0.324724 0.5
v -0.380203 0.324724 -0.5
v 0.5 0 0.5
v 0.5 0 -0.5
v -0.5 0 -0.5
v -0.5 0 0.5
v 0 0.5 -0.5
v 0 0.5 0.5
v 0.116723 0.486185 -0.5
v 0.116723 0.486185 0.5
v 0.486185 0.116723 -0.5
v 0.486185 0.116723 0.5
v -0.116723 0.486185 -0.5
v -0.116723 0.486185 0.5
v -0.486185 0.116723 -0.5
v -0.486185 0.116723 0.5
v 0.191342 0.46194 -0.5
v 0.191342 0.46194 0.5
v 0.46194 0.191342 -0.5
v 0.46194 0.191342 0.5
v -0.191342 0.46194 0.5
v -0.191342 0.46194 -0.5
v -0.46194 0.191342 -0.5
v -0.46194 0.191342 0.5
v 0.0392295 0.498459 -0.5
v 0.0392295 0.498459 0.5
v 0.498459 0.0392295 -0.5
v 0.498459 0.0392295 0.5
v -0.0392295 0.498459 -0.5
v -0.0392295 0.498459 0.5
v -0.498459 0.0392295 -0.5
v -0.498459 0.0392295 0.5
v 0.388908 0.388908 -0.5
v 0.388908 0.388908 0.5
v -0.388908 0.388908 -0.5
v -0.388908 0.388908 0.5
v 0.0431525 0.548304 -0.5
v 0.0431525 0.548304 0.5
v 0.548304 0.0431525 -0.5
v 0.548304 0.0431525 0.5
v -0.0431525 0.548304 -0.5
v -0.0431525 0.548304 0.5
v -0.548304 0.0431525 -0.5
v -0.548304 0.0431525 0.5
v 0.357196 0.418223 -0.5
v 0.357196 0.418223 0.5
v 0.418223 0.357196 -0.5
v 0.418223 0.357196 0.5
v -0.357196 0.418223 -0.5
v -0.357196 0.418223 0.5
v -0.418223 0.357196 -0.5
v -0.418223 0.357196 0.5
v 0.128395 0.534803 -0.5
v 0.128395 0.534803 0.5
v 0.534803 0.128395 -0.5
v 0.534803 0.128395 0.5
v -0.128395 0.534803 -0.5
v -0.128395 0.534803 0.5
v -0.534803 0.128395 -0.5
v -0.534803 0.128395 0.5
v 0.249695 0.490053 -0.5
v 0.249695 0.490053 0.5
v 0.490053 0.249695 -0.5
v 0.490053 0.249695 0.5
v -0.249695 0.490053 -0.5
v -0.249695 0.490053 0.5
v -0.490053 0.249695 -0.5
v -0.490053 0.249695 0.5
v 0.323282 0.444959 -0.5
v 0.323282 0.444959 0.5
v 0.444959 0.323282 -0.5
v 0.444959 0.323282 0.5
v -0.323282 0.444959 -0.5
v -0.323282 0.444959 0.5
v -0.444959 0.323282 -0.5
v -0.444959 0.323282 0.5
v 0.287374 0.468952 -0.5
v 0.287374 0.468952 0.5
v 0.468952 0.287374 -0.5
v 0.468952 0.287374 0.5
v -0.287374 0.468952 -0.5
v -0.287374 0.468952 0.5
v -0.468952 0.287374 -0.5
v -0.468952 0.287374 0.5
v 0.169959 0.523081 -0.5
v 0.169959 0.523081 0.5
v 0.523081 0.169959 -0.5
v 0.523081 0.169959 0.5
v -0.169959 0.523081 -0.5
v -0.169959 0.523081 0.5
v -0.523081 0.169959 -0.5
v -0.523081 0.169959 0.5
v 0.55 0 -0.5
v 0.55 0 0.5
v -0.55 0 -0.5
v -0.55 0 0.5
v -6.10623e-17 0.55 -0.5
v -6.10623e-17 0.55 0.5
v 0.210476 0.508134 -0.5
v 0.210476 0.508134 0.5
v 0.508134 0.210476 -0.5
v 0.508134 0.210476 0.5
v -0.210476 0.508134 -0.5
v -0.210476 0.508134 0.5
v -0.508134 0.210476 -0.5
v -0.508134 0.210476 0.5
v 0.0860389 0.543229 -0.5
v 0.0860389 0.543229 0.5
v 0.543229 0.0860389 -0.5
v 0.543229 0.0860389 0.5
v -0.0860389 0.543229 -0.5
v -0.0860389 0.543229 0.5
v -0.543229 0.0860389 -0.5
v -0.543229 0.0860389 0.5
v 0.0470754 0.59815 -0.5
v 0.0470754 0.59815 0.5
v 0.59815 0.0470754 -0.5
v 0.59815 0.0470754 0.5
v -0.0470754 0.59815 -0.5
v -0.0470754 0.59815 0.5
v -0.59815 0.0470754 -0.5
v -0.59815 0.0470754 0.5
v 0.389669 0.456243 -0.5
v 0.389669 0.456243 0.5
v 0.456243 0.389669 -0.5
v 0.456243 0.389669 0.5
v -0.389669 0.456243 -0.5
v -0.389669 0.456243 0.5
v -0.456243 0.389669 -0.5
v -0.456243 0.389669 0.5
v 0.352671 0.48541 -0.5
v 0.352671 0.48541 0.5
v 0.48541 0.352671 -0.5
v 0.48541 0.352671 0.5
v -0.352671 0.48541 -0.5
v -0.352671 0.48541 0.5
v -0.48541 0.352671 -0.5
v -0.48541 0.352671 0.5
v 0.313499 0.511584 -0.5
v 0.313499 0.511584 0.5
v 0.511584 0.313499 -0.5
v 0.511584 0.313499 0.5
v -0.313499 0.511584 -0.5
v -0.313499 0.511584 0.5
v -0.511584 0.313499 -0.5
v -0.511584 0.313499 0.5
v 0.424264 0.424264 -0.5
v 0.424264 0.424264 0.5
v -0.424264 0.424264 -0.5
v -0.424264 0.424264 0.5
v 0.272394 0.534604 -0.5
v 0.272394 0.534604 0.5
v 0.534604 0.272394 -0.5
v 0.534604 0.272394 0.5
v -0.272394 0.534604 -0.5
v -0.272394 0.534604 0.5
v -0.534604 0.272394 -0.5
v -0.534604 0.272394 0.5
v 0.0938606 0.592613 -0.5
v 0.0938606 0.592613 0.5
v 0.592613 0.0938606 -0.5
v 0.592613 0.0938606 0.5
v -0.0938606 0.592613 -0.5
v -0.0938606 0.592613 0.5
v -0.592613 0.0938606 -0.5
v -0.592613 0.0938606 0.5
v 0.140067 0.583422 -0.5
v 0.140067 0.583422 0.5
v 0.583422 0.140067 -0.5
v 0.583422 0.140067 0.5
v -0.140067 0.583422 -0.5
v -0.140067 0.583422 0.5
v -0.583422 0.140067 -0.5
v -0.583422 0.140067 0.5
v 0.6 0 -0.5
v 0.6 0 0.5
v -0.6 0 -0.5
v -0.6 0 0.5
v -6.66134e-17 0.6 -0.5
v -6.66134e-17 0.6 0.5
v 0.18541 0.570634 -0.5
v 0.18541 0.570634 0.5
v 0.570634 0.18541 -0.5
v 0.570634 0.18541 0.5
v -0.18541 0.570634 -0.5
v -0.18541 0.570634 0.5
v -0.570634 0.18541 -0.5
v -0.570634 0.18541 0.5
v 0.22961 0.554328 -0.5
v 0.22961 0.554328 0.5
v 0.554328 0.22961 -0.5
v 0.554328 0.22961 0.5
v -0.22961 0.554328 -0.5
v -0.22961 0.554328 0.5
v -0.554328 0.22961 -0.5
v -0.554328 0.22961 0.5
v 0.459619 0.459619 -0.5
v 0.459619 0.459619 0.5
v -0.459619 0.459619 -0.5
v -0.459619 0.459619 0.5
v 0.151739 0.63204 -0.5
v 0.151739 0.63204 0.5
v 0.63204 0.151739 -0.5
v 0.63204 0.151739 0.5
v -0.151739 0.63204 -0.5
v -0.151739 0.63204 0.5
v -0.63204 0.151739 -0.5
v -0.63204 0.151739 0.5
v 0.101682 0.641997 -0.5
v 0.101682 0.641997 0.5
v 0.641997 0.101682 -0.5
v 0.641997 0.101682 0.5
v -0.101682 0.641997 -0.5
v -0.101682 0.641997 0.5
v -0.641997 0.101682 -0.5
v -0.641997 0.101682 0.5
v 0.38206 0.525861 -0.5
v 0.38206 0.525861 0.5
v 0.525861 0.38206 -0.5
v 0.525861 0.38206 0.5
v -0.38206 0.525861 -0.5
v -0.38206 0.525861 0.5
v -0.525861 0.38206 -0.5
v -0.525861 0.38206 0.5
v 0.0509984 0.647996 -0.5
v 0.0509984 0.647996 0.5
v 0.647996 0.0509984 -0.5
v 0.647996 0.0509984 0.5
v -0.0509984 0.647996 -0.5
v -0.0509984 0.647996 0.5
v -0.647996 0.0509984 -0.5
v -0.647996 0.0509984 0.5
v 0.295094 0.579154 -0.5
v 0.295094 0.579154 0.5
v 0.579154 0.295094 -0.5
v 0.579154 0.295094 0.5
v -0.295094 0.579154 -0.5
v -0.295094 0.579154 0.5
v -0.579154 0.295094 -0.5
v -0.579154 0.295094 0.5
v 0.339624 0.554216 -0.5
v 0.339624 0.554216 0.5
v 0.554216 0.339624 -0.5
v 0.554216 0.339624 0.5
v -0.339624 0.554216 -0.5
v -0.339624 0.554216 0.5
v -0.554216 0.339624 -0.5
v -0.554216 0.339624 0.5
v 0.422141 0.494264 -0.5
v 0.422141 0.494264 0.5
v 0.494264 0.422141 -0.5
v 0.494264 0.422141 0.5
v -0.422141 0.494264 -0.5
v -0.422141 0.494264 0.5
v -0.494264 0.422141 -0.5
v -0.494264 0.422141 0.5
v 0.65 0 -0.5
v 0.65 0 0.5
v -0.65 0 -0.5
v -0.65 0 0.5
v -7.21645e-17 0.65 -0.5
v -7.21645e-17 0.65 0.5
v 0.248744 0.600522 -0.5
v 0.248744 0.600522 0.5
v 0.600522 0.248744 -0.5
v 0.600522 0.248744 0.5
v -0.248744 0.600522 -0.5
v -0.248744 0.600522 0.5
v -0.600522 0.248744 -0.5
v -0.600522 0.248744 0.5
v 0.200861 0.618187 -0.5
v 0.200861 0.618187 0.5
v 0.618187 0.200861 -0.5
v 0.618187 0.200861 0.5
v -0.200861 0.618187 -0.5
v -0.200861 0.618187 0.5
v -0.618187 0.200861 -0.5
v -0.618187 0.200861 0.5
v 0.317793 0.623704 -0.5
v 0.317793 0.623704 0.5
v 0.623704 0.317793 -0.5
v 0.623704 0.317793 0.5
v -0.317793 0.623704 -0.5
v -0.317793 0.623704 0.5
v -0.623704 0.317793 -0.5
v -0.623704 0.317793 0.5
v 0.216312 0.665739 -0.5
v 0.216312 0.665739 0.5
v 0.665739 0.216312 -0.5
v 0.665739 0.216312 0.5
v -0.216312 0.665739 -0.5
v -0.216312 0.665739 0.5
v -0.665739 0.216312 -0.5
v -0.665739 0.216312 0.5
v 0.0549214 0.697842 -0.5
v 0.0549214 0.697842 0.5
v 0.697842 0.0549214 -0.5
v 0.697842 0.0549214 0.5
v -0.0549214 0.697842 -0.5
v -0.0549214 0.697842 0.5
v -0.697842 0.0549214 -0.5
v -0.697842 0.0549214 0.5
v 0.365749 0.596848 -0.5
v 0.365749 0.596848 0.5
v 0.596848 0.365749 -0.5
v 0.596848 0.365749 0.5
v -0.365749 0.596848 -0.5
v -0.365749 0.596848 0.5
v -0.596848 0.365749 -0.5
v -0.596848 0.365749 0.5
v 0.7 0 -0.5
v 0.7 0 0.5
v -0.7 0 -0.5
v -0.7 0 0.5
v -7.77156e-17 0.7 -0.5
v -7.77156e-17 0.7 0.5
v 0.163412 0.680659 -0.5
v 0.163412 0.680659 0.5
v 0.680659 0.163412 -0.5
v 0.680659 0.163412 0.5
v -0.163412 0.680659 -0.5
v -0.163412 0.680659 0.5
v -0.680659 0.163412 -0.5
v -0.680659 0.163412 0.5
v 0.454614 0.532284 -0.5
v 0.454614 0.532284 0.5
v 0.532284 0.454614 -0.5
v 0.532284 0.454614 0.5
v -0.454614 0.532284 -0.5
v -0.454614 0.532284 0.5
v -0.532284 0.454614 -0.5
v -0.532284 0.454614 0.5
v 0.109504 0.691382 -0.5
v 0.109504 0.691382 0.5
v 0.691382 0.109504 -0.5
v 0.691382 0.109504 0.5
v -0.109504 0.691382 -0.5
v -0.109504 0.691382 0.5
v -0.691382 0.109504 -0.5
v -0.691382 0.109504 0.5
v 0.267878 0.646716 -0.5
v 0.267878 0.646716 0.5
v 0.646716 0.267878 -0.5
v 0.646716 0.267878 0.5
v -0.267878 0.646716 -0.5
v -0.267878 0.646716 0.5
v -0.646716 0.267878 -0.5
v -0.646716 0.267878 0.5
v 0.41145 0.566312 -0.5
v 0.41145 0.566312 0.5
v 0.566312 0.41145 -0.5
v 0.566312 0.41145 0.5
v -0.41145 0.566312 -0.5
v -0.41145 0.566312 0.5
v -0.566312 0.41145 -0.5
v -0.566312 0.41145 0.5
v 0.494975 0.494975 -0.5
v 0.494975 0.494975 0.5
v -0.494975 0.494975 -0.5
v -0.494975 0.494975 0.5
v 0.175084 0.729277 -0.5
v 0.175084 0.729277 0.5
v 0.729277 0.175084 -0.5
v 0.729277 0.175084 0.5
v -0.175084 0.729277 -0.5
v -0.175084 0.729277 0.5
v -0.729277 0.175084 -0.5
v -0.729277 0.175084 0.5
v 0.487086 0.570304 -0.5
v 0.487086 0.570304 0.5
v 0.570304 0.487086 -0.5
v 0.570304 0.487086 0.5
v -0.487086 0.570304 -0.5
v -0.487086 0.570304 0.5
v -0.570304 0.487086 -0.5
v -0.570304 0.487086 0.5
v 0.231763 0.713292 -0.5
v 0.231763 0.713292 0.5
v 0.713292 0.231763 -0.5
v 0.713292 0.231763 0.5
v -0.231763 0.713292 -0.5
v -0.231763 0.713292 0.5
v -0.713292 0.231763 -0.5
v -0.713292 0.231763 0.5
v 0.117326 0.740766 -0.5
v 0.117326 0.740766 0.5
v 0.740766 0.117326 -0.5
v 0.740766 0.117326 0.5
v -0.117326 0.740766 -0.5
v -0.117326 0.740766 0.5
v -0.740766 0.117326 -0.5
v -0.740766 0.117326 0.5
v 0.53033 0.53033 -0.5
v 0.53033 0.53033 0.5
v -0.53033 0.53033 -0.5
v -0.53033 0.53033 0.5
v 0.391874 0.63948 -0.5
v 0.391874 0.63948 0.5
v 0.63948 0.391874 -0.5
v 0.63948 0.391874 0.5
v -0.391874 0.63948 -0.5
v -0.391874 0.63948 0.5
v -0.63948 0.391874 -0.5
v -0.63948 0.391874 0.5
v 0.0588443 0.747688 -0.5
v 0.0588443 0.747688 0.5
v 0.747688 0.0588443 -0.5
v 0.747688 0.0588443 0.5
v -0.0588443 0.747688 -0.5
v -0.0588443 0.747688 0.5
v -0.747688 0.0588443 -0.5
v -0.747688 0.0588443 0.5
v 0.75 0 -0.5
v 0.75 0 0.5
v -0.75 0 -0.5
v -0.75 0 0.5
v -8.32667e-17 0.75 -0.5
v -8.32667e-17 0.75 0.5
v 0.340493 0.668255 -0.5
v 0.340493 0.668255 0.5
v 0.668255 0.340493 -0.5
v 0.668255 0.340493 0.5
v -0.340493 0.668255 -0.5
v -0.340493 0.668255 0.5
v -0.668255 0.340493 -0.5
v -0.668255 0.340493 0.5
v 0.440839 0.606763 -0.5
v 0.440839 0.606763 0.5
v 0.606763 0.440839 -0.5
v 0.606763 0.440839 0.5
v -0.440839 0.606763 -0.5
v -0.440839 0.606763 0.5
v -0.606763 0.440839 -0.5
v -0.606763 0.440839 0.5
v 0.287013 0.69291 -0.5
v 0.287013 0.69291 0.5
v 0.69291 0.287013 -0.5
v 0.69291 0.287013 0.5
v -0.287013 0.69291 -0.5
v -0.287013 0.69291 0.5
v -0.69291 0.287013 -0.5
v -0.69291 0.287013 0.5
v 0.565685 0.565685 -0.5
v 0.565685 0.565685 0.5
v -0.565685 0.565685 -0.5
v -0.565685 0.565685 0.5
v 0.363192 0.712805 -0.5
v 0.363192 0.712805 0.5
v 0.712805 0.363192 -0.5
v 0.712805 0.363192 0.5
v -0.363192 0.712805 -0.5
v -0.363192 0.712805 0.5
v -0.712805 0.363192 -0.5
v -0.712805 0.363192 0.5
v 0.519558 0.608325 -0.5
v 0.519558 0.608325 0.5
v 0.608325 0.519558 -0.5
v 0.608325 0.519558 0.5
v -0.519558 0.608325 -0.5
v -0.519558 0.608325 0.5
v -0.608325 0.519558 -0.5
v -0.608325 0.519558 0.5
v 0.247214 0.760845 -0.5
v 0.247214 0.760845 0.5
v 0.760845 0.247214 -0.5
v 0.760845 0.247214 0.5
v -0.247214 0.760845 -0.5
v -0.247214 0.760845 0.5
v -0.760845 0.247214 -0.5
v -0.760845 0.247214 0.5
v 0.417999 0.682112 -0.5
v 0.417999 0.682112 0.5
v 0.682112 0.417999 -0.5
v 0.682112 0.417999 0.5
v -0.417999 0.682112 -0.5
v -0.417999 0.682112 0.5
v -0.682112 0.417999 -0.5
v -0.682112 0.417999 0.5
v 0.186756 0.777896 -0.5
v 0.186756 0.777896 0.5
v 0.777896 0.186756 -0.5
v 0.777896 0.186756 0.5
v -0.186756 0.777896 -0.5
v -0.186756 0.777896 0.5
v -0.777896 0.186756 -0.5
v -0.777896 0.186756 0.5
v 0.8 0 -0.5
v 0.8 0 0.5
v -0.8 0 -0.5
v -0.8 0 0.5
v -8.88178e-17 0.8 -0.5
v -8.88178e-17 0.8 0.5
v 0.0627673 0.797534 -0.5
v 0.0627673 0.797534 0.5
v 0.797534 0.0627673 -0.5
v 0.797534 0.0627673 0.5
v -0.0627673 0.797534 -0.5
v -0.0627673 0.797534 0.5
v -0.797534 0.0627673 -0.5
v -0.797534 0.0627673 0.5
v 0.470228 0.647214 -0.5
v 0.470228 0.647214 0.5
v 0.647214 0.470228 -0.5
v 0.647214 0.470228 0.5
v -0.470228 0.647214 -0.5
v -0.470228 0.647214 0.5
v -0.647214 0.470228 -0.5
v -0.647214 0.470228 0.5
v 0.125148 0.790151 -0.5
v 0.125148 0.790151 0.5
v 0.790151 0.125148 -0.5
v 0.790151 0.125148 0.5
v -0.125148 0.790151 -0.5
v -0.125148 0.790151 0.5
v -0.790151 0.125148 -0.5
v -0.790151 0.125148 0.5
v 0.306147 0.739104 -0.5
v 0.306147 0.739104 0.5
v 0.739104 0.306147 -0.5
v 0.739104 0.306147 0.5
v -0.306147 0.739104 -0.5
v -0.306147 0.739104 0.5
v -0.739104 0.306147 -0.5
v -0.739104 0.306147 0.5
v 0.499617 0.687664 -0.5
v 0.499617 0.687664 0.5
v 0.687664 0.499617 -0.5
v 0.687664 0.499617 0.5
v -0.499617 0.687664 -0.5
v -0.499617 0.687664 0.5
v -0.687664 0.499617 -0.5
v -0.687664 0.499617 0.5
v 0.198429 0.826514 -0.5
v 0.198429 0.826514 0.5
v 0.826514 0.198429 -0.5
v 0.826514 0.198429 0.5
v -0.198429 0.826514 -0.5
v -0.198429 0.826514 0.5
v -0.826514 0.198429 -0.5
v -0.826514 0.198429 0.5
v 0.262664 0.808398 -0.5
v 0.262664 0.808398 0.5
v 0.808398 0.262664 -0.5
v 0.808398 0.262664 0.5
v -0.262664 0.808398 -0.5
v -0.262664 0.808398 0.5
v -0.808398 0.262664 -0.5
v -0.808398 0.262664 0.5
v 0.132969 0.839535 -0.5
v 0.132969 0.839535 0.5
v 0.839535 0.132969 -0.5
v 0.839535 0.132969 0.5
v -0.132969 0.839535 -0.5
v -0.132969 0.839535 0.5
v -0.839535 0.132969 -0.5
v -0.839535 0.132969 0.5
v 0.444124 0.724744 -0.5
v 0.444124 0.724744 0.5
v 0.724744 0.444124 -0.5
v 0.724744 0.444124 0.5
v -0.444124 0.724744 -0.5
v -0.444124 0.724744 0.5
v -0.724744 0.444124 -0.5
v -0.724744 0.444124 0.5
v 0.85 0 -0.5
v 0.85 0 0.5
v -0.85 0 -0.5
v -0.85 0 0.5
v -9.4369e-17 0.85 -0.5
v -9.4369e-17 0.85 0.5
v 0.552031 0.646345 -0.5
v 0.552031 0.646345 0.5
v 0.646345 0.552031 -0.5
v 0.646345 0.552031 0.5
v -0.552031 0.646345 -0.5
v -0.552031 0.646345 0.5
v -0.646345 0.552031 -0.5
v -0.646345 0.552031 0.5
v 0.0666902 0.84738 -0.5
v 0.0666902 0.84738 0.5
v 0.84738 0.0666902 -0.5
v 0.84738 0.0666902 0.5
v -0.0666902 0.84738 -0.5
v -0.0666902 0.84738 0.5
v -0.84738 0.0666902 -0.5
v -0.84738 0.0666902 0.5
v 0.601041 0.601041 -0.5
v 0.601041 0.601041 0.5
v -0.601041 0.601041 -0.5
v -0.601041 0.601041 0.5
v 0.325281 0.785298 -0.5
v 0.325281 0.785298 0.5
v 0.785298 0.325281 -0.5
v 0.785298 0.325281 0.5
v -0.325281 0.785298 -0.5
v -0.325281 0.785298 0.5
v -0.785298 0.325281 -0.5
v -0.785298 0.325281 0.5
v 0.385892 0.757356 -0.5
v 0.385892 0.757356 0.5
v 0.757356 0.385892 -0.5
v 0.757356 0.385892 0.5
v -0.385892 0.757356 -0.5
v -0.385892 0.757356 0.5
v -0.757356 0.385892 -0.5
v -0.757356 0.385892 0.5
v 0.584503 0.684365 -0.5
v 0.584503 0.684365 0.5
v 0.684365 0.584503 -0.5
v 0.684365 0.584503 0.5
v -0.584503 0.684365 -0.5
v -0.584503 0.684365 0.5
v -0.684365 0.584503 -0.5
v -0.684365 0.584503 0.5
v 0.636396 0.636396 -0.5
v 0.636396 0.636396 0.5
v -0.636396 0.636396 -0.5
v -0.636396 0.636396 0.5
v 0.408591 0.801906 -0.5
v 0.408591 0.801906 0.5
v 0.801906 0.408591 -0.5
v 0.801906 0.408591 0.5
v -0.408591 0.801906 -0.5
v -0.408591 0.801906 0.5
v -0.801906 0.408591 -0.5
v -0.801906 0.408591 0.5
v 0.529007 0.728115 -0.5
v 0.529007 0.728115 0.5
v 0.728115 0.529007 -0.5
v 0.728115 0.529007 0.5
v -0.529007 0.728115 -0.5
v -0.529007 0.728115 0.5
v -0.728115 0.529007 -0.5
v -0.728115 0.529007 0.5
v 0.9 0 -0.5
v 0.9 0 0.5
v -0.9 0 -0.5
v -0.9 0 0.5
v -9.99201e-17 0.9 -0.5
v -9.99201e-17 0.9 0.5
v 0.470249 0.767376 -0.5
v 0.470249 0.767376 0.5
v 0.767376 0.470249 -0.5
v 0.767376 0.470249 0.5
v -0.470249 0.767376 -0.5
v -0.470249 0.767376 0.5
v -0.767376 0.470249 -0.5
v -0.767376 0.470249 0.5
v 0.278115 0.855951 -0.5
v 0.278115 0.855951 0.5
v 0.855951 0.278115 -0.5
v 0.855951 0.278115 0.5
v -0.278115 0.855951 -0.5
v -0.278115 0.855951 0.5
v -0.855951 0.278115 -0.5
v -0.855951 0.278115 0.5
v 0.210101 0.875133 -0.5
v 0.210101 0.875133 0.5
v 0.875133 0.210101 -0.5
v 0.875133 0.210101 0.5
v -0.210101 0.875133 -0.5
v -0.210101 0.875133 0.5
v -0.875133 0.210101 -0.5
v -0.875133 0.210101 0.5
v 0.344415 0.831492 -0.5
v 0.344415 0.831492 0.5
v 0.831492 0.344415 -0.5
v 0.831492 0.344415 0.5
v -0.344415 0.831492 -0.5
v -0.344415 0.831492 0.5
v -0.831492 0.344415 -0.5
v -0.831492 0.344415 0.5
v 0.0706132 0.897226 -0.5
v 0.0706132 0.897226 0.5
v 0.897226 0.0706132 -0.5
v 0.897226 0.0706132 0.5
v -0.0706132 0.897226 -0.5
v -0.0706132 0.897226 0.5
v -0.897226 0.0706132 -0.5
v -0.897226 0.0706132 0.5
v 0.140791 0.88892 -0.5
v 0.140791 0.88892 0.5
v 0.88892 0.140791 -0.5
v 0.88892 0.140791 0.5
v -0.140791 0.88892 -0.5
v -0.140791 0.88892 0.5
v -0.88892 0.140791 -0.5
v -0.88892 0.140791 0.5
v 0.0745362 0.947071 -0.5
v 0.0745362 0.947071 0.5
v 0.947071 0.0745362 -0.5
v 0.947071 0.0745362 0.5
v -0.0745362 0.947071 -0.5
v -0.0745362 0.947071 0.5
v -0.947071 0.0745362 -0.5
v -0.947071 0.0745362 0.5
v 0.221773 0.923751 -0.5
v 0.221773 0.923751 0.5
v 0.923751 0.221773 -0.5
v 0.923751 0.221773 0.5
v -0.221773 0.923751 -0.5
v -0.221773 0.923751 0.5
v -0.923751 0.221773 -0.5
v -0.923751 0.221773 0.5
v 0.431291 0.846456 -0.5
v 0.431291 0.846456 0.5
v 0.846456 0.431291 -0.5
v 0.846456 0.431291 0.5
v -0.431291 0.846456 -0.5
v -0.431291 0.846456 0.5
v -0.846456 0.431291 -0.5
v -0.846456 0.431291 0.5
v 0.558396 0.768566 -0.5
v 0.558396 0.768566 0.5
v 0.768566 0.558396 -0.5
v 0.768566 0.558396 0.5
v -0.558396 0.768566 -0.5
v -0.558396 0.768566 0.5
v -0.768566 0.558396 -0.5
v -0.768566 0.558396 0.5
v 0.95 0 -0.5
v 0.95 0 0.5
v -0.95 0 -0.5
v -0.95 0 0.5
v -1.05471e-16 0.95 -0.5
v -1.05471e-16 0.95 0.5
v 0.496374 0.810008 -0.5
v 0.496374 0.810008 0.5
v 0.810008 0.496374 -0.5
v 0.810008 0.496374 0.5
v -0.496374 0.810008 -0.5
v -0.496374 0.810008 0.5
v -0.810008 0.496374 -0.5
v -0.810008 0.496374 0.5
v 0.148613 0.938304 -0.5
v 0.148613 0.938304 0.5
v 0.938304 0.148613 -0.5
v 0.938304 0.148613 0.5
v -0.148613 0.938304 -0.5
v -0.148613 0.938304 0.5
v -0.938304 0.148613 -0.5
v -0.938304 0.148613 0.5
v 0.293566 0.903504 -0.5
v 0.293566 0.903504 0.5
v 0.903504 0.293566 -0.5
v 0.903504 0.293566 0.5
v -0.293566 0.903504 -0.5
v -0.293566 0.903504 0.5
v -0.903504 0.293566 -0.5
v -0.903504 0.293566 0.5
v 0.363549 0.877686 -0.5
v 0.363549 0.877686 0.5
v 0.877686 0.363549 -0.5
v 0.877686 0.363549 0.5
v -0.363549 0.877686 -0.5
v -0.363549 0.877686 0.5
v -0.877686 0.363549 -0.5
v -0.877686 0.363549 0.5
v 0.616976 0.722386 -0.5
v 0.616976 0.722386 0.5
v 0.722386 0.616976 -0.5
v 0.722386 0.616976 0.5
v -0.616976 0.722386 -0.5
v -0.616976 0.722386 0.5
v -0.722386 0.616976 -0.5
v -0.722386 0.616976 0.5
v 0.671752 0.671752 -0.5
v 0.671752 0.671752 0.5
v -0.671752 0.671752 -0.5
v -0.671752 0.671752 0.5
v 0.156434 0.987688 -0.5
v 0.156434 0.987688 0.5
v 0.987688 0.156434 -0.5
v 0.987688 0.156434 0.5
v -0.156434 0.987688 -0.5
v -0.156434 0.987688 0.5
v -0.987688 0.156434 -0.5
v -0.987688 0.156434 0.5
v 0.0784591 0.996917 -0.5
v 0.0784591 0.996917 0.5
v 0.996917 0.0784591 -0.5
v 0.996917 0.0784591 0.5
v -0.0784591 0.996917 -0.5
v -0.0784591 0.996917 0.5
v -0.996917 0.0784591 -0.5
v -0.996917 0.0784591 0.5
v 0.587785 0.809017 -0.5
v 0.587785 0.809017 0.5
v 0.809017 0.587785 -0.5
v 0.809017 0.587785 0.5
v -0.587785 0.809017 -0.5
v -0.587785 0.809017 0.5
v -0.809017 0.587785 -0.5
v -0.809017 0.587785 0.5
v 0.649448 0.760406 -0.5
v 0.649448 0.760406 0.5
v 0.760406 0.649448 -0.5
v 0.760406 0.649448 0.5
v -0.649448 0.760406 -0.5
v -0.649448 0.760406 0.5
v -0.760406 0.649448 -0.5
v -0.760406 0.649448 0.5
v 1 0 -0.5
v 1 0 0.5
v -1 0 0.5
v -1 0 -0.5
v 0 1 -0.5
v 0 1 0.5
v 0.233445 0.97237 -0.5
v 0.233445 0.97237 0.5
v 0.97237 0.233445 -0.5
v 0.97237 0.233445 0.5
v -0.233445 0.97237 -0.5
v -0.233445 0.97237 0.5
v -0.97237 0.233445 -0.5
v -0.97237 0.233445 0.5
v 0.522499 0.85264 -0.5
v 0.522499 0.85264 0.5
v 0.85264 0.522499 -0.5
v 0.85264 0.522499 0.5
v -0.522499 0.85264 -0.5
v -0.522499 0.85264 0.5
v -0.85264 0.522499 -0.5
v -0.85264 0.522499 0.5
v 0.707107 0.707107 -0.5
v 0.707107 0.707107 0.5
v -0.707107 0.707107 -0.5
v -0.707107 0.707107 0.5
v 0.309017 0.951057 -0.5
v 0.309017 0.951057 0.5
v 0.951057 0.309017 -0.5
v 0.951057 0.309017 0.5
v -0.309017 0.951057 -0.5
v -0.309017 0.951057 0.5
v -0.951057 0.309017 -0.5
v -0.951057 0.309017 0.5
v 0.382684 0.92388 -0.5
v 0.382684 0.92388 0.5
v 0.92388 0.382684 -0.5
v 0.92388 0.382684 0.5
v -0.382684 0.92388 -0.5
v -0.382684 0.92388 0.5
v -0.92388 0.382684 -0.5
v -0.92388 0.382684 0.5
v 0.453991 0.891007 -0.5
v 0.453991 0.891007 0.5
v 0.891007 0.453991 -0.5
v 0.891007 0.453991 0.5
v -0.453991 0.891007 -0.5
v -0.453991 0.891007 0.5
v -0.891007 0.453991 -0.5
v -0.891007 0.453991 0.5
v 0.771752 0.707107 -0.5
v 0.771752 0.707107 0.5
v 0.707107 0.771752 -0.5
v 0.707107 0.771752 0.5
v -0.771752 0.707107 -0.5
v -0.771752 0.707107 0.5
v -0.707107 0.771752 -0.5
v -0.707107 0.771752 0.5
v 0.822386 0.648796 -0.5
v 0.822386 0.648796 0.5
v 0.648796 0.822386 -0.5
v 0.648796 0.822386 0.5
v -0.822386 0.648796 -0.5
v -0.822386 0.648796 0.5
v -0.648796 0.822386 -0.5
v -0.648796 0.822386 0.5
v 0.868566 0.58668 -0.5
v 0.868566 0.58668 0.5
v 0.58668 0.868566 -0.5
v 0.58668 0.868566 0.5
v -0.868566 0.58668 -0.5
v -0.868566 0.58668 0.5
v -0.58668 0.868566 -0.5
v -0.58668 0.868566 0.5
v 0.910008 0.521123 -0.5
v 0.910008 0.521123 0.5
v 0.521123 0.910008 -0.5
v 0.521123 0.910008 0.5
v -0.910008 0.521123 -0.5
v -0.910008 0.521123 0.5
v -0.521123 0.910008 -0.5
v -0.521123 0.910008 0.5
v 0.946456 0.452504 -0.5
v 0.946456 0.452504 0.5
v 0.452504 0.946456 -0.5
v 0.452504 0.946456 0.5
v -0.946456 0.452504 -0.5
v -0.946456 0.452504 0.5
v -0.452504 0.946456 -0.5
v -0.452504 0.946456 0.5
v 0.977686 0.381227 -0.5
v 0.977686 0.381227 0.5
v 0.381227 0.977686 -0.5
v 0.381227 0.977686 0.5
v -0.977686 0.381227 -0.5
v -0.977686 0.381227 0.5
v -0.381227 0.977686 -0.5
v -0.381227 0.977686 0.5
v 1.0035 0.307708 -0.5
v 1.0035 0.307708 0.5
v 0.307708 1.0035 -0.5
v 0.307708 1.0035 0.5
v -1.0035 0.307708 -0.5
v -1.0035 0.307708 0.5
v -0.307708 1.0035 -0.5
v -0.307708 1.0035 0.5
v 1.02375 0.23238 -0.5
v 1.02375 0.23238 0.5
v 0.23238 1.02375 -0.5
v 0.23238 1.02375 0.5
v -1.02375 0.23238 -0.5
v -1.02375 0.23238 0.5
v -0.23238 1.02375 -0.5
v -0.23238 1.02375 0.5
v 1.0383 0.155684 -0.5
v 1.0383 0.155684 0.5
v 0.155684 1.0383 -0.5
v 0.155684 1.0383 0.5
v -1.0383 0.155684 -0.5
v -1.0383 0.155684 0.5
v -0.155684 1.0383 -0.5
v -0.155684 1.0383 0.5
v 1.04707 0.0780717 -0.5
v 1.04707 0.0780717 0.5
v 0.0780717 1.04707 -0.5
v 0.0780717 1.04707 0.5
v -1.04707 0.0780717 -0.5
v -1.04707 0.0780717 0.5
v -0.0780717 1.04707 -0.5
v -0.0780717 1.04707 0.5
v 1.05 0 -0.5
v 1.05 0 0.5
v -1.05 0 -0.5
v -1.05 0 0.5
v -1.05471e-16 1.05 -0.5
v -1.05471e-16 1.05 0.5
v 0.771752 0.771752 -0.5
v 0.771752 0.771752 0.5
v -0.771752 0.771752 -0.5
v -0.771752 0.771752 0.5
v 0.836396 0.707107 -0.5
v 0.836396 0.707107 0.5
v 0.707107 0.836396 -0.5
v 0.707107 0.836396 0.5
v -0.836396 0.707107 -0.5
v -0.836396 0.707107 0.5
v -0.707107 0.836396 -0.5
v -0.707107 0.836396 0.5
v 0.884366 0.648143 -0.5
v 0.884366 0.648143 0.5
v 0.648143 0.884366 -0.5
v 0.648143 0.884366 0.5
v -0.884366 0.648143 -0.5
v -0.884366 0.648143 0.5
v -0.648143 0.884366 -0.5
v -0.648143 0.884366 0.5
v 0.928115 0.585575 -0.5
v 0.928115 0.585575 0.5
v 0.585575 0.928115 -0.5
v 0.585575 0.928115 0.5
v -0.928115 0.585575 -0.5
v -0.928115 0.585575 0.5
v -0.585575 0.928115 -0.5
v -0.585575 0.928115 0.5
v 0.967376 0.519746 -0.5
v 0.967376 0.519746 0.5
v 0.519746 0.967376 -0.5
v 0.519746 0.967376 0.5
v -0.967376 0.519746 -0.5
v -0.967376 0.519746 0.5
v -0.519746 0.967376 -0.5
v -0.519746 0.967376 0.5
v 1.00191 0.451018 -0.5
v 1.00191 0.451018 0.5
v 0.451018 1.00191 -0.5
v 0.451018 1.00191 0.5
v -1.00191 0.451018 -0.5
v -1.00191 0.451018 0.5
v -0.451018 1.00191 -0.5
v -0.451018 1.00191 0.5
v 1.03149 0.379771 -0.5
v 1.03149 0.379771 0.5
v 0.379771 1.03149 -0.5
v 0.379771 1.03149 0.5
v -1.03149 0.379771 -0.5
v -1.03149 0.379771 0.5
v -0.379771 1.03149 -0.5
v -0.379771 1.03149 0.5
v 1.05595 0.3064 -0.5
v 1.05595 0.3064 0.5
v 0.3064 1.05595 -0.5
v 0.3064 1.05595 0.5
v -1.05595 0.3064 -0.5
v -1.05595 0.3064 0.5
v -0.3064 1.05595 -0.5
v -0.3064 1.05595 0.5
v 1.07513 0.231314 -0.5
v 1.07513 0.231314 0.5
v 0.231314 1.07513 -0.5
v 0.231314 1.07513 0.5
v -1.07513 0.231314 -0.5
v -1.07513 0.231314 0.5
v -0.231314 1.07513 -0.5
v -0.231314 1.07513 0.5
v 1.08892 0.154933 -0.5
v 1.08892 0.154933 0.5
v 0.154933 1.08892 -0.5
v 0.154933 1.08892 0.5
v -1.08892 0.154933 -0.5
v -1.08892 0.154933 0.5
v -0.154933 1.08892 -0.5
v -0.154933 1.08892 0.5
v 1.09723 0.0776843 -0.5
v 1.09723 0.0776843 0.5
v 0.0776843 1.09723 -0.5
v 0.0776843 1.09723 0.5
v -1.09723 0.0776843 -0.5
v -1.09723 0.0776843 0.5
v -0.0776843 1.09723 -0.5
v -0.0776843 1.09723 0.5
v 1.1 0 -0.5
v 1.1 0 0.5
v -1.1 0 -0.5
v -1.1 0 0.5
v -9.99201e-17 1.1 -0.5
v -9.99201e-17 1.1 0.5
v 0.771752 0.836396 -0.5
v 0.836396 0.771752 -0.5
v 0.771752 0.836396 0.5
v 0.836396 0.771752 0.5
v -0.836396 0.771752 -0.5
v -0.771752 0.836396 -0.5
v -0.836396 0.771752 0.5
v -0.771752 0.836396 0.5
v 0.901041 0.707107 -0.5
v 0.901041 0.707107 0.5
v 0.707107 0.901041 -0.5
v 0.707107 0.901041 0.5
v -0.901041 0.707107 -0.5
v -0.901041 0.707107 0.5
v -0.707107 0.901041 -0.5
v -0.707107 0.901041 0.5
v 0.946345 0.64749 -0.5
v 0.946345 0.64749 0.5
v 0.64749 0.946345 -0.5
v 0.64749 0.946345 0.5
v -0.946345 0.64749 -0.5
v -0.946345 0.64749 0.5
v -0.64749 0.946345 -0.5
v -0.64749 0.946345 0.5
v 0.987665 0.58447 -0.5
v 0.987665 0.58447 0.5
v 0.58447 0.987665 -0.5
v 0.58447 0.987665 0.5
v -0.987665 0.58447 -0.5
v -0.987665 0.58447 0.5
v -0.58447 0.987665 -0.5
v -0.58447 0.987665 0.5
v 1.02474 0.51837 -0.5
v 1.02474 0.51837 0.5
v 0.51837 1.02474 -0.5
v 0.51837 1.02474 0.5
v -1.02474 0.51837 -0.5
v -1.02474 0.51837 0.5
v -0.51837 1.02474 -0.5
v -0.51837 1.02474 0.5
v 1.05736 0.449532 -0.5
v 1.05736 0.449532 0.5
v 0.449532 1.05736 -0.5
v 0.449532 1.05736 0.5
v -1.05736 0.449532 -0.5
v -1.05736 0.449532 0.5
v -0.449532 1.05736 -0.5
v -0.449532 1.05736 0.5
v 1.0853 0.378314 -0.5
v 1.0853 0.378314 0.5
v 0.378314 1.0853 -0.5
v 0.378314 1.0853 0.5
v -1.0853 0.378314 -0.5
v -1.0853 0.378314 0.5
v -0.378314 1.0853 -0.5
v -0.378314 1.0853 0.5
v 1.1084 0.305091 -0.5
v 1.1084 0.305091 0.5
v 0.305091 1.1084 -0.5
v 0.305091 1.1084 0.5
v -1.1084 0.305091 -0.5
v -1.1084 0.305091 0.5
v -0.305091 1.1084 -0.5
v -0.305091 1.1084 0.5
v 1.12651 0.230248 -0.5
v 1.12651 0.230248 0.5
v 0.230248 1.12651 -0.5
v 0.230248 1.12651 0.5
v -1.12651 0.230248 -0.5
v -1.12651 0.230248 0.5
v -0.230248 1.12651 -0.5
v -0.230248 1.12651 0.5
v 1.13954 0.154183 -0.5
v 1.13954 0.154183 0.5
v 0.154183 1.13954 -0.5
v 0.154183 1.13954 0.5
v -1.13954 0.154183 -0.5
v -1.13954 0.154183 0.5
v -0.154183 1.13954 -0.5
v -0.154183 1.13954 0.5
v 1.14738 0.0772968 -0.5
v 1.14738 0.0772968 0.5
v 0.0772968 1.14738 -0.5
v 0.0772968 1.14738 0.5
v -1.14738 0.0772968 -0.5
v -1.14738 0.0772968 0.5
v -0.0772968 1.14738 -0.5
v -0.0772968 1.14738 0.5
v 1.15 0 -0.5
v 1.15 0 0.5
v -1.15 0 -0.5
v -1.15 0 0.5
v -9.4369e-17 1.15 -0.5
v -9.4369e-17 1.15 0.5
v 0.836396 0.836396 -0.5
v 0.836396 0.836396 0.5
v -0.836396 0.836396 -0.5
v -0.836396 0.836396 0.5
v 0.771752 0.901041 -0.5
v 0.901041 0.771752 -0.5
v 0.771752 0.901041 0.5
v 0.901041 0.771752 0.5
v -0.901041 0.771752 -0.5
v -0.771752 0.901041 -0.5
v -0.901041 0.771752 0.5
v -0.771752 0.901041 0.5
v 0.965686 0.707107 -0.5
v 0.965686 0.707107 0.5
v 0.707107 0.965686 -0.5
v 0.707107 0.965686 0.5
v -0.965686 0.707107 -0.5
v -0.965686 0.707107 0.5
v -0.707107 0.965686 -0.5
v -0.707107 0.965686 0.5
v 1.00832 0.646838 -0.5
v 1.00832 0.646838 0.5
v 0.646838 1.00832 -0.5
v 0.646838 1.00832 0.5
v -1.00832 0.646838 -0.5
v -1.00832 0.646838 0.5
v -0.646838 1.00832 -0.5
v -0.646838 1.00832 0.5
v 1.04721 0.583365 -0.5
v 1.04721 0.583365 0.5
v 0.583365 1.04721 -0.5
v 0.583365 1.04721 0.5
v -1.04721 0.583365 -0.5
v -1.04721 0.583365 0.5
v -0.583365 1.04721 -0.5
v -0.583365 1.04721 0.5
v 1.08211 0.516994 -0.5
v 1.08211 0.516994 0.5
v 0.516994 1.08211 -0.5
v 0.516994 1.08211 0.5
v -1.08211 0.516994 -0.5
v -1.08211 0.516994 0.5
v -0.516994 1.08211 -0.5
v -0.516994 1.08211 0.5
v 1.11281 0.448045 -0.5
v 1.11281 0.448045 0.5
v 0.448045 1.11281 -0.5
v 0.448045 1.11281 0.5
v -1.11281 0.448045 -0.5
v -1.11281 0.448045 0.5
v -0.448045 1.11281 -0.5
v -0.448045 1.11281 0.5
v 1.1391 0.376858 -0.5
v 1.1391 0.376858 0.5
v 0.376858 1.1391 -0.5
v 0.376858 1.1391 0.5
v -1.1391 0.376858 -0.5
v -1.1391 0.376858 0.5
v -0.376858 1.1391 -0.5
v -0.376858 1.1391 0.5
v 1.16085 0.303782 -0.5
v 1.16085 0.303782 0.5
v 0.303782 1.16085 -0.5
v 0.303782 1.16085 0.5
v -1.16085 0.303782 -0.5
v -1.16085 0.303782 0.5
v -0.303782 1.16085 -0.5
v -0.303782 1.16085 0.5
v 1.1779 0.229183 -0.5
v 1.1779 0.229183 0.5
v 0.229183 1.1779 -0.5
v 0.229183 1.1779 0.5
v -1.1779 0.229183 -0.5
v -1.1779 0.229183 0.5
v -0.229183 1.1779 -0.5
v -0.229183 1.1779 0.5
v 1.19753 0.0769094 -0.5
v 1.19753 0.0769094 0.5
v 0.0769094 1.19753 -0.5
v 0.0769094 1.19753 0.5
v -1.19753 0.0769094 -0.5
v -1.19753 0.0769094 0.5
v -0.0769094 1.19753 -0.5
v -0.0769094 1.19753 0.5
v 1.19015 0.153432 -0.5
v 1.19015 0.153432 0.5
v 0.153432 1.19015 -0.5
v 0.153432 1.19015 0.5
v -1.19015 0.153432 -0.5
v -1.19015 0.153432 0.5
v -0.153432 1.19015 -0.5
v -0.153432 1.19015 0.5
v 1.2 0 -0.5
v 1.2 0 0.5
v -1.2 0 -0.5
v -1.2 0 0.5
v -8.88178e-17 1.2 -0.5
v -8.88178e-17 1.2 0.5
v 0.836396 0.901041 -0.5
v 0.901041 0.836396 -0.5
v 0.836396 0.901041 0.5
v 0.901041 0.836396 0.5
v -0.901041 0.836396 -0.5
v -0.836396 0.901041 -0.5
v -0.901041 0.836396 0.5
v -0.836396 0.901041 0.5
v 0.771752 0.965686 -0.5
v 0.965686 0.771752 -0.5
v 0.771752 0.965686 0.5
v 0.965686 0.771752 0.5
v -0.965686 0.771752 -0.5
v -0.771752 0.965686 -0.5
v -0.965686 0.771752 0.5
v -0.771752 0.965686 0.5
v 1.03033 0.707107 -0.5
v 1.03033 0.707107 0.5
v 0.707107 1.03033 -0.5
v 0.707107 1.03033 0.5
v -1.03033 0.707107 -0.5
v -1.03033 0.707107 0.5
v -0.707107 1.03033 -0.5
v -0.707107 1.03033 0.5
v 1.25 0 -0.5
v 1.25 0 0.5
v -1.25 0 -0.5
v -1.25 0 0.5
v -8.32667e-17 1.25 -0.5
v -8.32667e-17 1.25 0.5
v 1.24769 0.076522 -0.5
v 1.24769 0.076522 0.5
v 0.076522 1.24769 -0.5
v 0.076522 1.24769 0.5
v -1.24769 0.076522 -0.5
v -1.24769 0.076522 0.5
v -0.076522 1.24769 -0.5
v -0.076522 1.24769 0.5
v 1.24077 0.152681 -0.5
v 1.24077 0.152681 0.5
v 0.152681 1.24077 -0.5
v 0.152681 1.24077 0.5
v -1.24077 0.152681 -0.5
v -1.24077 0.152681 0.5
v -0.152681 1.24077 -0.5
v -0.152681 1.24077 0.5
v 1.0703 0.646185 -0.5
v 1.0703 0.646185 0.5
v 0.646185 1.0703 -0.5
v 0.646185 1.0703 0.5
v -1.0703 0.646185 -0.5
v -1.0703 0.646185 0.5
v -0.646185 1.0703 -0.5
v -0.646185 1.0703 0.5
v 1.22928 0.228117 -0.5
v 1.22928 0.228117 0.5
v 0.228117 1.22928 -0.5
v 0.228117 1.22928 0.5
v -1.22928 0.228117 -0.5
v -1.22928 0.228117 0.5
v -0.228117 1.22928 -0.5
v -0.228117 1.22928 0.5
v 1.21329 0.302473 -0.5
v 1.21329 0.302473 0.5
v 0.302473 1.21329 -0.5
v 0.302473 1.21329 0.5
v -1.21329 0.302473 -0.5
v -1.21329 0.302473 0.5
v -0.302473 1.21329 -0.5
v -0.302473 1.21329 0.5
v 1.10676 0.58226 -0.5
v 1.10676 0.58226 0.5
v 0.58226 1.10676 -0.5
v 0.58226 1.10676 0.5
v -1.10676 0.58226 -0.5
v -1.10676 0.58226 0.5
v -0.58226 1.10676 -0.5
v -0.58226 1.10676 0.5
v 1.19291 0.375401 -0.5
v 1.19291 0.375401 0.5
v 0.375401 1.19291 -0.5
v 0.375401 1.19291 0.5
v -1.19291 0.375401 -0.5
v -1.19291 0.375401 0.5
v -0.375401 1.19291 -0.5
v -0.375401 1.19291 0.5
v 1.16826 0.446559 -0.5
v 1.16826 0.446559 0.5
v 0.446559 1.16826 -0.5
v 0.446559 1.16826 0.5
v -1.16826 0.446559 -0.5
v -1.16826 0.446559 0.5
v -0.446559 1.16826 -0.5
v -0.446559 1.16826 0.5
v 1.13948 0.515618 -0.5
v 1.13948 0.515618 0.5
v 0.515618 1.13948 -0.5
v 0.515618 1.13948 0.5
v -1.13948 0.515618 -0.5
v -1.13948 0.515618 0.5
v -0.515618 1.13948 -0.5
v -0.515618 1.13948 0.5
v 0.901041 0.901041 -0.5
v 0.901041 0.901041 0.5
v -0.901041 0.901041 -0.5
v -0.901041 0.901041 0.5
v 0.836396 0.965686 -0.5
v 0.965686 0.836396 -0.5
v 0.836396 0.965686 0.5
v 0.965686 0.836396 0.5
v -0.965686 0.836396 -0.5
v -0.836396 0.965686 -0.5
v -0.965686 0.836396 0.5
v -0.836396 0.965686 0.5
v 0.771752 1.03033 -0.5
v 1.03033 0.771752 -0.5
v 0.771752 1.03033 0.5
v 1.03033 0.771752 0.5
v -1.03033 0.771752 -0.5
v -0.771752 1.03033 -0.5
v -1.03033 0.771752 0.5
v -0.771752 1.03033 0.5
v 1.3 0 -0.5
v 1.3 0 0.5
v -1.3 0 -0.5
v -1.3 0 0.5
v -7.77156e-17 1.3 -0.5
v -7.77156e-17 1.3 0.5
v 1.29784 0.0761346 -0.5
v 1.29784 0.0761346 0.5
v 0.0761346 1.29784 -0.5
v 0.0761346 1.29784 0.5
v -1.29784 0.0761346 -0.5
v -1.29784 0.0761346 0.5
v -0.0761346 1.29784 -0.5
v -0.0761346 1.29784 0.5
v 1.29138 0.151931 -0.5
v 1.29138 0.151931 0.5
v 0.151931 1.29138 -0.5
v 0.151931 1.29138 0.5
v -1.29138 0.151931 -0.5
v -1.29138 0.151931 0.5
v -0.151931 1.29138 -0.5
v -0.151931 1.29138 0.5
v 1.28066 0.227051 -0.5
v 1.28066 0.227051 0.5
v 0.227051 1.28066 -0.5
v 0.227051 1.28066 0.5
v -1.28066 0.227051 -0.5
v -1.28066 0.227051 0.5
v -0.227051 1.28066 -0.5
v -0.227051 1.28066 0.5
v 1.26574 0.301165 -0.5
v 1.26574 0.301165 0.5
v 0.301165 1.26574 -0.5
v 0.301165 1.26574 0.5
v -1.26574 0.301165 -0.5
v -1.26574 0.301165 0.5
v -0.301165 1.26574 -0.5
v -0.301165 1.26574 0.5
v 1.24672 0.373945 -0.5
v 1.24672 0.373945 0.5
v 0.373945 1.24672 -0.5
v 0.373945 1.24672 0.5
v -1.24672 0.373945 -0.5
v -1.24672 0.373945 0.5
v -0.373945 1.24672 -0.5
v -0.373945 1.24672 0.5
v 1.2237 0.445073 -0.5
v 1.2237 0.445073 0.5
v 0.445073 1.2237 -0.5
v 0.445073 1.2237 0.5
v -1.2237 0.445073 -0.5
v -1.2237 0.445073 0.5
v -0.445073 1.2237 -0.5
v -0.445073 1.2237 0.5
v 1.19685 0.514242 -0.5
v 1.19685 0.514242 0.5
v 0.514242 1.19685 -0.5
v 0.514242 1.19685 0.5
v -1.19685 0.514242 -0.5
v -1.19685 0.514242 0.5
v -0.514242 1.19685 -0.5
v -0.514242 1.19685 0.5
v 1.16631 0.581155 -0.5
v 1.16631 0.581155 0.5
v 0.581155 1.16631 -0.5
v 0.581155 1.16631 0.5
v -1.16631 0.581155 -0.5
v -1.16631 0.581155 0.5
v -0.581155 1.16631 -0.5
v -0.581155 1.16631 0.5
v 1.13228 0.645533 -0.5
v 1.13228 0.645533 0.5
v 0.645533 1.13228 -0.5
v 0.645533 1.13228 0.5
v -1.13228 0.645533 -0.5
v -1.13228 0.645533 0.5
v -0.645533 1.13228 -0.5
v -0.645533 1.13228 0.5
v 1.09497 0.707107 -0.5
v 1.09497 0.707107 0.5
v 0.707107 1.09497 -0.5
v 0.707107 1.09497 0.5
v -1.09497 0.707107 -0.5
v -1.09497 0.707107 0.5
v -0.707107 1.09497 -0.5
v -0.707107 1.09497 0.5
v 0.901041 0.965686 -0.5
v 0.965686 0.901041 -0.5
v 0.901041 0.965686 0.5
v 0.965686 0.901041 0.5
v -0.965686 0.901041 -0.5
v -0.901041 0.965686 -0.5
v -0.965686 0.901041 0.5
v -0.901041 0.965686 0.5
v 0.836396 1.03033 -0.5
v 1.03033 0.836396 -0.5
v 0.836396 1.03033 0.5
v 1.03033 0.836396 0.5
v -1.03033 0.836396 -0.5
v -0.836396 1.03033 -0.5
v -1.03033 0.836396 0.5
v -0.836396 1.03033 0.5
v 0.771752 1.09497 -0.5
v 1.09497 0.771752 -0.5
v 0.771752 1.09497 0.5
v 1.09497 0.771752 0.5
v -1.09497 0.771752 -0.5
v -0.771752 1.09497 -0.5
v -1.09497 0.771752 0.5
v -0.771752 1.09497 0.5
v 1.35 0 -0.5
v 1.35 0 0.5
v -1.35 0 -0.5
v -1.35 0 0.5
v -7.21645e-17 1.35 -0.5
v -7.21645e-17 1.35 0.5
v 1.348 0.0757472 -0.5
v 1.348 0.0757472 0.5
v 0.0757472 1.348 -0.5
v 0.0757472 1.348 0.5
v -1.348 0.0757472 -0.5
v -1.348 0.0757472 0.5
v -0.0757472 1.348 -0.5
v -0.0757472 1.348 0.5
v 1.342 0.15118 -0.5
v 1.342 0.15118 0.5
v 0.15118 1.342 -0.5
v 0.15118 1.342 0.5
v -1.342 0.15118 -0.5
v -1.342 0.15118 0.5
v -0.15118 1.342 -0.5
v -0.15118 1.342 0.5
v 1.33204 0.225986 -0.5
v 1.33204 0.225986 0.5
v 0.225986 1.33204 -0.5
v 0.225986 1.33204 0.5
v -1.33204 0.225986 -0.5
v -1.33204 0.225986 0.5
v -0.225986 1.33204 -0.5
v -0.225986 1.33204 0.5
v 1.31819 0.299856 -0.5
v 1.31819 0.299856 0.5
v 0.299856 1.31819 -0.5
v 0.299856 1.31819 0.5
v -1.31819 0.299856 -0.5
v -1.31819 0.299856 0.5
v -0.299856 1.31819 -0.5
v -0.299856 1.31819 0.5
v 1.30052 0.372488 -0.5
v 1.30052 0.372488 0.5
v 0.372488 1.30052 -0.5
v 0.372488 1.30052 0.5
v -1.30052 0.372488 -0.5
v -1.30052 0.372488 0.5
v -0.372488 1.30052 -0.5
v -0.372488 1.30052 0.5
v 1.27915 0.443586 -0.5
v 1.27915 0.443586 0.5
v 0.443586 1.27915 -0.5
v 0.443586 1.27915 0.5
v -1.27915 0.443586 -0.5
v -1.27915 0.443586 0.5
v -0.443586 1.27915 -0.5
v -0.443586 1.27915 0.5
v 1.25422 0.512865 -0.5
v 1.25422 0.512865 0.5
v 0.512865 1.25422 -0.5
v 0.512865 1.25422 0.5
v -1.25422 0.512865 -0.5
v -1.25422 0.512865 0.5
v -0.512865 1.25422 -0.5
v -0.512865 1.25422 0.5
v 1.22586 0.58005 -0.5
v 1.22586 0.58005 0.5
v 0.58005 1.22586 -0.5
v 0.58005 1.22586 0.5
v -1.22586 0.58005 -0.5
v -1.22586 0.58005 0.5
v -0.58005 1.22586 -0.5
v -0.58005 1.22586 0.5
v 1.19426 0.64488 -0.5
v 1.19426 0.64488 0.5
v 0.64488 1.19426 -0.5
v 0.64488 1.19426 0.5
v -1.19426 0.64488 -0.5
v -1.19426 0.64488 0.5
v -0.64488 1.19426 -0.5
v -0.64488 1.19426 0.5
v 1.15962 0.707107 -0.5
v 1.15962 0.707107 0.5
v 0.707107 1.15962 -0.5
v 0.707107 1.15962 0.5
v -1.15962 0.707107 -0.5
v -1.15962 0.707107 0.5
v -0.707107 1.15962 -0.5
v -0.707107 1.15962 0.5
v 0.965686 0.965686 -0.5
v 0.965686 0.965686 0.5
v -0.965686 0.965686 -0.5
v -0.965686 0.965686 0.5
v 0.901041 1.03033 -0.5
v 1.03033 0.901041 -0.5
v 0.901041 1.03033 0.5
v 1.03033 0.901041 0.5
v -1.03033 0.901041 -0.5
v -0.901041 1.03033 -0.5
v -1.03033 0.901041 0.5
v -0.901041 1.03033 0.5
v 0.836396 1.09497 -0.5
v 1.09497 0.836396 -0.5
v 0.836396 1.09497 0.5
v 1.09497 0.836396 0.5
v -1.09497 0.836396 -0.5
v -0.836396 1.09497 -0.5
v -1.09497 0.836396 0.5
v -0.836396 1.09497 0.5
v 0.771752 1.15962 -0.5
v 1.15962 0.771752 -0.5
v 0.771752 1.15962 0.5
v 1.15962 0.771752 0.5
v -1.15962 0.771752 -0.5
v -0.771752 1.15962 -0.5
v -1.15962 0.771752 0.5
v -0.771752 1.15962 0.5
v 1.4 0 -0.5
v 1.4 0 0.5
v -1.4 0 -0.5
v -1.4 0 0.5
v -6.66134e-17 1.4 -0.5
v -6.66134e-17 1.4 0.5
v 1.39815 0.0753597 -0.5
v 1.39815 0.0753597 0.5
v 0.0753597 1.39815 -0.5
v 0.0753597 1.39815 0.5
v -1.39815 0.0753597 -0.5
v -1.39815 0.0753597 0.5
v -0.0753597 1.39815 -0.5
v -0.0753597 1.39815 0.5
v 1.39261 0.150429 -0.5
v 1.39261 0.150429 0.5
v 0.150429 1.39261 -0.5
v 0.150429 1.39261 0.5
v -1.39261 0.150429 -0.5
v -1.39261 0.150429 0.5
v -0.150429 1.39261 -0.5
v -0.150429 1.39261 0.5
v 1.38342 0.22492 -0.5
v 1.38342 0.22492 0.5
v 0.22492 1.38342 -0.5
v 0.22492 1.38342 0.5
v -1.38342 0.22492 -0.5
v -1.38342 0.22492 0.5
v -0.22492 1.38342 -0.5
v -0.22492 1.38342 0.5
v 1.37063 0.298547 -0.5
v 1.37063 0.298547 0.5
v 0.298547 1.37063 -0.5
v 0.298547 1.37063 0.5
v -1.37063 0.298547 -0.5
v -1.37063 0.298547 0.5
v -0.298547 1.37063 -0.5
v -0.298547 1.37063 0.5
v 1.35433 0.371032 -0.5
v 1.35433 0.371032 0.5
v 0.371032 1.35433 -0.5
v 0.371032 1.35433 0.5
v -1.35433 0.371032 -0.5
v -1.35433 0.371032 0.5
v -0.371032 1.35433 -0.5
v -0.371032 1.35433 0.5
v 1.3346 0.4421 -0.5
v 1.3346 0.4421 0.5
v 0.4421 1.3346 -0.5
v 0.4421 1.3346 0.5
v -1.3346 0.4421 -0.5
v -1.3346 0.4421 0.5
v -0.4421 1.3346 -0.5
v -0.4421 1.3346 0.5
v 1.31158 0.511489 -0.5
v 1.31158 0.511489 0.5
v 0.511489 1.31158 -0.5
v 0.511489 1.31158 0.5
v -1.31158 0.511489 -0.5
v -1.31158 0.511489 0.5
v -0.511489 1.31158 -0.5
v -0.511489 1.31158 0.5
v 1.28541 0.578945 -0.5
v 1.28541 0.578945 0.5
v 0.578945 1.28541 -0.5
v 0.578945 1.28541 0.5
v -1.28541 0.578945 -0.5
v -1.28541 0.578945 0.5
v -0.578945 1.28541 -0.5
v -0.578945 1.28541 0.5
v 1.25624 0.644227 -0.5
v 1.25624 0.644227 0.5
v 0.644227 1.25624 -0.5
v 0.644227 1.25624 0.5
v -1.25624 0.644227 -0.5
v -1.25624 0.644227 0.5
v -0.644227 1.25624 -0.5
v -0.644227 1.25624 0.5
v 0.965686 1.03033 -0.5
v 1.03033 0.965686 -0.5
v 0.965686 1.03033 0.5
v 1.03033 0.965686 0.5
v -1.03033 0.965686 -0.5
v -0.965686 1.03033 -0.5
v -1.03033 0.965686 0.5
v -0.965686 1.03033 0.5
v 1.22426 0.707107 -0.5
v 1.22426 0.707107 0.5
v 0.707107 1.22426 -0.5
v 0.707107 1.22426 0.5
v -1.22426 0.707107 -0.5
v -1.22426 0.707107 0.5
v -0.707107 1.22426 -0.5
v -0.707107 1.22426 0.5
v 0.901041 1.09497 -0.5
v 1.09497 0.901041 -0.5
v 0.901041 1.09497 0.5
v 1.09497 0.901041 0.5
v -1.09497 0.901041 -0.5
v -0.901041 1.09497 -0.5
v -1.09497 0.901041 0.5
v -0.901041 1.09497 0.5
v 0.836396 1.15962 -0.5
v 1.15962 0.836396 -0.5
v 0.836396 1.15962 0.5
v 1.15962 0.836396 0.5
v -1.15962 0.836396 -0.5
v -0.836396 1.15962 -0.5
v -1.15962 0.836396 0.5
v -0.836396 1.15962 0.5
v 0.771752 1.22426 -0.5
v 1.22426 0.771752 -0.5
v 0.771752 1.22426 0.5
v 1.22426 0.771752 0.5
v -1.22426 0.771752 -0.5
v -0.771752 1.22426 -0.5
v -1.22426 0.771752 0.5
v -0.771752 1.22426 0.5
v 1.45 0 -0.5
v 1.45 0 0.5
v -1.45 0 -0.5
v -1.45 0 0.5
v -6.10623e-17 1.45 -0.5
v -6.10623e-17 1.45 0.5
v 1.4483 0.0749723 -0.5
v 1.4483 0.0749723 0.5
v 0.0749723 1.4483 -0.5
v 0.0749723 1.4483 0.5
v -1.4483 0.0749723 -0.5
v -1.4483 0.0749723 0.5
v -0.0749723 1.4483 -0.5
v -0.0749723 1.4483 0.5
v 1.44323 0.149679 -0.5
v 1.44323 0.149679 0.5
v 0.149679 1.44323 -0.5
v 0.149679 1.44323 0.5
v -1.44323 0.149679 -0.5
v -1.44323 0.149679 0.5
v -0.149679 1.44323 -0.5
v -0.149679 1.44323 0.5
v 1.4348 0.223854 -0.5
v 1.4348 0.223854 0.5
v 0.223854 1.4348 -0.5
v 0.223854 1.4348 0.5
v -1.4348 0.223854 -0.5
v -1.4348 0.223854 0.5
v -0.223854 1.4348 -0.5
v -0.223854 1.4348 0.5
v 1.42308 0.297239 -0.5
v 1.42308 0.297239 0.5
v 0.297239 1.42308 -0.5
v 0.297239 1.42308 0.5
v -1.42308 0.297239 -0.5
v -1.42308 0.297239 0.5
v -0.297239 1.42308 -0.5
v -0.297239 1.42308 0.5
v 1.40813 0.369575 -0.5
v 1.40813 0.369575 0.5
v 0.369575 1.40813 -0.5
v 0.369575 1.40813 0.5
v -1.40813 0.369575 -0.5
v -1.40813 0.369575 0.5
v -0.369575 1.40813 -0.5
v -0.369575 1.40813 0.5
v 1.03033 1.03033 -0.5
v 1.03033 1.03033 0.5
v -1.03033 1.03033 -0.5
v -1.03033 1.03033 0.5
v 1.39005 0.440614 -0.5
v 1.39005 0.440614 0.5
v 0.440614 1.39005 -0.5
v 0.440614 1.39005 0.5
v -1.39005 0.440614 -0.5
v -1.39005 0.440614 0.5
v -0.440614 1.39005 -0.5
v -0.440614 1.39005 0.5
v 0.965686 1.09497 -0.5
v 1.09497 0.965686 -0.5
v 0.965686 1.09497 0.5
v 1.09497 0.965686 0.5
v -1.09497 0.965686 -0.5
v -0.965686 1.09497 -0.5
v -1.09497 0.965686 0.5
v -0.965686 1.09497 0.5
v 1.36895 0.510113 -0.5
v 1.36895 0.510113 0.5
v 0.510113 1.36895 -0.5
v 0.510113 1.36895 0.5
v -1.36895 0.510113 -0.5
v -1.36895 0.510113 0.5
v -0.510113 1.36895 -0.5
v -0.510113 1.36895 0.5
v 1.34496 0.57784 -0.5
v 1.34496 0.57784 0.5
v 0.57784 1.34496 -0.5
v 0.57784 1.34496 0.5
v -1.34496 0.57784 -0.5
v -1.34496 0.57784 0.5
v -0.57784 1.34496 -0.5
v -0.57784 1.34496 0.5
v 1.31822 0.643575 -0.5
v 1.31822 0.643575 0.5
v 0.643575 1.31822 -0.5
v 0.643575 1.31822 0.5
v -1.31822 0.643575 -0.5
v -1.31822 0.643575 0.5
v -0.643575 1.31822 -0.5
v -0.643575 1.31822 0.5
v 0.901041 1.15962 -0.5
v 1.15962 0.901041 -0.5
v 0.901041 1.15962 0.5
v 1.15962 0.901041 0.5
v -1.15962 0.901041 -0.5
v -0.901041 1.15962 -0.5
v -1.15962 0.901041 0.5
v -0.901041 1.15962 0.5
v 1.28891 0.707107 -0.5
v 1.28891 0.707107 0.5
v 0.707107 1.28891 -0.5
v 0.707107 1.28891 0.5
v -1.28891 0.707107 -0.5
v -1.28891 0.707107 0.5
v -0.707107 1.28891 -0.5
v -0.707107 1.28891 0.5
v 0.836396 1.22426 -0.5
v 1.22426 0.836396 -0.5
v 0.836396 1.22426 0.5
v 1.22426 0.836396 0.5
v -1.22426 0.836396 -0.5
v -0.836396 1.22426 -0.5
v -1.22426 0.836396 0.5
v -0.836396 1.22426 0.5
v 1.5 0 -0.5
v 1.5 0 0.5
v -1.5 0 -0.5
v -1.5 0 0.5
v -5.55112e-17 1.5 -0.5
v -5.55112e-17 1.5 0.5
v 1.49846 0.0745849 -0.5
v 1.49846 0.0745849 0.5
v 0.0745849 1.49846 -0.5
v 0.0745849 1.49846 0.5
v -1.49846 0.0745849 -0.5
v -1.49846 0.0745849 0.5
v -0.0745849 1.49846 -0.5
v -0.0745849 1.49846 0.5
v 1.49384 0.148928 -0.5
v 1.49384 0.148928 0.5
v 0.148928 1.49384 -0.5
v 0.148928 1.49384 0.5
v -1.49384 0.148928 -0.5
v -1.49384 0.148928 0.5
v -0.148928 1.49384 -0.5
v -0.148928 1.49384 0.5
v 0.771752 1.28891 -0.5
v 1.28891 0.771752 -0.5
v 0.771752 1.28891 0.5
v 1.28891 0.771752 0.5
v -1.28891 0.771752 -0.5
v -0.771752 1.28891 -0.5
v -1.28891 0.771752 0.5
v -0.771752 1.28891 0.5
v 1.48619 0.222789 -0.5
v 1.48619 0.222789 0.5
v 0.222789 1.48619 -0.5
v 0.222789 1.48619 0.5
v -1.48619 0.222789 -0.5
v -1.48619 0.222789 0.5
v -0.222789 1.48619 -0.5
v -0.222789 1.48619 0.5
v 1.03033 1.09497 -0.5
v 1.09497 1.03033 -0.5
v 1.03033 1.09497 0.5
v 1.09497 1.03033 0.5
v -1.09497 1.03033 -0.5
v -1.03033 1.09497 -0.5
v -1.09497 1.03033 0.5
v -1.03033 1.09497 0.5
v 1.47553 0.29593 -0.5
v 1.47553 0.29593 0.5
v 0.29593 1.47553 -0.5
v 0.29593 1.47553 0.5
v -1.47553 0.29593 -0.5
v -1.47553 0.29593 0.5
v -0.29593 1.47553 -0.5
v -0.29593 1.47553 0.5
v 1.46194 0.368119 -0.5
v 1.46194 0.368119 0.5
v 0.368119 1.46194 -0.5
v 0.368119 1.46194 0.5
v -1.46194 0.368119 -0.5
v -1.46194 0.368119 0.5
v -0.368119 1.46194 -0.5
v -0.368119 1.46194 0.5
v 0.965686 1.15962 -0.5
v 1.15962 0.965686 -0.5
v 0.965686 1.15962 0.5
v 1.15962 0.965686 0.5
v -1.15962 0.965686 -0.5
v -0.965686 1.15962 -0.5
v -1.15962 0.965686 0.5
v -0.965686 1.15962 0.5
v 1.4455 0.439127 -0.5
v 1.4455 0.439127 0.5
v 0.439127 1.4455 -0.5
v 0.439127 1.4455 0.5
v -1.4455 0.439127 -0.5
v -1.4455 0.439127 0.5
v -0.439127 1.4455 -0.5
v -0.439127 1.4455 0.5
v 1.42632 0.508737 -0.5
v 1.42632 0.508737 0.5
v 0.508737 1.42632 -0.5
v 0.508737 1.42632 0.5
v -1.42632 0.508737 -0.5
v -1.42632 0.508737 0.5
v -0.508737 1.42632 -0.5
v -0.508737 1.42632 0.5
v 1.40451 0.576736 -0.5
v 1.40451 0.576736 0.5
v 0.576736 1.40451 -0.5
v 0.576736 1.40451 0.5
v -1.40451 0.576736 -0.5
v -1.40451 0.576736 0.5
v -0.576736 1.40451 -0.5
v -0.576736 1.40451 0.5
v 0.901041 1.22426 -0.5
v 1.22426 0.901041 -0.5
v 0.901041 1.22426 0.5
v 1.22426 0.901041 0.5
v -1.22426 0.901041 -0.5
v -0.901041 1.22426 -0.5
v -1.22426 0.901041 0.5
v -0.901041 1.22426 0.5
v 1.3802 0.642922 -0.5
v 1.3802 0.642922 0.5
v 0.642922 1.3802 -0.5
v 0.642922 1.3802 0.5
v -1.3802 0.642922 -0.5
v -1.3802 0.642922 0.5
v -0.642922 1.3802 -0.5
v -0.642922 1.3802 0.5
v 1.35355 0.707107 -0.5
v 1.35355 0.707107 0.5
v 0.707107 1.35355 -0.5
v 0.707107 1.35355 0.5
v -1.35355 0.707107 -0.5
v -1.35355 0.707107 0.5
v -0.707107 1.35355 -0.5
v -0.707107 1.35355 0.5
v 0.836396 1.28891 -0.5
v 1.28891 0.836396 -0.5
v 0.836396 1.28891 0.5
v 1.28891 0.836396 0.5
v -1.28891 0.836396 -0.5
v -0.836396 1.28891 -0.5
v -1.28891 0.836396 0.5
v -0.836396 1.28891 0.5
v 1.09497 1.09497 -0.5
v 1.09497 1.09497 0.5
v -1.09497 1.09497 -0.5
v -1.09497 1.09497 0.5
v 1.55 0 -0.5
v 1.55 0 0.5
v -1.55 0 -0.5
v -1.55 0 0.5
v -4.996e-17 1.55 -0.5
v -4.996e-17 1.55 0.5
v 1.54861 0.0741975 -0.5
v 1.54861 0.0741975 0.5
v 0.0741975 1.54861 -0.5
v 0.0741975 1.54861 0.5
v -1.54861 0.0741975 -0.5
v -1.54861 0.0741975 0.5
v -0.0741975 1.54861 -0.5
v -0.0741975 1.54861 0.5
v 1.03033 1.15962 -0.5
v 1.15962 1.03033 -0.5
v 1.03033 1.15962 0.5
v 1.15962 1.03033 0.5
v -1.15962 1.03033 -0.5
v -1.03033 1.15962 -0.5
v -1.15962 1.03033 0.5
v -1.03033 1.15962 0.5
v 1.54446 0.148177 -0.5
v 1.54446 0.148177 0.5
v 0.148177 1.54446 -0.5
v 0.148177 1.54446 0.5
v -1.54446 0.148177 -0.5
v -1.54446 0.148177 0.5
v -0.148177 1.54446 -0.5
v -0.148177 1.54446 0.5
v 1.53757 0.221723 -0.5
v 1.53757 0.221723 0.5
v 0.221723 1.53757 -0.5
v 0.221723 1.53757 0.5
v -1.53757 0.221723 -0.5
v -1.53757 0.221723 0.5
v -0.221723 1.53757 -0.5
v -0.221723 1.53757 0.5
v 1.52798 0.294621 -0.5
v 1.52798 0.294621 0.5
v 0.294621 1.52798 -0.5
v 0.294621 1.52798 0.5
v -1.52798 0.294621 -0.5
v -1.52798 0.294621 0.5
v -0.294621 1.52798 -0.5
v -0.294621 1.52798 0.5
v 0.771752 1.35355 -0.5
v 1.35355 0.771752 -0.5
v 0.771752 1.35355 0.5
v 1.35355 0.771752 0.5
v -1.35355 0.771752 -0.5
v -0.771752 1.35355 -0.5
v -1.35355 0.771752 0.5
v -0.771752 1.35355 0.5
v 0.965686 1.22426 -0.5
v 1.22426 0.965686 -0.5
v 0.965686 1.22426 0.5
v 1.22426 0.965686 0.5
v -1.22426 0.965686 -0.5
v -0.965686 1.22426 -0.5
v -1.22426 0.965686 0.5
v -0.965686 1.22426 0.5
v 1.51575 0.366662 -0.5
v 1.51575 0.366662 0.5
v 0.366662 1.51575 -0.5
v 0.366662 1.51575 0.5
v -1.51575 0.366662 -0.5
v -1.51575 0.366662 0.5
v -0.366662 1.51575 -0.5
v -0.366662 1.51575 0.5
v 1.50095 0.437641 -0.5
v 1.50095 0.437641 0.5
v 0.437641 1.50095 -0.5
v 0.437641 1.50095 0.5
v -1.50095 0.437641 -0.5
v -1.50095 0.437641 0.5
v -0.437641 1.50095 -0.5
v -0.437641 1.50095 0.5
v 1.48369 0.507361 -0.5
v 1.48369 0.507361 0.5
v 0.507361 1.48369 -0.5
v 0.507361 1.48369 0.5
v -1.48369 0.507361 -0.5
v -1.48369 0.507361 0.5
v -0.507361 1.48369 -0.5
v -0.507361 1.48369 0.5
v 0.901041 1.28891 -0.5
v 1.28891 0.901041 -0.5
v 0.901041 1.28891 0.5
v 1.28891 0.901041 0.5
v -1.28891 0.901041 -0.5
v -0.901041 1.28891 -0.5
v -1.28891 0.901041 0.5
v -0.901041 1.28891 0.5
v 1.46406 0.575631 -0.5
v 1.46406 0.575631 0.5
v 0.575631 1.46406 -0.5
v 0.575631 1.46406 0.5
v -1.46406 0.575631 -0.5
v -1.46406 0.575631 0.5
v -0.575631 1.46406 -0.5
v -0.575631 1.46406 0.5
v 1.44218 0.64227 -0.5
v 1.44218 0.64227 0.5
v 0.64227 1.44218 -0.5
v 0.64227 1.44218 0.5
v -1.44218 0.64227 -0.5
v -1.44218 0.64227 0.5
v -0.64227 1.44218 -0.5
v -0.64227 1.44218 0.5
v 1.4182 0.707107 -0.5
v 1.4182 0.707107 0.5
v 0.707107 1.4182 -0.5
v 0.707107 1.4182 0.5
v -1.4182 0.707107 -0.5
v -1.4182 0.707107 0.5
v -0.707107 1.4182 -0.5
v -0.707107 1.4182 0.5
v 0.836396 1.35355 -0.5
v 1.35355 0.836396 -0.5
v 0.836396 1.35355 0.5
v 1.35355 0.836396 0.5
v -1.35355 0.836396 -0.5
v -0.836396 1.35355 -0.5
v -1.35355 0.836396 0.5
v -0.836396 1.35355 0.5
v 1.09497 1.15962 -0.5
v 1.15962 1.09497 -0.5
v 1.09497 1.15962 0.5
v 1.15962 1.09497 0.5
v -1.15962 1.09497 -0.5
v -1.09497 1.15962 -0.5
v -1.15962 1.09497 0.5
v -1.09497 1.15962 0.5
v 1.6 0 -0.5
v 1.6 0 0.5
v -1.6 0 -0.5
v -1.6 0 0.5
v -4.44089e-17 1.6 -0.5
v -4.44089e-17 1.6 0.5
v 1.03033 1.22426 -0.5
v 1.22426 1.03033 -0.5
v 1.03033 1.22426 0.5
v 1.22426 1.03033 0.5
v -1.22426 1.03033 -0.5
v -1.03033 1.22426 -0.5
v -1.22426 1.03033 0.5
v -1.03033 1.22426 0.5
v 1.59877 0.0738101 -0.5
v 1.59877 0.0738101 0.5
v 0.0738101 1.59877 -0.5
v 0.0738101 1.59877 0.5
v -1.59877 0.0738101 -0.5
v -1.59877 0.0738101 0.5
v -0.0738101 1.59877 -0.5
v -0.0738101 1.59877 0.5
v 1.59508 0.147427 -0.5
v 1.59508 0.147427 0.5
v 0.147427 1.59508 -0.5
v 0.147427 1.59508 0.5
v -1.59508 0.147427 -0.5
v -1.59508 0.147427 0.5
v -0.147427 1.59508 -0.5
v -0.147427 1.59508 0.5
v 1.58895 0.220657 -0.5
v 1.58895 0.220657 0.5
v 0.220657 1.58895 -0.5
v 0.220657 1.58895 0.5
v -1.58895 0.220657 -0.5
v -1.58895 0.220657 0.5
v -0.220657 1.58895 -0.5
v -0.220657 1.58895 0.5
v 1.58042 0.293313 -0.5
v 1.58042 0.293313 0.5
v 0.293313 1.58042 -0.5
v 0.293313 1.58042 0.5
v -1.58042 0.293313 -0.5
v -1.58042 0.293313 0.5
v -0.293313 1.58042 -0.5
v -0.293313 1.58042 0.5
v 0.965686 1.28891 -0.5
v 1.28891 0.965686 -0.5
v 0.965686 1.28891 0.5
v 1.28891 0.965686 0.5
v -1.28891 0.965686 -0.5
v -0.965686 1.28891 -0.5
v -1.28891 0.965686 0.5
v -0.965686 1.28891 0.5
v 1.56955 0.365206 -0.5
v 1.56955 0.365206 0.5
v 0.365206 1.56955 -0.5
v 0.365206 1.56955 0.5
v -1.56955 0.365206 -0.5
v -1.56955 0.365206 0.5
v -0.365206 1.56955 -0.5
v -0.365206 1.56955 0.5
v 0.771752 1.4182 -0.5
v 1.4182 0.771752 -0.5
v 0.771752 1.4182 0.5
v 1.4182 0.771752 0.5
v -1.4182 0.771752 -0.5
v -0.771752 1.4182 -0.5
v -1.4182 0.771752 0.5
v -0.771752 1.4182 0.5
v 1.5564 0.436155 -0.5
v 1.5564 0.436155 0.5
v 0.436155 1.5564 -0.5
v 0.436155 1.5564 0.5
v -1.5564 0.436155 -0.5
v -1.5564 0.436155 0.5
v -0.436155 1.5564 -0.5
v -0.436155 1.5564 0.5
v 1.54106 0.505984 -0.5
v 1.54106 0.505984 0.5
v 0.505984 1.54106 -0.5
v 0.505984 1.54106 0.5
v -1.54106 0.505984 -0.5
v -1.54106 0.505984 0.5
v -0.505984 1.54106 -0.5
v -0.505984 1.54106 0.5
v 0.901041 1.35355 -0.5
v 1.35355 0.901041 -0.5
v 0.901041 1.35355 0.5
v 1.35355 0.901041 0.5
v -1.35355 0.901041 -0.5
v -0.901041 1.35355 -0.5
v -1.35355 0.901041 0.5
v -0.901041 1.35355 0.5
v 1.52361 0.574526 -0.5
v 1.52361 0.574526 0.5
v 0.574526 1.52361 -0.5
v 0.574526 1.52361 0.5
v -1.52361 0.574526 -0.5
v -1.52361 0.574526 0.5
v -0.574526 1.52361 -0.5
v -0.574526 1.52361 0.5
v 1.50416 0.641617 -0.5
v 1.50416 0.641617 0.5
v 0.641617 1.50416 -0.5
v 0.641617 1.50416 0.5
v -1.50416 0.641617 -0.5
v -1.50416 0.641617 0.5
v -0.641617 1.50416 -0.5
v -0.641617 1.50416 0.5
v 1.15962 1.15962 -0.5
v 1.15962 1.15962 0.5
v -1.15962 1.15962 -0.5
v -1.15962 1.15962 0.5
v 1.09497 1.22426 -0.5
v 1.22426 1.09497 -0.5
v 1.09497 1.22426 0.5
v 1.22426 1.09497 0.5
v -1.22426 1.09497 -0.5
v -1.09497 1.22426 -0.5
v -1.22426 1.09497 0.5
v -1.09497 1.22426 0.5
v 1.48284 0.707107 -0.5
v 1.48284 0.707107 0.5
v 0.707107 1.48284 -0.5
v 0.707107 1.48284 0.5
v -1.48284 0.707107 -0.5
v -1.48284 0.707107 0.5
v -0.707107 1.48284 -0.5
v -0.707107 1.48284 0.5
v 0.836396 1.4182 -0.5
v 1.4182 0.836396 -0.5
v 0.836396 1.4182 0.5
v 1.4182 0.836396 0.5
v -1.4182 0.836396 -0.5
v -0.836396 1.4182 -0.5
v -1.4182 0.836396 0.5
v -0.836396 1.4182 0.5
v 1.65 0 -0.5
v 1.65 0 0.5
v -1.65 0 -0.5
v -1.65 0 0.5
v -3.88578e-17 1.65 -0.5
v -3.88578e-17 1.65 0.5
v 1.03033 1.28891 -0.5
v 1.28891 1.03033 -0.5
v 1.03033 1.28891 0.5
v 1.28891 1.03033 0.5
v -1.28891 1.03033 -0.5
v -1.03033 1.28891 -0.5
v -1.28891 1.03033 0.5
v -1.03033 1.28891 0.5
v 1.64892 0.0734226 -0.5
v 1.64892 0.0734226 0.5
v 0.0734226 1.64892 -0.5
v 0.0734226 1.64892 0.5
v -1.64892 0.0734226 -0.5
v -1.64892 0.0734226 0.5
v -0.0734226 1.64892 -0.5
v -0.0734226 1.64892 0.5
v 1.64569 0.146676 -0.5
v 1.64569 0.146676 0.5
v 0.146676 1.64569 -0.5
v 0.146676 1.64569 0.5
v -1.64569 0.146676 -0.5
v -1.64569 0.146676 0.5
v -0.146676 1.64569 -0.5
v -0.146676 1.64569 0.5
v 1.64033 0.219592 -0.5
v 1.64033 0.219592 0.5
v 0.219592 1.64033 -0.5
v 0.219592 1.64033 0.5
v -1.64033 0.219592 -0.5
v -1.64033 0.219592 0.5
v -0.219592 1.64033 -0.5
v -0.219592 1.64033 0.5
v 1.63287 0.292004 -0.5
v 1.63287 0.292004 0.5
v 0.292004 1.63287 -0.5
v 0.292004 1.63287 0.5
v -1.63287 0.292004 -0.5
v -1.63287 0.292004 0.5
v -0.292004 1.63287 -0.5
v -0.292004 1.63287 0.5
v 0.965686 1.35355 -0.5
v 1.35355 0.965686 -0.5
v 0.965686 1.35355 0.5
v 1.35355 0.965686 0.5
v -1.35355 0.965686 -0.5
v -0.965686 1.35355 -0.5
v -1.35355 0.965686 0.5
v -0.965686 1.35355 0.5
v 1.62336 0.363749 -0.5
v 1.62336 0.363749 0.5
v 0.363749 1.62336 -0.5
v 0.363749 1.62336 0.5
v -1.62336 0.363749 -0.5
v -1.62336 0.363749 0.5
v -0.363749 1.62336 -0.5
v -0.363749 1.62336 0.5
v 1.61185 0.434668 -0.5
v 1.61185 0.434668 0.5
v 0.434668 1.61185 -0.5
v 0.434668 1.61185 0.5
v -1.61185 0.434668 -0.5
v -1.61185 0.434668 0.5
v -0.434668 1.61185 -0.5
v -0.434668 1.61185 0.5
v 0.771752 1.48284 -0.5
v 1.48284 0.771752 -0.5
v 0.771752 1.48284 0.5
v 1.48284 0.771752 0.5
v -1.48284 0.771752 -0.5
v -0.771752 1.48284 -0.5
v -1.48284 0.771752 0.5
v -0.771752 1.48284 0.5
v 1.59842 0.504608 -0.5
v 1.59842 0.504608 0.5
v 0.504608 1.59842 -0.5
v 0.504608 1.59842 0.5
v -1.59842 0.504608 -0.5
v -1.59842 0.504608 0.5
v -0.504608 1.59842 -0.5
v -0.504608 1.59842 0.5
v 0.901041 1.4182 -0.5
v 1.4182 0.901041 -0.5
v 0.901041 1.4182 0.5
v 1.4182 0.901041 0.5
v -1.4182 0.901041 -0.5
v -0.901041 1.4182 -0.5
v -1.4182 0.901041 0.5
v -0.901041 1.4182 0.5
v 1.58316 0.573421 -0.5
v 1.58316 0.573421 0.5
v 0.573421 1.58316 -0.5
v 0.573421 1.58316 0.5
v -1.58316 0.573421 -0.5
v -1.58316 0.573421 0.5
v -0.573421 1.58316 -0.5
v -0.573421 1.58316 0.5
v 1.15962 1.22426 -0.5
v 1.22426 1.15962 -0.5
v 1.15962 1.22426 0.5
v 1.22426 1.15962 0.5
v -1.22426 1.15962 -0.5
v -1.15962 1.22426 -0.5
v -1.22426 1.15962 0.5
v -1.15962 1.22426 0.5
v 1.09497 1.28891 -0.5
v 1.28891 1.09497 -0.5
v 1.09497 1.28891 0.5
v 1.28891 1.09497 0.5
v -1.28891 1.09497 -0.5
v -1.09497 1.28891 -0.5
v -1.28891 1.09497 0.5
v -1.09497 1.28891 0.5
v 1.56614 0.640964 -0.5
v 1.56614 0.640964 0.5
v 0.640964 1.56614 -0.5
v 0.640964 1.56614 0.5
v -1.56614 0.640964 -0.5
v -1.56614 0.640964 0.5
v -0.640964 1.56614 -0.5
v -0.640964 1.56614 0.5
v 1.7 0 -0.5
v 1.7 0 0.5
v -1.7 0 -0.5
v -1.7 0 0.5
v -3.33067e-17 1.7 -0.5
v -3.33067e-17 1.7 0.5
v 1.69908 0.0730352 -0.5
v 1.69908 0.0730352 0.5
v 0.0730352 1.69908 -0.5
v 0.0730352 1.69908 0.5
v -1.69908 0.0730352 -0.5
v -1.69908 0.0730352 0.5
v -0.0730352 1.69908 -0.5
v -0.0730352 1.69908 0.5
v 1.03033 1.35355 -0.5
v 1.35355 1.03033 -0.5
v 1.03033 1.35355 0.5
v 1.35355 1.03033 0.5
v -1.35355 1.03033 -0.5
v -1.03033 1.35355 -0.5
v -1.35355 1.03033 0.5
v -1.03033 1.35355 0.5
v 1.54749 0.707107 -0.5
v 1.54749 0.707107 0.5
v 0.707107 1.54749 -0.5
v 0.707107 1.54749 0.5
v -1.54749 0.707107 -0.5
v -1.54749 0.707107 0.5
v -0.707107 1.54749 -0.5
v -0.707107 1.54749 0.5
v 0.836396 1.48284 -0.5
v 1.48284 0.836396 -0.5
v 0.836396 1.48284 0.5
v 1.48284 0.836396 0.5
v -1.48284 0.836396 -0.5
v -0.836396 1.48284 -0.5
v -1.48284 0.836396 0.5
v -0.836396 1.48284 0.5
v 1.69631 0.145925 -0.5
v 1.69631 0.145925 0.5
v 0.145925 1.69631 -0.5
v 0.145925 1.69631 0.5
v -1.69631 0.145925 -0.5
v -1.69631 0.145925 0.5
v -0.145925 1.69631 -0.5
v -0.145925 1.69631 0.5
v 1.69171 0.218526 -0.5
v 1.69171 0.218526 0.5
v 0.218526 1.69171 -0.5
v 0.218526 1.69171 0.5
v -1.69171 0.218526 -0.5
v -1.69171 0.218526 0.5
v -0.218526 1.69171 -0.5
v -0.218526 1.69171 0.5
v 1.68532 0.290695 -0.5
v 1.68532 0.290695 0.5
v 0.290695 1.68532 -0.5
v 0.290695 1.68532 0.5
v -1.68532 0.290695 -0.5
v -1.68532 0.290695 0.5
v -0.290695 1.68532 -0.5
v -0.290695 1.68532 0.5
v 0.965686 1.4182 -0.5
v 1.4182 0.965686 -0.5
v 0.965686 1.4182 0.5
v 1.4182 0.965686 0.5
v -1.4182 0.965686 -0.5
v -0.965686 1.4182 -0.5
v -1.4182 0.965686 0.5
v -0.965686 1.4182 0.5
v 1.67716 0.362293 -0.5
v 1.67716 0.362293 0.5
v 0.362293 1.67716 -0.5
v 0.362293 1.67716 0.5
v -1.67716 0.362293 -0.5
v -1.67716 0.362293 0.5
v -0.362293 1.67716 -0.5
v -0.362293 1.67716 0.5
v 1.6673 0.433182 -0.5
v 1.6673 0.433182 0.5
v 0.433182 1.6673 -0.5
v 0.433182 1.6673 0.5
v -1.6673 0.433182 -0.5
v -1.6673 0.433182 0.5
v -0.433182 1.6673 -0.5
v -0.433182 1.6673 0.5
v 0.771752 1.54749 -0.5
v 1.54749 0.771752 -0.5
v 0.771752 1.54749 0.5
v 1.54749 0.771752 0.5
v -1.54749 0.771752 -0.5
v -0.771752 1.54749 -0.5
v -1.54749 0.771752 0.5
v -0.771752 1.54749 0.5
v 1.65579 0.503232 -0.5
v 1.65579 0.503232 0.5
v 0.503232 1.65579 -0.5
v 0.503232 1.65579 0.5
v -1.65579 0.503232 -0.5
v -1.65579 0.503232 0.5
v -0.503232 1.65579 -0.5
v -0.503232 1.65579 0.5
v 1.22426 1.22426 -0.5
v 1.22426 1.22426 0.5
v -1.22426 1.22426 -0.5
v -1.22426 1.22426 0.5
v 1.15962 1.28891 -0.5
v 1.28891 1.15962 -0.5
v 1.15962 1.28891 0.5
v 1.28891 1.15962 0.5
v -1.28891 1.15962 -0.5
v -1.15962 1.28891 -0.5
v -1.28891 1.15962 0.5
v -1.15962 1.28891 0.5
v 0.901041 1.48284 -0.5
v 1.48284 0.901041 -0.5
v 0.901041 1.48284 0.5
v 1.48284 0.901041 0.5
v -1.48284 0.901041 -0.5
v -0.901041 1.48284 -0.5
v -1.48284 0.901041 0.5
v -0.901041 1.48284 0.5
v 1.64271 0.572316 -0.5
v 1.64271 0.572316 0.5
v 0.572316 1.64271 -0.5
v 0.572316 1.64271 0.5
v -1.64271 0.572316 -0.5
v -1.64271 0.572316 0.5
v -0.572316 1.64271 -0.5
v -0.572316 1.64271 0.5
v 1.09497 1.35355 -0.5
v 1.35355 1.09497 -0.5
v 1.09497 1.35355 0.5
v 1.35355 1.09497 0.5
v -1.35355 1.09497 -0.5
v -1.09497 1.35355 -0.5
v -1.35355 1.09497 0.5
v -1.09497 1.35355 0.5
v 1.62812 0.640312 -0.5
v 1.62812 0.640312 0.5
v 0.640312 1.62812 -0.5
v 0.640312 1.62812 0.5
v -1.62812 0.640312 -0.5
v -1.62812 0.640312 0.5
v -0.640312 1.62812 -0.5
v -0.640312 1.62812 0.5
v 1.75 0 -0.5
v 1.75 0 0.5
v -1.75 0 -0.5
v -1.75 0 0.5
v -2.77556e-17 1.75 -0.5
v -2.77556e-17 1.75 0.5
v 1.74923 0.0726478 -0.5
v 1.74923 0.0726478 0.5
v 0.0726478 1.74923 -0.5
v 0.0726478 1.74923 0.5
v -1.74923 0.0726478 -0.5
v -1.74923 0.0726478 0.5
v -0.0726478 1.74923 -0.5
v -0.0726478 1.74923 0.5
v 1.74692 0.145175 -0.5
v 1.74692 0.145175 0.5
v 0.145175 1.74692 -0.5
v 0.145175 1.74692 0.5
v -1.74692 0.145175 -0.5
v -1.74692 0.145175 0.5
v -0.145175 1.74692 -0.5
v -0.145175 1.74692 0.5
v 1.03033 1.4182 -0.5
v 1.4182 1.03033 -0.5
v 1.03033 1.4182 0.5
v 1.4182 1.03033 0.5
v -1.4182 1.03033 -0.5
v -1.03033 1.4182 -0.5
v -1.4182 1.03033 0.5
v -1.03033 1.4182 0.5
v 1.74309 0.21746 -0.5
v 1.74309 0.21746 0.5
v 0.21746 1.74309 -0.5
v 0.21746 1.74309 0.5
v -1.74309 0.21746 -0.5
v -1.74309 0.21746 0.5
v -0.21746 1.74309 -0.5
v -0.21746 1.74309 0.5
v 0.836396 1.54749 -0.5
v 1.54749 0.836396 -0.5
v 0.836396 1.54749 0.5
v 1.54749 0.836396 0.5
v -1.54749 0.836396 -0.5
v -0.836396 1.54749 -0.5
v -1.54749 0.836396 0.5
v -0.836396 1.54749 0.5
v 1.61213 0.707107 -0.5
v 1.61213 0.707107 0.5
v 0.707107 1.61213 -0.5
v 0.707107 1.61213 0.5
v -1.61213 0.707107 -0.5
v -1.61213 0.707107 0.5
v -0.707107 1.61213 -0.5
v -0.707107 1.61213 0.5
v 1.73776 0.289386 -0.5
v 1.73776 0.289386 0.5
v 0.289386 1.73776 -0.5
v 0.289386 1.73776 0.5
v -1.73776 0.289386 -0.5
v -1.73776 0.289386 0.5
v -0.289386 1.73776 -0.5
v -0.289386 1.73776 0.5
v 1.73097 0.360836 -0.5
v 1.73097 0.360836 0.5
v 0.360836 1.73097 -0.5
v 0.360836 1.73097 0.5
v -1.73097 0.360836 -0.5
v -1.73097 0.360836 0.5
v -0.360836 1.73097 -0.5
v -0.360836 1.73097 0.5
v 0.965686 1.48284 -0.5
v 1.48284 0.965686 -0.5
v 0.965686 1.48284 0.5
v 1.48284 0.965686 0.5
v -1.48284 0.965686 -0.5
v -0.965686 1.48284 -0.5
v -1.48284 0.965686 0.5
v -0.965686 1.48284 0.5
v 1.72275 0.431696 -0.5
v 1.72275 0.431696 0.5
v 0.431696 1.72275 -0.5
v 0.431696 1.72275 0.5
v -1.72275 0.431696 -0.5
v -1.72275 0.431696 0.5
v -0.431696 1.72275 -0.5
v -0.431696 1.72275 0.5
v 1.22426 1.28891 -0.5
v 1.28891 1.22426 -0.5
v 1.22426 1.28891 0.5
v 1.28891 1.22426 0.5
v -1.28891 1.22426 -0.5
v -1.22426 1.28891 -0.5
v -1.28891 1.22426 0.5
v -1.22426 1.28891 0.5
v 1.15962 1.35355 -0.5
v 1.35355 1.15962 -0.5
v 1.15962 1.35355 0.5
v 1.35355 1.15962 0.5
v -1.35355 1.15962 -0.5
v -1.15962 1.35355 -0.5
v -1.35355 1.15962 0.5
v -1.15962 1.35355 0.5
v 1.71316 0.501856 -0.5
v 1.71316 0.501856 0.5
v 0.501856 1.71316 -0.5
v 0.501856 1.71316 0.5
v -1.71316 0.501856 -0.5
v -1.71316 0.501856 0.5
v -0.501856 1.71316 -0.5
v -0.501856 1.71316 0.5
v 0.771752 1.61213 -0.5
v 1.61213 0.771752 -0.5
v 0.771752 1.61213 0.5
v 1.61213 0.771752 0.5
v -1.61213 0.771752 -0.5
v -0.771752 1.61213 -0.5
v -1.61213 0.771752 0.5
v -0.771752 1.61213 0.5
v 0.901041 1.54749 -0.5
v 1.54749 0.901041 -0.5
v 0.901041 1.54749 0.5
v 1.54749 0.901041 0.5
v -1.54749 0.901041 -0.5
v -0.901041 1.54749 -0.5
v -1.54749 0.901041 0.5
v -0.901041 1.54749 0.5
v 1.09497 1.4182 -0.5
v 1.4182 1.09497 -0.5
v 1.09497 1.4182 0.5
v 1.4182 1.09497 0.5
v -1.4182 1.09497 -0.5
v -1.09497 1.4182 -0.5
v -1.4182 1.09497 0.5
v -1.09497 1.4182 0.5
v 1.70225 0.571211 -0.5
v 1.70225 0.571211 0.5
v 0.571211 1.70225 -0.5
v 0.571211 1.70225 0.5
v -1.70225 0.571211 -0.5
v -1.70225 0.571211 0.5
v -0.571211 1.70225 -0.5
v -0.571211 1.70225 0.5
v 1.8 0 -0.5
v 1.8 0 0.5
v -1.8 0 -0.5
v -1.8 0 0.5
v -2.22045e-17 1.8 -0.5
v -2.22045e-17 1.8 0.5
v 1.79938 0.0722604 -0.5
v 1.79938 0.0722604 0.5
v 0.0722604 1.79938 -0.5
v 0.0722604 1.79938 0.5
v -1.79938 0.0722604 -0.5
v -1.79938 0.0722604 0.5
v -0.0722604 1.79938 -0.5
v -0.0722604 1.79938 0.5
v 1.79754 0.144424 -0.5
v 1.79754 0.144424 0.5
v 0.144424 1.79754 -0.5
v 0.144424 1.79754 0.5
v -1.79754 0.144424 -0.5
v -1.79754 0.144424 0.5
v -0.144424 1.79754 -0.5
v -0.144424 1.79754 0.5
v 1.03033 1.48284 -0.5
v 1.48284 1.03033 -0.5
v 1.03033 1.48284 0.5
v 1.48284 1.03033 0.5
v -1.48284 1.03033 -0.5
v -1.03033 1.48284 -0.5
v -1.48284 1.03033 0.5
v -1.03033 1.48284 0.5
v 1.6901 0.639659 -0.5
v 1.6901 0.639659 0.5
v 0.639659 1.6901 -0.5
v 0.639659 1.6901 0.5
v -1.6901 0.639659 -0.5
v -1.6901 0.639659 0.5
v -0.639659 1.6901 -0.5
v -0.639659 1.6901 0.5
v 1.79447 0.216395 -0.5
v 1.79447 0.216395 0.5
v 0.216395 1.79447 -0.5
v 0.216395 1.79447 0.5
v -1.79447 0.216395 -0.5
v -1.79447 0.216395 0.5
v -0.216395 1.79447 -0.5
v -0.216395 1.79447 0.5
v 1.79021 0.288078 -0.5
v 1.79021 0.288078 0.5
v 0.288078 1.79021 -0.5
v 0.288078 1.79021 0.5
v -1.79021 0.288078 -0.5
v -1.79021 0.288078 0.5
v -0.288078 1.79021 -0.5
v -0.288078 1.79021 0.5
v 0.836396 1.61213 -0.5
v 1.61213 0.836396 -0.5
v 0.836396 1.61213 0.5
v 1.61213 0.836396 0.5
v -1.61213 0.836396 -0.5
v -0.836396 1.61213 -0.5
v -1.61213 0.836396 0.5
v -0.836396 1.61213 0.5
v 1.67678 0.707107 -0.5
v 1.67678 0.707107 0.5
v 0.707107 1.67678 -0.5
v 0.707107 1.67678 0.5
v -1.67678 0.707107 -0.5
v -1.67678 0.707107 0.5
v -0.707107 1.67678 -0.5
v -0.707107 1.67678 0.5
v 1.78478 0.35938 -0.5
v 1.78478 0.35938 0.5
v 0.35938 1.78478 -0.5
v 0.35938 1.78478 0.5
v -1.78478 0.35938 -0.5
v -1.78478 0.35938 0.5
v -0.35938 1.78478 -0.5
v -0.35938 1.78478 0.5
v 1.28891 1.28891 -0.5
v 1.28891 1.28891 0.5
v -1.28891 1.28891 -0.5
v -1.28891 1.28891 0.5
v 0.965686 1.54749 -0.5
v 1.54749 0.965686 -0.5
v 0.965686 1.54749 0.5
v 1.54749 0.965686 0.5
v -1.54749 0.965686 -0.5
v -0.965686 1.54749 -0.5
v -1.54749 0.965686 0.5
v -0.965686 1.54749 0.5
v 1.22426 1.35355 -0.5
v 1.35355 1.22426 -0.5
v 1.22426 1.35355 0.5
v 1.35355 1.22426 0.5
v -1.35355 1.22426 -0.5
v -1.22426 1.35355 -0.5
v -1.35355 1.22426 0.5
v -1.22426 1.35355 0.5
v 1.7782 0.430209 -0.5
v 1.7782 0.430209 0.5
v 0.430209 1.7782 -0.5
v 0.430209 1.7782 0.5
v -1.7782 0.430209 -0.5
v -1.7782 0.430209 0.5
v -0.430209 1.7782 -0.5
v -0.430209 1.7782 0.5
v 1.15962 1.4182 -0.5
v 1.4182 1.15962 -0.5
v 1.15962 1.4182 0.5
v 1.4182 1.15962 0.5
v -1.4182 1.15962 -0.5
v -1.15962 1.4182 -0.5
v -1.4182 1.15962 0.5
v -1.15962 1.4182 0.5
v 1.77053 0.50048 -0.5
v 1.77053 0.50048 0.5
v 0.50048 1.77053 -0.5
v 0.50048 1.77053 0.5
v -1.77053 0.50048 -0.5
v -1.77053 0.50048 0.5
v -0.50048 1.77053 -0.5
v -0.50048 1.77053 0.5
v 1.09497 1.48284 -0.5
v 1.48284 1.09497 -0.5
v 1.09497 1.48284 0.5
v 1.48284 1.09497 0.5
v -1.48284 1.09497 -0.5
v -1.09497 1.48284 -0.5
v -1.48284 1.09497 0.5
v -1.09497 1.48284 0.5
v 0.771752 1.67678 -0.5
v 1.67678 0.771752 -0.5
v 0.771752 1.67678 0.5
v 1.67678 0.771752 0.5
v -1.67678 0.771752 -0.5
v -0.771752 1.67678 -0.5
v -1.67678 0.771752 0.5
v -0.771752 1.67678 0.5
v 0.901041 1.61213 -0.5
v 1.61213 0.901041 -0.5
v 0.901041 1.61213 0.5
v 1.61213 0.901041 0.5
v -1.61213 0.901041 -0.5
v -0.901041 1.61213 -0.5
v -1.61213 0.901041 0.5
v -0.901041 1.61213 0.5
v 1.85 0 -0.5
v 1.85 0 0.5
v -1.85 0 -0.5
v -1.85 0 0.5
v -1.66533e-17 1.85 -0.5
v -1.66533e-17 1.85 0.5
v 1.84954 0.071873 -0.5
v 1.84954 0.071873 0.5
v 0.071873 1.84954 -0.5
v 0.071873 1.84954 0.5
v -1.84954 0.071873 -0.5
v -1.84954 0.071873 0.5
v -0.071873 1.84954 -0.5
v -0.071873 1.84954 0.5
v 1.7618 0.570106 -0.5
v 1.7618 0.570106 0.5
v 0.570106 1.7618 -0.5
v 0.570106 1.7618 0.5
v -1.7618 0.570106 -0.5
v -1.7618 0.570106 0.5
v -0.570106 1.7618 -0.5
v -0.570106 1.7618 0.5
v 1.84815 0.143673 -0.5
v 1.84815 0.143673 0.5
v 0.143673 1.84815 -0.5
v 0.143673 1.84815 0.5
v -1.84815 0.143673 -0.5
v -1.84815 0.143673 0.5
v -0.143673 1.84815 -0.5
v -0.143673 1.84815 0.5
v 1.84586 0.215329 -0.5
v 1.84586 0.215329 0.5
v 0.215329 1.84586 -0.5
v 0.215329 1.84586 0.5
v -1.84586 0.215329 -0.5
v -1.84586 0.215329 0.5
v -0.215329 1.84586 -0.5
v -0.215329 1.84586 0.5
v 1.03033 1.54749 -0.5
v 1.54749 1.03033 -0.5
v 1.03033 1.54749 0.5
v 1.54749 1.03033 0.5
v -1.54749 1.03033 -0.5
v -1.03033 1.54749 -0.5
v -1.54749 1.03033 0.5
v -1.03033 1.54749 0.5
v 1.84266 0.286769 -0.5
v 1.84266 0.286769 0.5
v 0.286769 1.84266 -0.5
v 0.286769 1.84266 0.5
v -1.84266 0.286769 -0.5
v -1.84266 0.286769 0.5
v -0.286769 1.84266 -0.5
v -0.286769 1.84266 0.5
v 1.75208 0.639007 -0.5
v 1.75208 0.639007 0.5
v 0.639007 1.75208 -0.5
v 0.639007 1.75208 0.5
v -1.75208 0.639007 -0.5
v -1.75208 0.639007 0.5
v -0.639007 1.75208 -0.5
v -0.639007 1.75208 0.5
v 1.28891 1.35355 -0.5
v 1.35355 1.28891 -0.5
v 1.28891 1.35355 0.5
v 1.35355 1.28891 0.5
v -1.35355 1.28891 -0.5
v -1.28891 1.35355 -0.5
v -1.35355 1.28891 0.5
v -1.28891 1.35355 0.5
v 1.83858 0.357923 -0.5
v 1.83858 0.357923 0.5
v 0.357923 1.83858 -0.5
v 0.357923 1.83858 0.5
v -1.83858 0.357923 -0.5
v -1.83858 0.357923 0.5
v -0.357923 1.83858 -0.5
v -0.357923 1.83858 0.5
v 1.22426 1.4182 -0.5
v 1.4182 1.22426 -0.5
v 1.22426 1.4182 0.5
v 1.4182 1.22426 0.5
v -1.4182 1.22426 -0.5
v -1.22426 1.4182 -0.5
v -1.4182 1.22426 0.5
v -1.22426 1.4182 0.5
v 0.836396 1.67678 -0.5
v 1.67678 0.836396 -0.5
v 0.836396 1.67678 0.5
v 1.67678 0.836396 0.5
v -1.67678 0.836396 -0.5
v -0.836396 1.67678 -0.5
v -1.67678 0.836396 0.5
v -0.836396 1.67678 0.5
v 0.965686 1.61213 -0.5
v 1.61213 0.965686 -0.5
v 0.965686 1.61213 0.5
v 1.61213 0.965686 0.5
v -1.61213 0.965686 -0.5
v -0.965686 1.61213 -0.5
v -1.61213 0.965686 0.5
v -0.965686 1.61213 0.5
v 1.74142 0.707107 -0.5
v 1.74142 0.707107 0.5
v 0.707107 1.74142 -0.5
v 0.707107 1.74142 0.5
v -1.74142 0.707107 -0.5
v -1.74142 0.707107 0.5
v -0.707107 1.74142 -0.5
v -0.707107 1.74142 0.5
v 1.15962 1.48284 -0.5
v 1.48284 1.15962 -0.5
v 1.15962 1.48284 0.5
v 1.48284 1.15962 0.5
v -1.48284 1.15962 -0.5
v -1.15962 1.48284 -0.5
v -1.48284 1.15962 0.5
v -1.15962 1.48284 0.5
v 1.83365 0.428723 -0.5
v 1.83365 0.428723 0.5
v 0.428723 1.83365 -0.5
v 0.428723 1.83365 0.5
v -1.83365 0.428723 -0.5
v -1.83365 0.428723 0.5
v -0.428723 1.83365 -0.5
v -0.428723 1.83365 0.5
v 1.8279 0.499103 -0.5
v 1.8279 0.499103 0.5
v 0.499103 1.8279 -0.5
v 0.499103 1.8279 0.5
v -1.8279 0.499103 -0.5
v -1.8279 0.499103 0.5
v -0.499103 1.8279 -0.5
v -0.499103 1.8279 0.5
v 1.09497 1.54749 -0.5
v 1.54749 1.09497 -0.5
v 1.09497 1.54749 0.5
v 1.54749 1.09497 0.5
v -1.54749 1.09497 -0.5
v -1.09497 1.54749 -0.5
v -1.54749 1.09497 0.5
v -1.09497 1.54749 0.5
v 1.9 0 -0.5
v 1.9 0 0.5
v -1.9 0 -0.5
v -1.9 0 0.5
v -1.11022e-17 1.9 -0.5
v -1.11022e-17 1.9 0.5
v 1.89969 0.0714855 -0.5
v 1.89969 0.0714855 0.5
v 0.0714855 1.89969 -0.5
v 0.0714855 1.89969 0.5
v -1.89969 0.0714855 -0.5
v -1.89969 0.0714855 0.5
v -0.0714855 1.89969 -0.5
v -0.0714855 1.89969 0.5
v 0.901041 1.67678 -0.5
v 1.67678 0.901041 -0.5
v 0.901041 1.67678 0.5
v 1.67678 0.901041 0.5
v -1.67678 0.901041 -0.5
v -0.901041 1.67678 -0.5
v -1.67678 0.901041 0.5
v -0.901041 1.67678 0.5
v 1.89877 0.142923 -0.5
v 1.89877 0.142923 0.5
v 0.142923 1.89877 -0.5
v 0.142923 1.89877 0.5
v -1.89877 0.142923 -0.5
v -1.89877 0.142923 0.5
v -0.142923 1.89877 -0.5
v -0.142923 1.89877 0.5
v 0.771752 1.74142 -0.5
v 1.74142 0.771752 -0.5
v 0.771752 1.74142 0.5
v 1.74142 0.771752 0.5
v -1.74142 0.771752 -0.5
v -0.771752 1.74142 -0.5
v -1.74142 0.771752 0.5
v -0.771752 1.74142 0.5
v 1.82135 0.569001 -0.5
v 1.82135 0.569001 0.5
v 0.569001 1.82135 -0.5
v 0.569001 1.82135 0.5
v -1.82135 0.569001 -0.5
v -1.82135 0.569001 0.5
v -0.569001 1.82135 -0.5
v -0.569001 1.82135 0.5
v 1.89724 0.214263 -0.5
v 1.89724 0.214263 0.5
v 0.214263 1.89724 -0.5
v 0.214263 1.89724 0.5
v -1.89724 0.214263 -0.5
v -1.89724 0.214263 0.5
v -0.214263 1.89724 -0.5
v -0.214263 1.89724 0.5
v 1.03033 1.61213 -0.5
v 1.61213 1.03033 -0.5
v 1.03033 1.61213 0.5
v 1.61213 1.03033 0.5
v -1.61213 1.03033 -0.5
v -1.03033 1.61213 -0.5
v -1.61213 1.03033 0.5
v -1.03033 1.61213 0.5
v 1.35355 1.35355 -0.5
v 1.35355 1.35355 0.5
v -1.35355 1.35355 -0.5
v -1.35355 1.35355 0.5
v 1.28891 1.4182 -0.5
v 1.4182 1.28891 -0.5
v 1.28891 1.4182 0.5
v 1.4182 1.28891 0.5
v -1.4182 1.28891 -0.5
v -1.28891 1.4182 -0.5
v -1.4182 1.28891 0.5
v -1.28891 1.4182 0.5
v 1.89511 0.28546 -0.5
v 1.89511 0.28546 0.5
v 0.28546 1.89511 -0.5
v 0.28546 1.89511 0.5
v -1.89511 0.28546 -0.5
v -1.89511 0.28546 0.5
v -0.28546 1.89511 -0.5
v -0.28546 1.89511 0.5
v 1.22426 1.48284 -0.5
v 1.48284 1.22426 -0.5
v 1.22426 1.48284 0.5
v 1.48284 1.22426 0.5
v -1.48284 1.22426 -0.5
v -1.22426 1.48284 -0.5
v -1.48284 1.22426 0.5
v -1.22426 1.48284 0.5
v 1.81406 0.638354 -0.5
v 1.81406 0.638354 0.5
v 0.638354 1.81406 -0.5
v 0.638354 1.81406 0.5
v -1.81406 0.638354 -0.5
v -1.81406 0.638354 0.5
v -0.638354 1.81406 -0.5
v -0.638354 1.81406 0.5
v 1.89239 0.356467 -0.5
v 1.89239 0.356467 0.5
v 0.356467 1.89239 -0.5
v 0.356467 1.89239 0.5
v -1.89239 0.356467 -0.5
v -1.89239 0.356467 0.5
v -0.356467 1.89239 -0.5
v -0.356467 1.89239 0.5
v 0.836396 1.74142 -0.5
v 1.74142 0.836396 -0.5
v 0.836396 1.74142 0.5
v 1.74142 0.836396 0.5
v -1.74142 0.836396 -0.5
v -0.836396 1.74142 -0.5
v -1.74142 0.836396 0.5
v -0.836396 1.74142 0.5
v 1.15962 1.54749 -0.5
v 1.54749 1.15962 -0.5
v 1.15962 1.54749 0.5
v 1.54749 1.15962 0.5
v -1.54749 1.15962 -0.5
v -1.15962 1.54749 -0.5
v -1.54749 1.15962 0.5
v -1.15962 1.54749 0.5
v 0.965686 1.67678 -0.5
v 1.67678 0.965686 -0.5
v 0.965686 1.67678 0.5
v 1.67678 0.965686 0.5
v -1.67678 0.965686 -0.5
v -0.965686 1.67678 -0.5
v -1.67678 0.965686 0.5
v -0.965686 1.67678 0.5
v 1.8891 0.427237 -0.5
v 1.8891 0.427237 0.5
v 0.427237 1.8891 -0.5
v 0.427237 1.8891 0.5
v -1.8891 0.427237 -0.5
v -1.8891 0.427237 0.5
v -0.427237 1.8891 -0.5
v -0.427237 1.8891 0.5
v 1.80607 0.707107 -0.5
v 1.80607 0.707107 0.5
v 0.707107 1.80607 -0.5
v 0.707107 1.80607 0.5
v -1.80607 0.707107 -0.5
v -1.80607 0.707107 0.5
v -0.707107 1.80607 -0.5
v -0.707107 1.80607 0.5
v 1.09497 1.61213 -0.5
v 1.61213 1.09497 -0.5
v 1.09497 1.61213 0.5
v 1.61213 1.09497 0.5
v -1.61213 1.09497 -0.5
v -1.09497 1.61213 -0.5
v -1.61213 1.09497 0.5
v -1.09497 1.61213 0.5
v 1.88526 0.497727 -0.5
v 1.88526 0.497727 0.5
v 0.497727 1.88526 -0.5
v 0.497727 1.88526 0.5
v -1.88526 0.497727 -0.5
v -1.88526 0.497727 0.5
v -0.497727 1.88526 -0.5
v -0.497727 1.88526 0.5
v 1.95 0 -0.5
v 1.95 0 0.5
v -1.95 0 -0.5
v -1.95 0 0.5
v -5.55112e-18 1.95 -0.5
v -5.55112e-18 1.95 0.5
v 1.94985 0.0710981 -0.5
v 1.94985 0.0710981 0.5
v 0.0710981 1.94985 -0.5
v 0.0710981 1.94985 0.5
v -1.94985 0.0710981 -0.5
v -1.94985 0.0710981 0.5
v -0.0710981 1.94985 -0.5
v -0.0710981 1.94985 0.5
v 1.94938 0.142172 -0.5
v 1.94938 0.142172 0.5
v 0.142172 1.94938 -0.5
v 0.142172 1.94938 0.5
v -1.94938 0.142172 -0.5
v -1.94938 0.142172 0.5
v -0.142172 1.94938 -0.5
v -0.142172 1.94938 0.5
v 1.94862 0.213198 -0.5
v 1.94862 0.213198 0.5
v 0.213198 1.94862 -0.5
v 0.213198 1.94862 0.5
v -1.94862 0.213198 -0.5
v -1.94862 0.213198 0.5
v -0.213198 1.94862 -0.5
v -0.213198 1.94862 0.5
v 1.35355 1.4182 -0.5
v 1.4182 1.35355 -0.5
v 1.35355 1.4182 0.5
v 1.4182 1.35355 0.5
v -1.4182 1.35355 -0.5
v -1.35355 1.4182 -0.5
v -1.4182 1.35355 0.5
v -1.35355 1.4182 0.5
v 0.901041 1.74142 -0.5
v 1.74142 0.901041 -0.5
v 0.901041 1.74142 0.5
v 1.74142 0.901041 0.5
v -1.74142 0.901041 -0.5
v -0.901041 1.74142 -0.5
v -1.74142 0.901041 0.5
v -0.901041 1.74142 0.5
v 0.771752 1.80607 -0.5
v 1.80607 0.771752 -0.5
v 0.771752 1.80607 0.5
v 1.80607 0.771752 0.5
v -1.80607 0.771752 -0.5
v -0.771752 1.80607 -0.5
v -1.80607 0.771752 0.5
v -0.771752 1.80607 0.5
v 1.28891 1.48284 -0.5
v 1.48284 1.28891 -0.5
v 1.28891 1.48284 0.5
v 1.48284 1.28891 0.5
v -1.48284 1.28891 -0.5
v -1.28891 1.48284 -0.5
v -1.48284 1.28891 0.5
v -1.28891 1.48284 0.5
v 1.8809 0.567896 -0.5
v 1.8809 0.567896 0.5
v 0.567896 1.8809 -0.5
v 0.567896 1.8809 0.5
v -1.8809 0.567896 -0.5
v -1.8809 0.567896 0.5
v -0.567896 1.8809 -0.5
v -0.567896 1.8809 0.5
v 1.03033 1.67678 -0.5
v 1.67678 1.03033 -0.5
v 1.03033 1.67678 0.5
v 1.67678 1.03033 0.5
v -1.67678 1.03033 -0.5
v -1.03033 1.67678 -0.5
v -1.67678 1.03033 0.5
v -1.03033 1.67678 0.5
v 1.94755 0.284152 -0.5
v 1.94755 0.284152 0.5
v 0.284152 1.94755 -0.5
v 0.284152 1.94755 0.5
v -1.94755 0.284152 -0.5
v -1.94755 0.284152 0.5
v -0.284152 1.94755 -0.5
v -0.284152 1.94755 0.5
v 1.22426 1.54749 -0.5
v 1.54749 1.22426 -0.5
v 1.22426 1.54749 0.5
v 1.54749 1.22426 0.5
v -1.54749 1.22426 -0.5
v -1.22426 1.54749 -0.5
v -1.54749 1.22426 0.5
v -1.22426 1.54749 0.5
v 1.94619 0.35501 -0.5
v 1.94619 0.35501 0.5
v 0.35501 1.94619 -0.5
v 0.35501 1.94619 0.5
v -1.94619 0.35501 -0.5
v -1.94619 0.35501 0.5
v -0.35501 1.94619 -0.5
v -0.35501 1.94619 0.5
v 1.87604 0.637701 -0.5
v 1.87604 0.637701 0.5
v 0.637701 1.87604 -0.5
v 0.637701 1.87604 0.5
v -1.87604 0.637701 -0.5
v -1.87604 0.637701 0.5
v -0.637701 1.87604 -0.5
v -0.637701 1.87604 0.5
v 1.15962 1.61213 -0.5
v 1.61213 1.15962 -0.5
v 1.15962 1.61213 0.5
v 1.61213 1.15962 0.5
v -1.61213 1.15962 -0.5
v -1.15962 1.61213 -0.5
v -1.61213 1.15962 0.5
v -1.15962 1.61213 0.5
v 0.836396 1.80607 -0.5
v 1.80607 0.836396 -0.5
v 0.836396 1.80607 0.5
v 1.80607 0.836396 0.5
v -1.80607 0.836396 -0.5
v -0.836396 1.80607 -0.5
v -1.80607 0.836396 0.5
v -0.836396 1.80607 0.5
v 1.94455 0.425751 -0.5
v 1.94455 0.425751 0.5
v 0.425751 1.94455 -0.5
v 0.425751 1.94455 0.5
v -1.94455 0.425751 -0.5
v -1.94455 0.425751 0.5
v -0.425751 1.94455 -0.5
v -0.425751 1.94455 0.5
v 0.965686 1.74142 -0.5
v 1.74142 0.965686 -0.5
v 0.965686 1.74142 0.5
v 1.74142 0.965686 0.5
v -1.74142 0.965686 -0.5
v -0.965686 1.74142 -0.5
v -1.74142 0.965686 0.5
v -0.965686 1.74142 0.5
v 1.87071 0.707107 -0.5
v 1.87071 0.707107 0.5
v 0.707107 1.87071 -0.5
v 0.707107 1.87071 0.5
v -1.87071 0.707107 -0.5
v -1.87071 0.707107 0.5
v -0.707107 1.87071 -0.5
v -0.707107 1.87071 0.5
v 2 0 -0.5
v 2 0 0.5
v -2 0 0.5
v -2 0 -0.5
v 0 2 -0.5
v 0 2 0.5
v 2 0.0707107 -0.5
v 2 0.0707107 0.5
v 0.0707107 2 -0.5
v 0.0707107 2 0.5
v -0.0707107 2 -0.5
v -0.0707107 2 0.5
v -2 0.0707107 -0.5
v -2 0.0707107 0.5
v 1.09497 1.67678 -0.5
v 1.67678 1.09497 -0.5
v 1.09497 1.67678 0.5
v 1.67678 1.09497 0.5
v -1.67678 1.09497 -0.5
v -1.09497 1.67678 -0.5
v -1.67678 1.09497 0.5
v -1.09497 1.67678 0.5
v 2 0.141421 -0.5
v 2 0.141421 0.5
v 0.141421 2 -0.5
v 0.141421 2 0.5
v -0.141421 2 -0.5
v -0.141421 2 0.5
v -2 0.141421 -0.5
v -2 0.141421 0.5
v 1.94263 0.496351 -0.5
v 1.94263 0.496351 0.5
v 0.496351 1.94263 -0.5
v 0.496351 1.94263 0.5
v -1.94263 0.496351 -0.5
v -1.94263 0.496351 0.5
v -0.496351 1.94263 -0.5
v -0.496351 1.94263 0.5
v 1.4182 1.4182 -0.5
v 1.4182 1.4182 0.5
v -1.4182 1.4182 -0.5
v -1.4182 1.4182 0.5
v 1.35355 1.48284 -0.5
v 1.48284 1.35355 -0.5
v 1.35355 1.48284 0.5
v 1.48284 1.35355 0.5
v -1.48284 1.35355 -0.5
v -1.35355 1.48284 -0.5
v -1.48284 1.35355 0.5
v -1.35355 1.48284 0.5
v 2 0.212132 -0.5
v 2 0.212132 0.5
v 0.212132 2 -0.5
v 0.212132 2 0.5
v -0.212132 2 -0.5
v -0.212132 2 0.5
v -2 0.212132 -0.5
v -2 0.212132 0.5
v 1.28891 1.54749 -0.5
v 1.54749 1.28891 -0.5
v 1.28891 1.54749 0.5
v 1.54749 1.28891 0.5
v -1.54749 1.28891 -0.5
v -1.28891 1.54749 -0.5
v -1.54749 1.28891 0.5
v -1.28891 1.54749 0.5
v 0.901041 1.80607 -0.5
v 1.80607 0.901041 -0.5
v 0.901041 1.80607 0.5
v 1.80607 0.901041 0.5
v -1.80607 0.901041 -0.5
v -0.901041 1.80607 -0.5
v -1.80607 0.901041 0.5
v -0.901041 1.80607 0.5
v 2 0.282843 -0.5
v 2 0.282843 0.5
v 0.282843 2 -0.5
v 0.282843 2 0.5
v -0.282843 2 -0.5
v -0.282843 2 0.5
v -2 0.282843 -0.5
v -2 0.282843 0.5
v 1.94045 0.566791 -0.5
v 1.94045 0.566791 0.5
v 0.566791 1.94045 -0.5
v 0.566791 1.94045 0.5
v -1.94045 0.566791 -0.5
v -1.94045 0.566791 0.5
v -0.566791 1.94045 -0.5
v -0.566791 1.94045 0.5
v 1.03033 1.74142 -0.5
v 1.74142 1.03033 -0.5
v 1.03033 1.74142 0.5
v 1.74142 1.03033 0.5
v -1.74142 1.03033 -0.5
v -1.03033 1.74142 -0.5
v -1.74142 1.03033 0.5
v -1.03033 1.74142 0.5
v 0.771752 1.87071 -0.5
v 1.87071 0.771752 -0.5
v 0.771752 1.87071 0.5
v 1.87071 0.771752 0.5
v -1.87071 0.771752 -0.5
v -0.771752 1.87071 -0.5
v -1.87071 0.771752 0.5
v -0.771752 1.87071 0.5
v 1.22426 1.61213 -0.5
v 1.61213 1.22426 -0.5
v 1.22426 1.61213 0.5
v 1.61213 1.22426 0.5
v -1.61213 1.22426 -0.5
v -1.22426 1.61213 -0.5
v -1.61213 1.22426 0.5
v -1.22426 1.61213 0.5
v 2 0.353554 -0.5
v 2 0.353554 0.5
v 0.353554 2 -0.5
v 0.353554 2 0.5
v -0.353554 2 -0.5
v -0.353554 2 0.5
v -2 0.353554 -0.5
v -2 0.353554 0.5
v 1.15962 1.67678 -0.5
v 1.67678 1.15962 -0.5
v 1.15962 1.67678 0.5
v 1.67678 1.15962 0.5
v -1.67678 1.15962 -0.5
v -1.15962 1.67678 -0.5
v -1.67678 1.15962 0.5
v -1.15962 1.67678 0.5
v 1.93802 0.637049 -0.5
v 1.93802 0.637049 0.5
v 0.637049 1.93802 -0.5
v 0.637049 1.93802 0.5
v -1.93802 0.637049 -0.5
v -1.93802 0.637049 0.5
v -0.637049 1.93802 -0.5
v -0.637049 1.93802 0.5
v 2 0.424264 -0.5
v 2 0.424264 0.5
v 0.424264 2 -0.5
v 0.424264 2 0.5
v -0.424264 2 -0.5
v -0.424264 2 0.5
v -2 0.424264 -0.5
v -2 0.424264 0.5
v 0.965686 1.80607 -0.5
v 1.80607 0.965686 -0.5
v 0.965686 1.80607 0.5
v 1.80607 0.965686 0.5
v -1.80607 0.965686 -0.5
v -0.965686 1.80607 -0.5
v -1.80607 0.965686 0.5
v -0.965686 1.80607 0.5
v 0.836396 1.87071 -0.5
v 1.87071 0.836396 -0.5
v 0.836396 1.87071 0.5
v 1.87071 0.836396 0.5
v -1.87071 0.836396 -0.5
v -0.836396 1.87071 -0.5
v -1.87071 0.836396 0.5
v -0.836396 1.87071 0.5
v 1.4182 1.48284 -0.5
v 1.48284 1.4182 -0.5
v 1.4182 1.48284 0.5
v 1.48284 1.4182 0.5
v -1.48284 1.4182 -0.5
v -1.4182 1.48284 -0.5
v -1.48284 1.4182 0.5
v -1.4182 1.48284 0.5
v 1.35355 1.54749 -0.5
v 1.54749 1.35355 -0.5
v 1.35355 1.54749 0.5
v 1.54749 1.35355 0.5
v -1.54749 1.35355 -0.5
v -1.35355 1.54749 -0.5
v -1.54749 1.35355 0.5
v -1.35355 1.54749 0.5
v 1.09497 1.74142 -0.5
v 1.74142 1.09497 -0.5
v 1.09497 1.74142 0.5
v 1.74142 1.09497 0.5
v -1.74142 1.09497 -0.5
v -1.09497 1.74142 -0.5
v -1.74142 1.09497 0.5
v -1.09497 1.74142 0.5
v 2 0.494975 -0.5
v 2 0.494975 0.5
v 0.494975 2 -0.5
v 0.494975 2 0.5
v -0.494975 2 -0.5
v -0.494975 2 0.5
v -2 0.494975 -0.5
v -2 0.494975 0.5
v 1.93536 0.707107 -0.5
v 1.93536 0.707107 0.5
v 0.707107 1.93536 -0.5
v 0.707107 1.93536 0.5
v -1.93536 0.707107 -0.5
v -1.93536 0.707107 0.5
v -0.707107 1.93536 -0.5
v -0.707107 1.93536 0.5
v 1.28891 1.61213 -0.5
v 1.61213 1.28891 -0.5
v 1.28891 1.61213 0.5
v 1.61213 1.28891 0.5
v -1.61213 1.28891 -0.5
v -1.28891 1.61213 -0.5
v -1.61213 1.28891 0.5
v -1.28891 1.61213 0.5
v 1.22426 1.67678 -0.5
v 1.67678 1.22426 -0.5
v 1.22426 1.67678 0.5
v 1.67678 1.22426 0.5
v -1.67678 1.22426 -0.5
v -1.22426 1.67678 -0.5
v -1.67678 1.22426 0.5
v -1.22426 1.67678 0.5
v 0.901041 1.87071 -0.5
v 1.87071 0.901041 -0.5
v 0.901041 1.87071 0.5
v 1.87071 0.901041 0.5
v -1.87071 0.901041 -0.5
v -0.901041 1.87071 -0.5
v -1.87071 0.901041 0.5
v -0.901041 1.87071 0.5
v 2 0.565686 -0.5
v 2 0.565686 0.5
v 0.565686 2 -0.5
v 0.565686 2 0.5
v -0.565686 2 -0.5
v -0.565686 2 0.5
v -2 0.565686 -0.5
v -2 0.565686 0.5
v 1.03033 1.80607 -0.5
v 1.80607 1.03033 -0.5
v 1.03033 1.80607 0.5
v 1.80607 1.03033 0.5
v -1.80607 1.03033 -0.5
v -1.03033 1.80607 -0.5
v -1.80607 1.03033 0.5
v -1.03033 1.80607 0.5
v 0.771752 1.93536 -0.5
v 1.93536 0.771752 -0.5
v 0.771752 1.93536 0.5
v 1.93536 0.771752 0.5
v -1.93536 0.771752 -0.5
v -0.771752 1.93536 -0.5
v -1.93536 0.771752 0.5
v -0.771752 1.93536 0.5
v 1.15962 1.74142 -0.5
v 1.74142 1.15962 -0.5
v 1.15962 1.74142 0.5
v 1.74142 1.15962 0.5
v -1.74142 1.15962 -0.5
v -1.15962 1.74142 -0.5
v -1.74142 1.15962 0.5
v -1.15962 1.74142 0.5
v 1.48284 1.48284 -0.5
v 1.48284 1.48284 0.5
v -1.48284 1.48284 -0.5
v -1.48284 1.48284 0.5
v 2 0.636396 -0.5
v 2 0.636396 0.5
v 0.636396 2 -0.5
v 0.636396 2 0.5
v -0.636396 2 -0.5
v -0.636396 2 0.5
v -2 0.636396 -0.5
v -2 0.636396 0.5
v 1.4182 1.54749 -0.5
v 1.54749 1.4182 -0.5
v 1.4182 1.54749 0.5
v 1.54749 1.4182 0.5
v -1.54749 1.4182 -0.5
v -1.4182 1.54749 -0.5
v -1.54749 1.4182 0.5
v -1.4182 1.54749 0.5
v 1.35355 1.61213 -0.5
v 1.61213 1.35355 -0.5
v 1.35355 1.61213 0.5
v 1.61213 1.35355 0.5
v -1.61213 1.35355 -0.5
v -1.35355 1.61213 -0.5
v -1.61213 1.35355 0.5
v -1.35355 1.61213 0.5
v 0.965686 1.87071 -0.5
v 1.87071 0.965686 -0.5
v 0.965686 1.87071 0.5
v 1.87071 0.965686 0.5
v -1.87071 0.965686 -0.5
v -0.965686 1.87071 -0.5
v -1.87071 0.965686 0.5
v -0.965686 1.87071 0.5
v 0.836396 1.93536 -0.5
v 1.93536 0.836396 -0.5
v 0.836396 1.93536 0.5
v 1.93536 0.836396 0.5
v -1.93536 0.836396 -0.5
v -0.836396 1.93536 -0.5
v -1.93536 0.836396 0.5
v -0.836396 1.93536 0.5
v 1.09497 1.80607 -0.5
v 1.80607 1.09497 -0.5
v 1.09497 1.80607 0.5
v 1.80607 1.09497 0.5
v -1.80607 1.09497 -0.5
v -1.09497 1.80607 -0.5
v -1.80607 1.09497 0.5
v -1.09497 1.80607 0.5
v 1.28891 1.67678 -0.5
v 1.67678 1.28891 -0.5
v 1.28891 1.67678 0.5
v 1.67678 1.28891 0.5
v -1.67678 1.28891 -0.5
v -1.28891 1.67678 -0.5
v -1.67678 1.28891 0.5
v -1.28891 1.67678 0.5
v 2 0.707107 -0.5
v 2 0.707107 0.5
v 0.707107 2 -0.5
v 0.707107 2 0.5
v -0.707107 2 -0.5
v -0.707107 2 0.5
v -2 0.707107 -0.5
v -2 0.707107 0.5
v 1.22426 1.74142 -0.5
v 1.74142 1.22426 -0.5
v 1.22426 1.74142 0.5
v 1.74142 1.22426 0.5
v -1.74142 1.22426 -0.5
v -1.22426 1.74142 -0.5
v -1.74142 1.22426 0.5
v -1.22426 1.74142 0.5
v 0.901041 1.93536 -0.5
v 1.93536 0.901041 -0.5
v 0.901041 1.93536 0.5
v 1.93536 0.901041 0.5
v -1.93536 0.901041 -0.5
v -0.901041 1.93536 -0.5
v -1.93536 0.901041 0.5
v -0.901041 1.93536 0.5
v 1.03033 1.87071 -0.5
v 1.87071 1.03033 -0.5
v 1.03033 1.87071 0.5
v 1.87071 1.03033 0.5
v -1.87071 1.03033 -0.5
v -1.03033 1.87071 -0.5
v -1.87071 1.03033 0.5
v -1.03033 1.87071 0.5
v 1.48284 1.54749 -0.5
v 1.54749 1.48284 -0.5
v 1.48284 1.54749 0.5
v 1.54749 1.48284 0.5
v -1.54749 1.48284 -0.5
v -1.48284 1.54749 -0.5
v -1.54749 1.48284 0.5
v -1.48284 1.54749 0.5
v 2 0.771752 -0.5
v 2 0.771752 0.5
v 0.771752 2 -0.5
v 0.771752 2 0.5
v -0.771752 2 -0.5
v -0.771752 2 0.5
v -2 0.771752 -0.5
v -2 0.771752 0.5
v 1.15962 1.80607 -0.5
v 1.80607 1.15962 -0.5
v 1.15962 1.80607 0.5
v 1.80607 1.15962 0.5
v -1.80607 1.15962 -0.5
v -1.15962 1.80607 -0.5
v -1.80607 1.15962 0.5
v -1.15962 1.80607 0.5
v 1.4182 1.61213 -0.5
v 1.61213 1.4182 -0.5
v 1.4182 1.61213 0.5
v 1.61213 1.4182 0.5
v -1.61213 1.4182 -0.5
v -1.4182 1.61213 -0.5
v -1.61213 1.4182 0.5
v -1.4182 1.61213 0.5
v 1.35355 1.67678 -0.5
v 1.67678 1.35355 -0.5
v 1.35355 1.67678 0.5
v 1.67678 1.35355 0.5
v -1.67678 1.35355 -0.5
v -1.35355 1.67678 -0.5
v -1.67678 1.35355 0.5
v -1.35355 1.67678 0.5
v 0.965686 1.93536 -0.5
v 1.93536 0.965686 -0.5
v 0.965686 1.93536 0.5
v 1.93536 0.965686 0.5
v -1.93536 0.965686 -0.5
v -0.965686 1.93536 -0.5
v -1.93536 0.965686 0.5
v -0.965686 1.93536 0.5
v 1.28891 1.74142 -0.5
v 1.74142 1.28891 -0.5
v 1.28891 1.74142 0.5
v 1.74142 1.28891 0.5
v -1.74142 1.28891 -0.5
v -1.28891 1.74142 -0.5
v -1.74142 1.28891 0.5
v -1.28891 1.74142 0.5
v 1.09497 1.87071 -0.5
v 1.87071 1.09497 -0.5
v 1.09497 1.87071 0.5
v 1.87071 1.09497 0.5
v -1.87071 1.09497 -0.5
v -1.09497 1.87071 -0.5
v -1.87071 1.09497 0.5
v -1.09497 1.87071 0.5
v 2 0.836396 -0.5
v 2 0.836396 0.5
v 0.836396 2 -0.5
v 0.836396 2 0.5
v -0.836396 2 -0.5
v -0.836396 2 0.5
v -2 0.836396 -0.5
v -2 0.836396 0.5
v 1.22426 1.80607 -0.5
v 1.80607 1.22426 -0.5
v 1.22426 1.80607 0.5
v 1.80607 1.22426 0.5
v -1.80607 1.22426 -0.5
v -1.22426 1.80607 -0.5
v -1.80607 1.22426 0.5
v -1.22426 1.80607 0.5
v 1.54749 1.54749 -0.5
v 1.54749 1.54749 0.5
v -1.54749 1.54749 -0.5
v -1.54749 1.54749 0.5
v 1.48284 1.61213 -0.5
v 1.61213 1.48284 -0.5
v 1.48284 1.61213 0.5
v 1.61213 1.48284 0.5
v -1.61213 1.48284 -0.5
v -1.48284 1.61213 -0.5
v -1.61213 1.48284 0.5
v -1.48284 1.61213 0.5
v 1.03033 1.93536 -0.5
v 1.93536 1.03033 -0.5
v 1.03033 1.93536 0.5
v 1.93536 1.03033 0.5
v -1.93536 1.03033 -0.5
v -1.03033 1.93536 -0.5
v -1.93536 1.03033 0.5
v -1.03033 1.93536 0.5
v 2 0.901041 -0.5
v 2 0.901041 0.5
v 0.901041 2 -0.5
v 0.901041 2 0.5
v -0.901041 2 -0.5
v -0.901041 2 0.5
v -2 0.901041 -0.5
v -2 0.901041 0.5
v 1.4182 1.67678 -0.5
v 1.67678 1.4182 -0.5
v 1.4182 1.67678 0.5
v 1.67678 1.4182 0.5
v -1.67678 1.4182 -0.5
v -1.4182 1.67678 -0.5
v -1.67678 1.4182 0.5
v -1.4182 1.67678 0.5
v 1.15962 1.87071 -0.5
v 1.87071 1.15962 -0.5
v 1.15962 1.87071 0.5
v 1.87071 1.15962 0.5
v -1.87071 1.15962 -0.5
v -1.15962 1.87071 -0.5
v -1.87071 1.15962 0.5
v -1.15962 1.87071 0.5
v 1.35355 1.74142 -0.5
v 1.74142 1.35355 -0.5
v 1.35355 1.74142 0.5
v 1.74142 1.35355 0.5
v -1.74142 1.35355 -0.5
v -1.35355 1.74142 -0.5
v -1.74142 1.35355 0.5
v -1.35355 1.74142 0.5
v 1.28891 1.80607 -0.5
v 1.80607 1.28891 -0.5
v 1.28891 1.80607 0.5
v 1.80607 1.28891 0.5
v -1.80607 1.28891 -0.5
v -1.28891 1.80607 -0.5
v -1.80607 1.28891 0.5
v -1.28891 1.80607 0.5
v 2 0.965686 -0.5
v 2 0.965686 0.5
v 0.965686 2 -0.5
v 0.965686 2 0.5
v -0.965686 2 -0.5
v -0.965686 2 0.5
v -2 0.965686 -0.5
v -2 0.965686 0.5
v 1.09497 1.93536 -0.5
v 1.93536 1.09497 -0.5
v 1.09497 1.93536 0.5
v 1.93536 1.09497 0.5
v -1.93536 1.09497 -0.5
v -1.09497 1.93536 -0.5
v -1.93536 1.09497 0.5
v -1.09497 1.93536 0.5
v 1.54749 1.61213 -0.5
v 1.61213 1.54749 -0.5
v 1.54749 1.61213 0.5
v 1.61213 1.54749 0.5
v -1.61213 1.54749 -0.5
v -1.54749 1.61213 -0.5
v -1.61213 1.54749 0.5
v -1.54749 1.61213 0.5
v 1.22426 1.87071 -0.5
v 1.87071 1.22426 -0.5
v 1.22426 1.87071 0.5
v 1.87071 1.22426 0.5
v -1.87071 1.22426 -0.5
v -1.22426 1.87071 -0.5
v -1.87071 1.22426 0.5
v -1.22426 1.87071 0.5
v 1.48284 1.67678 -0.5
v 1.67678 1.48284 -0.5
v 1.48284 1.67678 0.5
v 1.67678 1.48284 0.5
v -1.67678 1.48284 -0.5
v -1.48284 1.67678 -0.5
v -1.67678 1.48284 0.5
v -1.48284 1.67678 0.5
v 1.4182 1.74142 -0.5
v 1.74142 1.4182 -0.5
v 1.4182 1.74142 0.5
v 1.74142 1.4182 0.5
v -1.74142 1.4182 -0.5
v -1.4182 1.74142 -0.5
v -1.74142 1.4182 0.5
v -1.4182 1.74142 0.5
v 2 1.03033 -0.5
v 2 1.03033 0.5
v 1.03033 2 -0.5
v 1.03033 2 0.5
v -1.03033 2 -0.5
v -1.03033 2 0.5
v -2 1.03033 -0.5
v -2 1.03033 0.5
v 1.15962 1.93536 -0.5
v 1.93536 1.15962 -0.5
v 1.15962 1.93536 0.5
v 1.93536 1.15962 0.5
v -1.93536 1.15962 -0.5
v -1.15962 1.93536 -0.5
v -1.93536 1.15962 0.5
v -1.15962 1.93536 0.5
v 1.35355 1.80607 -0.5
v 1.80607 1.35355 -0.5
v 1.35355 1.80607 0.5
v 1.80607 1.35355 0.5
v -1.80607 1.35355 -0.5
v -1.35355 1.80607 -0.5
v -1.80607 1.35355 0.5
v -1.35355 1.80607 0.5
v 1.28891 1.87071 -0.5
v 1.87071 1.28891 -0.5
v 1.28891 1.87071 0.5
v 1.87071 1.28891 0.5
v -1.87071 1.28891 -0.5
v -1.28891 1.87071 -0.5
v -1.87071 1.28891 0.5
v -1.28891 1.87071 0.5
v 1.61213 1.61213 -0.5
v 1.61213 1.61213 0.5
v -1.61213 1.61213 -0.5
v -1.61213 1.61213 0.5
v 2 1.09497 -0.5
v 2 1.09497 0.5
v 1.09497 2 -0.5
v 1.09497 2 0.5
v -1.09497 2 -0.5
v -1.09497 2 0.5
v -2 1.09497 -0.5
v -2 1.09497 0.5
v 1.54749 1.67678 -0.5
v 1.67678 1.54749 -0.5
v 1.54749 1.67678 0.5
v 1.67678 1.54749 0.5
v -1.67678 1.54749 -0.5
v -1.54749 1.67678 -0.5
v -1.67678 1.54749 0.5
v -1.54749 1.67678 0.5
v 1.48284 1.74142 -0.5
v 1.74142 1.48284 -0.5
v 1.48284 1.74142 0.5
v 1.74142 1.48284 0.5
v -1.74142 1.48284 -0.5
v -1.48284 1.74142 -0.5
v -1.74142 1.48284 0.5
v -1.48284 1.74142 0.5
v 1.22426 1.93536 -0.5
v 1.93536 1.22426 -0.5
v 1.22426 1.93536 0.5
v 1.93536 1.22426 0.5
v -1.93536 1.22426 -0.5
v -1.22426 1.93536 -0.5
v -1.93536 1.22426 0.5
v -1.22426 1.93536 0.5
v 1.4182 1.80607 -0.5
v 1.80607 1.4182 -0.5
v 1.4182 1.80607 0.5
v 1.80607 1.4182 0.5
v -1.80607 1.4182 -0.5
v -1.4182 1.80607 -0.5
v -1.80607 1.4182 0.5
v -1.4182 1.80607 0.5
v 1.35355 1.87071 -0.5
v 1.87071 1.35355 -0.5
v 1.35355 1.87071 0.5
v 1.87071 1.35355 0.5
v -1.87071 1.35355 -0.5
v -1.35355 1.87071 -0.5
v -1.87071 1.35355 0.5
v -1.35355 1.87071 0.5
v 2 1.15962 -0.5
v 2 1.15962 0.5
v 1.15962 2 -0.5
v 1.15962 2 0.5
v -1.15962 2 -0.5
v -1.15962 2 0.5
v -2 1.15962 -0.5
v -2 1.15962 0.5
v 1.28891 1.93536 -0.5
v 1.93536 1.28891 -0.5
v 1.28891 1.93536 0.5
v 1.93536 1.28891 0.5
v -1.93536 1.28891 -0.5
v -1.28891 1.93536 -0.5
v -1.93536 1.28891 0.5
v -1.28891 1.93536 0.5
v 1.61213 1.67678 -0.5
v 1.67678 1.61213 -0.5
v 1.61213 1.67678 0.5
v 1.67678 1.61213 0.5
v -1.67678 1.61213 -0.5
v -1.61213 1.67678 -0.5
v -1.67678 1.61213 0.5
v -1.61213 1.67678 0.5
v 1.54749 1.74142 -0.5
v 1.74142 1.54749 -0.5
v 1.54749 1.74142 0.5
v 1.74142 1.54749 0.5
v -1.74142 1.54749 -0.5
v -1.54749 1.74142 -0.5
v -1.74142 1.54749 0.5
v -1.54749 1.74142 0.5
v 1.48284 1.80607 -0.5
v 1.80607 1.48284 -0.5
v 1.48284 1.80607 0.5
v 1.80607 1.48284 0.5
v -1.80607 1.48284 -0.5
v -1.48284 1.80607 -0.5
v -1.80607 1.48284 0.5
v -1.48284 1.80607 0.5
v 2 1.22426 -0.5
v 2 1.22426 0.5
v 1.22426 2 -0.5
v 1.22426 2 0.5
v -1.22426 2 -0.5
v -1.22426 2 0.5
v -2 1.22426 -0.5
v -2 1.22426 0.5
v 1.4182 1.87071 -0.5
v 1.87071 1.4182 -0.5
v 1.4182 1.87071 0.5
v 1.87071 1.4182 0.5
v -1.87071 1.4182 -0.5
v -1.4182 1.87071 -0.5
v -1.87071 1.4182 0.5
v -1.4182 1.87071 0.5
v 1.35355 1.93536 -0.5
v 1.93536 1.35355 -0.5
v 1.35355 1.93536 0.5
v 1.93536 1.35355 0.5
v -1.93536 1.35355 -0.5
v -1.35355 1.93536 -0.5
v -1.93536 1.35355 0.5
v -1.35355 1.93536 0.5
v 1.67678 1.67678 -0.5
v 1.67678 1.67678 0.5
v -1.67678 1.67678 -0.5
v -1.67678 1.67678 0.5
v 1.61213 1.74142 -0.5
v 1.74142 1.61213 -0.5
v 1.61213 1.74142 0.5
v 1.74142 1.61213 0.5
v -1.74142 1.61213 -0.5
v -1.61213 1.74142 -0.5
v -1.74142 1.61213 0.5
v -1.61213 1.74142 0.5
v 1.54749 1.80607 -0.5
v 1.80607 1.54749 -0.5
v 1.54749 1.80607 0.5
v 1.80607 1.54749 0.5
v -1.80607 1.54749 -0.5
v -1.54749 1.80607 -0.5
v -1.80607 1.54749 0.5
v -1.54749 1.80607 0.5
v 2 1.28891 -0.5
v 2 1.28891 0.5
v 1.28891 2 -0.5
v 1.28891 2 0.5
v -1.28891 2 -0.5
v -1.28891 2 0.5
v -2 1.28891 -0.5
v -2 1.28891 0.5
v 1.48284 1.87071 -0.5
v 1.87071 1.48284 -0.5
v 1.48284 1.87071 0.5
v 1.87071 1.48284 0.5
v -1.87071 1.48284 -0.5
v -1.48284 1.87071 -0.5
v -1.87071 1.48284 0.5
v -1.48284 1.87071 0.5
v 1.4182 1.93536 -0.5
v 1.93536 1.4182 -0.5
v 1.4182 1.93536 0.5
v 1.93536 1.4182 0.5
v -1.93536 1.4182 -0.5
v -1.4182 1.93536 -0.5
v -1.93536 1.4182 0.5
v -1.4182 1.93536 0.5
v 2 1.35355 -0.5
v 2 1.35355 0.5
v 1.35355 2 -0.5
v 1.35355 2 0.5
v -1.35355 2 -0.5
v -1.35355 2 0.5
v -2 1.35355 -0.5
v -2 1.35355 0.5
v 1.67678 1.74142 -0.5
v 1.74142 1.67678 -0.5
v 1.67678 1.74142 0.5
v 1.74142 1.67678 0.5
v -1.74142 1.67678 -0.5
v -1.67678 1.74142 -0.5
v -1.74142 1.67678 0.5
v -1.67678 1.74142 0.5
v 1.61213 1.80607 -0.5
v 1.80607 1.61213 -0.5
v 1.61213 1.80607 0.5
v 1.80607 1.61213 0.5
v -1.80607 1.61213 -0.5
v -1.61213 1.80607 -0.5
v -1.80607 1.61213 0.5
v -1.61213 1.80607 0.5
v 1.54749 1.87071 -0.5
v 1.87071 1.54749 -0.5
v 1.54749 1.87071 0.5
v 1.87071 1.54749 0.5
v -1.87071 1.54749 -0.5
v -1.54749 1.87071 -0.5
v -1.87071 1.54749 0.5
v -1.54749 1.87071 0.5
v 1.48284 1.93536 -0.5
v 1.93536 1.48284 -0.5
v 1.48284 1.93536 0.5
v 1.93536 1.48284 0.5
v -1.93536 1.48284 -0.5
v -1.48284 1.93536 -0.5
v -1.93536 1.48284 0.5
v -1.48284 1.93536 0.5
v 2 1.4182 -0.5
v 2 1.4182 0.5
v 1.4182 2 -0.5
v 1.4182 2 0.5
v -1.4182 2 -0.5
v -1.4182 2 0.5
v -2 1.4182 -0.5
v -2 1.4182 0.5
v 1.74142 1.74142 -0.5
v 1.74142 1.74142 0.5
v -1.74142 1.74142 -0.5
v -1.74142 1.74142 0.5
v 1.67678 1.80607 -0.5
v 1.80607 1.67678 -0.5
v 1.67678 1.80607 0.5
v 1.80607 1.67678 0.5
v -1.80607 1.67678 -0.5
v -1.67678 1.80607 -0.5
v -1.80607 1.67678 0.5
v -1.67678 1.80607 0.5
v 1.61213 1.87071 -0.5
v 1.87071 1.61213 -0.5
v 1.61213 1.87071 0.5
v 1.87071 1.61213 0.5
v -1.87071 1.61213 -0.5
v -1.61213 1.87071 -0.5
v -1.87071 1.61213 0.5
v -1.61213 1.87071 0.5
v 1.54749 1.93536 -0.5
v 1.93536 1.54749 -0.5
v 1.54749 1.93536 0.5
v 1.93536 1.54749 0.5
v -1.93536 1.54749 -0.5
v -1.54749 1.93536 -0.5
v -1.93536 1.54749 0.5
v -1.54749 1.93536 0.5
v 2 1.48284 -0.5
v 2 1.48284 0.5
v 1.48284 2 -0.5
v 1.48284 2 0.5
v -1.48284 2 -0.5
v -1.48284 2 0.5
v -2 1.48284 -0.5
v -2 1.48284 0.5
v 1.74142 1.80607 -0.5
v 1.80607 1.74142 -0.5
v 1.74142 1.80607 0.5
v 1.80607 1.74142 0.5
v -1.80607 1.74142 -0.5
v -1.74142 1.80607 -0.5
v -1.80607 1.74142 0.5
v -1.74142 1.80607 0.5
v 1.67678 1.87071 -0.5
v 1.87071 1.67678 -0.5
v 1.67678 1.87071 0.5
v 1.87071 1.67678 0.5
v -1.87071 1.67678 -0.5
v -1.67678 1.87071 -0.5
v -1.87071 1.67678 0.5
v -1.67678 1.87071 0.5
v 1.61213 1.93536 -0.5
v 1.93536 1.61213 -0.5
v 1.61213 1.93536 0.5
v 1.93536 1.61213 0.5
v -1.93536 1.61213 -0.5
v -1.61213 1.93536 -0.5
v -1.93536 1.61213 0.5
v -1.61213 1.93536 0.5
v 2 1.54749 -0.5
v 2 1.54749 0.5
v 1.54749 2 -0.5
v 1.54749 2 0.5
v -1.54749 2 -0.5
v -1.54749 2 0.5
v -2 1.54749 -0.5
v -2 1.54749 0.5
v 1.80607 1.80607 -0.5
v 1.80607 1.80607 0.5
v -1.80607 1.80607 -0.5
v -1.80607 1.80607 0.5
v 1.74142 1.87071 -0.5
v 1.87071 1.74142 -0.5
v 1.74142 1.87071 0.5
v 1.87071 1.74142 0.5
v -1.87071 1.74142 -0.5
v -1.74142 1.87071 -0.5
v -1.87071 1.74142 0.5
v -1.74142 1.87071 0.5
v 1.67678 1.93536 -0.5
v 1.93536 1.67678 -0.5
v 1.67678 1.93536 0.5
v 1.93536 1.67678 0.5
v -1.93536 1.67678 -0.5
v -1.67678 1.93536 -0.5
v -1.93536 1.67678 0.5
v -1.67678 1.93536 0.5
v 2 1.61213 -0.5
v 2 1.61213 0.5
v 1.61213 2 -0.5
v 1.61213 2 0.5
v -1.61213 2 -0.5
v -1.61213 2 0.5
v -2 1.61213 -0.5
v -2 1.61213 0.5
v 1.80607 1.87071 -0.5
v 1.87071 1.80607 -0.5
v 1.80607 1.87071 0.5
v 1.87071 1.80607 0.5
v -1.87071 1.80607 -0.5
v -1.80607 1.87071 -0.5
v -1.87071 1.80607 0.5
v -1.80607 1.87071 0.5
v 1.74142 1.93536 -0.5
v 1.93536 1.74142 -0.5
v 1.74142 1.93536 0.5
v 1.93536 1.74142 0.5
v -1.93536 1.74142 -0.5
v -1.74142 1.93536 -0.5
v -1.93536 1.74142 0.5
v -1.74142 1.93536 0.5
v 2 1.67678 -0.5
v 2 1.67678 0.5
v 1.67678 2 -0.5
v 1.67678 2 0.5
v -1.67678 2 -0.5
v -1.67678 2 0.5
v -2 1.67678 -0.5
v -2 1.67678 0.5
v 1.87071 1.87071 -0.5
v 1.87071 1.87071 0.5
v -1.87071 1.87071 -0.5
v -1.87071 1.87071 0.5
v 1.80607 1.93536 -0.5
v 1.93536 1.80607 -0.5
v 1.80607 1.93536 0.5
v 1.93536 1.80607 0.5
v -1.93536 1.80607 -0.5
v -1.80607 1.93536 -0.5
v -1.93536 1.80607 0.5
v -1.80607 1.93536 0.5
v 2 1.74142 -0.5
v 2 1.74142 0.5
v 1.74142 2 -0.5
v 1.74142 2 0.5
v -1.74142 2 -0.5
v -1.74142 2 0.5
v -2 1.74142 -0.5
v -2 1.74142 0.5
v 1.87071 1.93536 -0.5
v 1.93536 1.87071 -0.5
v 1.87071 1.93536 0.5
v 1.93536 1.87071 0.5
v -1.93536 1.87071 -0.5
v -1.87071 1.93536 -0.5
v -1.93536 1.87071 0.5
v -1.87071 1.93536 0.5
v 2 1.80607 -0.5
v 2 1.80607 0.5
v 1.80607 2 -0.5
v 1.80607 2 0.5
v -1.80607 2 -0.5
v -1.80607 2 0.5
v -2 1.80607 -0.5
v -2 1.80607 0.5
v 1.93536 1.93536 -0.5
v 1.93536 1.93536 0.5
v -1.93536 1.93536 -0.5
v -1.93536 1.93536 0.5
v 2 1.87071 -0.5
v 2 1.87071 0.5
v 1.87071 2 -0.5
v 1.87071 2 0.5
v -1.87071 2 -0.5
v -1.87071 2 0.5
v -2 1.87071 -0.5
v -2 1.87071 0.5
v 2 1.93536 -0.5
v 2 1.93536 0.5
v 1.93536 2 -0.5
v 1.93536 2 0.5
v -1.93536 2 -0.5
v -1.93536 2 0.5
v -2 1.93536 -0.5
v -2 1.93536 0.5
v 2 2 -0.5
v 2 2 0.5
v -2 2 -0.5
v -2 2 0.5
# </points>

# <faces count="8440">
g down
f 53 54 143
f 53 143 144
f 144 143 225
f 144 225 226
f 226 225 307
f 226 307 308
f 308 307 361
f 308 361 362
f 362 361 463
f 362 463 464
f 464 463 537
f 464 537 538
f 538 537 615
f 538 615 616
f 616 615 685
f 616 685 686
f 686 685 771
f 686 771 772
f 772 771 853
f 772 853 854
f 854 853 983
f 854 983 984
f 984 983 1073
f 984 1073 1074
f 1074 1073 1167
f 1074 1167 1168
f 1168 1167 1265
f 1168 1265 1266
f 1266 1265 1295
f 1266 1295 1296
f 1296 1295 1393
f 1296 1393 1394
f 1394 1393 1503
f 1394 1503 1504
f 1504 1503 1617
f 1504 1617 1618
f 1618 1617 1735
f 1618 1735 1736
f 1736 1735 1849
f 1736 1849 1850
f 1850 1849 1979
f 1850 1979 1980
f 1980 1979 2113
f 1980 2113 2114
f 2114 2113 2251
f 2114 2251 2252
f 2252 2251 2377
f 2252 2377 2378
f 2378 2377 2523
f 2378 2523 2524
f 2524 2523 2665
f 2524 2665 2666
f 2666 2665 2811
f 2666 2811 2812
f 2812 2811 2953
f 2812 2953 2954
f 2954 2953 3115
f 2954 3115 3116
f 3116 3115 3265
f 3116 3265 3266
f 855 856 773
f 855 773 774
f 774 773 687
f 774 687 688
f 688 687 617
f 688 617 618
f 618 617 539
f 618 539 540
f 540 539 465
f 540 465 466
f 466 465 363
f 466 363 364
f 364 363 309
f 364 309 310
f 310 309 227
f 310 227 228
f 228 227 145
f 228 145 146
f 146 145 55
f 146 55 56
f 3267 3268 3117
f 3267 3117 3118
f 3118 3117 2955
f 3118 2955 2956
f 2956 2955 2813
f 2956 2813 2814
f 2814 2813 2667
f 2814 2667 2668
f 2668 2667 2525
f 2668 2525 2526
f 2526 2525 2379
f 2526 2379 2380
f 2380 2379 2253
f 2380 2253 2254
f 2254 2253 2115
f 2254 2115 2116
f 2116 2115 1981
f 2116 1981 1982
f 1982 1981 1851
f 1982 1851 1852
f 1852 1851 1737
f 1852 1737 1738
f 1738 1737 1619
f 1738 1619 1620
f 1620 1619 1505
f 1620 1505 1506
f 1506 1505 1395
f 1506 1395 1396
f 1396 1395 1297
f 1396 1297 1298
f 1298 1297 1267
f 1298 1267 1268
f 1268 1267 1169
f 1268 1169 1170
f 1170 1169 1075
f 1170 1075 1076
f 1076 1075 985
f 1076 985 986
f 986 985 856
f 986 856 855
g right
f 3266 3265 3271
f 3266 3271 3272
f 3272 3271 3287
f 3272 3287 3288
f 3288 3287 3315
f 3288 3315 3316
f 3316 3315 3339
f 3316 3339 3340
f 3340 3339 3379
f 3340 3379 3380
f 3380 3379 3403
f 3380 3403 3404
f 3404 3403 3451
f 3404 3451 3452
f 3452 3451 3491
f 3452 3491 3492
f 3492 3491 3527
f 3492 3527 3528
f 3528 3527 3583
f 3528 3583 3584
f 3584 3583 3623
f 3584 3623 3624
f 3624 3623 3679
f 3624 3679 3680
f 3680 3679 3715
f 3680 3715 3716
f 3716 3715 3755
f 3716 3755 3756
f 3756 3755 3803
f 3756 3803 3804
f 3804 3803 3839
f 3804 3839 3840
f 3840 3839 3887
f 3840 3887 3888
f 3888 3887 3927
f 3888 3927 3928
f 3928 3927 3971
f 3928 3971 3972
f 3972 3971 3995
f 3972 3995 3996
f 3996 3995 4035
f 3996 4035 4036
f 4036 4035 4071
f 4036 4071 4072
f 4072 4071 4103
f 4072 4103 4104
f 4104 4103 4131
f 4104 4131 4132
f 4132 4131 4155
f 4132 4155 4156
f 4156 4155 4175
f 4156 4175 4176
f 4176 4175 4191
f 4176 4191 4192
f 4192 4191 4203
f 4192 4203 4204
f 4204 4203 4211
f 4204 4211 4212
f 4212 4211 4219
f 4212 4219 4220
g up
f 3273 3269 3270
f 3274 3273 3270
f 3289 3273 3274
f 3290 3289 3274
f 3317 3289 3290
f 3318 3317 3290
f 3341 3317 3318
f 3342 3341 3318
f 3381 3341 3342
f 3382 3381 3342
f 3405 3381 3382
f 3406 3405 3382
f 3453 3405 3406
f 3454 3453 3406
f 3493 3453 3454
f 3494 3493 3454
f 3529 3493 3494
f 3530 3529 3494
f 3585 3529 3530
f 3586 3585 3530
f 3625 3585 3586
f 3626 3625 3586
f 3681 3625 3626
f 3682 3681 3626
f 3717 3681 3682
f 3718 3717 3682
f 3757 3717 3718
f 3758 3757 3718
f 3805 3757 3758
f 3806 3805 3758
f 3841 3805 3806
f 3842 3841 3806
f 3889 3841 3842
f 3890 3889 3842
f 3929 3889 3890
f 3930 3929 3890
f 3973 3929 3930
f 3974 3973 3930
f 3997 3973 3974
f 3998 3997 3974
f 4037 3997 3998
f 4038 4037 3998
f 4073 4037 4038
f 4074 4073 4038
f 4105 4073 4074
f 4106 4105 4074
f 4133 4105 4106
f 4134 4133 4106
f 4157 4133 4134
f 4158 4157 4134
f 4177 4157 4158
f 4178 4177 4158
f 4193 4177 4178
f 4194 4193 4178
f 4205 4193 4194
f 4206 4205 4194
f 4213 4205 4206
f 4214 4213 4206
f 4219 4213 4214
f 4220 4219 4214
f 3531 3587 3588
f 3532 3531 3588
f 3495 3531 3532
f 3496 3495 3532
f 3455 3495 3496
f 3456 3455 3496
f 3407 3455 3456
f 3408 3407 3456
f 3383 3407 3408
f 3384 3383 3408
f 3343 3383 3384
f 3344 3343 3384
f 3319 3343 3344
f 3320 3319 3344
f 3291 3319 3320
f 3292 3291 3320
f 3275 3291 3292
f 3276 3275 3292
f 3269 3275 3276
f 3270 3269 3276
f 4215 4221 4222
f 4216 4215 4222
f 4207 4215 4216
f 4208 4207 4216
f 4195 4207 4208
f 4196 4195 4208
f 4179 4195 4196
f 4180 4179 4196
f 4159 4179 4180
f 4160 4159 4180
f 4135 4159 4160
f 4136 4135 4160
f 4107 4135 4136
f 4108 4107 4136
f 4075 4107 4108
f 4076 4075 4108
f 4039 4075 4076
f 4040 4039 4076
f 3999 4039 4040
f 4000 3999 4040
f 3975 3999 4000
f 3976 3975 4000
f 3931 3975 3976
f 3932 3931 3976
f 3891 3931 3932
f 3892 3891 3932
f 3843 3891 3892
f 3844 3843 3892
f 3807 3843 3844
f 3808 3807 3844
f 3759 3807 3808
f 3760 3759 3808
f 3719 3759 3760
f 3720 3719 3760
f 3683 3719 3720
f 3684 3683 3720
f 3627 3683 3684
f 3628 3627 3684
f 3587 3627 3628
f 3588 3587 3628
g left
f 3277 3268 3267
f 3278 3277 3267
f 3293 3277 3278
f 3294 3293 3278
f 3321 3293 3294
f 3322 3321 3294
f 3345 3321 3322
f 3346 3345 3322
f 3385 3345 3346
f 3386 3385 3346
f 3409 3385 3386
f 3410 3409 3386
f 3457 3409 3410
f 3458 3457 3410
f 3497 3457 3458
f 3498 3497 3458
f 3533 3497 3498
f 3534 3533 3498
f 3589 3533 3534
f 3590 3589 3534
f 3629 3589 3590
f 3630 3629 3590
f 3685 3629 3630
f 3686 3685 3630
f 3721 3685 3686
f 3722 3721 3686
f 3761 3721 3722
f 3762 3761 3722
f 3809 3761 3762
f 3810 3809 3762
f 3845 3809 3810
f 3846 3845 3810
f 3893 3845 3846
f 3894 3893 3846
f 3933 3893 3894
f 3934 3933 3894
f 3977 3933 3934
f 3978 3977 3934
f 4001 3977 3978
f 4002 4001 3978
f 4041 4001 4002
f 4042 4041 4002
f 4077 4041 4042
f 4078 4077 4042
f 4109 4077 4078
f 4110 4109 4078
f 4137 4109 4110
f 4138 4137 4110
f 4161 4137 4138
f 4162 4161 4138
f 4181 4161 4162
f 4182 4181 4162
f 4197 4181 4182
f 4198 4197 4182
f 4209 4197 4198
f 4210 4209 4198
f 4217 4209 4210
f 4218 4217 4210
f 4221 4217 4218
f 4222 4221 4218
g cylinder
f 45 9 10
f 46 45 10
f 1 45 46
f 2 1 46
f 29 1 2
f 30 29 2
f 21 29 30
f 22 21 30
f 67 21 22
f 68 67 22
f 13 67 68
f 14 13 68
f 59 13 14
f 60 59 14
f 37 59 60
f 38 37 60
f 75 37 38
f 76 75 38
f 57 75 76
f 58 57 76
f 77 54 53
f 78 77 53
f 39 77 78
f 40 39 78
f 61 39 40
f 62 61 40
f 15 61 62
f 16 15 62
f 69 15 16
f 70 69 16
f 23 69 70
f 24 23 70
f 31 23 24
f 32 31 24
f 3 31 32
f 4 3 32
f 47 3 4
f 48 47 4
f 9 47 48
f 10 9 48
f 11 12 49
f 11 49 50
f 50 49 5
f 6 5 49
f 5 6 33
f 5 33 34
f 34 33 25
f 34 25 26
f 26 25 71
f 72 71 25
f 71 72 17
f 71 17 18
f 18 17 63
f 18 63 64
f 64 63 41
f 64 41 42
f 42 41 79
f 42 79 80
f 80 79 57
f 80 57 58
f 56 55 81
f 56 81 82
f 82 81 43
f 82 43 44
f 44 43 65
f 44 65 66
f 66 65 19
f 66 19 20
f 20 19 73
f 20 73 74
f 74 73 27
f 28 27 73
f 27 28 35
f 27 35 36
f 36 35 7
f 36 7 8
f 8 7 51
f 52 51 7
f 51 52 12
f 51 12 11
g defaultFaces
f 45 95 83
f 45 83 9
f 1 119 95
f 1 95 45
f 29 127 119
f 29 119 1
f 21 111 127
f 21 127 29
f 67 149 111
f 67 111 21
f 13 135 149
f 13 149 67
f 59 103 135
f 59 135 13
f 37 157 103
f 37 103 59
f 75 87 157
f 75 157 37
f 57 147 87
f 57 87 75
f 95 173 197
f 95 197 83
f 119 181 173
f 119 173 95
f 127 189 181
f 127 181 119
f 111 201 189
f 111 189 127
f 149 239 201
f 149 201 111
f 135 231 239
f 135 239 149
f 103 217 231
f 103 231 135
f 157 209 217
f 157 217 103
f 87 165 209
f 87 209 157
f 147 229 165
f 147 165 87
f 173 299 247
f 173 247 197
f 181 267 299
f 181 299 173
f 189 291 267
f 189 267 181
f 201 283 291
f 201 291 189
f 239 313 283
f 239 283 201
f 231 321 313
f 231 313 239
f 217 251 321
f 217 321 231
f 209 259 251
f 209 251 217
f 165 275 259
f 165 259 209
f 229 311 275
f 229 275 165
f 299 375 407
f 247 299 407
f 267 399 375
f 299 267 375
f 291 353 399
f 267 291 399
f 283 329 353
f 291 283 353
f 313 391 329
f 283 313 329
f 321 337 391
f 313 321 391
f 251 367 337
f 321 251 337
f 259 383 367
f 251 259 367
f 275 345 383
f 259 275 383
f 311 365 345
f 275 311 345
f 375 419 443
f 407 375 443
f 399 477 419
f 375 399 419
f 353 447 477
f 399 353 477
f 329 469 447
f 353 329 447
f 391 485 469
f 329 391 469
f 337 427 485
f 391 337 485
f 367 411 427
f 337 367 427
f 383 435 411
f 367 383 411
f 345 455 435
f 383 345 435
f 365 467 455
f 345 365 455
f 419 505 493
f 443 419 493
f 551 505 477
f 419 477 505
f 521 551 447
f 477 447 551
f 497 521 469
f 447 469 521
f 567 497 485
f 469 485 497
f 513 567 427
f 485 427 567
f 529 513 411
f 427 411 513
f 559 529 435
f 411 435 529
f 543 559 455
f 435 455 559
f 467 541 543
f 455 467 543
f 621 637 505
f 493 505 637
f 575 621 551
f 505 551 621
f 607 575 551
f 607 551 521
f 649 607 521
f 649 521 497
f 641 649 497
f 641 497 567
f 591 641 567
f 591 567 513
f 583 591 513
f 583 513 529
f 599 583 529
f 599 529 559
f 629 599 543
f 559 543 599
f 619 629 541
f 543 541 629
f 657 665 637
f 657 637 621
f 677 657 621
f 677 621 575
f 691 677 575
f 691 575 607
f 669 691 607
f 669 607 649
f 715 669 649
f 715 649 641
f 699 715 641
f 699 641 591
f 707 699 591
f 707 591 583
f 731 707 583
f 731 583 599
f 723 731 599
f 723 599 629
f 689 723 629
f 689 629 619
f 809 817 665
f 809 665 657
f 763 809 657
f 763 657 677
f 777 763 677
f 777 677 691
f 755 777 691
f 755 691 669
f 801 755 669
f 801 669 715
f 793 801 715
f 793 715 699
f 747 793 699
f 747 699 707
f 785 747 707
f 785 707 731
f 739 785 731
f 739 731 723
f 775 739 723
f 775 723 689
f 845 875 817
f 845 817 809
f 837 845 809
f 837 809 763
f 867 837 763
f 867 763 777
f 895 867 777
f 895 777 755
f 887 895 755
f 887 755 801
f 879 887 801
f 879 801 793
f 859 879 793
f 859 793 747
f 821 859 747
f 821 747 785
f 829 821 785
f 829 785 739
f 857 829 739
f 857 739 775
f 84 96 46
f 10 84 46
f 96 120 2
f 46 96 2
f 120 128 30
f 2 120 30
f 128 112 22
f 30 128 22
f 112 150 68
f 22 112 68
f 150 136 14
f 68 150 14
f 136 104 60
f 14 136 60
f 104 158 38
f 60 104 38
f 158 88 76
f 38 158 76
f 88 148 58
f 76 88 58
f 198 174 96
f 84 198 96
f 174 182 120
f 96 174 120
f 182 190 128
f 120 182 128
f 190 202 112
f 128 190 112
f 202 240 150
f 112 202 150
f 240 232 136
f 150 240 136
f 232 218 104
f 136 232 104
f 218 210 158
f 104 218 158
f 210 166 88
f 158 210 88
f 166 230 148
f 88 166 148
f 248 300 174
f 198 248 174
f 300 268 182
f 174 300 182
f 268 292 190
f 182 268 190
f 292 284 202
f 190 292 202
f 284 314 240
f 202 284 240
f 314 322 232
f 240 314 232
f 322 252 218
f 232 322 218
f 252 260 210
f 218 252 210
f 260 276 166
f 210 260 166
f 276 312 230
f 166 276 230
f 408 376 300
f 408 300 248
f 376 400 268
f 376 268 300
f 400 354 292
f 400 292 268
f 354 330 284
f 354 284 292
f 330 392 314
f 330 314 284
f 392 338 322
f 392 322 314
f 338 368 252
f 338 252 322
f 368 384 260
f 368 260 252
f 384 346 276
f 384 276 260
f 346 366 312
f 346 312 276
f 444 420 376
f 444 376 408
f 420 478 400
f 420 400 376
f 478 448 354
f 478 354 400
f 448 470 330
f 448 330 354
f 470 486 392
f 470 392 330
f 486 428 338
f 486 338 392
f 428 412 368
f 428 368 338
f 412 436 384
f 412 384 368
f 436 456 346
f 436 346 384
f 456 468 366
f 456 366 346
f 494 506 420
f 494 420 444
f 420 506 478
f 552 478 506
f 478 552 448
f 522 448 552
f 448 522 470
f 498 470 522
f 470 498 486
f 568 486 498
f 486 568 428
f 514 428 568
f 428 514 412
f 530 412 514
f 412 530 436
f 560 436 530
f 436 560 456
f 544 456 560
f 544 542 468
f 544 468 456
f 494 638 506
f 622 506 638
f 506 622 552
f 576 552 622
f 552 576 608
f 522 552 608
f 522 608 650
f 498 522 650
f 498 650 642
f 568 498 642
f 568 642 592
f 514 568 592
f 514 592 584
f 530 514 584
f 530 584 600
f 560 530 600
f 560 600 544
f 630 544 600
f 544 630 542
f 620 542 630
f 638 666 658
f 622 638 658
f 622 658 678
f 576 622 678
f 576 678 692
f 608 576 692
f 608 692 670
f 650 608 670
f 650 670 716
f 642 650 716
f 642 716 700
f 592 642 700
f 592 700 708
f 584 592 708
f 584 708 732
f 600 584 732
f 600 732 724
f 630 600 724
f 630 724 690
f 620 630 690
f 666 818 810
f 658 666 810
f 658 810 764
f 678 658 764
f 678 764 778
f 692 678 778
f 692 778 756
f 670 692 756
f 670 756 802
f 716 670 802
f 716 802 794
f 700 716 794
f 700 794 748
f 708 700 748
f 708 748 786
f 732 708 786
f 732 786 740
f 724 732 740
f 724 740 776
f 690 724 776
f 818 876 846
f 810 818 846
f 810 846 838
f 764 810 838
f 764 838 868
f 778 764 868
f 778 868 896
f 756 778 896
f 756 896 888
f 802 756 888
f 802 888 880
f 794 802 880
f 794 880 860
f 748 794 860
f 748 860 822
f 786 748 822
f 786 822 830
f 740 786 830
f 740 830 858
f 776 740 858
f 89 143 54
f 77 89 54
f 159 89 77
f 39 159 77
f 105 159 39
f 61 105 39
f 137 105 61
f 15 137 61
f 151 137 15
f 69 151 15
f 113 151 69
f 23 113 69
f 129 113 23
f 31 129 23
f 121 129 31
f 3 121 31
f 97 121 3
f 47 97 3
f 83 97 47
f 9 83 47
f 167 225 143
f 89 167 143
f 211 167 89
f 159 211 89
f 219 211 159
f 105 219 159
f 233 219 105
f 137 233 105
f 241 233 137
f 151 241 137
f 203 241 151
f 113 203 151
f 191 203 113
f 129 191 113
f 183 191 129
f 121 183 129
f 175 183 121
f 97 175 121
f 197 175 97
f 83 197 97
f 277 307 225
f 167 277 225
f 261 277 167
f 211 261 167
f 253 261 211
f 219 253 211
f 323 253 219
f 233 323 219
f 315 323 233
f 241 315 233
f 285 315 241
f 203 285 241
f 293 285 203
f 191 293 203
f 269 293 191
f 183 269 191
f 301 269 183
f 175 301 183
f 247 301 175
f 197 247 175
f 347 361 307
f 347 307 277
f 385 347 277
f 385 277 261
f 369 385 261
f 369 261 253
f 339 369 253
f 339 253 323
f 393 339 323
f 393 323 315
f 331 393 315
f 331 315 285
f 355 331 285
f 355 285 293
f 401 355 293
f 401 293 269
f 377 401 269
f 377 269 301
f 407 377 301
f 407 301 247
f 457 463 361
f 457 361 347
f 437 457 347
f 437 347 385
f 413 437 385
f 413 385 369
f 429 413 369
f 429 369 339
f 487 429 339
f 487 339 393
f 471 487 393
f 471 393 331
f 449 471 331
f 449 331 355
f 479 449 355
f 479 355 401
f 421 479 401
f 421 401 377
f 443 421 377
f 443 377 407
f 545 537 463
f 545 463 457
f 437 561 457
f 545 457 561
f 413 531 437
f 561 437 531
f 429 515 413
f 531 413 515
f 487 569 429
f 515 429 569
f 471 499 487
f 569 487 499
f 449 523 471
f 499 471 523
f 479 553 449
f 523 449 553
f 421 507 479
f 553 479 507
f 493 507 421
f 493 421 443
f 545 631 537
f 615 537 631
f 561 601 545
f 631 545 601
f 531 585 601
f 561 531 601
f 515 593 585
f 531 515 585
f 569 643 593
f 515 569 593
f 499 651 643
f 569 499 643
f 523 609 651
f 499 523 651
f 553 577 609
f 523 553 609
f 507 623 553
f 577 553 623
f 493 637 507
f 623 507 637
f 631 725 685
f 615 631 685
f 601 733 725
f 631 601 725
f 585 709 733
f 601 585 733
f 593 701 709
f 585 593 709
f 643 717 701
f 593 643 701
f 651 671 717
f 643 651 717
f 609 693 671
f 651 609 671
f 577 679 693
f 609 577 693
f 623 659 679
f 577 623 679
f 637 665 659
f 623 637 659
f 725 741 771
f 685 725 771
f 733 787 741
f 725 733 741
f 709 749 787
f 733 709 787
f 701 795 749
f 709 701 749
f 717 803 795
f 701 717 795
f 671 757 803
f 717 671 803
f 693 779 757
f 671 693 757
f 679 765 779
f 693 679 779
f 659 811 765
f 679 659 765
f 665 817 811
f 659 665 811
f 741 831 853
f 771 741 853
f 787 823 831
f 741 787 831
f 749 861 823
f 787 749 823
f 795 881 861
f 749 795 861
f 803 889 881
f 795 803 881
f 757 897 889
f 803 757 889
f 779 869 897
f 757 779 897
f 765 839 869
f 779 765 869
f 811 847 839
f 765 811 839
f 817 875 847
f 811 817 847
f 53 144 90
f 53 90 78
f 78 90 160
f 78 160 40
f 40 160 106
f 40 106 62
f 62 106 138
f 62 138 16
f 16 138 152
f 16 152 70
f 70 152 114
f 70 114 24
f 24 114 130
f 24 130 32
f 32 130 122
f 32 122 4
f 4 122 98
f 4 98 48
f 48 98 84
f 48 84 10
f 144 226 168
f 144 168 90
f 90 168 212
f 90 212 160
f 160 212 220
f 160 220 106
f 106 220 234
f 106 234 138
f 138 234 242
f 138 242 152
f 152 242 204
f 152 204 114
f 114 204 192
f 114 192 130
f 130 192 184
f 130 184 122
f 122 184 176
f 122 176 98
f 98 176 198
f 98 198 84
f 226 308 278
f 226 278 168
f 168 278 262
f 168 262 212
f 212 262 254
f 212 254 220
f 220 254 324
f 220 324 234
f 234 324 316
f 234 316 242
f 242 316 286
f 242 286 204
f 204 286 294
f 204 294 192
f 192 294 270
f 192 270 184
f 184 270 302
f 184 302 176
f 176 302 248
f 176 248 198
f 308 362 348
f 278 308 348
f 278 348 386
f 262 278 386
f 262 386 370
f 254 262 370
f 254 370 340
f 324 254 340
f 324 340 394
f 316 324 394
f 316 394 332
f 286 316 332
f 286 332 356
f 294 286 356
f 294 356 402
f 270 294 402
f 270 402 378
f 302 270 378
f 302 378 408
f 248 302 408
f 362 464 458
f 348 362 458
f 348 458 438
f 386 348 438
f 386 438 414
f 370 386 414
f 370 414 430
f 340 370 430
f 340 430 488
f 394 340 488
f 394 488 472
f 332 394 472
f 332 472 450
f 356 332 450
f 356 450 480
f 402 356 480
f 402 480 422
f 378 402 422
f 378 422 444
f 408 378 444
f 464 538 546
f 458 464 546
f 546 562 458
f 438 458 562
f 562 532 438
f 414 438 532
f 532 516 414
f 430 414 516
f 516 570 430
f 488 430 570
f 570 500 488
f 472 488 500
f 500 524 472
f 450 472 524
f 524 554 450
f 480 450 554
f 554 508 480
f 422 480 508
f 422 508 494
f 444 422 494
f 616 632 538
f 546 538 632
f 632 602 546
f 562 546 602
f 602 586 532
f 602 532 562
f 586 594 516
f 586 516 532
f 594 644 570
f 594 570 516
f 644 652 500
f 644 500 570
f 652 610 524
f 652 524 500
f 610 578 554
f 610 554 524
f 578 624 554
f 508 554 624
f 624 638 508
f 494 508 638
f 686 726 632
f 686 632 616
f 726 734 602
f 726 602 632
f 734 710 586
f 734 586 602
f 710 702 594
f 710 594 586
f 702 718 644
f 702 644 594
f 718 672 652
f 718 652 644
f 672 694 610
f 672 610 652
f 694 680 578
f 694 578 610
f 680 660 624
f 680 624 578
f 660 666 638
f 660 638 624
f 772 742 726
f 772 726 686
f 742 788 734
f 742 734 726
f 788 750 710
f 788 710 734
f 750 796 702
f 750 702 710
f 796 804 718
f 796 718 702
f 804 758 672
f 804 672 718
f 758 780 694
f 758 694 672
f 780 766 680
f 780 680 694
f 766 812 660
f 766 660 680
f 812 818 666
f 812 666 660
f 854 832 742
f 854 742 772
f 832 824 788
f 832 788 742
f 824 862 750
f 824 750 788
f 862 882 796
f 862 796 750
f 882 890 804
f 882 804 796
f 890 898 758
f 890 758 804
f 898 870 780
f 898 780 758
f 870 840 766
f 870 766 780
f 840 848 812
f 840 812 766
f 848 876 818
f 848 818 812
f 853 831 975
f 853 975 983
f 831 823 967
f 831 967 975
f 823 861 959
f 823 959 967
f 861 881 951
f 861 951 959
f 881 889 943
f 881 943 951
f 889 897 935
f 889 935 943
f 897 869 927
f 897 927 935
f 869 839 919
f 869 919 927
f 839 847 911
f 839 911 919
f 847 875 903
f 903 911 847
f 983 975 1065
f 983 1065 1073
f 975 967 1057
f 975 1057 1065
f 967 959 1049
f 967 1049 1057
f 959 951 1041
f 959 1041 1049
f 951 943 1033
f 951 1033 1041
f 943 935 1025
f 943 1025 1033
f 935 927 1017
f 935 1017 1025
f 927 919 1009
f 927 1009 1017
f 919 911 1001
f 919 1001 1009
f 911 903 993
f 993 1001 911
f 1073 1065 1159
f 1073 1159 1167
f 1065 1057 1151
f 1065 1151 1159
f 1057 1049 1143
f 1057 1143 1151
f 1049 1041 1135
f 1049 1135 1143
f 1041 1033 1127
f 1041 1127 1135
f 1033 1025 1119
f 1033 1119 1127
f 1025 1017 1111
f 1025 1111 1119
f 1017 1009 1103
f 1017 1103 1111
f 1009 1001 1095
f 1009 1095 1103
f 1001 993 1087
f 1087 1095 1001
f 1167 1159 1249
f 1167 1249 1265
f 1159 1151 1257
f 1159 1257 1249
f 1151 1143 1241
f 1151 1241 1257
f 1143 1135 1233
f 1143 1233 1241
f 1135 1127 1225
f 1135 1225 1233
f 1127 1119 1217
f 1127 1217 1225
f 1119 1111 1209
f 1119 1209 1217
f 1111 1103 1201
f 1111 1201 1209
f 1103 1095 1193
f 1103 1193 1201
f 1095 1087 1185
f 1095 1185 1193
f 1265 1249 1301
f 1265 1301 1295
f 1249 1257 1309
f 1249 1309 1301
f 1257 1241 1325
f 1257 1325 1309
f 1241 1233 1333
f 1241 1333 1325
f 1233 1225 1349
f 1233 1349 1333
f 1225 1217 1357
f 1225 1357 1349
f 1217 1209 1365
f 1217 1365 1357
f 1209 1201 1341
f 1209 1341 1365
f 1201 1193 1317
f 1201 1317 1341
f 1193 1185 1287
f 1193 1287 1317
f 1295 1301 1399
f 1295 1399 1393
f 1301 1309 1407
f 1301 1407 1399
f 1309 1325 1415
f 1309 1415 1407
f 1325 1333 1423
f 1325 1423 1415
f 1333 1349 1431
f 1333 1431 1423
f 1349 1357 1439
f 1349 1439 1431
f 1357 1365 1447
f 1357 1447 1439
f 1365 1341 1455
f 1365 1455 1447
f 1341 1317 1463
f 1341 1463 1455
f 1317 1287 1471
f 1317 1471 1463
f 1393 1399 1509
f 1393 1509 1503
f 1399 1407 1517
f 1399 1517 1509
f 1407 1415 1525
f 1407 1525 1517
f 1415 1423 1533
f 1415 1533 1525
f 1423 1431 1541
f 1423 1541 1533
f 1431 1439 1549
f 1431 1549 1541
f 1439 1447 1557
f 1439 1557 1549
f 1447 1455 1565
f 1447 1565 1557
f 1455 1463 1573
f 1455 1573 1565
f 1463 1471 1581
f 1463 1581 1573
f 1503 1509 1623
f 1503 1623 1617
f 1509 1517 1631
f 1509 1631 1623
f 1517 1525 1639
f 1517 1639 1631
f 1525 1533 1647
f 1525 1647 1639
f 1533 1541 1655
f 1533 1655 1647
f 1541 1549 1663
f 1541 1663 1655
f 1549 1557 1671
f 1549 1671 1663
f 1557 1565 1679
f 1557 1679 1671
f 1565 1573 1687
f 1565 1687 1679
f 1573 1581 1703
f 1573 1703 1687
f 1617 1623 1741
f 1617 1741 1735
f 1623 1631 1749
f 1623 1749 1741
f 1631 1639 1757
f 1631 1757 1749
f 1639 1647 1765
f 1639 1765 1757
f 1647 1655 1773
f 1647 1773 1765
f 1655 1663 1785
f 1655 1785 1773
f 1663 1671 1801
f 1663 1801 1785
f 1671 1679 1809
f 1671 1809 1801
f 1679 1687 1817
f 1679 1817 1809
f 1687 1703 1833
f 1687 1833 1817
f 1735 1741 1855
f 1735 1855 1849
f 1741 1749 1863
f 1741 1863 1855
f 1749 1757 1879
f 1749 1879 1863
f 1757 1765 1895
f 1757 1895 1879
f 1765 1773 1903
f 1765 1903 1895
f 1773 1785 1919
f 1773 1919 1903
f 1785 1801 1927
f 1785 1927 1919
f 1801 1809 1935
f 1801 1935 1927
f 1809 1817 1951
f 1809 1951 1935
f 1817 1833 1959
f 1817 1959 1951
f 1849 1855 1985
f 1849 1985 1979
f 1855 1863 2001
f 1855 2001 1985
f 1863 1879 2009
f 1863 2009 2001
f 1879 1895 2017
f 1879 2017 2009
f 1895 1903 2041
f 1895 2041 2017
f 1903 1919 2049
f 1903 2049 2041
f 1919 1927 2057
f 1919 2057 2049
f 1927 1935 2073
f 1927 2073 2057
f 1935 1951 2081
f 1935 2081 2073
f 1951 1959 2089
f 1951 2089 2081
f 1979 1985 2127
f 1979 2127 2113
f 1985 2001 2135
f 1985 2135 2127
f 2001 2009 2143
f 2001 2143 2135
f 2009 2017 2151
f 2009 2151 2143
f 2017 2041 2167
f 2017 2167 2151
f 2041 2049 2183
f 2041 2183 2167
f 2049 2057 2191
f 2049 2191 2183
f 2057 2073 2207
f 2057 2207 2191
f 2073 2081 2215
f 2073 2215 2207
f 2081 2089 2235
f 2081 2235 2215
f 2113 2127 2265
f 2113 2265 2251
f 2127 2135 2273
f 2127 2273 2265
f 2135 2143 2281
f 2135 2281 2273
f 2143 2151 2289
f 2143 2289 2281
f 2151 2167 2305
f 2151 2305 2289
f 2167 2183 2313
f 2167 2313 2305
f 2183 2191 2329
f 2183 2329 2313
f 2191 2207 2345
f 2191 2345 2329
f 2207 2215 2369
f 2207 2369 2345
f 2215 2235 2399
f 2215 2399 2369
f 2251 2265 2383
f 2251 2383 2377
f 2265 2273 2415
f 2265 2415 2383
f 2273 2281 2423
f 2273 2423 2415
f 2281 2289 2431
f 2281 2431 2423
f 2289 2305 2447
f 2289 2447 2431
f 2305 2313 2455
f 2305 2455 2447
f 2313 2329 2471
f 2313 2471 2455
f 2329 2345 2499
f 2329 2499 2471
f 2345 2369 2515
f 2345 2515 2499
f 2369 2399 2569
f 2369 2569 2515
f 2377 2383 2529
f 2377 2529 2523
f 2383 2415 2537
f 2383 2537 2529
f 2415 2423 2553
f 2415 2553 2537
f 2423 2431 2577
f 2423 2577 2553
f 2431 2447 2585
f 2431 2585 2577
f 2447 2455 2601
f 2447 2601 2585
f 2455 2471 2625
f 2455 2625 2601
f 2471 2499 2657
f 2471 2657 2625
f 2499 2515 2695
f 2499 2695 2657
f 2515 2569 2727
f 2515 2727 2695
f 2523 2529 2671
f 2523 2671 2665
f 2529 2537 2679
f 2529 2679 2671
f 2537 2553 2703
f 2537 2703 2679
f 2553 2577 2711
f 2553 2711 2703
f 2577 2585 2735
f 2577 2735 2711
f 2585 2601 2763
f 2585 2763 2735
f 2601 2625 2779
f 2601 2779 2763
f 2625 2657 2825
f 2625 2825 2779
f 2657 2695 2865
f 2657 2865 2825
f 2695 2727 2913
f 2695 2913 2865
f 2665 2671 2817
f 2665 2817 2811
f 2671 2679 2833
f 2671 2833 2817
f 2679 2703 2841
f 2679 2841 2833
f 2703 2711 2857
f 2703 2857 2841
f 2711 2735 2881
f 2711 2881 2857
f 2735 2763 2929
f 2735 2929 2881
f 2763 2779 2937
f 2763 2937 2929
f 2779 2825 2991
f 2779 2991 2937
f 2825 2865 3043
f 2825 3043 2991
f 2865 2913 3091
f 2865 3091 3043
f 2811 2817 2959
f 2811 2959 2953
f 2817 2833 2975
f 2817 2975 2959
f 2833 2841 2999
f 2833 2999 2975
f 2841 2857 3027
f 2841 3027 2999
f 2857 2881 3051
f 2857 3051 3027
f 2881 2929 3083
f 2881 3083 3051
f 2929 2937 3107
f 2929 3107 3083
f 2937 2991 3177
f 2937 3177 3107
f 2991 3043 3217
f 2991 3217 3177
f 3043 3091 3257
f 3043 3257 3217
f 2953 2959 3121
f 2953 3121 3115
f 2959 2975 3129
f 2959 3129 3121
f 2975 2999 3137
f 2975 3137 3129
f 2999 3027 3193
f 2999 3193 3137
f 3027 3051 3209
f 3027 3209 3193
f 3051 3083 3241
f 3051 3241 3209
f 3083 3107 3295
f 3083 3295 3241
f 3107 3177 3347
f 3107 3347 3295
f 3177 3217 3395
f 3177 3395 3347
f 3217 3257 3459
f 3217 3459 3395
f 3115 3121 3271
f 3115 3271 3265
f 3121 3129 3287
f 3121 3287 3271
f 3129 3137 3315
f 3129 3315 3287
f 3137 3193 3339
f 3137 3339 3315
f 3193 3209 3379
f 3193 3379 3339
f 3209 3241 3403
f 3209 3403 3379
f 3241 3295 3451
f 3241 3451 3403
f 3295 3347 3491
f 3295 3491 3451
f 3347 3395 3527
f 3347 3527 3491
f 3395 3459 3583
f 3395 3583 3527
f 976 832 854
f 984 976 854
f 968 824 832
f 976 968 832
f 960 862 824
f 968 960 824
f 952 882 862
f 960 952 862
f 944 890 882
f 952 944 882
f 936 898 890
f 944 936 890
f 928 870 898
f 936 928 898
f 920 840 870
f 928 920 870
f 912 848 840
f 920 912 840
f 904 876 848
f 848 912 904
f 1066 976 984
f 1074 1066 984
f 1058 968 976
f 1066 1058 976
f 1050 960 968
f 1058 1050 968
f 1042 952 960
f 1050 1042 960
f 1034 944 952
f 1042 1034 952
f 1026 936 944
f 1034 1026 944
f 1018 928 936
f 1026 1018 936
f 1010 920 928
f 1018 1010 928
f 1002 912 920
f 1010 1002 920
f 994 904 912
f 912 1002 994
f 1160 1066 1074
f 1168 1160 1074
f 1152 1058 1066
f 1160 1152 1066
f 1144 1050 1058
f 1152 1144 1058
f 1136 1042 1050
f 1144 1136 1050
f 1128 1034 1042
f 1136 1128 1042
f 1120 1026 1034
f 1128 1120 1034
f 1112 1018 1026
f 1120 1112 1026
f 1104 1010 1018
f 1112 1104 1018
f 1096 1002 1010
f 1104 1096 1010
f 1088 994 1002
f 1002 1096 1088
f 1250 1160 1168
f 1266 1250 1168
f 1258 1152 1160
f 1250 1258 1160
f 1242 1144 1152
f 1258 1242 1152
f 1234 1136 1144
f 1242 1234 1144
f 1226 1128 1136
f 1234 1226 1136
f 1218 1120 1128
f 1226 1218 1128
f 1210 1112 1120
f 1218 1210 1120
f 1202 1104 1112
f 1210 1202 1112
f 1194 1096 1104
f 1202 1194 1104
f 1186 1088 1096
f 1194 1186 1096
f 1302 1250 1266
f 1296 1302 1266
f 1310 1258 1250
f 1302 1310 1250
f 1326 1242 1258
f 1310 1326 1258
f 1334 1234 1242
f 1326 1334 1242
f 1350 1226 1234
f 1334 1350 1234
f 1358 1218 1226
f 1350 1358 1226
f 1366 1210 1218
f 1358 1366 1218
f 1342 1202 1210
f 1366 1342 1210
f 1318 1194 1202
f 1342 1318 1202
f 1288 1186 1194
f 1318 1288 1194
f 1400 1302 1296
f 1394 1400 1296
f 1408 1310 1302
f 1400 1408 1302
f 1416 1326 1310
f 1408 1416 1310
f 1424 1334 1326
f 1416 1424 1326
f 1432 1350 1334
f 1424 1432 1334
f 1440 1358 1350
f 1432 1440 1350
f 1448 1366 1358
f 1440 1448 1358
f 1456 1342 1366
f 1448 1456 1366
f 1464 1318 1342
f 1456 1464 1342
f 1472 1288 1318
f 1464 1472 1318
f 1510 1400 1394
f 1504 1510 1394
f 1518 1408 1400
f 1510 1518 1400
f 1526 1416 1408
f 1518 1526 1408
f 1534 1424 1416
f 1526 1534 1416
f 1542 1432 1424
f 1534 1542 1424
f 1550 1440 1432
f 1542 1550 1432
f 1558 1448 1440
f 1550 1558 1440
f 1566 1456 1448
f 1558 1566 1448
f 1574 1464 1456
f 1566 1574 1456
f 1582 1472 1464
f 1574 1582 1464
f 1624 1510 1504
f 1618 1624 1504
f 1632 1518 1510
f 1624 1632 1510
f 1640 1526 1518
f 1632 1640 1518
f 1648 1534 1526
f 1640 1648 1526
f 1656 1542 1534
f 1648 1656 1534
f 1664 1550 1542
f 1656 1664 1542
f 1672 1558 1550
f 1664 1672 1550
f 1680 1566 1558
f 1672 1680 1558
f 1688 1574 1566
f 1680 1688 1566
f 1704 1582 1574
f 1688 1704 1574
f 1742 1624 1618
f 1736 1742 1618
f 1750 1632 1624
f 1742 1750 1624
f 1758 1640 1632
f 1750 1758 1632
f 1766 1648 1640
f 1758 1766 1640
f 1774 1656 1648
f 1766 1774 1648
f 1786 1664 1656
f 1774 1786 1656
f 1802 1672 1664
f 1786 1802 1664
f 1810 1680 1672
f 1802 1810 1672
f 1818 1688 1680
f 1810 1818 1680
f 1834 1704 1688
f 1818 1834 1688
f 1856 1742 1736
f 1850 1856 1736
f 1864 1750 1742
f 1856 1864 1742
f 1880 1758 1750
f 1864 1880 1750
f 1896 1766 1758
f 1880 1896 1758
f 1904 1774 1766
f 1896 1904 1766
f 1920 1786 1774
f 1904 1920 1774
f 1928 1802 1786
f 1920 1928 1786
f 1936 1810 1802
f 1928 1936 1802
f 1952 1818 1810
f 1936 1952 1810
f 1960 1834 1818
f 1952 1960 1818
f 1986 1856 1850
f 1980 1986 1850
f 2002 1864 1856
f 1986 2002 1856
f 2010 1880 1864
f 2002 2010 1864
f 2018 1896 1880
f 2010 2018 1880
f 2042 1904 1896
f 2018 2042 1896
f 2050 1920 1904
f 2042 2050 1904
f 2058 1928 1920
f 2050 2058 1920
f 2074 1936 1928
f 2058 2074 1928
f 2082 1952 1936
f 2074 2082 1936
f 2090 1960 1952
f 2082 2090 1952
f 2128 1986 1980
f 2114 2128 1980
f 2136 2002 1986
f 2128 2136 1986
f 2144 2010 2002
f 2136 2144 2002
f 2152 2018 2010
f 2144 2152 2010
f 2168 2042 2018
f 2152 2168 2018
f 2184 2050 2042
f 2168 2184 2042
f 2192 2058 2050
f 2184 2192 2050
f 2208 2074 2058
f 2192 2208 2058
f 2216 2082 2074
f 2208 2216 2074
f 2236 2090 2082
f 2216 2236 2082
f 2266 2128 2114
f 2252 2266 2114
f 2274 2136 2128
f 2266 2274 2128
f 2282 2144 2136
f 2274 2282 2136
f 2290 2152 2144
f 2282 2290 2144
f 2306 2168 2152
f 2290 2306 2152
f 2314 2184 2168
f 2306 2314 2168
f 2330 2192 2184
f 2314 2330 2184
f 2346 2208 2192
f 2330 2346 2192
f 2370 2216 2208
f 2346 2370 2208
f 2400 2236 2216
f 2370 2400 2216
f 2384 2266 2252
f 2378 2384 2252
f 2416 2274 2266
f 2384 2416 2266
f 2424 2282 2274
f 2416 2424 2274
f 2432 2290 2282
f 2424 2432 2282
f 2448 2306 2290
f 2432 2448 2290
f 2456 2314 2306
f 2448 2456 2306
f 2472 2330 2314
f 2456 2472 2314
f 2500 2346 2330
f 2472 2500 2330
f 2516 2370 2346
f 2500 2516 2346
f 2570 2400 2370
f 2516 2570 2370
f 2530 2384 2378
f 2524 2530 2378
f 2538 2416 2384
f 2530 2538 2384
f 2554 2424 2416
f 2538 2554 2416
f 2578 2432 2424
f 2554 2578 2424
f 2586 2448 2432
f 2578 2586 2432
f 2602 2456 2448
f 2586 2602 2448
f 2626 2472 2456
f 2602 2626 2456
f 2658 2500 2472
f 2626 2658 2472
f 2696 2516 2500
f 2658 2696 2500
f 2728 2570 2516
f 2696 2728 2516
f 2672 2530 2524
f 2666 2672 2524
f 2680 2538 2530
f 2672 2680 2530
f 2704 2554 2538
f 2680 2704 2538
f 2712 2578 2554
f 2704 2712 2554
f 2736 2586 2578
f 2712 2736 2578
f 2764 2602 2586
f 2736 2764 2586
f 2780 2626 2602
f 2764 2780 2602
f 2826 2658 2626
f 2780 2826 2626
f 2866 2696 2658
f 2826 2866 2658
f 2914 2728 2696
f 2866 2914 2696
f 2818 2672 2666
f 2812 2818 2666
f 2834 2680 2672
f 2818 2834 2672
f 2842 2704 2680
f 2834 2842 2680
f 2858 2712 2704
f 2842 2858 2704
f 2882 2736 2712
f 2858 2882 2712
f 2930 2764 2736
f 2882 2930 2736
f 2938 2780 2764
f 2930 2938 2764
f 2992 2826 2780
f 2938 2992 2780
f 3044 2866 2826
f 2992 3044 2826
f 3092 2914 2866
f 3044 3092 2866
f 2960 2818 2812
f 2954 2960 2812
f 2976 2834 2818
f 2960 2976 2818
f 3000 2842 2834
f 2976 3000 2834
f 3028 2858 2842
f 3000 3028 2842
f 3052 2882 2858
f 3028 3052 2858
f 3084 2930 2882
f 3052 3084 2882
f 3108 2938 2930
f 3084 3108 2930
f 3178 2992 2938
f 3108 3178 2938
f 3218 3044 2992
f 3178 3218 2992
f 3258 3092 3044
f 3218 3258 3044
f 3122 2960 2954
f 3116 3122 2954
f 3130 2976 2960
f 3122 3130 2960
f 3138 3000 2976
f 3130 3138 2976
f 3194 3028 3000
f 3138 3194 3000
f 3210 3052 3028
f 3194 3210 3028
f 3242 3084 3052
f 3210 3242 3052
f 3296 3108 3084
f 3242 3296 3084
f 3348 3178 3108
f 3296 3348 3108
f 3396 3218 3178
f 3348 3396 3178
f 3460 3258 3218
f 3396 3460 3218
f 3272 3122 3116
f 3266 3272 3116
f 3288 3130 3122
f 3272 3288 3122
f 3316 3138 3130
f 3288 3316 3130
f 3340 3194 3138
f 3316 3340 3138
f 3380 3210 3194
f 3340 3380 3194
f 3404 3242 3210
f 3380 3404 3210
f 3452 3296 3242
f 3404 3452 3242
f 3492 3348 3296
f 3452 3492 3296
f 3528 3396 3348
f 3492 3528 3348
f 3584 3460 3396
f 3528 3584 3396
f 903 875 905
f 903 905 989
f 989 905 995
f 989 995 1079
f 1079 995 1089
f 1079 1089 1177
f 1177 1089 1187
f 1279 1177 1187
f 1279 1187 1289
f 1279 1289 1385
f 1385 1289 1473
f 1385 1473 1495
f 1495 1473 1583
f 1495 1583 1609
f 1609 1583 1705
f 1609 1705 1727
f 1727 1705 1835
f 1871 1727 1835
f 1871 1835 1961
f 1871 1961 2025
f 2025 1961 2091
f 2025 2091 2175
f 2175 2091 2237
f 2175 2237 2321
f 2321 2237 2401
f 2321 2401 2463
f 2463 2401 2571
f 2463 2571 2633
f 2633 2571 2729
f 2633 2729 2795
f 2795 2729 2915
f 2795 2915 2983
f 2983 2915 3093
f 3161 2983 3093
f 3161 3093 3259
f 3161 3259 3363
f 3363 3259 3461
f 3363 3461 3507
f 3507 3461 3585
f 3507 3585 3625
f 993 903 989
f 993 989 1080
f 1080 989 1079
f 1080 1079 1173
f 1173 1079 1177
f 1173 1177 1271
f 1271 1177 1279
f 1377 1271 1279
f 1377 1279 1385
f 1377 1385 1487
f 1487 1385 1495
f 1487 1495 1601
f 1601 1495 1609
f 1601 1609 1719
f 1719 1609 1727
f 1719 1727 1841
f 1841 1727 1871
f 1967 1841 1871
f 1967 1871 2025
f 1967 2025 2097
f 2097 2025 2175
f 2097 2175 2243
f 2243 2175 2321
f 2243 2321 2407
f 2407 2321 2463
f 2407 2463 2561
f 2561 2463 2633
f 2561 2633 2719
f 2719 2633 2795
f 2719 2795 2897
f 2897 2795 2983
f 2897 2983 3059
f 3059 2983 3161
f 3233 3059 3161
f 3233 3161 3363
f 3233 3363 3419
f 3419 3363 3507
f 3419 3507 3559
f 3559 3507 3625
f 3559 3625 3681
f 1087 993 1080
f 1087 1080 1178
f 1178 1080 1173
f 1178 1173 1272
f 1272 1173 1271
f 1272 1271 1373
f 1373 1271 1377
f 1479 1373 1377
f 1479 1377 1487
f 1479 1487 1593
f 1593 1487 1601
f 1593 1601 1711
f 1711 1601 1719
f 1711 1719 1825
f 1825 1719 1841
f 1825 1841 1943
f 1943 1841 1967
f 2065 1943 1967
f 2065 1967 2097
f 2065 2097 2199
f 2199 2097 2243
f 2199 2243 2337
f 2337 2243 2407
f 2337 2407 2491
f 2491 2407 2561
f 2491 2561 2641
f 2641 2561 2719
f 2641 2719 2803
f 2803 2719 2897
f 2803 2897 2967
f 2967 2897 3059
f 2967 3059 3153
f 3153 3059 3233
f 3331 3153 3233
f 3331 3233 3419
f 3331 3419 3483
f 3483 3419 3559
f 3483 3559 3599
f 3599 3559 3681
f 3599 3681 3717
f 1185 1087 1178
f 1185 1178 1280
f 1280 1178 1272
f 1280 1272 1378
f 1378 1272 1373
f 1378 1373 1480
f 1480 1373 1479
f 1480 1479 1589
f 1589 1479 1593
f 1589 1593 1695
f 1695 1593 1711
f 1695 1711 1793
f 1793 1711 1825
f 1793 1825 1911
f 1911 1825 1943
f 1911 1943 2033
f 2033 1943 2065
f 2159 2033 2065
f 2159 2065 2199
f 2159 2199 2297
f 2297 2199 2337
f 2297 2337 2439
f 2439 2337 2491
f 2439 2491 2593
f 2593 2491 2641
f 2593 2641 2747
f 2747 2641 2803
f 2747 2803 2905
f 2905 2803 2967
f 2905 2967 3075
f 3075 2967 3153
f 3075 3153 3249
f 3249 3153 3331
f 3411 3249 3331
f 3411 3331 3483
f 3411 3483 3551
f 3551 3483 3599
f 3551 3599 3655
f 3655 3599 3717
f 3655 3717 3757
f 1287 1185 1280
f 1287 1280 1386
f 1386 1280 1378
f 1386 1378 1488
f 1488 1378 1480
f 1488 1480 1594
f 1594 1480 1589
f 1696 1594 1589
f 1696 1589 1695
f 1696 1695 1781
f 1781 1695 1793
f 1781 1793 1887
f 1887 1793 1911
f 1887 1911 1993
f 1993 1911 2033
f 1993 2033 2119
f 2119 2033 2159
f 2257 2119 2159
f 2257 2159 2297
f 2257 2297 2391
f 2391 2297 2439
f 2391 2439 2545
f 2545 2439 2593
f 2545 2593 2687
f 2687 2593 2747
f 2687 2747 2849
f 2849 2747 2905
f 2849 2905 3007
f 3007 2905 3075
f 3007 3075 3185
f 3185 3075 3249
f 3185 3249 3355
f 3355 3249 3411
f 3499 3355 3411
f 3499 3411 3551
f 3499 3551 3607
f 3607 3551 3655
f 3607 3655 3707
f 3707 3655 3757
f 3707 3757 3805
f 1471 1287 1386
f 1471 1386 1496
f 1496 1386 1488
f 1496 1488 1602
f 1602 1488 1594
f 1602 1594 1712
f 1712 1594 1696
f 1794 1712 1696
f 1794 1696 1781
f 1794 1781 1888
f 1888 1781 1887
f 1888 1887 1975
f 1975 1887 1993
f 1975 1993 2105
f 2105 1993 2119
f 2105 2119 2227
f 2227 2119 2257
f 2361 2227 2257
f 2361 2257 2391
f 2361 2391 2507
f 2507 2391 2545
f 2507 2545 2649
f 2649 2545 2687
f 2649 2687 2787
f 2787 2687 2849
f 2787 2849 2945
f 2945 2849 3007
f 2945 3007 3099
f 3099 3007 3185
f 3099 3185 3279
f 3279 3185 3355
f 3279 3355 3443
f 3443 3355 3499
f 3567 3443 3499
f 3567 3499 3607
f 3567 3607 3671
f 3671 3607 3707
f 3671 3707 3763
f 3763 3707 3805
f 3763 3805 3841
f 1581 1471 1496
f 1581 1496 1610
f 1610 1496 1602
f 1610 1602 1720
f 1720 1602 1712
f 1720 1712 1826
f 1826 1712 1794
f 1912 1826 1794
f 1912 1794 1888
f 1912 1888 1994
f 1994 1888 1975
f 1994 1975 2106
f 2106 1975 2105
f 2106 2105 2223
f 2223 2105 2227
f 2223 2227 2353
f 2353 2227 2361
f 2483 2353 2361
f 2483 2361 2507
f 2483 2507 2617
f 2617 2507 2649
f 2617 2649 2771
f 2771 2649 2787
f 2771 2787 2921
f 2921 2787 2945
f 2921 2945 3067
f 3067 2945 3099
f 3067 3099 3225
f 3225 3099 3279
f 3225 3279 3387
f 3387 3279 3443
f 3387 3443 3515
f 3515 3443 3567
f 3631 3515 3567
f 3631 3567 3671
f 3631 3671 3731
f 3731 3671 3763
f 3731 3763 3811
f 3811 3763 3841
f 3811 3841 3889
f 1703 1581 1610
f 1703 1610 1728
f 1728 1610 1720
f 1728 1720 1842
f 1842 1720 1826
f 1842 1826 1944
f 1944 1826 1912
f 2034 1944 1912
f 2034 1912 1994
f 2034 1994 2120
f 2120 1994 2106
f 2120 2106 2228
f 2228 2106 2223
f 2228 2223 2354
f 2354 2223 2353
f 2354 2353 2479
f 2479 2353 2483
f 2609 2479 2483
f 2609 2483 2617
f 2609 2617 2755
f 2755 2617 2771
f 2755 2771 2889
f 2889 2771 2921
f 2889 2921 3035
f 3035 2921 3067
f 3035 3067 3201
f 3201 3067 3225
f 3201 3225 3371
f 3371 3225 3387
f 3371 3387 3475
f 3475 3387 3515
f 3475 3515 3591
f 3591 3515 3631
f 3687 3591 3631
f 3687 3631 3731
f 3687 3731 3779
f 3779 3731 3811
f 3779 3811 3863
f 3863 3811 3889
f 3863 3889 3929
f 1833 1703 1728
f 1833 1728 1872
f 1872 1728 1842
f 1872 1842 1968
f 1968 1842 1944
f 1968 1944 2066
f 2066 1944 2034
f 2066 2034 2160
f 2160 2034 2120
f 2160 2120 2258
f 2258 2120 2228
f 2258 2228 2362
f 2362 2228 2354
f 2362 2354 2484
f 2484 2354 2479
f 2484 2479 2610
f 2610 2479 2609
f 2610 2609 2743
f 2743 2609 2755
f 2743 2755 2873
f 2873 2755 2889
f 2873 2889 3019
f 3019 2889 3035
f 3019 3035 3169
f 3169 3035 3201
f 3169 3201 3323
f 3323 3201 3371
f 3323 3371 3467
f 3467 3371 3475
f 3467 3475 3575
f 3575 3475 3591
f 3575 3591 3663
f 3663 3591 3687
f 3663 3687 3747
f 3747 3687 3779
f 3747 3779 3827
f 3827 3779 3863
f 3827 3863 3895
f 3895 3863 3929
f 3895 3929 3973
f 1959 1833 1872
f 1959 1872 2026
f 2026 1872 1968
f 2026 1968 2098
f 2098 1968 2066
f 2098 2066 2200
f 2200 2066 2160
f 2298 2200 2160
f 2298 2160 2258
f 2298 2258 2392
f 2392 2258 2362
f 2392 2362 2508
f 2508 2362 2484
f 2508 2484 2618
f 2618 2484 2610
f 2618 2610 2756
f 2756 2610 2743
f 2874 2756 2743
f 2874 2743 2873
f 2874 2873 3015
f 3015 2873 3019
f 3015 3019 3145
f 3145 3019 3169
f 3145 3169 3307
f 3307 3169 3323
f 3307 3323 3435
f 3435 3323 3467
f 3435 3467 3543
f 3543 3467 3575
f 3543 3575 3647
f 3647 3575 3663
f 3647 3663 3739
f 3739 3663 3747
f 3819 3739 3747
f 3819 3747 3827
f 3819 3827 3879
f 3879 3827 3895
f 3879 3895 3943
f 3943 3895 3973
f 3943 3973 3997
f 2089 1959 2026
f 2089 2026 2176
f 2176 2026 2098
f 2176 2098 2244
f 2244 2098 2200
f 2244 2200 2338
f 2338 2200 2298
f 2440 2338 2298
f 2440 2298 2392
f 2440 2392 2546
f 2546 2392 2508
f 2546 2508 2650
f 2650 2508 2618
f 2650 2618 2772
f 2772 2618 2756
f 2772 2756 2890
f 2890 2756 2874
f 3020 2890 2874
f 3020 2874 3015
f 3020 3015 3146
f 3146 3015 3145
f 3146 3145 3303
f 3303 3145 3307
f 3303 3307 3427
f 3427 3307 3435
f 3427 3435 3535
f 3535 3435 3543
f 3535 3543 3639
f 3639 3543 3647
f 3639 3647 3723
f 3723 3647 3739
f 3723 3739 3795
f 3795 3739 3819
f 3871 3795 3819
f 3871 3819 3879
f 3871 3879 3935
f 3935 3879 3943
f 3935 3943 3987
f 3987 3943 3997
f 3987 3997 4037
f 2235 2089 2176
f 2235 2176 2322
f 2322 2176 2244
f 2322 2244 2408
f 2408 2244 2338
f 2408 2338 2492
f 2492 2338 2440
f 2594 2492 2440
f 2594 2440 2546
f 2594 2546 2688
f 2688 2546 2650
f 2688 2650 2788
f 2788 2650 2772
f 2788 2772 2922
f 2922 2772 2890
f 2922 2890 3036
f 3036 2890 3020
f 3170 3036 3020
f 3170 3020 3146
f 3170 3146 3308
f 3308 3146 3303
f 3308 3303 3428
f 3428 3303 3427
f 3428 3427 3523
f 3523 3427 3535
f 3523 3535 3615
f 3615 3535 3639
f 3615 3639 3699
f 3699 3639 3723
f 3699 3723 3787
f 3787 3723 3795
f 3787 3795 3855
f 3855 3795 3871
f 3919 3855 3871
f 3919 3871 3935
f 3919 3935 3979
f 3979 3935 3987
f 3979 3987 4027
f 4027 3987 4037
f 4027 4037 4073
f 2399 2235 2322
f 2399 2322 2464
f 2464 2322 2408
f 2464 2408 2562
f 2562 2408 2492
f 2562 2492 2642
f 2642 2492 2594
f 2748 2642 2594
f 2748 2594 2688
f 2748 2688 2850
f 2850 2688 2788
f 2850 2788 2946
f 2946 2788 2922
f 2946 2922 3068
f 3068 2922 3036
f 3068 3036 3202
f 3202 3036 3170
f 3324 3202 3170
f 3324 3170 3308
f 3324 3308 3436
f 3436 3308 3428
f 3436 3428 3536
f 3536 3428 3523
f 3536 3523 3616
f 3616 3523 3615
f 3616 3615 3695
f 3695 3615 3699
f 3695 3699 3771
f 3771 3699 3787
f 3771 3787 3847
f 3847 3787 3855
f 3847 3855 3911
f 3911 3855 3919
f 3963 3911 3919
f 3963 3919 3979
f 3963 3979 4019
f 4019 3979 4027
f 4019 4027 4063
f 4063 4027 4073
f 4063 4073 4105
f 2569 2399 2464
f 2569 2464 2634
f 2634 2464 2562
f 2634 2562 2720
f 2720 2562 2642
f 2720 2642 2804
f 2804 2642 2748
f 2906 2804 2748
f 2906 2748 2850
f 2906 2850 3008
f 3008 2850 2946
f 3008 2946 3100
f 3100 2946 3068
f 3100 3068 3226
f 3226 3068 3202
f 3226 3202 3372
f 3372 3202 3324
f 3468 3372 3324
f 3468 3324 3436
f 3468 3436 3544
f 3544 3436 3536
f 3544 3536 3640
f 3640 3536 3616
f 3640 3616 3700
f 3700 3616 3695
f 3700 3695 3772
f 3772 3695 3771
f 3772 3771 3835
f 3835 3771 3847
f 3835 3847 3903
f 3903 3847 3911
f 3903 3911 3955
f 3955 3911 3963
f 4011 3955 3963
f 4011 3963 4019
f 4011 4019 4055
f 4055 4019 4063
f 4055 4063 4095
f 4095 4063 4105
f 4095 4105 4133
f 2727 2569 2634
f 2727 2634 2796
f 2796 2634 2720
f 2796 2720 2898
f 2898 2720 2804
f 2898 2804 2968
f 2968 2804 2906
f 3076 2968 2906
f 3076 2906 3008
f 3076 3008 3186
f 3186 3008 3100
f 3186 3100 3280
f 3280 3100 3226
f 3280 3226 3388
f 3388 3226 3372
f 3388 3372 3476
f 3476 3372 3468
f 3576 3476 3468
f 3576 3468 3544
f 3576 3544 3648
f 3648 3544 3640
f 3648 3640 3724
f 3724 3640 3700
f 3724 3700 3788
f 3788 3700 3772
f 3788 3772 3848
f 3848 3772 3835
f 3848 3835 3904
f 3904 3835 3903
f 3904 3903 3951
f 3951 3903 3955
f 3951 3955 4003
f 4003 3955 4011
f 4047 4003 4011
f 4047 4011 4055
f 4047 4055 4087
f 4087 4055 4095
f 4087 4095 4123
f 4123 4095 4133
f 4123 4133 4157
f 2913 2727 2796
f 2913 2796 2984
f 2984 2796 2898
f 2984 2898 3060
f 3060 2898 2968
f 3060 2968 3154
f 3154 2968 3076
f 3250 3154 3076
f 3250 3076 3186
f 3250 3186 3356
f 3356 3186 3280
f 3356 3280 3444
f 3444 3280 3388
f 3444 3388 3516
f 3516 3388 3476
f 3516 3476 3592
f 3592 3476 3576
f 3664 3592 3576
f 3664 3576 3648
f 3664 3648 3740
f 3740 3648 3724
f 3740 3724 3796
f 3796 3724 3788
f 3796 3788 3856
f 3856 3788 3848
f 3856 3848 3912
f 3912 3848 3904
f 3912 3904 3956
f 3956 3904 3951
f 3956 3951 4004
f 4004 3951 4003
f 4004 4003 4043
f 4043 4003 4047
f 4079 4043 4047
f 4079 4047 4087
f 4079 4087 4115
f 4115 4087 4123
f 4115 4123 4147
f 4147 4123 4157
f 4147 4157 4177
f 3091 2913 2984
f 3091 2984 3162
f 3162 2984 3060
f 3162 3060 3234
f 3234 3060 3154
f 3234 3154 3332
f 3332 3154 3250
f 3332 3250 3412
f 3412 3250 3356
f 3412 3356 3500
f 3500 3356 3444
f 3500 3444 3568
f 3568 3444 3516
f 3568 3516 3632
f 3632 3516 3592
f 3632 3592 3688
f 3688 3592 3664
f 3688 3664 3748
f 3748 3664 3740
f 3748 3740 3820
f 3820 3740 3796
f 3820 3796 3872
f 3872 3796 3856
f 3872 3856 3920
f 3920 3856 3912
f 3920 3912 3964
f 3964 3912 3956
f 3964 3956 4012
f 4012 3956 4004
f 4012 4004 4048
f 4048 4004 4043
f 4048 4043 4080
f 4080 4043 4079
f 4080 4079 4111
f 4111 4079 4115
f 4111 4115 4139
f 4139 4115 4147
f 4139 4147 4167
f 4167 4147 4177
f 4167 4177 4193
f 3257 3091 3162
f 3257 3162 3364
f 3364 3162 3234
f 3364 3234 3420
f 3420 3234 3332
f 3420 3332 3484
f 3484 3332 3412
f 3552 3484 3412
f 3552 3412 3500
f 3552 3500 3608
f 3608 3500 3568
f 3608 3568 3672
f 3672 3568 3632
f 3672 3632 3732
f 3732 3632 3688
f 3732 3688 3780
f 3780 3688 3748
f 3828 3780 3748
f 3828 3748 3820
f 3828 3820 3880
f 3880 3820 3872
f 3880 3872 3936
f 3936 3872 3920
f 3936 3920 3980
f 3980 3920 3964
f 3980 3964 4020
f 4020 3964 4012
f 4020 4012 4056
f 4056 4012 4048
f 4056 4048 4088
f 4088 4048 4080
f 4088 4080 4116
f 4116 4080 4111
f 4140 4116 4111
f 4140 4111 4139
f 4140 4139 4163
f 4163 4139 4167
f 4163 4167 4183
f 4183 4167 4193
f 4183 4193 4205
f 3459 3257 3364
f 3459 3364 3508
f 3508 3364 3420
f 3508 3420 3560
f 3560 3420 3484
f 3560 3484 3600
f 3600 3484 3552
f 3656 3600 3552
f 3656 3552 3608
f 3656 3608 3708
f 3708 3608 3672
f 3708 3672 3764
f 3764 3672 3732
f 3764 3732 3812
f 3812 3732 3780
f 3812 3780 3864
f 3864 3780 3828
f 3896 3864 3828
f 3896 3828 3880
f 3896 3880 3944
f 3944 3880 3936
f 3944 3936 3988
f 3988 3936 3980
f 3988 3980 4028
f 4028 3980 4020
f 4028 4020 4064
f 4064 4020 4056
f 4064 4056 4096
f 4096 4056 4088
f 4096 4088 4124
f 4124 4088 4116
f 4124 4116 4148
f 4148 4116 4140
f 4168 4148 4140
f 4168 4140 4163
f 4168 4163 4184
f 4184 4163 4183
f 4184 4183 4199
f 4199 4183 4205
f 4199 4205 4213
f 3583 3459 3508
f 3583 3508 3623
f 3623 3508 3560
f 3623 3560 3679
f 3679 3560 3600
f 3679 3600 3715
f 3715 3600 3656
f 3755 3715 3656
f 3755 3656 3708
f 3755 3708 3803
f 3803 3708 3764
f 3803 3764 3839
f 3839 3764 3812
f 3839 3812 3887
f 3887 3812 3864
f 3887 3864 3927
f 3927 3864 3896
f 3971 3927 3896
f 3971 3896 3944
f 3971 3944 3995
f 3995 3944 3988
f 3995 3988 4035
f 4035 3988 4028
f 4035 4028 4071
f 4071 4028 4064
f 4071 4064 4103
f 4103 4064 4096
f 4103 4096 4131
f 4131 4096 4124
f 4131 4124 4155
f 4155 4124 4148
f 4155 4148 4175
f 4175 4148 4168
f 4191 4175 4168
f 4191 4168 4184
f 4191 4184 4203
f 4203 4184 4199
f 4203 4199 4211
f 4211 4199 4213
f 4211 4213 4219
f 906 876 904
f 906 904 990
f 996 906 990
f 996 990 1081
f 1090 996 1081
f 1090 1081 1179
f 1188 1090 1179
f 1188 1179 1281
f 1290 1188 1281
f 1290 1281 1387
f 1474 1290 1387
f 1474 1387 1497
f 1584 1474 1497
f 1584 1497 1611
f 1706 1584 1611
f 1706 1611 1729
f 1836 1706 1729
f 1836 1729 1873
f 1962 1836 1873
f 1962 1873 2027
f 2092 1962 2027
f 2092 2027 2177
f 2238 2092 2177
f 2238 2177 2323
f 2402 2238 2323
f 2402 2323 2465
f 2572 2402 2465
f 2572 2465 2635
f 2730 2572 2635
f 2730 2635 2797
f 2916 2730 2797
f 2916 2797 2985
f 3094 2916 2985
f 3094 2985 3163
f 3260 3094 3163
f 3260 3163 3365
f 3462 3260 3365
f 3462 3365 3509
f 3586 3462 3509
f 3586 3509 3626
f 990 904 994
f 990 994 1082
f 1081 990 1082
f 1081 1082 1174
f 1179 1081 1174
f 1179 1174 1273
f 1281 1179 1273
f 1281 1273 1379
f 1387 1281 1379
f 1387 1379 1489
f 1497 1387 1489
f 1497 1489 1603
f 1611 1497 1603
f 1611 1603 1721
f 1729 1611 1721
f 1729 1721 1843
f 1873 1729 1843
f 1873 1843 1969
f 2027 1873 1969
f 2027 1969 2099
f 2177 2027 2099
f 2177 2099 2245
f 2323 2177 2245
f 2323 2245 2409
f 2465 2323 2409
f 2465 2409 2563
f 2635 2465 2563
f 2635 2563 2721
f 2797 2635 2721
f 2797 2721 2899
f 2985 2797 2899
f 2985 2899 3061
f 3163 2985 3061
f 3163 3061 3235
f 3365 3163 3235
f 3365 3235 3421
f 3509 3365 3421
f 3509 3421 3561
f 3626 3509 3561
f 3626 3561 3682
f 1082 994 1088
f 1082 1088 1180
f 1174 1082 1180
f 1174 1180 1274
f 1273 1174 1274
f 1273 1274 1374
f 1379 1273 1374
f 1379 1374 1481
f 1489 1379 1481
f 1489 1481 1595
f 1603 1489 1595
f 1603 1595 1713
f 1721 1603 1713
f 1721 1713 1827
f 1843 1721 1827
f 1843 1827 1945
f 1969 1843 1945
f 1969 1945 2067
f 2099 1969 2067
f 2099 2067 2201
f 2245 2099 2201
f 2245 2201 2339
f 2409 2245 2339
f 2409 2339 2493
f 2563 2409 2493
f 2563 2493 2643
f 2721 2563 2643
f 2721 2643 2805
f 2899 2721 2805
f 2899 2805 2969
f 3061 2899 2969
f 3061 2969 3155
f 3235 3061 3155
f 3235 3155 3333
f 3421 3235 3333
f 3421 3333 3485
f 3561 3421 3485
f 3561 3485 3601
f 3682 3561 3601
f 3682 3601 3718
f 1180 1088 1186
f 1282 1180 1186
f 1274 1180 1282
f 1380 1274 1282
f 1374 1274 1380
f 1482 1374 1380
f 1481 1374 1482
f 1481 1482 1590
f 1595 1481 1590
f 1697 1595 1590
f 1713 1595 1697
f 1795 1713 1697
f 1827 1713 1795
f 1913 1827 1795
f 1945 1827 1913
f 2035 1945 1913
f 2067 1945 2035
f 2067 2035 2161
f 2201 2067 2161
f 2299 2201 2161
f 2339 2201 2299
f 2441 2339 2299
f 2493 2339 2441
f 2595 2493 2441
f 2643 2493 2595
f 2749 2643 2595
f 2805 2643 2749
f 2907 2805 2749
f 2969 2805 2907
f 3077 2969 2907
f 3155 2969 3077
f 3251 3155 3077
f 3333 3155 3251
f 3333 3251 3413
f 3485 3333 3413
f 3553 3485 3413
f 3601 3485 3553
f 3657 3601 3553
f 3718 3601 3657
f 3758 3718 3657
f 1282 1186 1288
f 1282 1288 1388
f 1380 1282 1388
f 1380 1388 1490
f 1482 1380 1490
f 1482 1490 1596
f 1590 1482 1596
f 1590 1596 1698
f 1697 1590 1698
f 1697 1698 1782
f 1795 1697 1782
f 1795 1782 1889
f 1913 1795 1889
f 1913 1889 1995
f 2035 1913 1995
f 2035 1995 2121
f 2161 2035 2121
f 2161 2121 2259
f 2299 2161 2259
f 2299 2259 2393
f 2441 2299 2393
f 2441 2393 2547
f 2595 2441 2547
f 2595 2547 2689
f 2749 2595 2689
f 2749 2689 2851
f 2907 2749 2851
f 2907 2851 3009
f 3077 2907 3009
f 3077 3009 3187
f 3251 3077 3187
f 3251 3187 3357
f 3413 3251 3357
f 3413 3357 3501
f 3553 3413 3501
f 3553 3501 3609
f 3657 3553 3609
f 3657 3609 3709
f 3758 3657 3709
f 3758 3709 3806
f 1388 1288 1472
f 1388 1472 1498
f 1490 1388 1498
f 1490 1498 1604
f 1596 1490 1604
f 1596 1604 1714
f 1698 1596 1714
f 1698 1714 1796
f 1782 1698 1796
f 1782 1796 1890
f 1889 1782 1890
f 1889 1890 1976
f 1995 1889 1976
f 1995 1976 2107
f 2121 1995 2107
f 2121 2107 2229
f 2259 2121 2229
f 2259 2229 2363
f 2393 2259 2363
f 2393 2363 2509
f 2547 2393 2509
f 2547 2509 2651
f 2689 2547 2651
f 2689 2651 2789
f 2851 2689 2789
f 2851 2789 2947
f 3009 2851 2947
f 3009 2947 3101
f 3187 3009 3101
f 3187 3101 3281
f 3357 3187 3281
f 3357 3281 3445
f 3501 3357 3445
f 3501 3445 3569
f 3609 3501 3569
f 3609 3569 3673
f 3709 3609 3673
f 3709 3673 3765
f 3806 3709 3765
f 3806 3765 3842
f 1498 1472 1582
f 1498 1582 1612
f 1604 1498 1612
f 1604 1612 1722
f 1714 1604 1722
f 1714 1722 1828
f 1796 1714 1828
f 1796 1828 1914
f 1890 1796 1914
f 1890 1914 1996
f 1976 1890 1996
f 1976 1996 2108
f 2107 1976 2108
f 2107 2108 2224
f 2229 2107 2224
f 2229 2224 2355
f 2363 2229 2355
f 2363 2355 2485
f 2509 2363 2485
f 2509 2485 2619
f 2651 2509 2619
f 2651 2619 2773
f 2789 2651 2773
f 2789 2773 2923
f 2947 2789 2923
f 2947 2923 3069
f 3101 2947 3069
f 3101 3069 3227
f 3281 3101 3227
f 3281 3227 3389
f 3445 3281 3389
f 3445 3389 3517
f 3569 3445 3517
f 3569 3517 3633
f 3673 3569 3633
f 3673 3633 3733
f 3765 3673 3733
f 3765 3733 3813
f 3842 3765 3813
f 3842 3813 3890
f 1612 1582 1704
f 1612 1704 1730
f 1722 1612 1730
f 1722 1730 1844
f 1828 1722 1844
f 1828 1844 1946
f 1914 1828 1946
f 1914 1946 2036
f 1996 1914 2036
f 1996 2036 2122
f 2108 1996 2122
f 2108 2122 2230
f 2224 2108 2230
f 2224 2230 2356
f 2355 2224 2356
f 2355 2356 2480
f 2485 2355 2480
f 2485 2480 2611
f 2619 2485 2611
f 2619 2611 2757
f 2773 2619 2757
f 2773 2757 2891
f 2923 2773 2891
f 2923 2891 3037
f 3069 2923 3037
f 3069 3037 3203
f 3227 3069 3203
f 3227 3203 3373
f 3389 3227 3373
f 3389 3373 3477
f 3517 3389 3477
f 3517 3477 3593
f 3633 3517 3593
f 3633 3593 3689
f 3733 3633 3689
f 3733 3689 3781
f 3813 3733 3781
f 3813 3781 3865
f 3890 3813 3865
f 3890 3865 3930
f 1730 1704 1834
f 1874 1730 1834
f 1844 1730 1874
f 1970 1844 1874
f 1946 1844 1970
f 2068 1946 1970
f 2036 1946 2068
f 2162 2036 2068
f 2122 2036 2162
f 2260 2122 2162
f 2230 2122 2260
f 2364 2230 2260
f 2356 2230 2364
f 2486 2356 2364
f 2480 2356 2486
f 2612 2480 2486
f 2611 2480 2612
f 2611 2612 2744
f 2757 2611 2744
f 2875 2757 2744
f 2891 2757 2875
f 3021 2891 2875
f 3037 2891 3021
f 3171 3037 3021
f 3203 3037 3171
f 3325 3203 3171
f 3373 3203 3325
f 3469 3373 3325
f 3477 3373 3469
f 3577 3477 3469
f 3593 3477 3577
f 3665 3593 3577
f 3689 3593 3665
f 3689 3665 3749
f 3781 3689 3749
f 3829 3781 3749
f 3865 3781 3829
f 3897 3865 3829
f 3930 3865 3897
f 3974 3930 3897
f 1874 1834 1960
f 1874 1960 2028
f 1970 1874 2028
f 1970 2028 2100
f 2068 1970 2100
f 2068 2100 2202
f 2162 2068 2202
f 2162 2202 2300
f 2260 2162 2300
f 2260 2300 2394
f 2364 2260 2394
f 2364 2394 2510
f 2486 2364 2510
f 2486 2510 2620
f 2612 2486 2620
f 2612 2620 2758
f 2744 2612 2758
f 2744 2758 2876
f 2875 2744 2876
f 2875 2876 3016
f 3021 2875 3016
f 3021 3016 3147
f 3171 3021 3147
f 3171 3147 3309
f 3325 3171 3309
f 3325 3309 3437
f 3469 3325 3437
f 3469 3437 3545
f 3577 3469 3545
f 3577 3545 3649
f 3665 3577 3649
f 3665 3649 3741
f 3749 3665 3741
f 3749 3741 3821
f 3829 3749 3821
f 3829 3821 3881
f 3897 3829 3881
f 3897 3881 3945
f 3974 3897 3945
f 3974 3945 3998
f 2028 1960 2090
f 2028 2090 2178
f 2100 2028 2178
f 2100 2178 2246
f 2202 2100 2246
f 2202 2246 2340
f 2300 2202 2340
f 2300 2340 2442
f 2394 2300 2442
f 2394 2442 2548
f 2510 2394 2548
f 2510 2548 2652
f 2620 2510 2652
f 2620 2652 2774
f 2758 2620 2774
f 2758 2774 2892
f 2876 2758 2892
f 2876 2892 3022
f 3016 2876 3022
f 3016 3022 3148
f 3147 3016 3148
f 3147 3148 3304
f 3309 3147 3304
f 3309 3304 3429
f 3437 3309 3429
f 3437 3429 3537
f 3545 3437 3537
f 3545 3537 3641
f 3649 3545 3641
f 3649 3641 3725
f 3741 3649 3725
f 3741 3725 3797
f 3821 3741 3797
f 3821 3797 3873
f 3881 3821 3873
f 3881 3873 3937
f 3945 3881 3937
f 3945 3937 3989
f 3998 3945 3989
f 3998 3989 4038
f 2178 2090 2236
f 2178 2236 2324
f 2246 2178 2324
f 2246 2324 2410
f 2340 2246 2410
f 2340 2410 2494
f 2442 2340 2494
f 2442 2494 2596
f 2548 2442 2596
f 2548 2596 2690
f 2652 2548 2690
f 2652 2690 2790
f 2774 2652 2790
f 2774 2790 2924
f 2892 2774 2924
f 2892 2924 3038
f 3022 2892 3038
f 3022 3038 3172
f 3148 3022 3172
f 3148 3172 3310
f 3304 3148 3310
f 3304 3310 3430
f 3429 3304 3430
f 3429 3430 3524
f 3537 3429 3524
f 3537 3524 3617
f 3641 3537 3617
f 3641 3617 3701
f 3725 3641 3701
f 3725 3701 3789
f 3797 3725 3789
f 3797 3789 3857
f 3873 3797 3857
f 3873 3857 3921
f 3937 3873 3921
f 3937 3921 3981
f 3989 3937 3981
f 3989 3981 4029
f 4038 3989 4029
f 4038 4029 4074
f 2324 2236 2400
f 2324 2400 2466
f 2410 2324 2466
f 2410 2466 2564
f 2494 2410 2564
f 2494 2564 2644
f 2596 2494 2644
f 2596 2644 2750
f 2690 2596 2750
f 2690 2750 2852
f 2790 2690 2852
f 2790 2852 2948
f 2924 2790 2948
f 2924 2948 3070
f 3038 2924 3070
f 3038 3070 3204
f 3172 3038 3204
f 3172 3204 3326
f 3310 3172 3326
f 3310 3326 3438
f 3430 3310 3438
f 3430 3438 3538
f 3524 3430 3538
f 3524 3538 3618
f 3617 3524 3618
f 3617 3618 3696
f 3701 3617 3696
f 3701 3696 3773
f 3789 3701 3773
f 3789 3773 3849
f 3857 3789 3849
f 3857 3849 3913
f 3921 3857 3913
f 3921 3913 3965
f 3981 3921 3965
f 3981 3965 4021
f 4029 3981 4021
f 4029 4021 4065
f 4074 4029 4065
f 4074 4065 4106
f 2466 2400 2570
f 2466 2570 2636
f 2564 2466 2636
f 2564 2636 2722
f 2644 2564 2722
f 2644 2722 2806
f 2750 2644 2806
f 2750 2806 2908
f 2852 2750 2908
f 2852 2908 3010
f 2948 2852 3010
f 2948 3010 3102
f 3070 2948 3102
f 3070 3102 3228
f 3204 3070 3228
f 3204 3228 3374
f 3326 3204 3374
f 3326 3374 3470
f 3438 3326 3470
f 3438 3470 3546
f 3538 3438 3546
f 3538 3546 3642
f 3618 3538 3642
f 3618 3642 3702
f 3696 3618 3702
f 3696 3702 3774
f 3773 3696 3774
f 3773 3774 3836
f 3849 3773 3836
f 3849 3836 3905
f 3913 3849 3905
f 3913 3905 3957
f 3965 3913 3957
f 3965 3957 4013
f 4021 3965 4013
f 4021 4013 4057
f 4065 4021 4057
f 4065 4057 4097
f 4106 4065 4097
f 4106 4097 4134
f 2636 2570 2728
f 2636 2728 2798
f 2722 2636 2798
f 2722 2798 2900
f 2806 2722 2900
f 2806 2900 2970
f 2908 2806 2970
f 2908 2970 3078
f 3010 2908 3078
f 3010 3078 3188
f 3102 3010 3188
f 3102 3188 3282
f 3228 3102 3282
f 3228 3282 3390
f 3374 3228 3390
f 3374 3390 3478
f 3470 3374 3478
f 3470 3478 3578
f 3546 3470 3578
f 3546 3578 3650
f 3642 3546 3650
f 3642 3650 3726
f 3702 3642 3726
f 3702 3726 3790
f 3774 3702 3790
f 3774 3790 3850
f 3836 3774 3850
f 3836 3850 3906
f 3905 3836 3906
f 3905 3906 3952
f 3957 3905 3952
f 3957 3952 4005
f 4013 3957 4005
f 4013 4005 4049
f 4057 4013 4049
f 4057 4049 4089
f 4097 4057 4089
f 4097 4089 4125
f 4134 4097 4125
f 4134 4125 4158
f 2798 2728 2914
f 2798 2914 2986
f 2900 2798 2986
f 2900 2986 3062
f 2970 2900 3062
f 2970 3062 3156
f 3078 2970 3156
f 3078 3156 3252
f 3188 3078 3252
f 3188 3252 3358
f 3282 3188 3358
f 3282 3358 3446
f 3390 3282 3446
f 3390 3446 3518
f 3478 3390 3518
f 3478 3518 3594
f 3578 3478 3594
f 3578 3594 3666
f 3650 3578 3666
f 3650 3666 3742
f 3726 3650 3742
f 3726 3742 3798
f 3790 3726 3798
f 3790 3798 3858
f 3850 3790 3858
f 3850 3858 3914
f 3906 3850 3914
f 3906 3914 3958
f 3952 3906 3958
f 3952 3958 4006
f 4005 3952 4006
f 4005 4006 4044
f 4049 4005 4044
f 4049 4044 4081
f 4089 4049 4081
f 4089 4081 4117
f 4125 4089 4117
f 4125 4117 4149
f 4158 4125 4149
f 4158 4149 4178
f 2986 2914 3092
f 3164 2986 3092
f 3062 2986 3164
f 3236 3062 3164
f 3156 3062 3236
f 3334 3156 3236
f 3252 3156 3334
f 3414 3252 3334
f 3358 3252 3414
f 3502 3358 3414
f 3446 3358 3502
f 3570 3446 3502
f 3518 3446 3570
f 3634 3518 3570
f 3594 3518 3634
f 3690 3594 3634
f 3666 3594 3690
f 3666 3690 3750
f 3742 3666 3750
f 3822 3742 3750
f 3798 3742 3822
f 3874 3798 3822
f 3858 3798 3874
f 3922 3858 3874
f 3914 3858 3922
f 3966 3914 3922
f 3958 3914 3966
f 4014 3958 3966
f 4006 3958 4014
f 4050 4006 4014
f 4044 4006 4050
f 4082 4044 4050
f 4081 4044 4082
f 4081 4082 4112
f 4117 4081 4112
f 4141 4117 4112
f 4149 4117 4141
f 4169 4149 4141
f 4178 4149 4169
f 4194 4178 4169
f 3164 3092 3258
f 3164 3258 3366
f 3236 3164 3366
f 3236 3366 3422
f 3334 3236 3422
f 3334 3422 3486
f 3414 3334 3486
f 3414 3486 3554
f 3502 3414 3554
f 3502 3554 3610
f 3570 3502 3610
f 3570 3610 3674
f 3634 3570 3674
f 3634 3674 3734
f 3690 3634 3734
f 3690 3734 3782
f 3750 3690 3782
f 3750 3782 3830
f 3822 3750 3830
f 3822 3830 3882
f 3874 3822 3882
f 3874 3882 3938
f 3922 3874 3938
f 3922 3938 3982
f 3966 3922 3982
f 3966 3982 4022
f 4014 3966 4022
f 4014 4022 4058
f 4050 4014 4058
f 4050 4058 4090
f 4082 4050 4090
f 4082 4090 4118
f 4112 4082 4118
f 4112 4118 4142
f 4141 4112 4142
f 4141 4142 4164
f 4169 4141 4164
f 4169 4164 4185
f 4194 4169 4185
f 4194 4185 4206
f 3366 3258 3460
f 3366 3460 3510
f 3422 3366 3510
f 3422 3510 3562
f 3486 3422 3562
f 3486 3562 3602
f 3554 3486 3602
f 3554 3602 3658
f 3610 3554 3658
f 3610 3658 3710
f 3674 3610 3710
f 3674 3710 3766
f 3734 3674 3766
f 3734 3766 3814
f 3782 3734 3814
f 3782 3814 3866
f 3830 3782 3866
f 3830 3866 3898
f 3882 3830 3898
f 3882 3898 3946
f 3938 3882 3946
f 3938 3946 3990
f 3982 3938 3990
f 3982 3990 4030
f 4022 3982 4030
f 4022 4030 4066
f 4058 4022 4066
f 4058 4066 4098
f 4090 4058 4098
f 4090 4098 4126
f 4118 4090 4126
f 4118 4126 4150
f 4142 4118 4150
f 4142 4150 4170
f 4164 4142 4170
f 4164 4170 4186
f 4185 4164 4186
f 4185 4186 4200
f 4206 4185 4200
f 4206 4200 4214
f 3510 3460 3584
f 3510 3584 3624
f 3562 3510 3624
f 3562 3624 3680
f 3602 3562 3680
f 3602 3680 3716
f 3658 3602 3716
f 3658 3716 3756
f 3710 3658 3756
f 3710 3756 3804
f 3766 3710 3804
f 3766 3804 3840
f 3814 3766 3840
f 3814 3840 3888
f 3866 3814 3888
f 3866 3888 3928
f 3898 3866 3928
f 3898 3928 3972
f 3946 3898 3972
f 3946 3972 3996
f 3990 3946 3996
f 3990 3996 4036
f 4030 3990 4036
f 4030 4036 4072
f 4066 4030 4072
f 4066 4072 4104
f 4098 4066 4104
f 4098 4104 4132
f 4126 4098 4132
f 4126 4132 4156
f 4150 4126 4156
f 4150 4156 4176
f 4170 4150 4176
f 4170 4176 4192
f 4186 4170 4192
f 4186 4192 4204
f 4200 4186 4204
f 4200 4204 4212
f 4214 4200 4212
f 4214 4212 4220
f 977 829 857
f 987 977 857
f 1067 977 987
f 1077 1067 987
f 1161 1067 1077
f 1171 1161 1077
f 1251 1161 1171
f 1269 1251 1171
f 1303 1251 1269
f 1299 1303 1269
f 1401 1303 1299
f 1397 1401 1299
f 1511 1401 1397
f 1507 1511 1397
f 1625 1511 1507
f 1621 1625 1507
f 1743 1625 1621
f 1739 1743 1621
f 1857 1743 1739
f 1853 1857 1739
f 1987 1857 1853
f 1983 1987 1853
f 2129 1987 1983
f 2117 2129 1983
f 2267 2129 2117
f 2255 2267 2117
f 2385 2267 2255
f 2381 2385 2255
f 2531 2385 2381
f 2527 2531 2381
f 2673 2531 2527
f 2669 2673 2527
f 2819 2673 2669
f 2815 2819 2669
f 2961 2819 2815
f 2957 2961 2815
f 3123 2961 2957
f 3119 3123 2957
f 3273 3123 3119
f 3269 3273 3119
f 969 821 829
f 977 969 829
f 1059 969 977
f 1067 1059 977
f 1153 1059 1067
f 1161 1153 1067
f 1259 1153 1161
f 1251 1259 1161
f 1311 1259 1251
f 1303 1311 1251
f 1409 1311 1303
f 1401 1409 1303
f 1519 1409 1401
f 1511 1519 1401
f 1633 1519 1511
f 1625 1633 1511
f 1751 1633 1625
f 1743 1751 1625
f 1865 1751 1743
f 1857 1865 1743
f 2003 1865 1857
f 1987 2003 1857
f 2137 2003 1987
f 2129 2137 1987
f 2275 2137 2129
f 2267 2275 2129
f 2417 2275 2267
f 2385 2417 2267
f 2539 2417 2385
f 2531 2539 2385
f 2681 2539 2531
f 2673 2681 2531
f 2835 2681 2673
f 2819 2835 2673
f 2977 2835 2819
f 2961 2977 2819
f 3131 2977 2961
f 3123 3131 2961
f 3289 3131 3123
f 3273 3289 3123
f 961 859 821
f 969 961 821
f 1051 961 969
f 1059 1051 969
f 1145 1051 1059
f 1153 1145 1059
f 1243 1145 1153
f 1259 1243 1153
f 1327 1243 1259
f 1311 1327 1259
f 1417 1327 1311
f 1409 1417 1311
f 1527 1417 1409
f 1519 1527 1409
f 1641 1527 1519
f 1633 1641 1519
f 1759 1641 1633
f 1751 1759 1633
f 1881 1759 1751
f 1865 1881 1751
f 2011 1881 1865
f 2003 2011 1865
f 2145 2011 2003
f 2137 2145 2003
f 2283 2145 2137
f 2275 2283 2137
f 2425 2283 2275
f 2417 2425 2275
f 2555 2425 2417
f 2539 2555 2417
f 2705 2555 2539
f 2681 2705 2539
f 2843 2705 2681
f 2835 2843 2681
f 3001 2843 2835
f 2977 3001 2835
f 3139 3001 2977
f 3131 3139 2977
f 3317 3139 3131
f 3289 3317 3131
f 953 879 859
f 961 953 859
f 1043 953 961
f 1051 1043 961
f 1137 1043 1051
f 1145 1137 1051
f 1235 1137 1145
f 1243 1235 1145
f 1335 1235 1243
f 1327 1335 1243
f 1425 1335 1327
f 1417 1425 1327
f 1535 1425 1417
f 1527 1535 1417
f 1649 1535 1527
f 1641 1649 1527
f 1767 1649 1641
f 1759 1767 1641
f 1897 1767 1759
f 1881 1897 1759
f 2019 1897 1881
f 2011 2019 1881
f 2153 2019 2011
f 2145 2153 2011
f 2291 2153 2145
f 2283 2291 2145
f 2433 2291 2283
f 2425 2433 2283
f 2579 2433 2425
f 2555 2579 2425
f 2713 2579 2555
f 2705 2713 2555
f 2859 2713 2705
f 2843 2859 2705
f 3029 2859 2843
f 3001 3029 2843
f 3195 3029 3001
f 3139 3195 3001
f 3341 3195 3139
f 3317 3341 3139
f 945 887 879
f 953 945 879
f 1035 945 953
f 1043 1035 953
f 1129 1035 1043
f 1137 1129 1043
f 1227 1129 1137
f 1235 1227 1137
f 1351 1227 1235
f 1335 1351 1235
f 1433 1351 1335
f 1425 1433 1335
f 1543 1433 1425
f 1535 1543 1425
f 1657 1543 1535
f 1649 1657 1535
f 1775 1657 1649
f 1767 1775 1649
f 1905 1775 1767
f 1897 1905 1767
f 2043 1905 1897
f 2019 2043 1897
f 2169 2043 2019
f 2153 2169 2019
f 2307 2169 2153
f 2291 2307 2153
f 2449 2307 2291
f 2433 2449 2291
f 2587 2449 2433
f 2579 2587 2433
f 2737 2587 2579
f 2713 2737 2579
f 2883 2737 2713
f 2859 2883 2713
f 3053 2883 2859
f 3029 3053 2859
f 3211 3053 3029
f 3195 3211 3029
f 3381 3211 3195
f 3341 3381 3195
f 937 895 887
f 945 937 887
f 1027 937 945
f 1035 1027 945
f 1121 1027 1035
f 1129 1121 1035
f 1219 1121 1129
f 1227 1219 1129
f 1359 1219 1227
f 1351 1359 1227
f 1441 1359 1351
f 1433 1441 1351
f 1551 1441 1433
f 1543 1551 1433
f 1665 1551 1543
f 1657 1665 1543
f 1787 1665 1657
f 1775 1787 1657
f 1921 1787 1775
f 1905 1921 1775
f 2051 1921 1905
f 2043 2051 1905
f 2185 2051 2043
f 2169 2185 2043
f 2315 2185 2169
f 2307 2315 2169
f 2457 2315 2307
f 2449 2457 2307
f 2603 2457 2449
f 2587 2603 2449
f 2765 2603 2587
f 2737 2765 2587
f 2931 2765 2737
f 2883 2931 2737
f 3085 2931 2883
f 3053 3085 2883
f 3243 3085 3053
f 3211 3243 3053
f 3405 3243 3211
f 3381 3405 3211
f 929 867 895
f 937 929 895
f 1019 929 937
f 1027 1019 937
f 1113 1019 1027
f 1121 1113 1027
f 1211 1113 1121
f 1219 1211 1121
f 1367 1211 1219
f 1359 1367 1219
f 1449 1367 1359
f 1441 1449 1359
f 1559 1449 1441
f 1551 1559 1441
f 1673 1559 1551
f 1665 1673 1551
f 1803 1673 1665
f 1787 1803 1665
f 1929 1803 1787
f 1921 1929 1787
f 2059 1929 1921
f 2051 2059 1921
f 2193 2059 2051
f 2185 2193 2051
f 2331 2193 2185
f 2315 2331 2185
f 2473 2331 2315
f 2457 2473 2315
f 2627 2473 2457
f 2603 2627 2457
f 2781 2627 2603
f 2765 2781 2603
f 2939 2781 2765
f 2931 2939 2765
f 3109 2939 2931
f 3085 3109 2931
f 3297 3109 3085
f 3243 3297 3085
f 3453 3297 3243
f 3405 3453 3243
f 921 837 867
f 929 921 867
f 1011 921 929
f 1019 1011 929
f 1105 1011 1019
f 1113 1105 1019
f 1203 1105 1113
f 1211 1203 1113
f 1343 1203 1211
f 1367 1343 1211
f 1457 1343 1367
f 1449 1457 1367
f 1567 1457 1449
f 1559 1567 1449
f 1681 1567 1559
f 1673 1681 1559
f 1811 1681 1673
f 1803 1811 1673
f 1937 1811 1803
f 1929 1937 1803
f 2075 1937 1929
f 2059 2075 1929
f 2209 2075 2059
f 2193 2209 2059
f 2347 2209 2193
f 2331 2347 2193
f 2501 2347 2331
f 2473 2501 2331
f 2659 2501 2473
f 2627 2659 2473
f 2827 2659 2627
f 2781 2827 2627
f 2993 2827 2781
f 2939 2993 2781
f 3179 2993 2939
f 3109 3179 2939
f 3349 3179 3109
f 3297 3349 3109
f 3493 3349 3297
f 3453 3493 3297
f 913 845 837
f 921 913 837
f 1003 913 921
f 1011 1003 921
f 1097 1003 1011
f 1105 1097 1011
f 1195 1097 1105
f 1203 1195 1105
f 1319 1195 1203
f 1343 1319 1203
f 1465 1319 1343
f 1457 1465 1343
f 1575 1465 1457
f 1567 1575 1457
f 1689 1575 1567
f 1681 1689 1567
f 1819 1689 1681
f 1811 1819 1681
f 1953 1819 1811
f 1937 1953 1811
f 2083 1953 1937
f 2075 2083 1937
f 2217 2083 2075
f 2209 2217 2075
f 2371 2217 2209
f 2347 2371 2209
f 2517 2371 2347
f 2501 2517 2347
f 2697 2517 2501
f 2659 2697 2501
f 2867 2697 2659
f 2827 2867 2659
f 3045 2867 2827
f 2993 3045 2827
f 3219 3045 2993
f 3179 3219 2993
f 3397 3219 3179
f 3349 3397 3179
f 3529 3397 3349
f 3493 3529 3349
f 905 875 845
f 845 913 905
f 995 905 913
f 913 1003 995
f 1089 995 1003
f 1003 1097 1089
f 1187 1089 1097
f 1195 1187 1097
f 1289 1187 1195
f 1319 1289 1195
f 1473 1289 1319
f 1465 1473 1319
f 1583 1473 1465
f 1575 1583 1465
f 1705 1583 1575
f 1689 1705 1575
f 1835 1705 1689
f 1819 1835 1689
f 1961 1835 1819
f 1953 1961 1819
f 2091 1961 1953
f 2083 2091 1953
f 2237 2091 2083
f 2217 2237 2083
f 2401 2237 2217
f 2371 2401 2217
f 2571 2401 2371
f 2517 2571 2371
f 2729 2571 2517
f 2697 2729 2517
f 2915 2729 2697
f 2867 2915 2697
f 3093 2915 2867
f 3045 3093 2867
f 3259 3093 3045
f 3219 3259 3045
f 3461 3259 3219
f 3397 3461 3219
f 3585 3461 3397
f 3529 3585 3397
f 858 830 978
f 858 978 988
f 988 978 1068
f 988 1068 1078
f 1078 1068 1162
f 1078 1162 1172
f 1172 1162 1252
f 1172 1252 1270
f 1270 1252 1304
f 1270 1304 1300
f 1300 1304 1402
f 1300 1402 1398
f 1398 1402 1512
f 1398 1512 1508
f 1508 1512 1626
f 1508 1626 1622
f 1622 1626 1744
f 1622 1744 1740
f 1740 1744 1858
f 1740 1858 1854
f 1854 1858 1988
f 1854 1988 1984
f 1984 1988 2130
f 1984 2130 2118
f 2118 2130 2268
f 2118 2268 2256
f 2256 2268 2386
f 2256 2386 2382
f 2382 2386 2532
f 2382 2532 2528
f 2528 2532 2674
f 2528 2674 2670
f 2670 2674 2820
f 2670 2820 2816
f 2816 2820 2962
f 2816 2962 2958
f 2958 2962 3124
f 2958 3124 3120
f 3120 3124 3274
f 3120 3274 3270
f 830 822 970
f 830 970 978
f 978 970 1060
f 978 1060 1068
f 1068 1060 1154
f 1068 1154 1162
f 1162 1154 1260
f 1162 1260 1252
f 1252 1260 1312
f 1252 1312 1304
f 1304 1312 1410
f 1304 1410 1402
f 1402 1410 1520
f 1402 1520 1512
f 1512 1520 1634
f 1512 1634 1626
f 1626 1634 1752
f 1626 1752 1744
f 1744 1752 1866
f 1744 1866 1858
f 1858 1866 2004
f 1858 2004 1988
f 1988 2004 2138
f 1988 2138 2130
f 2130 2138 2276
f 2130 2276 2268
f 2268 2276 2418
f 2268 2418 2386
f 2386 2418 2540
f 2386 2540 2532
f 2532 2540 2682
f 2532 2682 2674
f 2674 2682 2836
f 2674 2836 2820
f 2820 2836 2978
f 2820 2978 2962
f 2962 2978 3132
f 2962 3132 3124
f 3124 3132 3290
f 3124 3290 3274
f 822 860 962
f 822 962 970
f 970 962 1052
f 970 1052 1060
f 1060 1052 1146
f 1060 1146 1154
f 1154 1146 1244
f 1154 1244 1260
f 1260 1244 1328
f 1260 1328 1312
f 1312 1328 1418
f 1312 1418 1410
f 1410 1418 1528
f 1410 1528 1520
f 1520 1528 1642
f 1520 1642 1634
f 1634 1642 1760
f 1634 1760 1752
f 1752 1760 1882
f 1752 1882 1866
f 1866 1882 2012
f 1866 2012 2004
f 2004 2012 2146
f 2004 2146 2138
f 2138 2146 2284
f 2138 2284 2276
f 2276 2284 2426
f 2276 2426 2418
f 2418 2426 2556
f 2418 2556 2540
f 2540 2556 2706
f 2540 2706 2682
f 2682 2706 2844
f 2682 2844 2836
f 2836 2844 3002
f 2836 3002 2978
f 2978 3002 3140
f 2978 3140 3132
f 3132 3140 3318
f 3132 3318 3290
f 860 880 954
f 860 954 962
f 962 954 1044
f 962 1044 1052
f 1052 1044 1138
f 1052 1138 1146
f 1146 1138 1236
f 1146 1236 1244
f 1244 1236 1336
f 1244 1336 1328
f 1328 1336 1426
f 1328 1426 1418
f 1418 1426 1536
f 1418 1536 1528
f 1528 1536 1650
f 1528 1650 1642
f 1642 1650 1768
f 1642 1768 1760
f 1760 1768 1898
f 1760 1898 1882
f 1882 1898 2020
f 1882 2020 2012
f 2012 2020 2154
f 2012 2154 2146
f 2146 2154 2292
f 2146 2292 2284
f 2284 2292 2434
f 2284 2434 2426
f 2426 2434 2580
f 2426 2580 2556
f 2556 2580 2714
f 2556 2714 2706
f 2706 2714 2860
f 2706 2860 2844
f 2844 2860 3030
f 2844 3030 3002
f 3002 3030 3196
f 3002 3196 3140
f 3140 3196 3342
f 3140 3342 3318
f 880 888 946
f 880 946 954
f 954 946 1036
f 954 1036 1044
f 1044 1036 1130
f 1044 1130 1138
f 1138 1130 1228
f 1138 1228 1236
f 1236 1228 1352
f 1236 1352 1336
f 1336 1352 1434
f 1336 1434 1426
f 1426 1434 1544
f 1426 1544 1536
f 1536 1544 1658
f 1536 1658 1650
f 1650 1658 1776
f 1650 1776 1768
f 1768 1776 1906
f 1768 1906 1898
f 1898 1906 2044
f 1898 2044 2020
f 2020 2044 2170
f 2020 2170 2154
f 2154 2170 2308
f 2154 2308 2292
f 2292 2308 2450
f 2292 2450 2434
f 2434 2450 2588
f 2434 2588 2580
f 2580 2588 2738
f 2580 2738 2714
f 2714 2738 2884
f 2714 2884 2860
f 2860 2884 3054
f 2860 3054 3030
f 3030 3054 3212
f 3030 3212 3196
f 3196 3212 3382
f 3196 3382 3342
f 888 896 938
f 888 938 946
f 946 938 1028
f 946 1028 1036
f 1036 1028 1122
f 1036 1122 1130
f 1130 1122 1220
f 1130 1220 1228
f 1228 1220 1360
f 1228 1360 1352
f 1352 1360 1442
f 1352 1442 1434
f 1434 1442 1552
f 1434 1552 1544
f 1544 1552 1666
f 1544 1666 1658
f 1658 1666 1788
f 1658 1788 1776
f 1776 1788 1922
f 1776 1922 1906
f 1906 1922 2052
f 1906 2052 2044
f 2044 2052 2186
f 2044 2186 2170
f 2170 2186 2316
f 2170 2316 2308
f 2308 2316 2458
f 2308 2458 2450
f 2450 2458 2604
f 2450 2604 2588
f 2588 2604 2766
f 2588 2766 2738
f 2738 2766 2932
f 2738 2932 2884
f 2884 2932 3086
f 2884 3086 3054
f 3054 3086 3244
f 3054 3244 3212
f 3212 3244 3406
f 3212 3406 3382
f 896 868 930
f 896 930 938
f 938 930 1020
f 938 1020 1028
f 1028 1020 1114
f 1028 1114 1122
f 1122 1114 1212
f 1122 1212 1220
f 1220 1212 1368
f 1220 1368 1360
f 1360 1368 1450
f 1360 1450 1442
f 1442 1450 1560
f 1442 1560 1552
f 1552 1560 1674
f 1552 1674 1666
f 1666 1674 1804
f 1666 1804 1788
f 1788 1804 1930
f 1788 1930 1922
f 1922 1930 2060
f 1922 2060 2052
f 2052 2060 2194
f 2052 2194 2186
f 2186 2194 2332
f 2186 2332 2316
f 2316 2332 2474
f 2316 2474 2458
f 2458 2474 2628
f 2458 2628 2604
f 2604 2628 2782
f 2604 2782 2766
f 2766 2782 2940
f 2766 2940 2932
f 2932 2940 3110
f 2932 3110 3086
f 3086 3110 3298
f 3086 3298 3244
f 3244 3298 3454
f 3244 3454 3406
f 868 838 922
f 868 922 930
f 930 922 1012
f 930 1012 1020
f 1020 1012 1106
f 1020 1106 1114
f 1114 1106 1204
f 1114 1204 1212
f 1212 1204 1344
f 1212 1344 1368
f 1368 1344 1458
f 1368 1458 1450
f 1450 1458 1568
f 1450 1568 1560
f 1560 1568 1682
f 1560 1682 1674
f 1674 1682 1812
f 1674 1812 1804
f 1804 1812 1938
f 1804 1938 1930
f 1930 1938 2076
f 1930 2076 2060
f 2060 2076 2210
f 2060 2210 2194
f 2194 2210 2348
f 2194 2348 2332
f 2332 2348 2502
f 2332 2502 2474
f 2474 2502 2660
f 2474 2660 2628
f 2628 2660 2828
f 2628 2828 2782
f 2782 2828 2994
f 2782 2994 2940
f 2940 2994 3180
f 2940 3180 3110
f 3110 3180 3350
f 3110 3350 3298
f 3298 3350 3494
f 3298 3494 3454
f 838 846 914
f 838 914 922
f 922 914 1004
f 922 1004 1012
f 1012 1004 1098
f 1012 1098 1106
f 1106 1098 1196
f 1106 1196 1204
f 1204 1196 1320
f 1204 1320 1344
f 1344 1320 1466
f 1344 1466 1458
f 1458 1466 1576
f 1458 1576 1568
f 1568 1576 1690
f 1568 1690 1682
f 1682 1690 1820
f 1682 1820 1812
f 1812 1820 1954
f 1812 1954 1938
f 1938 1954 2084
f 1938 2084 2076
f 2076 2084 2218
f 2076 2218 2210
f 2210 2218 2372
f 2210 2372 2348
f 2348 2372 2518
f 2348 2518 2502
f 2502 2518 2698
f 2502 2698 2660
f 2660 2698 2868
f 2660 2868 2828
f 2828 2868 3046
f 2828 3046 2994
f 2994 3046 3220
f 2994 3220 3180
f 3180 3220 3398
f 3180 3398 3350
f 3350 3398 3530
f 3350 3530 3494
f 846 876 906
f 906 914 846
f 914 906 996
f 996 1004 914
f 1004 996 1090
f 1090 1098 1004
f 1098 1090 1188
f 1098 1188 1196
f 1196 1188 1290
f 1196 1290 1320
f 1320 1290 1474
f 1320 1474 1466
f 1466 1474 1584
f 1466 1584 1576
f 1576 1584 1706
f 1576 1706 1690
f 1690 1706 1836
f 1690 1836 1820
f 1820 1836 1962
f 1820 1962 1954
f 1954 1962 2092
f 1954 2092 2084
f 2084 2092 2238
f 2084 2238 2218
f 2218 2238 2402
f 2218 2402 2372
f 2372 2402 2572
f 2372 2572 2518
f 2518 2572 2730
f 2518 2730 2698
f 2698 2730 2916
f 2698 2916 2868
f 2868 2916 3094
f 2868 3094 3046
f 3046 3094 3260
f 3046 3260 3220
f 3220 3260 3462
f 3220 3462 3398
f 3398 3462 3586
f 3398 3586 3530
f 819 877 849
f 813 819 849
f 813 849 841
f 767 813 841
f 767 841 871
f 781 767 871
f 781 871 899
f 759 781 899
f 759 899 891
f 805 759 891
f 805 891 883
f 797 805 883
f 797 883 863
f 751 797 863
f 751 863 825
f 789 751 825
f 789 825 833
f 743 789 833
f 743 833 857
f 775 743 857
f 667 819 813
f 661 667 813
f 661 813 767
f 681 661 767
f 681 767 781
f 695 681 781
f 695 781 759
f 673 695 759
f 673 759 805
f 719 673 805
f 719 805 797
f 703 719 797
f 703 797 751
f 711 703 751
f 711 751 789
f 735 711 789
f 735 789 743
f 727 735 743
f 727 743 775
f 689 727 775
f 639 667 661
f 625 639 661
f 625 661 681
f 579 625 681
f 579 681 695
f 611 579 695
f 611 695 673
f 653 611 673
f 653 673 719
f 645 653 719
f 645 719 703
f 595 645 703
f 595 703 711
f 587 595 711
f 587 711 735
f 603 587 735
f 603 735 727
f 633 603 727
f 633 727 689
f 619 633 689
f 495 639 509
f 625 509 639
f 509 625 555
f 579 555 625
f 555 579 611
f 525 555 611
f 525 611 653
f 501 525 653
f 501 653 645
f 571 501 645
f 571 645 595
f 517 571 595
f 517 595 587
f 533 517 587
f 533 587 603
f 563 533 603
f 563 603 547
f 633 547 603
f 547 633 541
f 619 541 633
f 495 509 423
f 495 423 445
f 423 509 481
f 555 481 509
f 481 555 451
f 525 451 555
f 451 525 473
f 501 473 525
f 473 501 489
f 571 489 501
f 489 571 431
f 517 431 571
f 431 517 415
f 533 415 517
f 415 533 439
f 563 439 533
f 439 563 459
f 547 459 563
f 547 541 467
f 547 467 459
f 445 423 379
f 445 379 409
f 423 481 403
f 423 403 379
f 481 451 357
f 481 357 403
f 451 473 333
f 451 333 357
f 473 489 395
f 473 395 333
f 489 431 341
f 489 341 395
f 431 415 371
f 431 371 341
f 415 439 387
f 415 387 371
f 439 459 349
f 439 349 387
f 459 467 365
f 459 365 349
f 409 379 303
f 409 303 249
f 379 403 271
f 379 271 303
f 403 357 295
f 403 295 271
f 357 333 287
f 357 287 295
f 333 395 317
f 333 317 287
f 395 341 325
f 395 325 317
f 341 371 255
f 341 255 325
f 371 387 263
f 371 263 255
f 387 349 279
f 387 279 263
f 349 365 311
f 349 311 279
f 249 303 177
f 199 249 177
f 303 271 185
f 177 303 185
f 271 295 193
f 185 271 193
f 295 287 205
f 193 295 205
f 287 317 243
f 205 287 243
f 317 325 235
f 243 317 235
f 325 255 221
f 235 325 221
f 255 263 213
f 221 255 213
f 263 279 169
f 213 263 169
f 279 311 229
f 169 279 229
f 199 177 99
f 85 199 99
f 177 185 123
f 99 177 123
f 185 193 131
f 123 185 131
f 193 205 115
f 131 193 115
f 205 243 153
f 115 205 153
f 243 235 139
f 153 243 139
f 235 221 107
f 139 235 107
f 221 213 161
f 107 221 161
f 213 169 91
f 161 213 91
f 169 229 147
f 91 169 147
f 85 99 49
f 12 85 49
f 99 123 6
f 49 99 6
f 123 131 33
f 6 123 33
f 131 115 25
f 33 131 25
f 115 153 72
f 25 115 72
f 153 139 17
f 72 153 17
f 139 107 63
f 17 139 63
f 107 161 41
f 63 107 41
f 161 91 79
f 41 161 79
f 91 147 57
f 79 91 57
f 850 878 820
f 850 820 814
f 842 850 814
f 842 814 768
f 872 842 768
f 872 768 782
f 900 872 782
f 900 782 760
f 892 900 760
f 892 760 806
f 884 892 806
f 884 806 798
f 864 884 798
f 864 798 752
f 826 864 752
f 826 752 790
f 834 826 790
f 834 790 744
f 858 834 744
f 858 744 776
f 814 820 668
f 814 668 662
f 768 814 662
f 768 662 682
f 782 768 682
f 782 682 696
f 760 782 696
f 760 696 674
f 806 760 674
f 806 674 720
f 798 806 720
f 798 720 704
f 752 798 704
f 752 704 712
f 790 752 712
f 790 712 736
f 744 790 736
f 744 736 728
f 776 744 728
f 776 728 690
f 662 668 640
f 662 640 626
f 682 662 626
f 682 626 580
f 696 682 580
f 696 580 612
f 674 696 612
f 674 612 654
f 720 674 654
f 720 654 646
f 704 720 646
f 704 646 596
f 712 704 596
f 712 596 588
f 736 712 588
f 736 588 604
f 728 736 604
f 728 604 634
f 690 728 634
f 690 634 620
f 626 640 510
f 496 510 640
f 580 626 556
f 510 556 626
f 612 580 556
f 612 556 526
f 654 612 526
f 654 526 502
f 646 654 502
f 646 502 572
f 596 646 572
f 596 572 518
f 588 596 518
f 588 518 534
f 604 588 534
f 604 534 564
f 634 604 548
f 564 548 604
f 620 634 542
f 548 542 634
f 424 510 496
f 446 424 496
f 556 510 482
f 424 482 510
f 526 556 452
f 482 452 556
f 502 526 474
f 452 474 526
f 572 502 490
f 474 490 502
f 518 572 432
f 490 432 572
f 534 518 416
f 432 416 518
f 564 534 440
f 416 440 534
f 548 564 460
f 440 460 564
f 468 542 548
f 460 468 548
f 380 424 446
f 410 380 446
f 404 482 424
f 380 404 424
f 358 452 482
f 404 358 482
f 334 474 452
f 358 334 452
f 396 490 474
f 334 396 474
f 342 432 490
f 396 342 490
f 372 416 432
f 342 372 432
f 388 440 416
f 372 388 416
f 350 460 440
f 388 350 440
f 366 468 460
f 350 366 460
f 304 380 410
f 250 304 410
f 272 404 380
f 304 272 380
f 296 358 404
f 272 296 404
f 288 334 358
f 296 288 358
f 318 396 334
f 288 318 334
f 326 342 396
f 318 326 396
f 256 372 342
f 326 256 342
f 264 388 372
f 256 264 372
f 280 350 388
f 264 280 388
f 312 366 350
f 280 312 350
f 178 304 250
f 178 250 200
f 186 272 304
f 186 304 178
f 194 296 272
f 194 272 186
f 206 288 296
f 206 296 194
f 244 318 288
f 244 288 206
f 236 326 318
f 236 318 244
f 222 256 326
f 222 326 236
f 214 264 256
f 214 256 222
f 170 280 264
f 170 264 214
f 230 312 280
f 230 280 170
f 100 178 200
f 100 200 86
f 124 186 178
f 124 178 100
f 132 194 186
f 132 186 124
f 116 206 194
f 116 194 132
f 154 244 206
f 154 206 116
f 140 236 244
f 140 244 154
f 108 222 236
f 108 236 140
f 162 214 222
f 162 222 108
f 92 170 214
f 92 214 162
f 148 230 170
f 148 170 92
f 50 100 86
f 50 86 11
f 5 124 100
f 5 100 50
f 34 132 124
f 34 124 5
f 26 116 132
f 26 132 34
f 71 154 116
f 71 116 26
f 18 140 154
f 18 154 71
f 64 108 140
f 64 140 18
f 42 162 108
f 42 108 64
f 80 92 162
f 80 162 42
f 58 148 92
f 58 92 80
f 856 835 745
f 856 745 773
f 835 827 791
f 835 791 745
f 827 865 753
f 827 753 791
f 865 885 799
f 865 799 753
f 885 893 807
f 885 807 799
f 893 901 761
f 893 761 807
f 901 873 783
f 901 783 761
f 873 843 769
f 873 769 783
f 843 851 815
f 843 815 769
f 851 877 819
f 851 819 815
f 773 745 729
f 773 729 687
f 745 791 737
f 745 737 729
f 791 753 713
f 791 713 737
f 753 799 705
f 753 705 713
f 799 807 721
f 799 721 705
f 807 761 675
f 807 675 721
f 761 783 697
f 761 697 675
f 783 769 683
f 783 683 697
f 769 815 663
f 769 663 683
f 815 819 667
f 815 667 663
f 687 729 635
f 687 635 617
f 729 737 605
f 729 605 635
f 737 713 589
f 737 589 605
f 713 705 597
f 713 597 589
f 705 721 647
f 705 647 597
f 721 675 655
f 721 655 647
f 675 697 613
f 675 613 655
f 697 683 581
f 697 581 613
f 683 663 627
f 683 627 581
f 663 667 639
f 663 639 627
f 617 635 539
f 549 539 635
f 635 605 549
f 565 549 605
f 605 589 535
f 605 535 565
f 589 597 519
f 589 519 535
f 597 647 573
f 597 573 519
f 647 655 503
f 647 503 573
f 655 613 527
f 655 527 503
f 613 581 557
f 613 557 527
f 581 627 557
f 511 557 627
f 627 639 511
f 495 511 639
f 465 539 549
f 461 465 549
f 549 565 461
f 441 461 565
f 565 535 441
f 417 441 535
f 535 519 417
f 433 417 519
f 519 573 433
f 491 433 573
f 573 503 491
f 475 491 503
f 503 527 475
f 453 475 527
f 527 557 453
f 483 453 557
f 557 511 483
f 425 483 511
f 425 511 495
f 445 425 495
f 363 465 461
f 351 363 461
f 351 461 441
f 389 351 441
f 389 441 417
f 373 389 417
f 373 417 433
f 343 373 433
f 343 433 491
f 397 343 491
f 397 491 475
f 335 397 475
f 335 475 453
f 359 335 453
f 359 453 483
f 405 359 483
f 405 483 425
f 381 405 425
f 381 425 445
f 409 381 445
f 309 363 351
f 281 309 351
f 281 351 389
f 265 281 389
f 265 389 373
f 257 265 373
f 257 373 343
f 327 257 343
f 327 343 397
f 319 327 397
f 319 397 335
f 289 319 335
f 289 335 359
f 297 289 359
f 297 359 405
f 273 297 405
f 273 405 381
f 305 273 381
f 305 381 409
f 249 305 409
f 227 309 281
f 227 281 171
f 171 281 265
f 171 265 215
f 215 265 257
f 215 257 223
f 223 257 327
f 223 327 237
f 237 327 319
f 237 319 245
f 245 319 289
f 245 289 207
f 207 289 297
f 207 297 195
f 195 297 273
f 195 273 187
f 187 273 305
f 187 305 179
f 179 305 249
f 179 249 199
f 145 227 171
f 145 171 93
f 93 171 215
f 93 215 163
f 163 215 223
f 163 223 109
f 109 223 237
f 109 237 141
f 141 237 245
f 141 245 155
f 155 245 207
f 155 207 117
f 117 207 195
f 117 195 133
f 133 195 187
f 133 187 125
f 125 187 179
f 125 179 101
f 101 179 199
f 101 199 85
f 55 145 93
f 55 93 81
f 81 93 163
f 81 163 43
f 43 163 109
f 43 109 65
f 65 109 141
f 65 141 19
f 19 141 155
f 19 155 73
f 73 155 117
f 73 117 28
f 28 117 133
f 28 133 35
f 35 133 125
f 35 125 7
f 7 125 101
f 7 101 52
f 52 101 85
f 52 85 12
f 746 836 855
f 774 746 855
f 792 828 836
f 746 792 836
f 754 866 828
f 792 754 828
f 800 886 866
f 754 800 866
f 808 894 886
f 800 808 886
f 762 902 894
f 808 762 894
f 784 874 902
f 762 784 902
f 770 844 874
f 784 770 874
f 816 852 844
f 770 816 844
f 820 878 852
f 816 820 852
f 730 746 774
f 688 730 774
f 738 792 746
f 730 738 746
f 714 754 792
f 738 714 792
f 706 800 754
f 714 706 754
f 722 808 800
f 706 722 800
f 676 762 808
f 722 676 808
f 698 784 762
f 676 698 762
f 684 770 784
f 698 684 784
f 664 816 770
f 684 664 770
f 668 820 816
f 664 668 816
f 636 730 688
f 618 636 688
f 606 738 730
f 636 606 730
f 590 714 738
f 606 590 738
f 598 706 714
f 590 598 714
f 648 722 706
f 598 648 706
f 656 676 722
f 648 656 722
f 614 698 676
f 656 614 676
f 582 684 698
f 614 582 698
f 628 664 684
f 582 628 684
f 640 668 664
f 628 640 664
f 550 636 540
f 618 540 636
f 566 606 550
f 636 550 606
f 536 590 606
f 566 536 606
f 520 598 590
f 536 520 590
f 574 648 598
f 520 574 598
f 504 656 648
f 574 504 648
f 528 614 656
f 504 528 656
f 558 582 614
f 528 558 614
f 512 628 558
f 582 558 628
f 496 640 512
f 628 512 640
f 550 540 466
f 550 466 462
f 442 566 462
f 550 462 566
f 418 536 442
f 566 442 536
f 434 520 418
f 536 418 520
f 492 574 434
f 520 434 574
f 476 504 492
f 574 492 504
f 454 528 476
f 504 476 528
f 484 558 454
f 528 454 558
f 426 512 484
f 558 484 512
f 496 512 426
f 496 426 446
f 462 466 364
f 462 364 352
f 442 462 352
f 442 352 390
f 418 442 390
f 418 390 374
f 434 418 374
f 434 374 344
f 492 434 344
f 492 344 398
f 476 492 398
f 476 398 336
f 454 476 336
f 454 336 360
f 484 454 360
f 484 360 406
f 426 484 406
f 426 406 382
f 446 426 382
f 446 382 410
f 352 364 310
f 352 310 282
f 390 352 282
f 390 282 266
f 374 390 266
f 374 266 258
f 344 374 258
f 344 258 328
f 398 344 328
f 398 328 320
f 336 398 320
f 336 320 290
f 360 336 290
f 360 290 298
f 406 360 298
f 406 298 274
f 382 406 274
f 382 274 306
f 410 382 306
f 410 306 250
f 282 310 228
f 172 282 228
f 266 282 172
f 216 266 172
f 258 266 216
f 224 258 216
f 328 258 224
f 238 328 224
f 320 328 238
f 246 320 238
f 290 320 246
f 208 290 246
f 298 290 208
f 196 298 208
f 274 298 196
f 188 274 196
f 306 274 188
f 180 306 188
f 250 306 180
f 200 250 180
f 172 228 146
f 94 172 146
f 216 172 94
f 164 216 94
f 224 216 164
f 110 224 164
f 238 224 110
f 142 238 110
f 246 238 142
f 156 246 142
f 208 246 156
f 118 208 156
f 196 208 118
f 134 196 118
f 188 196 134
f 126 188 134
f 180 188 126
f 102 180 126
f 200 180 102
f 86 200 102
f 94 146 56
f 82 94 56
f 164 94 82
f 44 164 82
f 110 164 44
f 66 110 44
f 142 110 66
f 20 142 66
f 156 142 20
f 74 156 20
f 118 156 74
f 27 118 74
f 134 118 27
f 36 134 27
f 126 134 36
f 8 126 36
f 102 126 8
f 51 102 8
f 86 102 51
f 11 86 51
f 3277 3125 3117
f 3268 3277 3117
f 3293 3133 3125
f 3277 3293 3125
f 3321 3141 3133
f 3293 3321 3133
f 3345 3197 3141
f 3321 3345 3141
f 3385 3213 3197
f 3345 3385 3197
f 3409 3245 3213
f 3385 3409 3213
f 3457 3299 3245
f 3409 3457 3245
f 3497 3351 3299
f 3457 3497 3299
f 3533 3399 3351
f 3497 3533 3351
f 3589 3463 3399
f 3533 3589 3399
f 3125 2963 2955
f 3117 3125 2955
f 3133 2979 2963
f 3125 3133 2963
f 3141 3003 2979
f 3133 3141 2979
f 3197 3031 3003
f 3141 3197 3003
f 3213 3055 3031
f 3197 3213 3031
f 3245 3087 3055
f 3213 3245 3055
f 3299 3111 3087
f 3245 3299 3087
f 3351 3181 3111
f 3299 3351 3111
f 3399 3221 3181
f 3351 3399 3181
f 3463 3261 3221
f 3399 3463 3221
f 2963 2821 2813
f 2955 2963 2813
f 2979 2837 2821
f 2963 2979 2821
f 3003 2845 2837
f 2979 3003 2837
f 3031 2861 2845
f 3003 3031 2845
f 3055 2885 2861
f 3031 3055 2861
f 3087 2933 2885
f 3055 3087 2885
f 3111 2941 2933
f 3087 3111 2933
f 3181 2995 2941
f 3111 3181 2941
f 3221 3047 2995
f 3181 3221 2995
f 3261 3095 3047
f 3221 3261 3047
f 2821 2675 2667
f 2813 2821 2667
f 2837 2683 2675
f 2821 2837 2675
f 2845 2707 2683
f 2837 2845 2683
f 2861 2715 2707
f 2845 2861 2707
f 2885 2739 2715
f 2861 2885 2715
f 2933 2767 2739
f 2885 2933 2739
f 2941 2783 2767
f 2933 2941 2767
f 2995 2829 2783
f 2941 2995 2783
f 3047 2869 2829
f 2995 3047 2829
f 3095 2917 2869
f 3047 3095 2869
f 2675 2533 2525
f 2667 2675 2525
f 2683 2541 2533
f 2675 2683 2533
f 2707 2557 2541
f 2683 2707 2541
f 2715 2581 2557
f 2707 2715 2557
f 2739 2589 2581
f 2715 2739 2581
f 2767 2605 2589
f 2739 2767 2589
f 2783 2629 2605
f 2767 2783 2605
f 2829 2661 2629
f 2783 2829 2629
f 2869 2699 2661
f 2829 2869 2661
f 2917 2731 2699
f 2869 2917 2699
f 2533 2387 2379
f 2525 2533 2379
f 2541 2419 2387
f 2533 2541 2387
f 2557 2427 2419
f 2541 2557 2419
f 2581 2435 2427
f 2557 2581 2427
f 2589 2451 2435
f 2581 2589 2435
f 2605 2459 2451
f 2589 2605 2451
f 2629 2475 2459
f 2605 2629 2459
f 2661 2503 2475
f 2629 2661 2475
f 2699 2519 2503
f 2661 2699 2503
f 2731 2573 2519
f 2699 2731 2519
f 2387 2269 2253
f 2379 2387 2253
f 2419 2277 2269
f 2387 2419 2269
f 2427 2285 2277
f 2419 2427 2277
f 2435 2293 2285
f 2427 2435 2285
f 2451 2309 2293
f 2435 2451 2293
f 2459 2317 2309
f 2451 2459 2309
f 2475 2333 2317
f 2459 2475 2317
f 2503 2349 2333
f 2475 2503 2333
f 2519 2373 2349
f 2503 2519 2349
f 2573 2403 2373
f 2519 2573 2373
f 2269 2131 2115
f 2253 2269 2115
f 2277 2139 2131
f 2269 2277 2131
f 2285 2147 2139
f 2277 2285 2139
f 2293 2155 2147
f 2285 2293 2147
f 2309 2171 2155
f 2293 2309 2155
f 2317 2187 2171
f 2309 2317 2171
f 2333 2195 2187
f 2317 2333 2187
f 2349 2211 2195
f 2333 2349 2195
f 2373 2219 2211
f 2349 2373 2211
f 2403 2239 2219
f 2373 2403 2219
f 2131 1989 1981
f 2115 2131 1981
f 2139 2005 1989
f 2131 2139 1989
f 2147 2013 2005
f 2139 2147 2005
f 2155 2021 2013
f 2147 2155 2013
f 2171 2045 2021
f 2155 2171 2021
f 2187 2053 2045
f 2171 2187 2045
f 2195 2061 2053
f 2187 2195 2053
f 2211 2077 2061
f 2195 2211 2061
f 2219 2085 2077
f 2211 2219 2077
f 2239 2093 2085
f 2219 2239 2085
f 1989 1859 1851
f 1981 1989 1851
f 2005 1867 1859
f 1989 2005 1859
f 2013 1883 1867
f 2005 2013 1867
f 2021 1899 1883
f 2013 2021 1883
f 2045 1907 1899
f 2021 2045 1899
f 2053 1923 1907
f 2045 2053 1907
f 2061 1931 1923
f 2053 2061 1923
f 2077 1939 1931
f 2061 2077 1931
f 2085 1955 1939
f 2077 2085 1939
f 2093 1963 1955
f 2085 2093 1955
f 1859 1745 1737
f 1851 1859 1737
f 1867 1753 1745
f 1859 1867 1745
f 1883 1761 1753
f 1867 1883 1753
f 1899 1769 1761
f 1883 1899 1761
f 1907 1777 1769
f 1899 1907 1769
f 1923 1789 1777
f 1907 1923 1777
f 1931 1805 1789
f 1923 1931 1789
f 1939 1813 1805
f 1931 1939 1805
f 1955 1821 1813
f 1939 1955 1813
f 1963 1837 1821
f 1955 1963 1821
f 1745 1627 1619
f 1737 1745 1619
f 1753 1635 1627
f 1745 1753 1627
f 1761 1643 1635
f 1753 1761 1635
f 1769 1651 1643
f 1761 1769 1643
f 1777 1659 1651
f 1769 1777 1651
f 1789 1667 1659
f 1777 1789 1659
f 1805 1675 1667
f 1789 1805 1667
f 1813 1683 1675
f 1805 1813 1675
f 1821 1691 1683
f 1813 1821 1683
f 1837 1707 1691
f 1821 1837 1691
f 1627 1513 1505
f 1619 1627 1505
f 1635 1521 1513
f 1627 1635 1513
f 1643 1529 1521
f 1635 1643 1521
f 1651 1537 1529
f 1643 1651 1529
f 1659 1545 1537
f 1651 1659 1537
f 1667 1553 1545
f 1659 1667 1545
f 1675 1561 1553
f 1667 1675 1553
f 1683 1569 1561
f 1675 1683 1561
f 1691 1577 1569
f 1683 1691 1569
f 1707 1585 1577
f 1691 1707 1577
f 1513 1403 1395
f 1505 1513 1395
f 1521 1411 1403
f 1513 1521 1403
f 1529 1419 1411
f 1521 1529 1411
f 1537 1427 1419
f 1529 1537 1419
f 1545 1435 1427
f 1537 1545 1427
f 1553 1443 1435
f 1545 1553 1435
f 1561 1451 1443
f 1553 1561 1443
f 1569 1459 1451
f 1561 1569 1451
f 1577 1467 1459
f 1569 1577 1459
f 1585 1475 1467
f 1577 1585 1467
f 1403 1305 1297
f 1395 1403 1297
f 1411 1313 1305
f 1403 1411 1305
f 1419 1329 1313
f 1411 1419 1313
f 1427 1337 1329
f 1419 1427 1329
f 1435 1353 1337
f 1427 1435 1337
f 1443 1361 1353
f 1435 1443 1353
f 1451 1369 1361
f 1443 1451 1361
f 1459 1345 1369
f 1451 1459 1369
f 1467 1321 1345
f 1459 1467 1345
f 1475 1291 1321
f 1467 1475 1321
f 1305 1253 1267
f 1297 1305 1267
f 1313 1261 1253
f 1305 1313 1253
f 1329 1245 1261
f 1313 1329 1261
f 1337 1237 1245
f 1329 1337 1245
f 1353 1229 1237
f 1337 1353 1237
f 1361 1221 1229
f 1353 1361 1229
f 1369 1213 1221
f 1361 1369 1221
f 1345 1205 1213
f 1369 1345 1213
f 1321 1197 1205
f 1345 1321 1205
f 1291 1189 1197
f 1321 1291 1197
f 1253 1163 1169
f 1267 1253 1169
f 1261 1155 1163
f 1253 1261 1163
f 1245 1147 1155
f 1261 1245 1155
f 1237 1139 1147
f 1245 1237 1147
f 1229 1131 1139
f 1237 1229 1139
f 1221 1123 1131
f 1229 1221 1131
f 1213 1115 1123
f 1221 1213 1123
f 1205 1107 1115
f 1213 1205 1115
f 1197 1099 1107
f 1205 1197 1107
f 1189 1091 1099
f 1197 1189 1099
f 1163 1069 1075
f 1169 1163 1075
f 1155 1061 1069
f 1163 1155 1069
f 1147 1053 1061
f 1155 1147 1061
f 1139 1045 1053
f 1147 1139 1053
f 1131 1037 1045
f 1139 1131 1045
f 1123 1029 1037
f 1131 1123 1037
f 1115 1021 1029
f 1123 1115 1029
f 1107 1013 1021
f 1115 1107 1021
f 1099 1005 1013
f 1107 1099 1013
f 1091 997 1005
f 1005 1099 1091
f 1069 979 985
f 1075 1069 985
f 1061 971 979
f 1069 1061 979
f 1053 963 971
f 1061 1053 971
f 1045 955 963
f 1053 1045 963
f 1037 947 955
f 1045 1037 955
f 1029 939 947
f 1037 1029 947
f 1021 931 939
f 1029 1021 939
f 1013 923 931
f 1021 1013 931
f 1005 915 923
f 1013 1005 923
f 997 907 915
f 915 1005 997
f 979 835 856
f 985 979 856
f 971 827 835
f 979 971 835
f 963 865 827
f 971 963 827
f 955 885 865
f 963 955 865
f 947 893 885
f 955 947 885
f 939 901 893
f 947 939 893
f 931 873 901
f 939 931 901
f 923 843 873
f 931 923 873
f 915 851 843
f 923 915 843
f 907 877 851
f 851 915 907
f 3118 3126 3278
f 3118 3278 3267
f 3126 3134 3294
f 3126 3294 3278
f 3134 3142 3322
f 3134 3322 3294
f 3142 3198 3346
f 3142 3346 3322
f 3198 3214 3386
f 3198 3386 3346
f 3214 3246 3410
f 3214 3410 3386
f 3246 3300 3458
f 3246 3458 3410
f 3300 3352 3498
f 3300 3498 3458
f 3352 3400 3534
f 3352 3534 3498
f 3400 3464 3590
f 3400 3590 3534
f 2956 2964 3126
f 2956 3126 3118
f 2964 2980 3134
f 2964 3134 3126
f 2980 3004 3142
f 2980 3142 3134
f 3004 3032 3198
f 3004 3198 3142
f 3032 3056 3214
f 3032 3214 3198
f 3056 3088 3246
f 3056 3246 3214
f 3088 3112 3300
f 3088 3300 3246
f 3112 3182 3352
f 3112 3352 3300
f 3182 3222 3400
f 3182 3400 3352
f 3222 3262 3464
f 3222 3464 3400
f 2814 2822 2964
f 2814 2964 2956
f 2822 2838 2980
f 2822 2980 2964
f 2838 2846 3004
f 2838 3004 2980
f 2846 2862 3032
f 2846 3032 3004
f 2862 2886 3056
f 2862 3056 3032
f 2886 2934 3088
f 2886 3088 3056
f 2934 2942 3112
f 2934 3112 3088
f 2942 2996 3182
f 2942 3182 3112
f 2996 3048 3222
f 2996 3222 3182
f 3048 3096 3262
f 3048 3262 3222
f 2668 2676 2822
f 2668 2822 2814
f 2676 2684 2838
f 2676 2838 2822
f 2684 2708 2846
f 2684 2846 2838
f 2708 2716 2862
f 2708 2862 2846
f 2716 2740 2886
f 2716 2886 2862
f 2740 2768 2934
f 2740 2934 2886
f 2768 2784 2942
f 2768 2942 2934
f 2784 2830 2996
f 2784 2996 2942
f 2830 2870 3048
f 2830 3048 2996
f 2870 2918 3096
f 2870 3096 3048
f 2526 2534 2676
f 2526 2676 2668
f 2534 2542 2684
f 2534 2684 2676
f 2542 2558 2708
f 2542 2708 2684
f 2558 2582 2716
f 2558 2716 2708
f 2582 2590 2740
f 2582 2740 2716
f 2590 2606 2768
f 2590 2768 2740
f 2606 2630 2784
f 2606 2784 2768
f 2630 2662 2830
f 2630 2830 2784
f 2662 2700 2870
f 2662 2870 2830
f 2700 2732 2918
f 2700 2918 2870
f 2380 2388 2534
f 2380 2534 2526
f 2388 2420 2542
f 2388 2542 2534
f 2420 2428 2558
f 2420 2558 2542
f 2428 2436 2582
f 2428 2582 2558
f 2436 2452 2590
f 2436 2590 2582
f 2452 2460 2606
f 2452 2606 2590
f 2460 2476 2630
f 2460 2630 2606
f 2476 2504 2662
f 2476 2662 2630
f 2504 2520 2700
f 2504 2700 2662
f 2520 2574 2732
f 2520 2732 2700
f 2254 2270 2388
f 2254 2388 2380
f 2270 2278 2420
f 2270 2420 2388
f 2278 2286 2428
f 2278 2428 2420
f 2286 2294 2436
f 2286 2436 2428
f 2294 2310 2452
f 2294 2452 2436
f 2310 2318 2460
f 2310 2460 2452
f 2318 2334 2476
f 2318 2476 2460
f 2334 2350 2504
f 2334 2504 2476
f 2350 2374 2520
f 2350 2520 2504
f 2374 2404 2574
f 2374 2574 2520
f 2116 2132 2270
f 2116 2270 2254
f 2132 2140 2278
f 2132 2278 2270
f 2140 2148 2286
f 2140 2286 2278
f 2148 2156 2294
f 2148 2294 2286
f 2156 2172 2310
f 2156 2310 2294
f 2172 2188 2318
f 2172 2318 2310
f 2188 2196 2334
f 2188 2334 2318
f 2196 2212 2350
f 2196 2350 2334
f 2212 2220 2374
f 2212 2374 2350
f 2220 2240 2404
f 2220 2404 2374
f 1982 1990 2132
f 1982 2132 2116
f 1990 2006 2140
f 1990 2140 2132
f 2006 2014 2148
f 2006 2148 2140
f 2014 2022 2156
f 2014 2156 2148
f 2022 2046 2172
f 2022 2172 2156
f 2046 2054 2188
f 2046 2188 2172
f 2054 2062 2196
f 2054 2196 2188
f 2062 2078 2212
f 2062 2212 2196
f 2078 2086 2220
f 2078 2220 2212
f 2086 2094 2240
f 2086 2240 2220
f 1852 1860 1990
f 1852 1990 1982
f 1860 1868 2006
f 1860 2006 1990
f 1868 1884 2014
f 1868 2014 2006
f 1884 1900 2022
f 1884 2022 2014
f 1900 1908 2046
f 1900 2046 2022
f 1908 1924 2054
f 1908 2054 2046
f 1924 1932 2062
f 1924 2062 2054
f 1932 1940 2078
f 1932 2078 2062
f 1940 1956 2086
f 1940 2086 2078
f 1956 1964 2094
f 1956 2094 2086
f 1738 1746 1860
f 1738 1860 1852
f 1746 1754 1868
f 1746 1868 1860
f 1754 1762 1884
f 1754 1884 1868
f 1762 1770 1900
f 1762 1900 1884
f 1770 1778 1908
f 1770 1908 1900
f 1778 1790 1924
f 1778 1924 1908
f 1790 1806 1932
f 1790 1932 1924
f 1806 1814 1940
f 1806 1940 1932
f 1814 1822 1956
f 1814 1956 1940
f 1822 1838 1964
f 1822 1964 1956
f 1620 1628 1746
f 1620 1746 1738
f 1628 1636 1754
f 1628 1754 1746
f 1636 1644 1762
f 1636 1762 1754
f 1644 1652 1770
f 1644 1770 1762
f 1652 1660 1778
f 1652 1778 1770
f 1660 1668 1790
f 1660 1790 1778
f 1668 1676 1806
f 1668 1806 1790
f 1676 1684 1814
f 1676 1814 1806
f 1684 1692 1822
f 1684 1822 1814
f 1692 1708 1838
f 1692 1838 1822
f 1506 1514 1628
f 1506 1628 1620
f 1514 1522 1636
f 1514 1636 1628
f 1522 1530 1644
f 1522 1644 1636
f 1530 1538 1652
f 1530 1652 1644
f 1538 1546 1660
f 1538 1660 1652
f 1546 1554 1668
f 1546 1668 1660
f 1554 1562 1676
f 1554 1676 1668
f 1562 1570 1684
f 1562 1684 1676
f 1570 1578 1692
f 1570 1692 1684
f 1578 1586 1708
f 1578 1708 1692
f 1396 1404 1514
f 1396 1514 1506
f 1404 1412 1522
f 1404 1522 1514
f 1412 1420 1530
f 1412 1530 1522
f 1420 1428 1538
f 1420 1538 1530
f 1428 1436 1546
f 1428 1546 1538
f 1436 1444 1554
f 1436 1554 1546
f 1444 1452 1562
f 1444 1562 1554
f 1452 1460 1570
f 1452 1570 1562
f 1460 1468 1578
f 1460 1578 1570
f 1468 1476 1586
f 1468 1586 1578
f 1298 1306 1404
f 1298 1404 1396
f 1306 1314 1412
f 1306 1412 1404
f 1314 1330 1420
f 1314 1420 1412
f 1330 1338 1428
f 1330 1428 1420
f 1338 1354 1436
f 1338 1436 1428
f 1354 1362 1444
f 1354 1444 1436
f 1362 1370 1452
f 1362 1452 1444
f 1370 1346 1460
f 1370 1460 1452
f 1346 1322 1468
f 1346 1468 1460
f 1322 1292 1476
f 1322 1476 1468
f 1268 1254 1306
f 1268 1306 1298
f 1254 1262 1314
f 1254 1314 1306
f 1262 1246 1330
f 1262 1330 1314
f 1246 1238 1338
f 1246 1338 1330
f 1238 1230 1354
f 1238 1354 1338
f 1230 1222 1362
f 1230 1362 1354
f 1222 1214 1370
f 1222 1370 1362
f 1214 1206 1346
f 1214 1346 1370
f 1206 1198 1322
f 1206 1322 1346
f 1198 1190 1292
f 1198 1292 1322
f 1170 1164 1254
f 1170 1254 1268
f 1164 1156 1262
f 1164 1262 1254
f 1156 1148 1246
f 1156 1246 1262
f 1148 1140 1238
f 1148 1238 1246
f 1140 1132 1230
f 1140 1230 1238
f 1132 1124 1222
f 1132 1222 1230
f 1124 1116 1214
f 1124 1214 1222
f 1116 1108 1206
f 1116 1206 1214
f 1108 1100 1198
f 1108 1198 1206
f 1100 1092 1190
f 1100 1190 1198
f 1076 1070 1164
f 1076 1164 1170
f 1070 1062 1156
f 1070 1156 1164
f 1062 1054 1148
f 1062 1148 1156
f 1054 1046 1140
f 1054 1140 1148
f 1046 1038 1132
f 1046 1132 1140
f 1038 1030 1124
f 1038 1124 1132
f 1030 1022 1116
f 1030 1116 1124
f 1022 1014 1108
f 1022 1108 1116
f 1014 1006 1100
f 1014 1100 1108
f 1006 998 1092
f 1092 1100 1006
f 986 980 1070
f 986 1070 1076
f 980 972 1062
f 980 1062 1070
f 972 964 1054
f 972 1054 1062
f 964 956 1046
f 964 1046 1054
f 956 948 1038
f 956 1038 1046
f 948 940 1030
f 948 1030 1038
f 940 932 1022
f 940 1022 1030
f 932 924 1014
f 932 1014 1022
f 924 916 1006
f 924 1006 1014
f 916 908 998
f 998 1006 916
f 855 836 980
f 855 980 986
f 836 828 972
f 836 972 980
f 828 866 964
f 828 964 972
f 866 886 956
f 866 956 964
f 886 894 948
f 886 948 956
f 894 902 940
f 894 940 948
f 902 874 932
f 902 932 940
f 874 844 924
f 874 924 932
f 844 852 916
f 844 916 924
f 852 878 908
f 908 916 852
f 3463 3589 3629
f 3463 3629 3511
f 3511 3629 3685
f 3511 3685 3563
f 3563 3685 3721
f 3563 3721 3603
f 3603 3721 3761
f 3659 3603 3761
f 3659 3761 3809
f 3659 3809 3711
f 3711 3809 3845
f 3711 3845 3767
f 3767 3845 3893
f 3767 3893 3815
f 3815 3893 3933
f 3815 3933 3867
f 3867 3933 3977
f 3899 3867 3977
f 3899 3977 4001
f 3899 4001 3947
f 3947 4001 4041
f 3947 4041 3991
f 3991 4041 4077
f 3991 4077 4031
f 4031 4077 4109
f 4031 4109 4067
f 4067 4109 4137
f 4067 4137 4099
f 4099 4137 4161
f 4099 4161 4127
f 4127 4161 4181
f 4127 4181 4151
f 4151 4181 4197
f 4171 4151 4197
f 4171 4197 4209
f 4171 4209 4187
f 4187 4209 4217
f 4187 4217 4201
f 4201 4217 4221
f 4201 4221 4215
f 3261 3463 3511
f 3261 3511 3367
f 3367 3511 3563
f 3367 3563 3423
f 3423 3563 3603
f 3423 3603 3487
f 3487 3603 3659
f 3555 3487 3659
f 3555 3659 3711
f 3555 3711 3611
f 3611 3711 3767
f 3611 3767 3675
f 3675 3767 3815
f 3675 3815 3735
f 3735 3815 3867
f 3735 3867 3783
f 3783 3867 3899
f 3831 3783 3899
f 3831 3899 3947
f 3831 3947 3883
f 3883 3947 3991
f 3883 3991 3939
f 3939 3991 4031
f 3939 4031 3983
f 3983 4031 4067
f 3983 4067 4023
f 4023 4067 4099
f 4023 4099 4059
f 4059 4099 4127
f 4059 4127 4091
f 4091 4127 4151
f 4091 4151 4119
f 4119 4151 4171
f 4143 4119 4171
f 4143 4171 4187
f 4143 4187 4165
f 4165 4187 4201
f 4165 4201 4188
f 4188 4201 4215
f 4188 4215 4207
f 3095 3261 3367
f 3095 3367 3165
f 3165 3367 3423
f 3165 3423 3237
f 3237 3423 3487
f 3237 3487 3335
f 3335 3487 3555
f 3415 3335 3555
f 3415 3555 3611
f 3415 3611 3503
f 3503 3611 3675
f 3503 3675 3571
f 3571 3675 3735
f 3571 3735 3635
f 3635 3735 3783
f 3635 3783 3691
f 3691 3783 3831
f 3751 3691 3831
f 3751 3831 3883
f 3751 3883 3823
f 3823 3883 3939
f 3823 3939 3875
f 3875 3939 3983
f 3875 3983 3923
f 3923 3983 4023
f 3923 4023 3967
f 3967 4023 4059
f 3967 4059 4015
f 4015 4059 4091
f 4015 4091 4051
f 4051 4091 4119
f 4051 4119 4083
f 4083 4119 4143
f 4113 4083 4143
f 4113 4143 4165
f 4113 4165 4144
f 4144 4165 4188
f 4144 4188 4172
f 4172 4188 4207
f 4172 4207 4195
f 2917 3095 3165
f 2917 3165 2987
f 2987 3165 3237
f 2987 3237 3063
f 3063 3237 3335
f 3063 3335 3157
f 3157 3335 3415
f 3157 3415 3253
f 3253 3415 3503
f 3253 3503 3359
f 3359 3503 3571
f 3359 3571 3447
f 3447 3571 3635
f 3447 3635 3519
f 3519 3635 3691
f 3519 3691 3595
f 3595 3691 3751
f 3595 3751 3667
f 3667 3751 3823
f 3667 3823 3743
f 3743 3823 3875
f 3743 3875 3799
f 3799 3875 3923
f 3799 3923 3859
f 3859 3923 3967
f 3859 3967 3915
f 3915 3967 4015
f 3915 4015 3959
f 3959 4015 4051
f 3959 4051 4007
f 4007 4051 4083
f 4007 4083 4045
f 4045 4083 4113
f 4045 4113 4084
f 4084 4113 4144
f 4084 4144 4120
f 4120 4144 4172
f 4120 4172 4152
f 4152 4172 4195
f 4152 4195 4179
f 2731 2917 2987
f 2731 2987 2799
f 2799 2987 3063
f 2799 3063 2901
f 2901 3063 3157
f 2901 3157 2971
f 2971 3157 3253
f 3079 2971 3253
f 3079 3253 3359
f 3079 3359 3189
f 3189 3359 3447
f 3189 3447 3283
f 3283 3447 3519
f 3283 3519 3391
f 3391 3519 3595
f 3391 3595 3479
f 3479 3595 3667
f 3579 3479 3667
f 3579 3667 3743
f 3579 3743 3651
f 3651 3743 3799
f 3651 3799 3727
f 3727 3799 3859
f 3727 3859 3791
f 3791 3859 3915
f 3791 3915 3851
f 3851 3915 3959
f 3851 3959 3907
f 3907 3959 4007
f 3907 4007 3953
f 3953 4007 4045
f 3953 4045 4008
f 4008 4045 4084
f 4052 4008 4084
f 4052 4084 4120
f 4052 4120 4092
f 4092 4120 4152
f 4092 4152 4128
f 4128 4152 4179
f 4128 4179 4159
f 2573 2731 2799
f 2573 2799 2637
f 2637 2799 2901
f 2637 2901 2723
f 2723 2901 2971
f 2723 2971 2807
f 2807 2971 3079
f 2909 2807 3079
f 2909 3079 3189
f 2909 3189 3011
f 3011 3189 3283
f 3011 3283 3103
f 3103 3283 3391
f 3103 3391 3229
f 3229 3391 3479
f 3229 3479 3375
f 3375 3479 3579
f 3471 3375 3579
f 3471 3579 3651
f 3471 3651 3547
f 3547 3651 3727
f 3547 3727 3643
f 3643 3727 3791
f 3643 3791 3703
f 3703 3791 3851
f 3703 3851 3775
f 3775 3851 3907
f 3775 3907 3837
f 3837 3907 3953
f 3837 3953 3908
f 3908 3953 4008
f 3908 4008 3960
f 3960 4008 4052
f 4016 3960 4052
f 4016 4052 4092
f 4016 4092 4060
f 4060 4092 4128
f 4060 4128 4100
f 4100 4128 4159
f 4100 4159 4135
f 2403 2573 2637
f 2403 2637 2467
f 2467 2637 2723
f 2467 2723 2565
f 2565 2723 2807
f 2565 2807 2645
f 2645 2807 2909
f 2751 2645 2909
f 2751 2909 3011
f 2751 3011 2853
f 2853 3011 3103
f 2853 3103 2949
f 2949 3103 3229
f 2949 3229 3071
f 3071 3229 3375
f 3071 3375 3205
f 3205 3375 3471
f 3327 3205 3471
f 3327 3471 3547
f 3327 3547 3439
f 3439 3547 3643
f 3439 3643 3539
f 3539 3643 3703
f 3539 3703 3619
f 3619 3703 3775
f 3619 3775 3697
f 3697 3775 3837
f 3697 3837 3776
f 3776 3837 3908
f 3776 3908 3852
f 3852 3908 3960
f 3852 3960 3916
f 3916 3960 4016
f 3968 3916 4016
f 3968 4016 4060
f 3968 4060 4024
f 4024 4060 4100
f 4024 4100 4068
f 4068 4100 4135
f 4068 4135 4107
f 2239 2403 2467
f 2239 2467 2325
f 2325 2467 2565
f 2325 2565 2411
f 2411 2565 2645
f 2411 2645 2495
f 2495 2645 2751
f 2597 2495 2751
f 2597 2751 2853
f 2597 2853 2691
f 2691 2853 2949
f 2691 2949 2791
f 2791 2949 3071
f 2791 3071 2925
f 2925 3071 3205
f 2925 3205 3039
f 3039 3205 3327
f 3173 3039 3327
f 3173 3327 3439
f 3173 3439 3311
f 3311 3439 3539
f 3311 3539 3431
f 3431 3539 3619
f 3431 3619 3525
f 3525 3619 3697
f 3525 3697 3620
f 3620 3697 3776
f 3620 3776 3704
f 3704 3776 3852
f 3704 3852 3792
f 3792 3852 3916
f 3792 3916 3860
f 3860 3916 3968
f 3924 3860 3968
f 3924 3968 4024
f 3924 4024 3984
f 3984 4024 4068
f 3984 4068 4032
f 4032 4068 4107
f 4032 4107 4075
f 2093 2239 2325
f 2093 2325 2179
f 2179 2325 2411
f 2179 2411 2247
f 2247 2411 2495
f 2247 2495 2341
f 2341 2495 2597
f 2443 2341 2597
f 2443 2597 2691
f 2443 2691 2549
f 2549 2691 2791
f 2549 2791 2653
f 2653 2791 2925
f 2653 2925 2775
f 2775 2925 3039
f 2775 3039 2893
f 2893 3039 3173
f 3023 2893 3173
f 3023 3173 3311
f 3023 3311 3149
f 3149 3311 3431
f 3149 3431 3305
f 3305 3431 3525
f 3305 3525 3432
f 3432 3525 3620
f 3432 3620 3540
f 3540 3620 3704
f 3540 3704 3644
f 3644 3704 3792
f 3644 3792 3728
f 3728 3792 3860
f 3728 3860 3800
f 3800 3860 3924
f 3876 3800 3924
f 3876 3924 3984
f 3876 3984 3940
f 3940 3984 4032
f 3940 4032 3992
f 3992 4032 4075
f 3992 4075 4039
f 1963 2093 2179
f 1963 2179 2029
f 2029 2179 2247
f 2029 2247 2101
f 2101 2247 2341
f 2101 2341 2203
f 2203 2341 2443
f 2301 2203 2443
f 2301 2443 2549
f 2301 2549 2395
f 2395 2549 2653
f 2395 2653 2511
f 2511 2653 2775
f 2511 2775 2621
f 2621 2775 2893
f 2621 2893 2759
f 2759 2893 3023
f 2877 2759 3023
f 2877 3023 3149
f 2877 3149 3017
f 3017 3149 3305
f 3017 3305 3150
f 3150 3305 3432
f 3150 3432 3312
f 3312 3432 3540
f 3312 3540 3440
f 3440 3540 3644
f 3440 3644 3548
f 3548 3644 3728
f 3548 3728 3652
f 3652 3728 3800
f 3652 3800 3744
f 3744 3800 3876
f 3824 3744 3876
f 3824 3876 3940
f 3824 3940 3884
f 3884 3940 3992
f 3884 3992 3948
f 3948 3992 4039
f 3948 4039 3999
f 1837 1963 2029
f 1837 2029 1875
f 1875 2029 2101
f 1875 2101 1971
f 1971 2101 2203
f 1971 2203 2069
f 2069 2203 2301
f 2163 2069 2301
f 2163 2301 2395
f 2163 2395 2261
f 2261 2395 2511
f 2261 2511 2365
f 2365 2511 2621
f 2365 2621 2487
f 2487 2621 2759
f 2487 2759 2613
f 2613 2759 2877
f 2745 2613 2877
f 2745 2877 3017
f 2745 3017 2878
f 2878 3017 3150
f 2878 3150 3024
f 3024 3150 3312
f 3024 3312 3174
f 3174 3312 3440
f 3174 3440 3328
f 3328 3440 3548
f 3328 3548 3472
f 3472 3548 3652
f 3472 3652 3580
f 3580 3652 3744
f 3580 3744 3668
f 3668 3744 3824
f 3752 3668 3824
f 3752 3824 3884
f 3752 3884 3832
f 3832 3884 3948
f 3832 3948 3900
f 3900 3948 3999
f 3900 3999 3975
f 1707 1837 1875
f 1707 1875 1731
f 1731 1875 1971
f 1731 1971 1845
f 1845 1971 2069
f 1845 2069 1947
f 1947 2069 2163
f 1947 2163 2037
f 2037 2163 2261
f 2037 2261 2123
f 2123 2261 2365
f 2123 2365 2231
f 2231 2365 2487
f 2231 2487 2357
f 2357 2487 2613
f 2357 2613 2481
f 2481 2613 2745
f 2481 2745 2614
f 2614 2745 2878
f 2614 2878 2760
f 2760 2878 3024
f 2760 3024 2894
f 2894 3024 3174
f 2894 3174 3040
f 3040 3174 3328
f 3040 3328 3206
f 3206 3328 3472
f 3206 3472 3376
f 3376 3472 3580
f 3376 3580 3480
f 3480 3580 3668
f 3480 3668 3596
f 3596 3668 3752
f 3596 3752 3692
f 3692 3752 3832
f 3692 3832 3784
f 3784 3832 3900
f 3784 3900 3868
f 3868 3900 3975
f 3868 3975 3931
f 1585 1707 1731
f 1585 1731 1613
f 1613 1731 1845
f 1613 1845 1723
f 1723 1845 1947
f 1723 1947 1829
f 1829 1947 2037
f 1915 1829 2037
f 1915 2037 2123
f 1915 2123 1997
f 1997 2123 2231
f 1997 2231 2109
f 2109 2231 2357
f 2109 2357 2225
f 2225 2357 2481
f 2225 2481 2358
f 2358 2481 2614
f 2488 2358 2614
f 2488 2614 2760
f 2488 2760 2622
f 2622 2760 2894
f 2622 2894 2776
f 2776 2894 3040
f 2776 3040 2926
f 2926 3040 3206
f 2926 3206 3072
f 3072 3206 3376
f 3072 3376 3230
f 3230 3376 3480
f 3230 3480 3392
f 3392 3480 3596
f 3392 3596 3520
f 3520 3596 3692
f 3636 3520 3692
f 3636 3692 3784
f 3636 3784 3736
f 3736 3784 3868
f 3736 3868 3816
f 3816 3868 3931
f 3816 3931 3891
f 1475 1585 1613
f 1475 1613 1499
f 1499 1613 1723
f 1499 1723 1605
f 1605 1723 1829
f 1605 1829 1715
f 1715 1829 1915
f 1797 1715 1915
f 1797 1915 1997
f 1797 1997 1891
f 1891 1997 2109
f 1891 2109 1977
f 1977 2109 2225
f 1977 2225 2110
f 2110 2225 2358
f 2110 2358 2232
f 2232 2358 2488
f 2366 2232 2488
f 2366 2488 2622
f 2366 2622 2512
f 2512 2622 2776
f 2512 2776 2654
f 2654 2776 2926
f 2654 2926 2792
f 2792 2926 3072
f 2792 3072 2950
f 2950 3072 3230
f 2950 3230 3104
f 3104 3230 3392
f 3104 3392 3284
f 3284 3392 3520
f 3284 3520 3448
f 3448 3520 3636
f 3572 3448 3636
f 3572 3636 3736
f 3572 3736 3676
f 3676 3736 3816
f 3676 3816 3768
f 3768 3816 3891
f 3768 3891 3843
f 1291 1475 1499
f 1291 1499 1389
f 1389 1499 1605
f 1389 1605 1491
f 1491 1605 1715
f 1491 1715 1597
f 1597 1715 1797
f 1699 1597 1797
f 1699 1797 1891
f 1699 1891 1783
f 1783 1891 1977
f 1783 1977 1892
f 1892 1977 2110
f 1892 2110 1998
f 1998 2110 2232
f 1998 2232 2124
f 2124 2232 2366
f 2262 2124 2366
f 2262 2366 2512
f 2262 2512 2396
f 2396 2512 2654
f 2396 2654 2550
f 2550 2654 2792
f 2550 2792 2692
f 2692 2792 2950
f 2692 2950 2854
f 2854 2950 3104
f 2854 3104 3012
f 3012 3104 3284
f 3012 3284 3190
f 3190 3284 3448
f 3190 3448 3360
f 3360 3448 3572
f 3504 3360 3572
f 3504 3572 3676
f 3504 3676 3612
f 3612 3676 3768
f 3612 3768 3712
f 3712 3768 3843
f 3712 3843 3807
f 1189 1291 1389
f 1189 1389 1283
f 1283 1389 1491
f 1283 1491 1381
f 1381 1491 1597
f 1381 1597 1483
f 1483 1597 1699
f 1591 1483 1699
f 1591 1699 1783
f 1591 1783 1700
f 1700 1783 1892
f 1700 1892 1798
f 1798 1892 1998
f 1798 1998 1916
f 1916 1998 2124
f 1916 2124 2038
f 2038 2124 2262
f 2164 2038 2262
f 2164 2262 2396
f 2164 2396 2302
f 2302 2396 2550
f 2302 2550 2444
f 2444 2550 2692
f 2444 2692 2598
f 2598 2692 2854
f 2598 2854 2752
f 2752 2854 3012
f 2752 3012 2910
f 2910 3012 3190
f 2910 3190 3080
f 3080 3190 3360
f 3080 3360 3254
f 3254 3360 3504
f 3416 3254 3504
f 3416 3504 3612
f 3416 3612 3556
f 3556 3612 3712
f 3556 3712 3660
f 3660 3712 3807
f 3660 3807 3759
f 1091 1189 1283
f 1091 1283 1181
f 1181 1283 1381
f 1181 1381 1275
f 1275 1381 1483
f 1275 1483 1375
f 1375 1483 1591
f 1375 1591 1484
f 1484 1591 1700
f 1484 1700 1598
f 1598 1700 1798
f 1598 1798 1716
f 1716 1798 1916
f 1716 1916 1830
f 1830 1916 2038
f 1830 2038 1948
f 1948 2038 2164
f 2070 1948 2164
f 2070 2164 2302
f 2070 2302 2204
f 2204 2302 2444
f 2204 2444 2342
f 2342 2444 2598
f 2342 2598 2496
f 2496 2598 2752
f 2496 2752 2646
f 2646 2752 2910
f 2646 2910 2808
f 2808 2910 3080
f 2808 3080 2972
f 2972 3080 3254
f 2972 3254 3158
f 3158 3254 3416
f 3336 3158 3416
f 3336 3416 3556
f 3336 3556 3488
f 3488 3556 3660
f 3488 3660 3604
f 3604 3660 3759
f 3604 3759 3719
f 997 1091 1181
f 997 1181 1083
f 1083 1181 1275
f 1083 1275 1175
f 1175 1275 1375
f 1175 1375 1276
f 1276 1375 1484
f 1382 1276 1484
f 1382 1484 1598
f 1382 1598 1492
f 1492 1598 1716
f 1492 1716 1606
f 1606 1716 1830
f 1606 1830 1724
f 1724 1830 1948
f 1724 1948 1846
f 1846 1948 2070
f 1972 1846 2070
f 1972 2070 2204
f 1972 2204 2102
f 2102 2204 2342
f 2102 2342 2248
f 2248 2342 2496
f 2248 2496 2412
f 2412 2496 2646
f 2412 2646 2566
f 2566 2646 2808
f 2566 2808 2724
f 2724 2808 2972
f 2724 2972 2902
f 2902 2972 3158
f 2902 3158 3064
f 3064 3158 3336
f 3238 3064 3336
f 3238 3336 3488
f 3238 3488 3424
f 3424 3488 3604
f 3424 3604 3564
f 3564 3604 3719
f 3564 3719 3683
f 907 997 1083
f 907 1083 991
f 991 1083 1175
f 991 1175 1084
f 1084 1175 1276
f 1084 1276 1182
f 1182 1276 1382
f 1284 1182 1382
f 1284 1382 1492
f 1284 1492 1390
f 1390 1492 1606
f 1390 1606 1500
f 1500 1606 1724
f 1500 1724 1614
f 1614 1724 1846
f 1614 1846 1732
f 1732 1846 1972
f 1876 1732 1972
f 1876 1972 2102
f 1876 2102 2030
f 2030 2102 2248
f 2030 2248 2180
f 2180 2248 2412
f 2180 2412 2326
f 2326 2412 2566
f 2326 2566 2468
f 2468 2566 2724
f 2468 2724 2638
f 2638 2724 2902
f 2638 2902 2800
f 2800 2902 3064
f 2800 3064 2988
f 2988 3064 3238
f 3166 2988 3238
f 3166 3238 3424
f 3166 3424 3368
f 3368 3424 3564
f 3368 3564 3512
f 3512 3564 3683
f 3512 3683 3627
f 877 907 991
f 877 991 909
f 909 991 1084
f 909 1084 999
f 999 1084 1182
f 999 1182 1093
f 1093 1182 1284
f 1191 1093 1284
f 1191 1284 1390
f 1191 1390 1293
f 1293 1390 1500
f 1293 1500 1477
f 1477 1500 1614
f 1477 1614 1587
f 1587 1614 1732
f 1587 1732 1709
f 1709 1732 1876
f 1839 1709 1876
f 1839 1876 2030
f 1839 2030 1965
f 1965 2030 2180
f 1965 2180 2095
f 2095 2180 2326
f 2095 2326 2241
f 2241 2326 2468
f 2241 2468 2405
f 2405 2468 2638
f 2405 2638 2575
f 2575 2638 2800
f 2575 2800 2733
f 2733 2800 2988
f 2733 2988 2919
f 2919 2988 3166
f 3097 2919 3166
f 3097 3166 3368
f 3097 3368 3263
f 3263 3368 3512
f 3263 3512 3465
f 3465 3512 3627
f 3465 3627 3587
f 3630 3590 3464
f 3630 3464 3513
f 3686 3630 3513
f 3686 3513 3565
f 3722 3686 3565
f 3722 3565 3605
f 3762 3722 3605
f 3762 3605 3661
f 3810 3762 3661
f 3810 3661 3713
f 3846 3810 3713
f 3846 3713 3769
f 3894 3846 3769
f 3894 3769 3817
f 3934 3894 3817
f 3934 3817 3869
f 3978 3934 3869
f 3978 3869 3901
f 4002 3978 3901
f 4002 3901 3949
f 4042 4002 3949
f 4042 3949 3993
f 4078 4042 3993
f 4078 3993 4033
f 4110 4078 4033
f 4110 4033 4069
f 4138 4110 4069
f 4138 4069 4101
f 4162 4138 4101
f 4162 4101 4129
f 4182 4162 4129
f 4182 4129 4153
f 4198 4182 4153
f 4198 4153 4173
f 4210 4198 4173
f 4210 4173 4189
f 4218 4210 4189
f 4218 4189 4202
f 4222 4218 4202
f 4222 4202 4216
f 3513 3464 3262
f 3513 3262 3369
f 3565 3513 3369
f 3565 3369 3425
f 3605 3565 3425
f 3605 3425 3489
f 3661 3605 3489
f 3661 3489 3557
f 3713 3661 3557
f 3713 3557 3613
f 3769 3713 3613
f 3769 3613 3677
f 3817 3769 3677
f 3817 3677 3737
f 3869 3817 3737
f 3869 3737 3785
f 3901 3869 3785
f 3901 3785 3833
f 3949 3901 3833
f 3949 3833 3885
f 3993 3949 3885
f 3993 3885 3941
f 4033 3993 3941
f 4033 3941 3985
f 4069 4033 3985
f 4069 3985 4025
f 4101 4069 4025
f 4101 4025 4061
f 4129 4101 4061
f 4129 4061 4093
f 4153 4129 4093
f 4153 4093 4121
f 4173 4153 4121
f 4173 4121 4145
f 4189 4173 4145
f 4189 4145 4166
f 4202 4189 4166
f 4202 4166 4190
f 4216 4202 4190
f 4216 4190 4208
f 3369 3262 3096
f 3369 3096 3167
f 3425 3369 3167
f 3425 3167 3239
f 3489 3425 3239
f 3489 3239 3337
f 3557 3489 3337
f 3557 3337 3417
f 3613 3557 3417
f 3613 3417 3505
f 3677 3613 3505
f 3677 3505 3573
f 3737 3677 3573
f 3737 3573 3637
f 3785 3737 3637
f 3785 3637 3693
f 3833 3785 3693
f 3833 3693 3753
f 3885 3833 3753
f 3885 3753 3825
f 3941 3885 3825
f 3941 3825 3877
f 3985 3941 3877
f 3985 3877 3925
f 4025 3985 3925
f 4025 3925 3969
f 4061 4025 3969
f 4061 3969 4017
f 4093 4061 4017
f 4093 4017 4053
f 4121 4093 4053
f 4121 4053 4085
f 4145 4121 4085
f 4145 4085 4114
f 4166 4145 4114
f 4166 4114 4146
f 4190 4166 4146
f 4190 4146 4174
f 4208 4190 4174
f 4208 4174 4196
f 3167 3096 2918
f 2989 3167 2918
f 3239 3167 2989
f 3065 3239 2989
f 3337 3239 3065
f 3159 3337 3065
f 3417 3337 3159
f 3255 3417 3159
f 3505 3417 3255
f 3361 3505 3255
f 3573 3505 3361
f 3449 3573 3361
f 3637 3573 3449
f 3521 3637 3449
f 3693 3637 3521
f 3597 3693 3521
f 3753 3693 3597
f 3753 3597 3669
f 3825 3753 3669
f 3745 3825 3669
f 3877 3825 3745
f 3801 3877 3745
f 3925 3877 3801
f 3861 3925 3801
f 3969 3925 3861
f 3917 3969 3861
f 4017 3969 3917
f 3961 4017 3917
f 4053 4017 3961
f 4009 4053 3961
f 4085 4053 4009
f 4046 4085 4009
f 4114 4085 4046
f 4114 4046 4086
f 4146 4114 4086
f 4122 4146 4086
f 4174 4146 4122
f 4154 4174 4122
f 4196 4174 4154
f 4180 4196 4154
f 2989 2918 2732
f 2989 2732 2801
f 3065 2989 2801
f 3065 2801 2903
f 3159 3065 2903
f 3159 2903 2973
f 3255 3159 2973
f 3255 2973 3081
f 3361 3255 3081
f 3361 3081 3191
f 3449 3361 3191
f 3449 3191 3285
f 3521 3449 3285
f 3521 3285 3393
f 3597 3521 3393
f 3597 3393 3481
f 3669 3597 3481
f 3669 3481 3581
f 3745 3669 3581
f 3745 3581 3653
f 3801 3745 3653
f 3801 3653 3729
f 3861 3801 3729
f 3861 3729 3793
f 3917 3861 3793
f 3917 3793 3853
f 3961 3917 3853
f 3961 3853 3909
f 4009 3961 3909
f 4009 3909 3954
f 4046 4009 3954
f 4046 3954 4010
f 4086 4046 4010
f 4086 4010 4054
f 4122 4086 4054
f 4122 4054 4094
f 4154 4122 4094
f 4154 4094 4130
f 4180 4154 4130
f 4180 4130 4160
f 2801 2732 2574
f 2801 2574 2639
f 2903 2801 2639
f 2903 2639 2725
f 2973 2903 2725
f 2973 2725 2809
f 3081 2973 2809
f 3081 2809 2911
f 3191 3081 2911
f 3191 2911 3013
f 3285 3191 3013
f 3285 3013 3105
f 3393 3285 3105
f 3393 3105 3231
f 3481 3393 3231
f 3481 3231 3377
f 3581 3481 3377
f 3581 3377 3473
f 3653 3581 3473
f 3653 3473 3549
f 3729 3653 3549
f 3729 3549 3645
f 3793 3729 3645
f 3793 3645 3705
f 3853 3793 3705
f 3853 3705 3777
f 3909 3853 3777
f 3909 3777 3838
f 3954 3909 3838
f 3954 3838 3910
f 4010 3954 3910
f 4010 3910 3962
f 4054 4010 3962
f 4054 3962 4018
f 4094 4054 4018
f 4094 4018 4062
f 4130 4094 4062
f 4130 4062 4102
f 4160 4130 4102
f 4160 4102 4136
f 2639 2574 2404
f 2639 2404 2469
f 2725 2639 2469
f 2725 2469 2567
f 2809 2725 2567
f 2809 2567 2647
f 2911 2809 2647
f 2911 2647 2753
f 3013 2911 2753
f 3013 2753 2855
f 3105 3013 2855
f 3105 2855 2951
f 3231 3105 2951
f 3231 2951 3073
f 3377 3231 3073
f 3377 3073 3207
f 3473 3377 3207
f 3473 3207 3329
f 3549 3473 3329
f 3549 3329 3441
f 3645 3549 3441
f 3645 3441 3541
f 3705 3645 3541
f 3705 3541 3621
f 3777 3705 3621
f 3777 3621 3698
f 3838 3777 3698
f 3838 3698 3778
f 3910 3838 3778
f 3910 3778 3854
f 3962 3910 3854
f 3962 3854 3918
f 4018 3962 3918
f 4018 3918 3970
f 4062 4018 3970
f 4062 3970 4026
f 4102 4062 4026
f 4102 4026 4070
f 4136 4102 4070
f 4136 4070 4108
f 2469 2404 2240
f 2469 2240 2327
f 2567 2469 2327
f 2567 2327 2413
f 2647 2567 2413
f 2647 2413 2497
f 2753 2647 2497
f 2753 2497 2599
f 2855 2753 2599
f 2855 2599 2693
f 2951 2855 2693
f 2951 2693 2793
f 3073 2951 2793
f 3073 2793 2927
f 3207 3073 2927
f 3207 2927 3041
f 3329 3207 3041
f 3329 3041 3175
f 3441 3329 3175
f 3441 3175 3313
f 3541 3441 3313
f 3541 3313 3433
f 3621 3541 3433
f 3621 3433 3526
f 3698 3621 3526
f 3698 3526 3622
f 3778 3698 3622
f 3778 3622 3706
f 3854 3778 3706
f 3854 3706 3794
f 3918 3854 3794
f 3918 3794 3862
f 3970 3918 3862
f 3970 3862 3926
f 4026 3970 3926
f 4026 3926 3986
f 4070 4026 3986
f 4070 3986 4034
f 4108 4070 4034
f 4108 4034 4076
f 2327 2240 2094
f 2327 2094 2181
f 2413 2327 2181
f 2413 2181 2249
f 2497 2413 2249
f 2497 2249 2343
f 2599 2497 2343
f 2599 2343 2445
f 2693 2599 2445
f 2693 2445 2551
f 2793 2693 2551
f 2793 2551 2655
f 2927 2793 2655
f 2927 2655 2777
f 3041 2927 2777
f 3041 2777 2895
f 3175 3041 2895
f 3175 2895 3025
f 3313 3175 3025
f 3313 3025 3151
f 3433 3313 3151
f 3433 3151 3306
f 3526 3433 3306
f 3526 3306 3434
f 3622 3526 3434
f 3622 3434 3542
f 3706 3622 3542
f 3706 3542 3646
f 3794 3706 3646
f 3794 3646 3730
f 3862 3794 3730
f 3862 3730 3802
f 3926 3862 3802
f 3926 3802 3878
f 3986 3926 3878
f 3986 3878 3942
f 4034 3986 3942
f 4034 3942 3994
f 4076 4034 3994
f 4076 3994 4040
f 2181 2094 1964
f 2181 1964 2031
f 2249 2181 2031
f 2249 2031 2103
f 2343 2249 2103
f 2343 2103 2205
f 2445 2343 2205
f 2445 2205 2303
f 2551 2445 2303
f 2551 2303 2397
f 2655 2551 2397
f 2655 2397 2513
f 2777 2655 2513
f 2777 2513 2623
f 2895 2777 2623
f 2895 2623 2761
f 3025 2895 2761
f 3025 2761 2879
f 3151 3025 2879
f 3151 2879 3018
f 3306 3151 3018
f 3306 3018 3152
f 3434 3306 3152
f 3434 3152 3314
f 3542 3434 3314
f 3542 3314 3442
f 3646 3542 3442
f 3646 3442 3550
f 3730 3646 3550
f 3730 3550 3654
f 3802 3730 3654
f 3802 3654 3746
f 3878 3802 3746
f 3878 3746 3826
f 3942 3878 3826
f 3942 3826 3886
f 3994 3942 3886
f 3994 3886 3950
f 4040 3994 3950
f 4040 3950 4000
f 2031 1964 1838
f 2031 1838 1877
f 2103 2031 1877
f 2103 1877 1973
f 2205 2103 1973
f 2205 1973 2071
f 2303 2205 2071
f 2303 2071 2165
f 2397 2303 2165
f 2397 2165 2263
f 2513 2397 2263
f 2513 2263 2367
f 2623 2513 2367
f 2623 2367 2489
f 2761 2623 2489
f 2761 2489 2615
f 2879 2761 2615
f 2879 2615 2746
f 3018 2879 2746
f 3018 2746 2880
f 3152 3018 2880
f 3152 2880 3026
f 3314 3152 3026
f 3314 3026 3176
f 3442 3314 3176
f 3442 3176 3330
f 3550 3442 3330
f 3550 3330 3474
f 3654 3550 3474
f 3654 3474 3582
f 3746 3654 3582
f 3746 3582 3670
f 3826 3746 3670
f 3826 3670 3754
f 3886 3826 3754
f 3886 3754 3834
f 3950 3886 3834
f 3950 3834 3902
f 4000 3950 3902
f 4000 3902 3976
f 1877 1838 1708
f 1733 1877 1708
f 1973 1877 1733
f 1847 1973 1733
f 2071 1973 1847
f 1949 2071 1847
f 2165 2071 1949
f 2039 2165 1949
f 2263 2165 2039
f 2125 2263 2039
f 2367 2263 2125
f 2233 2367 2125
f 2489 2367 2233
f 2359 2489 2233
f 2615 2489 2359
f 2482 2615 2359
f 2746 2615 2482
f 2746 2482 2616
f 2880 2746 2616
f 2762 2880 2616
f 3026 2880 2762
f 2896 3026 2762
f 3176 3026 2896
f 3042 3176 2896
f 3330 3176 3042
f 3208 3330 3042
f 3474 3330 3208
f 3378 3474 3208
f 3582 3474 3378
f 3482 3582 3378
f 3670 3582 3482
f 3598 3670 3482
f 3754 3670 3598
f 3754 3598 3694
f 3834 3754 3694
f 3786 3834 3694
f 3902 3834 3786
f 3870 3902 3786
f 3976 3902 3870
f 3932 3976 3870
f 1733 1708 1586
f 1733 1586 1615
f 1847 1733 1615
f 1847 1615 1725
f 1949 1847 1725
f 1949 1725 1831
f 2039 1949 1831
f 2039 1831 1917
f 2125 2039 1917
f 2125 1917 1999
f 2233 2125 1999
f 2233 1999 2111
f 2359 2233 2111
f 2359 2111 2226
f 2482 2359 2226
f 2482 2226 2360
f 2616 2482 2360
f 2616 2360 2490
f 2762 2616 2490
f 2762 2490 2624
f 2896 2762 2624
f 2896 2624 2778
f 3042 2896 2778
f 3042 2778 2928
f 3208 3042 2928
f 3208 2928 3074
f 3378 3208 3074
f 3378 3074 3232
f 3482 3378 3232
f 3482 3232 3394
f 3598 3482 3394
f 3598 3394 3522
f 3694 3598 3522
f 3694 3522 3638
f 3786 3694 3638
f 3786 3638 3738
f 3870 3786 3738
f 3870 3738 3818
f 3932 3870 3818
f 3932 3818 3892
f 1615 1586 1476
f 1615 1476 1501
f 1725 1615 1501
f 1725 1501 1607
f 1831 1725 1607
f 1831 1607 1717
f 1917 1831 1717
f 1917 1717 1799
f 1999 1917 1799
f 1999 1799 1893
f 2111 1999 1893
f 2111 1893 1978
f 2226 2111 1978
f 2226 1978 2112
f 2360 2226 2112
f 2360 2112 2234
f 2490 2360 2234
f 2490 2234 2368
f 2624 2490 2368
f 2624 2368 2514
f 2778 2624 2514
f 2778 2514 2656
f 2928 2778 2656
f 2928 2656 2794
f 3074 2928 2794
f 3074 2794 2952
f 3232 3074 2952
f 3232 2952 3106
f 3394 3232 3106
f 3394 3106 3286
f 3522 3394 3286
f 3522 3286 3450
f 3638 3522 3450
f 3638 3450 3574
f 3738 3638 3574
f 3738 3574 3678
f 3818 3738 3678
f 3818 3678 3770
f 3892 3818 3770
f 3892 3770 3844
f 1501 1476 1292
f 1501 1292 1391
f 1607 1501 1391
f 1607 1391 1493
f 1717 1607 1493
f 1717 1493 1599
f 1799 1717 1599
f 1799 1599 1701
f 1893 1799 1701
f 1893 1701 1784
f 1978 1893 1784
f 1978 1784 1894
f 2112 1978 1894
f 2112 1894 2000
f 2234 2112 2000
f 2234 2000 2126
f 2368 2234 2126
f 2368 2126 2264
f 2514 2368 2264
f 2514 2264 2398
f 2656 2514 2398
f 2656 2398 2552
f 2794 2656 2552
f 2794 2552 2694
f 2952 2794 2694
f 2952 2694 2856
f 3106 2952 2856
f 3106 2856 3014
f 3286 3106 3014
f 3286 3014 3192
f 3450 3286 3192
f 3450 3192 3362
f 3574 3450 3362
f 3574 3362 3506
f 3678 3574 3506
f 3678 3506 3614
f 3770 3678 3614
f 3770 3614 3714
f 3844 3770 3714
f 3844 3714 3808
f 1391 1292 1190
f 1391 1190 1285
f 1493 1391 1285
f 1493 1285 1383
f 1599 1493 1383
f 1599 1383 1485
f 1701 1599 1485
f 1701 1485 1592
f 1784 1701 1592
f 1784 1592 1702
f 1894 1784 1702
f 1894 1702 1800
f 2000 1894 1800
f 2000 1800 1918
f 2126 2000 1918
f 2126 1918 2040
f 2264 2126 2040
f 2264 2040 2166
f 2398 2264 2166
f 2398 2166 2304
f 2552 2398 2304
f 2552 2304 2446
f 2694 2552 2446
f 2694 2446 2600
f 2856 2694 2600
f 2856 2600 2754
f 3014 2856 2754
f 3014 2754 2912
f 3192 3014 2912
f 3192 2912 3082
f 3362 3192 3082
f 3362 3082 3256
f 3506 3362 3256
f 3506 3256 3418
f 3614 3506 3418
f 3614 3418 3558
f 3714 3614 3558
f 3714 3558 3662
f 3808 3714 3662
f 3808 3662 3760
f 1285 1190 1092
f 1183 1285 1092
f 1383 1285 1183
f 1277 1383 1183
f 1485 1383 1277
f 1376 1485 1277
f 1592 1485 1376
f 1592 1376 1486
f 1702 1592 1486
f 1600 1702 1486
f 1800 1702 1600
f 1718 1800 1600
f 1918 1800 1718
f 1832 1918 1718
f 2040 1918 1832
f 1950 2040 1832
f 2166 2040 1950
f 2166 1950 2072
f 2304 2166 2072
f 2206 2304 2072
f 2446 2304 2206
f 2344 2446 2206
f 2600 2446 2344
f 2498 2600 2344
f 2754 2600 2498
f 2648 2754 2498
f 2912 2754 2648
f 2810 2912 2648
f 3082 2912 2810
f 2974 3082 2810
f 3256 3082 2974
f 3160 3256 2974
f 3418 3256 3160
f 3418 3160 3338
f 3558 3418 3338
f 3490 3558 3338
f 3662 3558 3490
f 3606 3662 3490
f 3760 3662 3606
f 3720 3760 3606
f 1183 1092 998
f 1183 998 1085
f 1277 1183 1085
f 1277 1085 1176
f 1376 1277 1176
f 1376 1176 1278
f 1486 1376 1278
f 1486 1278 1384
f 1600 1486 1384
f 1600 1384 1494
f 1718 1600 1494
f 1718 1494 1608
f 1832 1718 1608
f 1832 1608 1726
f 1950 1832 1726
f 1950 1726 1848
f 2072 1950 1848
f 2072 1848 1974
f 2206 2072 1974
f 2206 1974 2104
f 2344 2206 2104
f 2344 2104 2250
f 2498 2344 2250
f 2498 2250 2414
f 2648 2498 2414
f 2648 2414 2568
f 2810 2648 2568
f 2810 2568 2726
f 2974 2810 2726
f 2974 2726 2904
f 3160 2974 2904
f 3160 2904 3066
f 3338 3160 3066
f 3338 3066 3240
f 3490 3338 3240
f 3490 3240 3426
f 3606 3490 3426
f 3606 3426 3566
f 3720 3606 3566
f 3720 3566 3684
f 1085 998 908
f 1085 908 992
f 1176 1085 992
f 1176 992 1086
f 1278 1176 1086
f 1278 1086 1184
f 1384 1278 1184
f 1384 1184 1286
f 1494 1384 1286
f 1494 1286 1392
f 1608 1494 1392
f 1608 1392 1502
f 1726 1608 1502
f 1726 1502 1616
f 1848 1726 1616
f 1848 1616 1734
f 1974 1848 1734
f 1974 1734 1878
f 2104 1974 1878
f 2104 1878 2032
f 2250 2104 2032
f 2250 2032 2182
f 2414 2250 2182
f 2414 2182 2328
f 2568 2414 2328
f 2568 2328 2470
f 2726 2568 2470
f 2726 2470 2640
f 2904 2726 2640
f 2904 2640 2802
f 3066 2904 2802
f 3066 2802 2990
f 3240 3066 2990
f 3240 2990 3168
f 3426 3240 3168
f 3426 3168 3370
f 3566 3426 3370
f 3566 3370 3514
f 3684 3566 3514
f 3684 3514 3628
f 992 908 878
f 992 878 910
f 1086 992 910
f 1086 910 1000
f 1184 1086 1000
f 1184 1000 1094
f 1286 1184 1094
f 1286 1094 1192
f 1392 1286 1192
f 1392 1192 1294
f 1502 1392 1294
f 1502 1294 1478
f 1616 1502 1478
f 1616 1478 1588
f 1734 1616 1588
f 1734 1588 1710
f 1878 1734 1710
f 1878 1710 1840
f 2032 1878 1840
f 2032 1840 1966
f 2182 2032 1966
f 2182 1966 2096
f 2328 2182 2096
f 2328 2096 2242
f 2470 2328 2242
f 2470 2242 2406
f 2640 2470 2406
f 2640 2406 2576
f 2802 2640 2576
f 2802 2576 2734
f 2990 2802 2734
f 2990 2734 2920
f 3168 2990 2920
f 3168 2920 3098
f 3370 3168 3098
f 3370 3098 3264
f 3514 3370 3264
f 3514 3264 3466
f 3628 3514 3466
f 3628 3466 3588
f 849 877 909
f 909 917 849
f 917 909 999
f 999 1007 917
f 1007 999 1093
f 1093 1101 1007
f 1101 1093 1191
f 1101 1191 1199
f 1199 1191 1293
f 1199 1293 1323
f 1323 1293 1477
f 1323 1477 1469
f 1469 1477 1587
f 1469 1587 1579
f 1579 1587 1709
f 1579 1709 1693
f 1693 1709 1839
f 1693 1839 1823
f 1823 1839 1965
f 1823 1965 1957
f 1957 1965 2095
f 1957 2095 2087
f 2087 2095 2241
f 2087 2241 2221
f 2221 2241 2405
f 2221 2405 2375
f 2375 2405 2575
f 2375 2575 2521
f 2521 2575 2733
f 2521 2733 2701
f 2701 2733 2919
f 2701 2919 2871
f 2871 2919 3097
f 2871 3097 3049
f 3049 3097 3263
f 3049 3263 3223
f 3223 3263 3465
f 3223 3465 3401
f 3401 3465 3587
f 3401 3587 3531
f 841 849 917
f 841 917 925
f 925 917 1007
f 925 1007 1015
f 1015 1007 1101
f 1015 1101 1109
f 1109 1101 1199
f 1109 1199 1207
f 1207 1199 1323
f 1207 1323 1347
f 1347 1323 1469
f 1347 1469 1461
f 1461 1469 1579
f 1461 1579 1571
f 1571 1579 1693
f 1571 1693 1685
f 1685 1693 1823
f 1685 1823 1815
f 1815 1823 1957
f 1815 1957 1941
f 1941 1957 2087
f 1941 2087 2079
f 2079 2087 2221
f 2079 2221 2213
f 2213 2221 2375
f 2213 2375 2351
f 2351 2375 2521
f 2351 2521 2505
f 2505 2521 2701
f 2505 2701 2663
f 2663 2701 2871
f 2663 2871 2831
f 2831 2871 3049
f 2831 3049 2997
f 2997 3049 3223
f 2997 3223 3183
f 3183 3223 3401
f 3183 3401 3353
f 3353 3401 3531
f 3353 3531 3495
f 871 841 925
f 871 925 933
f 933 925 1015
f 933 1015 1023
f 1023 1015 1109
f 1023 1109 1117
f 1117 1109 1207
f 1117 1207 1215
f 1215 1207 1347
f 1215 1347 1371
f 1371 1347 1461
f 1371 1461 1453
f 1453 1461 1571
f 1453 1571 1563
f 1563 1571 1685
f 1563 1685 1677
f 1677 1685 1815
f 1677 1815 1807
f 1807 1815 1941
f 1807 1941 1933
f 1933 1941 2079
f 1933 2079 2063
f 2063 2079 2213
f 2063 2213 2197
f 2197 2213 2351
f 2197 2351 2335
f 2335 2351 2505
f 2335 2505 2477
f 2477 2505 2663
f 2477 2663 2631
f 2631 2663 2831
f 2631 2831 2785
f 2785 2831 2997
f 2785 2997 2943
f 2943 2997 3183
f 2943 3183 3113
f 3113 3183 3353
f 3113 3353 3301
f 3301 3353 3495
f 3301 3495 3455
f 899 871 933
f 899 933 941
f 941 933 1023
f 941 1023 1031
f 1031 1023 1117
f 1031 1117 1125
f 1125 1117 1215
f 1125 1215 1223
f 1223 1215 1371
f 1223 1371 1363
f 1363 1371 1453
f 1363 1453 1445
f 1445 1453 1563
f 1445 1563 1555
f 1555 1563 1677
f 1555 1677 1669
f 1669 1677 1807
f 1669 1807 1791
f 1791 1807 1933
f 1791 1933 1925
f 1925 1933 2063
f 1925 2063 2055
f 2055 2063 2197
f 2055 2197 2189
f 2189 2197 2335
f 2189 2335 2319
f 2319 2335 2477
f 2319 2477 2461
f 2461 2477 2631
f 2461 2631 2607
f 2607 2631 2785
f 2607 2785 2769
f 2769 2785 2943
f 2769 2943 2935
f 2935 2943 3113
f 2935 3113 3089
f 3089 3113 3301
f 3089 3301 3247
f 3247 3301 3455
f 3247 3455 3407
f 891 899 941
f 891 941 949
f 949 941 1031
f 949 1031 1039
f 1039 1031 1125
f 1039 1125 1133
f 1133 1125 1223
f 1133 1223 1231
f 1231 1223 1363
f 1231 1363 1355
f 1355 1363 1445
f 1355 1445 1437
f 1437 1445 1555
f 1437 1555 1547
f 1547 1555 1669
f 1547 1669 1661
f 1661 1669 1791
f 1661 1791 1779
f 1779 1791 1925
f 1779 1925 1909
f 1909 1925 2055
f 1909 2055 2047
f 2047 2055 2189
f 2047 2189 2173
f 2173 2189 2319
f 2173 2319 2311
f 2311 2319 2461
f 2311 2461 2453
f 2453 2461 2607
f 2453 2607 2591
f 2591 2607 2769
f 2591 2769 2741
f 2741 2769 2935
f 2741 2935 2887
f 2887 2935 3089
f 2887 3089 3057
f 3057 3089 3247
f 3057 3247 3215
f 3215 3247 3407
f 3215 3407 3383
f 883 891 949
f 883 949 957
f 957 949 1039
f 957 1039 1047
f 1047 1039 1133
f 1047 1133 1141
f 1141 1133 1231
f 1141 1231 1239
f 1239 1231 1355
f 1239 1355 1339
f 1339 1355 1437
f 1339 1437 1429
f 1429 1437 1547
f 1429 1547 1539
f 1539 1547 1661
f 1539 1661 1653
f 1653 1661 1779
f 1653 1779 1771
f 1771 1779 1909
f 1771 1909 1901
f 1901 1909 2047
f 1901 2047 2023
f 2023 2047 2173
f 2023 2173 2157
f 2157 2173 2311
f 2157 2311 2295
f 2295 2311 2453
f 2295 2453 2437
f 2437 2453 2591
f 2437 2591 2583
f 2583 2591 2741
f 2583 2741 2717
f 2717 2741 2887
f 2717 2887 2863
f 2863 2887 3057
f 2863 3057 3033
f 3033 3057 3215
f 3033 3215 3199
f 3199 3215 3383
f 3199 3383 3343
f 863 883 957
f 863 957 965
f 965 957 1047
f 965 1047 1055
f 1055 1047 1141
f 1055 1141 1149
f 1149 1141 1239
f 1149 1239 1247
f 1247 1239 1339
f 1247 1339 1331
f 1331 1339 1429
f 1331 1429 1421
f 1421 1429 1539
f 1421 1539 1531
f 1531 1539 1653
f 1531 1653 1645
f 1645 1653 1771
f 1645 1771 1763
f 1763 1771 1901
f 1763 1901 1885
f 1885 1901 2023
f 1885 2023 2015
f 2015 2023 2157
f 2015 2157 2149
f 2149 2157 2295
f 2149 2295 2287
f 2287 2295 2437
f 2287 2437 2429
f 2429 2437 2583
f 2429 2583 2559
f 2559 2583 2717
f 2559 2717 2709
f 2709 2717 2863
f 2709 2863 2847
f 2847 2863 3033
f 2847 3033 3005
f 3005 3033 3199
f 3005 3199 3143
f 3143 3199 3343
f 3143 3343 3319
f 825 863 965
f 825 965 973
f 973 965 1055
f 973 1055 1063
f 1063 1055 1149
f 1063 1149 1157
f 1157 1149 1247
f 1157 1247 1263
f 1263 1247 1331
f 1263 1331 1315
f 1315 1331 1421
f 1315 1421 1413
f 1413 1421 1531
f 1413 1531 1523
f 1523 1531 1645
f 1523 1645 1637
f 1637 1645 1763
f 1637 1763 1755
f 1755 1763 1885
f 1755 1885 1869
f 1869 1885 2015
f 1869 2015 2007
f 2007 2015 2149
f 2007 2149 2141
f 2141 2149 2287
f 2141 2287 2279
f 2279 2287 2429
f 2279 2429 2421
f 2421 2429 2559
f 2421 2559 2543
f 2543 2559 2709
f 2543 2709 2685
f 2685 2709 2847
f 2685 2847 2839
f 2839 2847 3005
f 2839 3005 2981
f 2981 3005 3143
f 2981 3143 3135
f 3135 3143 3319
f 3135 3319 3291
f 833 825 973
f 833 973 981
f 981 973 1063
f 981 1063 1071
f 1071 1063 1157
f 1071 1157 1165
f 1165 1157 1263
f 1165 1263 1255
f 1255 1263 1315
f 1255 1315 1307
f 1307 1315 1413
f 1307 1413 1405
f 1405 1413 1523
f 1405 1523 1515
f 1515 1523 1637
f 1515 1637 1629
f 1629 1637 1755
f 1629 1755 1747
f 1747 1755 1869
f 1747 1869 1861
f 1861 1869 2007
f 1861 2007 1991
f 1991 2007 2141
f 1991 2141 2133
f 2133 2141 2279
f 2133 2279 2271
f 2271 2279 2421
f 2271 2421 2389
f 2389 2421 2543
f 2389 2543 2535
f 2535 2543 2685
f 2535 2685 2677
f 2677 2685 2839
f 2677 2839 2823
f 2823 2839 2981
f 2823 2981 2965
f 2965 2981 3135
f 2965 3135 3127
f 3127 3135 3291
f 3127 3291 3275
f 857 833 981
f 857 981 987
f 987 981 1071
f 987 1071 1077
f 1077 1071 1165
f 1077 1165 1171
f 1171 1165 1255
f 1171 1255 1269
f 1269 1255 1307
f 1269 1307 1299
f 1299 1307 1405
f 1299 1405 1397
f 1397 1405 1515
f 1397 1515 1507
f 1507 1515 1629
f 1507 1629 1621
f 1621 1629 1747
f 1621 1747 1739
f 1739 1747 1861
f 1739 1861 1853
f 1853 1861 1991
f 1853 1991 1983
f 1983 1991 2133
f 1983 2133 2117
f 2117 2133 2271
f 2117 2271 2255
f 2255 2271 2389
f 2255 2389 2381
f 2381 2389 2535
f 2381 2535 2527
f 2527 2535 2677
f 2527 2677 2669
f 2669 2677 2823
f 2669 2823 2815
f 2815 2823 2965
f 2815 2965 2957
f 2957 2965 3127
f 2957 3127 3119
f 3119 3127 3275
f 3119 3275 3269
f 910 878 850
f 850 918 910
f 1000 910 918
f 918 1008 1000
f 1094 1000 1008
f 1008 1102 1094
f 1192 1094 1102
f 1200 1192 1102
f 1294 1192 1200
f 1324 1294 1200
f 1478 1294 1324
f 1470 1478 1324
f 1588 1478 1470
f 1580 1588 1470
f 1710 1588 1580
f 1694 1710 1580
f 1840 1710 1694
f 1824 1840 1694
f 1966 1840 1824
f 1958 1966 1824
f 2096 1966 1958
f 2088 2096 1958
f 2242 2096 2088
f 2222 2242 2088
f 2406 2242 2222
f 2376 2406 2222
f 2576 2406 2376
f 2522 2576 2376
f 2734 2576 2522
f 2702 2734 2522
f 2920 2734 2702
f 2872 2920 2702
f 3098 2920 2872
f 3050 3098 2872
f 3264 3098 3050
f 3224 3264 3050
f 3466 3264 3224
f 3402 3466 3224
f 3588 3466 3402
f 3532 3588 3402
f 918 850 842
f 926 918 842
f 1008 918 926
f 1016 1008 926
f 1102 1008 1016
f 1110 1102 1016
f 1200 1102 1110
f 1208 1200 1110
f 1324 1200 1208
f 1348 1324 1208
f 1470 1324 1348
f 1462 1470 1348
f 1580 1470 1462
f 1572 1580 1462
f 1694 1580 1572
f 1686 1694 1572
f 1824 1694 1686
f 1816 1824 1686
f 1958 1824 1816
f 1942 1958 1816
f 2088 1958 1942
f 2080 2088 1942
f 2222 2088 2080
f 2214 2222 2080
f 2376 2222 2214
f 2352 2376 2214
f 2522 2376 2352
f 2506 2522 2352
f 2702 2522 2506
f 2664 2702 2506
f 2872 2702 2664
f 2832 2872 2664
f 3050 2872 2832
f 2998 3050 2832
f 3224 3050 2998
f 3184 3224 2998
f 3402 3224 3184
f 3354 3402 3184
f 3532 3402 3354
f 3496 3532 3354
f 926 842 872
f 934 926 872
f 1016 926 934
f 1024 1016 934
f 1110 1016 1024
f 1118 1110 1024
f 1208 1110 1118
f 1216 1208 1118
f 1348 1208 1216
f 1372 1348 1216
f 1462 1348 1372
f 1454 1462 1372
f 1572 1462 1454
f 1564 1572 1454
f 1686 1572 1564
f 1678 1686 1564
f 1816 1686 1678
f 1808 1816 1678
f 1942 1816 1808
f 1934 1942 1808
f 2080 1942 1934
f 2064 2080 1934
f 2214 2080 2064
f 2198 2214 2064
f 2352 2214 2198
f 2336 2352 2198
f 2506 2352 2336
f 2478 2506 2336
f 2664 2506 2478
f 2632 2664 2478
f 2832 2664 2632
f 2786 2832 2632
f 2998 2832 2786
f 2944 2998 2786
f 3184 2998 2944
f 3114 3184 2944
f 3354 3184 3114
f 3302 3354 3114
f 3496 3354 3302
f 3456 3496 3302
f 934 872 900
f 942 934 900
f 1024 934 942
f 1032 1024 942
f 1118 1024 1032
f 1126 1118 1032
f 1216 1118 1126
f 1224 1216 1126
f 1372 1216 1224
f 1364 1372 1224
f 1454 1372 1364
f 1446 1454 1364
f 1564 1454 1446
f 1556 1564 1446
f 1678 1564 1556
f 1670 1678 1556
f 1808 1678 1670
f 1792 1808 1670
f 1934 1808 1792
f 1926 1934 1792
f 2064 1934 1926
f 2056 2064 1926
f 2198 2064 2056
f 2190 2198 2056
f 2336 2198 2190
f 2320 2336 2190
f 2478 2336 2320
f 2462 2478 2320
f 2632 2478 2462
f 2608 2632 2462
f 2786 2632 2608
f 2770 2786 2608
f 2944 2786 2770
f 2936 2944 2770
f 3114 2944 2936
f 3090 3114 2936
f 3302 3114 3090
f 3248 3302 3090
f 3456 3302 3248
f 3408 3456 3248
f 942 900 892
f 950 942 892
f 1032 942 950
f 1040 1032 950
f 1126 1032 1040
f 1134 1126 1040
f 1224 1126 1134
f 1232 1224 1134
f 1364 1224 1232
f 1356 1364 1232
f 1446 1364 1356
f 1438 1446 1356
f 1556 1446 1438
f 1548 1556 1438
f 1670 1556 1548
f 1662 1670 1548
f 1792 1670 1662
f 1780 1792 1662
f 1926 1792 1780
f 1910 1926 1780
f 2056 1926 1910
f 2048 2056 1910
f 2190 2056 2048
f 2174 2190 2048
f 2320 2190 2174
f 2312 2320 2174
f 2462 2320 2312
f 2454 2462 2312
f 2608 2462 2454
f 2592 2608 2454
f 2770 2608 2592
f 2742 2770 2592
f 2936 2770 2742
f 2888 2936 2742
f 3090 2936 2888
f 3058 3090 2888
f 3248 3090 3058
f 3216 3248 3058
f 3408 3248 3216
f 3384 3408 3216
f 950 892 884
f 958 950 884
f 1040 950 958
f 1048 1040 958
f 1134 1040 1048
f 1142 1134 1048
f 1232 1134 1142
f 1240 1232 1142
f 1356 1232 1240
f 1340 1356 1240
f 1438 1356 1340
f 1430 1438 1340
f 1548 1438 1430
f 1540 1548 1430
f 1662 1548 1540
f 1654 1662 1540
f 1780 1662 1654
f 1772 1780 1654
f 1910 1780 1772
f 1902 1910 1772
f 2048 1910 1902
f 2024 2048 1902
f 2174 2048 2024
f 2158 2174 2024
f 2312 2174 2158
f 2296 2312 2158
f 2454 2312 2296
f 2438 2454 2296
f 2592 2454 2438
f 2584 2592 2438
f 2742 2592 2584
f 2718 2742 2584
f 2888 2742 2718
f 2864 2888 2718
f 3058 2888 2864
f 3034 3058 2864
f 3216 3058 3034
f 3200 3216 3034
f 3384 3216 3200
f 3344 3384 3200
f 958 884 864
f 966 958 864
f 1048 958 966
f 1056 1048 966
f 1142 1048 1056
f 1150 1142 1056
f 1240 1142 1150
f 1248 1240 1150
f 1340 1240 1248
f 1332 1340 1248
f 1430 1340 1332
f 1422 1430 1332
f 1540 1430 1422
f 1532 1540 1422
f 1654 1540 1532
f 1646 1654 1532
f 1772 1654 1646
f 1764 1772 1646
f 1902 1772 1764
f 1886 1902 1764
f 2024 1902 1886
f 2016 2024 1886
f 2158 2024 2016
f 2150 2158 2016
f 2296 2158 2150
f 2288 2296 2150
f 2438 2296 2288
f 2430 2438 2288
f 2584 2438 2430
f 2560 2584 2430
f 2718 2584 2560
f 2710 2718 2560
f 2864 2718 2710
f 2848 2864 2710
f 3034 2864 2848
f 3006 3034 2848
f 3200 3034 3006
f 3144 3200 3006
f 3344 3200 3144
f 3320 3344 3144
f 966 864 826
f 974 966 826
f 1056 966 974
f 1064 1056 974
f 1150 1056 1064
f 1158 1150 1064
f 1248 1150 1158
f 1264 1248 1158
f 1332 1248 1264
f 1316 1332 1264
f 1422 1332 1316
f 1414 1422 1316
f 1532 1422 1414
f 1524 1532 1414
f 1646 1532 1524
f 1638 1646 1524
f 1764 1646 1638
f 1756 1764 1638
f 1886 1764 1756
f 1870 1886 1756
f 2016 1886 1870
f 2008 2016 1870
f 2150 2016 2008
f 2142 2150 2008
f 2288 2150 2142
f 2280 2288 2142
f 2430 2288 2280
f 2422 2430 2280
f 2560 2430 2422
f 2544 2560 2422
f 2710 2560 2544
f 2686 2710 2544
f 2848 2710 2686
f 2840 2848 2686
f 3006 2848 2840
f 2982 3006 2840
f 3144 3006 2982
f 3136 3144 2982
f 3320 3144 3136
f 3292 3320 3136
f 974 826 834
f 982 974 834
f 1064 974 982
f 1072 1064 982
f 1158 1064 1072
f 1166 1158 1072
f 1264 1158 1166
f 1256 1264 1166
f 1316 1264 1256
f 1308 1316 1256
f 1414 1316 1308
f 1406 1414 1308
f 1524 1414 1406
f 1516 1524 1406
f 1638 1524 1516
f 1630 1638 1516
f 1756 1638 1630
f 1748 1756 1630
f 1870 1756 1748
f 1862 1870 1748
f 2008 1870 1862
f 1992 2008 1862
f 2142 2008 1992
f 2134 2142 1992
f 2280 2142 2134
f 2272 2280 2134
f 2422 2280 2272
f 2390 2422 2272
f 2544 2422 2390
f 2536 2544 2390
f 2686 2544 2536
f 2678 2686 2536
f 2840 2686 2678
f 2824 2840 2678
f 2982 2840 2824
f 2966 2982 2824
f 3136 2982 2966
f 3128 3136 2966
f 3292 3136 3128
f 3276 3292 3128
f 982 834 858
f 988 982 858
f 1072 982 988
f 1078 1072 988
f 1166 1072 1078
f 1172 1166 1078
f 1256 1166 1172
f 1270 1256 1172
f 1308 1256 1270
f 1300 1308 1270
f 1406 1308 1300
f 1398 1406 1300
f 1516 1406 1398
f 1508 1516 1398
f 1630 1516 1508
f 1622 1630 1508
f 1748 1630 1622
f 1740 1748 1622
f 1862 1748 1740
f 1854 1862 1740
f 1992 1862 1854
f 1984 1992 1854
f 2134 1992 1984
f 2118 2134 1984
f 2272 2134 2118
f 2256 2272 2118
f 2390 2272 2256
f 2382 2390 2256
f 2536 2390 2382
f 2528 2536 2382
f 2678 2536 2528
f 2670 2678 2528
f 2824 2678 2670
f 2816 2824 2670
f 2966 2824 2816
f 2958 2966 2816
f 3128 2966 2958
f 3120 3128 2958
f 3276 3128 3120
f 3270 3276 3120
# </faces>
