solid lh2_tank_analytic
 facet normal 0.0336355754628 0.00220459208961 -0.999431732455
  outer loop
   vertex 0 0 0
   vertex 0.0249760378524 0.0032881577631 0.000847814237855
   vertex 0.0251915550985 0 0.000847814237855
  endloop
 endfacet
 facet normal 0.0330600614411 0.00657605508696 -0.999431732455
  outer loop
   vertex 0 0 0
   vertex 0.024333173674 0.00652005423523 0.000847814237855
   vertex 0.0249760378524 0.0032881577631 0.000847814237855
  endloop
 endfacet
 facet normal 0.0319188806021 0.0108349999585 -0.999431732455
  outer loop
   vertex 0 0 0
   vertex 0.0232739621476 0.0096403907717 0.000847814237855
   vertex 0.024333173674 0.00652005423523 0.000847814237855
  endloop
 endfacet
 facet normal 0.0302315588665 0.0149085549768 -0.999431732455
  outer loop
   vertex 0 0 0
   vertex 0.0218165266761 0.0125957775492 0.000847814237855
   vertex 0.0232739621476 0.0096403907717 0.000847814237855
  endloop
 endfacet
 facet normal 0.0280269667769 0.018727020486 -0.999431732455
  outer loop
   vertex 0 0 0
   vertex 0.0199858043845 0.0153356470807 0.000847814237855
   vertex 0.0218165266761 0.0125957775492 0.000847814237855
  endloop
 endfacet
 facet normal 0.0253428255152 0.0222250614825 -0.999431732455
  outer loop
   vertex 0 0 0
   vertex 0.0178131194388 0.0178131194388 0.000847814237855
   vertex 0.0199858043845 0.0153356470807 0.000847814237855
  endloop
 endfacet
 facet normal 0.0222250614825 0.0253428255152 -0.999431732455
  outer loop
   vertex 0 0 0
   vertex 0.0153356470807 0.0199858043845 0.000847814237855
   vertex 0.0178131194388 0.0178131194388 0.000847814237855
  endloop
 endfacet
 facet normal 0.018727020486 0.0280269667769 -0.999431732455
  outer loop
   vertex 0 0 0
   vertex 0.0125957775492 0.0218165266761 0.000847814237855
   vertex 0.0153356470807 0.0199858043845 0.000847814237855
  endloop
 endfacet
 facet normal 0.0149085549768 0.0302315588665 -0.999431732455
  outer loop
   vertex 0 0 0
   vertex 0.0096403907717 0.0232739621476 0.000847814237855
   vertex 0.0125957775492 0.0218165266761 0.000847814237855
  endloop
 endfacet
 facet normal 0.0108349999585 0.0319188806021 -0.999431732455
  outer loop
   vertex 0 0 0
   vertex 0.00652005423523 0.024333173674 0.000847814237855
   vertex 0.0096403907717 0.0232739621476 0.000847814237855
  endloop
 endfacet
 facet normal 0.00657605508696 0.0330600614411 -0.999431732455
  outer loop
   vertex 0 0 0
   vertex 0.0032881577631 0.0249760378524 0.000847814237855
   vertex 0.00652005423523 0.024333173674 0.000847814237855
  endloop
 endfacet
 facet normal 0.00220459208961 0.0336355754628 -0.999431732455
  outer loop
   vertex 0 0 0
   vertex 1.54253786584e-18 0.0251915550985 0.000847814237855
   vertex 0.0032881577631 0.0249760378524 0.000847814237855
  endloop
 endfacet
 facet normal -0.00220459208961 0.0336355754628 -0.999431732455
  outer loop
   vertex 0 0 0
   vertex -0.0032881577631 0.0249760378524 0.000847814237855
   vertex 1.54253786584e-18 0.0251915550985 0.000847814237855
  endloop
 endfacet
 facet normal -0.00657605508696 0.0330600614411 -0.999431732455
  outer loop
   vertex -0 0 0
   vertex -0.00652005423523 0.024333173674 0.000847814237855
   vertex -0.0032881577631 0.0249760378524 0.000847814237855
  endloop
 endfacet
 facet normal -0.0108349999585 0.0319188806021 -0.999431732455
  outer loop
   vertex -0 0 0
   vertex -0.0096403907717 0.0232739621476 0.000847814237855
   vertex -0.00652005423523 0.024333173674 0.000847814237855
  endloop
 endfacet
 facet normal -0.0149085549768 0.0302315588665 -0.999431732455
  outer loop
   vertex -0 0 0
   vertex -0.0125957775492 0.0218165266761 0.000847814237855
   vertex -0.0096403907717 0.0232739621476 0.000847814237855
  endloop
 endfacet
 facet normal -0.018727020486 0.0280269667769 -0.999431732455
  outer loop
   vertex -0 0 0
   vertex -0.0153356470807 0.0199858043845 0.000847814237855
   vertex -0.0125957775492 0.0218165266761 0.000847814237855
  endloop
 endfacet
 facet normal -0.0222250614825 0.0253428255152 -0.999431732455
  outer loop
   vertex -0 0 0
   vertex -0.0178131194388 0.0178131194388 0.000847814237855
   vertex -0.0153356470807 0.0199858043845 0.000847814237855
  endloop
 endfacet
 facet normal -0.0253428255152 0.0222250614825 -0.999431732455
  outer loop
   vertex -0 0 0
   vertex -0.0199858043845 0.0153356470807 0.000847814237855
   vertex -0.0178131194388 0.0178131194388 0.000847814237855
  endloop
 endfacet
 facet normal -0.0280269667769 0.018727020486 -0.999431732455
  outer loop
   vertex -0 0 0
   vertex -0.0218165266761 0.0125957775492 0.000847814237855
   vertex -0.0199858043845 0.0153356470807 0.000847814237855
  endloop
 endfacet
 facet normal -0.0302315588665 0.0149085549768 -0.999431732455
  outer loop
   vertex -0 0 0
   vertex -0.0232739621476 0.0096403907717 0.000847814237855
   vertex -0.0218165266761 0.0125957775492 0.000847814237855
  endloop
 endfacet
 facet normal -0.0319188806021 0.0108349999585 -0.999431732455
  outer loop
   vertex -0 0 0
   vertex -0.024333173674 0.00652005423523 0.000847814237855
   vertex -0.0232739621476 0.0096403907717 0.000847814237855
  endloop
 endfacet
 facet normal -0.0330600614411 0.00657605508696 -0.999431732455
  outer loop
   vertex -0 0 0
   vertex -0.0249760378524 0.0032881577631 0.000847814237855
   vertex -0.024333173674 0.00652005423523 0.000847814237855
  endloop
 endfacet
 facet normal -0.0336355754628 0.00220459208961 -0.999431732455
  outer loop
   vertex -0 0 0
   vertex -0.0251915550985 3.08507573169e-18 0.000847814237855
   vertex -0.0249760378524 0.0032881577631 0.000847814237855
  endloop
 endfacet
 facet normal -0.0336355754628 -0.00220459208961 -0.999431732455
  outer loop
   vertex -0 0 0
   vertex -0.0249760378524 -0.0032881577631 0.000847814237855
   vertex -0.0251915550985 3.08507573169e-18 0.000847814237855
  endloop
 endfacet
 facet normal -0.0330600614411 -0.00657605508696 -0.999431732455
  outer loop
   vertex -0 -0 0
   vertex -0.024333173674 -0.00652005423523 0.000847814237855
   vertex -0.0249760378524 -0.0032881577631 0.000847814237855
  endloop
 endfacet
 facet normal -0.0319188806021 -0.0108349999585 -0.999431732455
  outer loop
   vertex -0 -0 0
   vertex -0.0232739621476 -0.0096403907717 0.000847814237855
   vertex -0.024333173674 -0.00652005423523 0.000847814237855
  endloop
 endfacet
 facet normal -0.0302315588665 -0.0149085549768 -0.999431732455
  outer loop
   vertex -0 -0 0
   vertex -0.0218165266761 -0.0125957775492 0.000847814237855
   vertex -0.0232739621476 -0.0096403907717 0.000847814237855
  endloop
 endfacet
 facet normal -0.0280269667769 -0.018727020486 -0.999431732455
  outer loop
   vertex -0 -0 0
   vertex -0.0199858043845 -0.0153356470807 0.000847814237855
   vertex -0.0218165266761 -0.0125957775492 0.000847814237855
  endloop
 endfacet
 facet normal -0.0253428255152 -0.0222250614825 -0.999431732455
  outer loop
   vertex -0 -0 0
   vertex -0.0178131194388 -0.0178131194388 0.000847814237855
   vertex -0.0199858043845 -0.0153356470807 0.000847814237855
  endloop
 endfacet
 facet normal -0.0222250614825 -0.0253428255152 -0.999431732455
  outer loop
   vertex -0 -0 0
   vertex -0.0153356470807 -0.0199858043845 0.000847814237855
   vertex -0.0178131194388 -0.0178131194388 0.000847814237855
  endloop
 endfacet
 facet normal -0.018727020486 -0.0280269667769 -0.999431732455
  outer loop
   vertex -0 -0 0
   vertex -0.0125957775492 -0.0218165266761 0.000847814237855
   vertex -0.0153356470807 -0.0199858043845 0.000847814237855
  endloop
 endfacet
 facet normal -0.0149085549768 -0.0302315588665 -0.999431732455
  outer loop
   vertex -0 -0 0
   vertex -0.0096403907717 -0.0232739621476 0.000847814237855
   vertex -0.0125957775492 -0.0218165266761 0.000847814237855
  endloop
 endfacet
 facet normal -0.0108349999585 -0.0319188806021 -0.999431732455
  outer loop
   vertex -0 -0 0
   vertex -0.00652005423523 -0.024333173674 0.000847814237855
   vertex -0.0096403907717 -0.0232739621476 0.000847814237855
  endloop
 endfacet
 facet normal -0.00657605508696 -0.0330600614411 -0.999431732455
  outer loop
   vertex -0 -0 0
   vertex -0.0032881577631 -0.0249760378524 0.000847814237855
   vertex -0.00652005423523 -0.024333173674 0.000847814237855
  endloop
 endfacet
 facet normal -0.00220459208961 -0.0336355754628 -0.999431732455
  outer loop
   vertex -0 -0 0
   vertex -4.62761359753e-18 -0.0251915550985 0.000847814237855
   vertex -0.0032881577631 -0.0249760378524 0.000847814237855
  endloop
 endfacet
 facet normal 0.00220459208961 -0.0336355754628 -0.999431732455
  outer loop
   vertex -0 -0 0
   vertex 0.0032881577631 -0.0249760378524 0.000847814237855
   vertex -4.62761359753e-18 -0.0251915550985 0.000847814237855
  endloop
 endfacet
 facet normal 0.00657605508696 -0.0330600614411 -0.999431732455
  outer loop
   vertex 0 -0 0
   vertex 0.00652005423523 -0.024333173674 0.000847814237855
   vertex 0.0032881577631 -0.0249760378524 0.000847814237855
  endloop
 endfacet
 facet normal 0.0108349999585 -0.0319188806021 -0.999431732455
  outer loop
   vertex 0 -0 0
   vertex 0.0096403907717 -0.0232739621476 0.000847814237855
   vertex 0.00652005423523 -0.024333173674 0.000847814237855
  endloop
 endfacet
 facet normal 0.0149085549768 -0.0302315588665 -0.999431732455
  outer loop
   vertex 0 -0 0
   vertex 0.0125957775492 -0.0218165266761 0.000847814237855
   vertex 0.0096403907717 -0.0232739621476 0.000847814237855
  endloop
 endfacet
 facet normal 0.018727020486 -0.0280269667769 -0.999431732455
  outer loop
   vertex 0 -0 0
   vertex 0.0153356470807 -0.0199858043845 0.000847814237855
   vertex 0.0125957775492 -0.0218165266761 0.000847814237855
  endloop
 endfacet
 facet normal 0.0222250614825 -0.0253428255152 -0.999431732455
  outer loop
   vertex 0 -0 0
   vertex 0.0178131194388 -0.0178131194388 0.000847814237855
   vertex 0.0153356470807 -0.0199858043845 0.000847814237855
  endloop
 endfacet
 facet normal 0.0253428255152 -0.0222250614825 -0.999431732455
  outer loop
   vertex 0 -0 0
   vertex 0.0199858043845 -0.0153356470807 0.000847814237855
   vertex 0.0178131194388 -0.0178131194388 0.000847814237855
  endloop
 endfacet
 facet normal 0.0280269667769 -0.018727020486 -0.999431732455
  outer loop
   vertex 0 -0 0
   vertex 0.0218165266761 -0.0125957775492 0.000847814237855
   vertex 0.0199858043845 -0.0153356470807 0.000847814237855
  endloop
 endfacet
 facet normal 0.0302315588665 -0.0149085549768 -0.999431732455
  outer loop
   vertex 0 -0 0
   vertex 0.0232739621476 -0.0096403907717 0.000847814237855
   vertex 0.0218165266761 -0.0125957775492 0.000847814237855
  endloop
 endfacet
 facet normal 0.0319188806021 -0.0108349999585 -0.999431732455
  outer loop
   vertex 0 -0 0
   vertex 0.024333173674 -0.00652005423523 0.000847814237855
   vertex 0.0232739621476 -0.0096403907717 0.000847814237855
  endloop
 endfacet
 facet normal 0.0330600614411 -0.00657605508696 -0.999431732455
  outer loop
   vertex 0 -0 0
   vertex 0.0249760378524 -0.0032881577631 0.000847814237855
   vertex 0.024333173674 -0.00652005423523 0.000847814237855
  endloop
 endfacet
 facet normal 0.0336355754628 -0.00220459208961 -0.999431732455
  outer loop
   vertex 0 -0 0
   vertex 0.0251915550985 0 0.000847814237855
   vertex 0.0249760378524 -0.0032881577631 0.000847814237855
  endloop
 endfacet
 facet normal 0.101604984441 0.00665954251954 -0.994802531978
  outer loop
   vertex 0.0251915550985 0 0.000847814237855
   vertex 0.0249760378524 0.0032881577631 0.000847814237855
   vertex 0.0495247287725 0.00652005423523 0.00337675061475
  endloop
 endfacet
 facet normal 0.101604984441 0.00665954251954 -0.994802531978
  outer loop
   vertex 0.0251915550985 0 0.000847814237855
   vertex 0.0495247287725 0.00652005423523 0.00337675061475
   vertex 0.0499520757048 0 0.00337675061475
  endloop
 endfacet
 facet normal 0.0998664949868 0.0198646809397 -0.994802531978
  outer loop
   vertex 0.0249760378524 0.0032881577631 0.000847814237855
   vertex 0.024333173674 0.00652005423523 0.000847814237855
   vertex 0.04825 0.0129285485348 0.00337675061475
  endloop
 endfacet
 facet normal 0.0998664949868 0.0198646809397 -0.994802531978
  outer loop
   vertex 0.0249760378524 0.0032881577631 0.000847814237855
   vertex 0.04825 0.0129285485348 0.00337675061475
   vertex 0.0495247287725 0.00652005423523 0.00337675061475
  endloop
 endfacet
 facet normal 0.0964192621153 0.0327299291615 -0.994802531978
  outer loop
   vertex 0.024333173674 0.00652005423523 0.000847814237855
   vertex 0.0232739621476 0.0096403907717 0.000847814237855
   vertex 0.0461497003501 0.0191158317845 0.00337675061475
  endloop
 endfacet
 facet normal 0.0964192621153 0.0327299291615 -0.994802531978
  outer loop
   vertex 0.024333173674 0.00652005423523 0.000847814237855
   vertex 0.0461497003501 0.0191158317845 0.00337675061475
   vertex 0.04825 0.0129285485348 0.00337675061475
  endloop
 endfacet
 facet normal 0.0913222689366 0.0450351592209 -0.994802531978
  outer loop
   vertex 0.0232739621476 0.0096403907717 0.000847814237855
   vertex 0.0218165266761 0.0125957775492 0.000847814237855
   vertex 0.0432597665321 0.0249760378524 0.00337675061475
  endloop
 endfacet
 facet normal 0.0913222689366 0.0450351592209 -0.994802531978
  outer loop
   vertex 0.0232739621476 0.0096403907717 0.000847814237855
   vertex 0.0432597665321 0.0249760378524 0.00337675061475
   vertex 0.0461497003501 0.0191158317845 0.00337675061475
  endloop
 endfacet
 facet normal 0.0846627264171 0.0565698252199 -0.994802531978
  outer loop
   vertex 0.0218165266761 0.0125957775492 0.000847814237855
   vertex 0.0199858043845 0.0153356470807 0.000847814237855
   vertex 0.0396296461149 0.030408896988 0.00337675061475
  endloop
 endfacet
 facet normal 0.0846627264171 0.0565698252199 -0.994802531978
  outer loop
   vertex 0.0218165266761 0.0125957775492 0.000847814237855
   vertex 0.0396296461149 0.030408896988 0.00337675061475
   vertex 0.0432597665321 0.0249760378524 0.00337675061475
  endloop
 endfacet
 facet normal 0.0765545811756 0.0671365658252 -0.994802531978
  outer loop
   vertex 0.0199858043845 0.0153356470807 0.000847814237855
   vertex 0.0178131194388 0.0178131194388 0.000847814237855
   vertex 0.0353214514652 0.0353214514652 0.00337675061475
  endloop
 endfacet
 facet normal 0.0765545811756 0.0671365658252 -0.994802531978
  outer loop
   vertex 0.0199858043845 0.0153356470807 0.000847814237855
   vertex 0.0353214514652 0.0353214514652 0.00337675061475
   vertex 0.0396296461149 0.030408896988 0.00337675061475
  endloop
 endfacet
 facet normal 0.0671365658252 0.0765545811756 -0.994802531978
  outer loop
   vertex 0.0178131194388 0.0178131194388 0.000847814237855
   vertex 0.0153356470807 0.0199858043845 0.000847814237855
   vertex 0.030408896988 0.0396296461149 0.00337675061475
  endloop
 endfacet
 facet normal 0.0671365658252 0.0765545811756 -0.994802531978
  outer loop
   vertex 0.0178131194388 0.0178131194388 0.000847814237855
   vertex 0.030408896988 0.0396296461149 0.00337675061475
   vertex 0.0353214514652 0.0353214514652 0.00337675061475
  endloop
 endfacet
 facet normal 0.0565698252199 0.0846627264171 -0.994802531978
  outer loop
   vertex 0.0153356470807 0.0199858043845 0.000847814237855
   vertex 0.0125957775492 0.0218165266761 0.000847814237855
   vertex 0.0249760378524 0.0432597665321 0.00337675061475
  endloop
 endfacet
 facet normal 0.0565698252199 0.0846627264171 -0.994802531978
  outer loop
   vertex 0.0153356470807 0.0199858043845 0.000847814237855
   vertex 0.0249760378524 0.0432597665321 0.00337675061475
   vertex 0.030408896988 0.0396296461149 0.00337675061475
  endloop
 endfacet
 facet normal 0.0450351592209 0.0913222689366 -0.994802531978
  outer loop
   vertex 0.0125957775492 0.0218165266761 0.000847814237855
   vertex 0.0096403907717 0.0232739621476 0.000847814237855
   vertex 0.0191158317845 0.0461497003501 0.00337675061475
  endloop
 endfacet
 facet normal 0.0450351592209 0.0913222689366 -0.994802531978
  outer loop
   vertex 0.0125957775492 0.0218165266761 0.000847814237855
   vertex 0.0191158317845 0.0461497003501 0.00337675061475
   vertex 0.0249760378524 0.0432597665321 0.00337675061475
  endloop
 endfacet
 facet normal 0.0327299291615 0.0964192621153 -0.994802531978
  outer loop
   vertex 0.0096403907717 0.0232739621476 0.000847814237855
   vertex 0.00652005423523 0.024333173674 0.000847814237855
   vertex 0.0129285485348 0.04825 0.00337675061475
  endloop
 endfacet
 facet normal 0.0327299291615 0.0964192621153 -0.994802531978
  outer loop
   vertex 0.0096403907717 0.0232739621476 0.000847814237855
   vertex 0.0129285485348 0.04825 0.00337675061475
   vertex 0.0191158317845 0.0461497003501 0.00337675061475
  endloop
 endfacet
 facet normal 0.0198646809397 0.0998664949868 -0.994802531978
  outer loop
   vertex 0.00652005423523 0.024333173674 0.000847814237855
   vertex 0.0032881577631 0.0249760378524 0.000847814237855
   vertex 0.00652005423523 0.0495247287725 0.00337675061475
  endloop
 endfacet
 facet normal 0.0198646809397 0.0998664949868 -0.994802531978
  outer loop
   vertex 0.00652005423523 0.024333173674 0.000847814237855
   vertex 0.00652005423523 0.0495247287725 0.00337675061475
   vertex 0.0129285485348 0.04825 0.00337675061475
  endloop
 endfacet
 facet normal 0.00665954251954 0.101604984441 -0.994802531978
  outer loop
   vertex 0.0032881577631 0.0249760378524 0.000847814237855
   vertex 1.54253786584e-18 0.0251915550985 0.000847814237855
   vertex 3.05868248113e-18 0.0499520757048 0.00337675061475
  endloop
 endfacet
 facet normal 0.00665954251954 0.101604984441 -0.994802531978
  outer loop
   vertex 0.0032881577631 0.0249760378524 0.000847814237855
   vertex 3.05868248113e-18 0.0499520757048 0.00337675061475
   vertex 0.00652005423523 0.0495247287725 0.00337675061475
  endloop
 endfacet
 facet normal -0.00665954251954 0.101604984441 -0.994802531978
  outer loop
   vertex 1.54253786584e-18 0.0251915550985 0.000847814237855
   vertex -0.0032881577631 0.0249760378524 0.000847814237855
   vertex -0.00652005423523 0.0495247287725 0.00337675061475
  endloop
 endfacet
 facet normal -0.00665954251954 0.101604984441 -0.994802531978
  outer loop
   vertex 1.54253786584e-18 0.0251915550985 0.000847814237855
   vertex -0.00652005423523 0.0495247287725 0.00337675061475
   vertex 3.05868248113e-18 0.0499520757048 0.00337675061475
  endloop
 endfacet
 facet normal -0.0198646809397 0.0998664949868 -0.994802531978
  outer loop
   vertex -0.0032881577631 0.0249760378524 0.000847814237855
   vertex -0.00652005423523 0.024333173674 0.000847814237855
   vertex -0.0129285485348 0.04825 0.00337675061475
  endloop
 endfacet
 facet normal -0.0198646809397 0.0998664949868 -0.994802531978
  outer loop
   vertex -0.0032881577631 0.0249760378524 0.000847814237855
   vertex -0.0129285485348 0.04825 0.00337675061475
   vertex -0.00652005423523 0.0495247287725 0.00337675061475
  endloop
 endfacet
 facet normal -0.0327299291615 0.0964192621153 -0.994802531978
  outer loop
   vertex -0.00652005423523 0.024333173674 0.000847814237855
   vertex -0.0096403907717 0.0232739621476 0.000847814237855
   vertex -0.0191158317845 0.0461497003501 0.00337675061475
  endloop
 endfacet
 facet normal -0.0327299291615 0.0964192621153 -0.994802531978
  outer loop
   vertex -0.00652005423523 0.024333173674 0.000847814237855
   vertex -0.0191158317845 0.0461497003501 0.00337675061475
   vertex -0.0129285485348 0.04825 0.00337675061475
  endloop
 endfacet
 facet normal -0.0450351592209 0.0913222689366 -0.994802531978
  outer loop
   vertex -0.0096403907717 0.0232739621476 0.000847814237855
   vertex -0.0125957775492 0.0218165266761 0.000847814237855
   vertex -0.0249760378524 0.0432597665321 0.00337675061475
  endloop
 endfacet
 facet normal -0.0450351592209 0.0913222689366 -0.994802531978
  outer loop
   vertex -0.0096403907717 0.0232739621476 0.000847814237855
   vertex -0.0249760378524 0.0432597665321 0.00337675061475
   vertex -0.0191158317845 0.0461497003501 0.00337675061475
  endloop
 endfacet
 facet normal -0.0565698252199 0.0846627264171 -0.994802531978
  outer loop
   vertex -0.0125957775492 0.0218165266761 0.000847814237855
   vertex -0.0153356470807 0.0199858043845 0.000847814237855
   vertex -0.030408896988 0.0396296461149 0.00337675061475
  endloop
 endfacet
 facet normal -0.0565698252199 0.0846627264171 -0.994802531978
  outer loop
   vertex -0.0125957775492 0.0218165266761 0.000847814237855
   vertex -0.030408896988 0.0396296461149 0.00337675061475
   vertex -0.0249760378524 0.0432597665321 0.00337675061475
  endloop
 endfacet
 facet normal -0.0671365658252 0.0765545811756 -0.994802531978
  outer loop
   vertex -0.0153356470807 0.0199858043845 0.000847814237855
   vertex -0.0178131194388 0.0178131194388 0.000847814237855
   vertex -0.0353214514652 0.0353214514652 0.00337675061475
  endloop
 endfacet
 facet normal -0.0671365658252 0.0765545811756 -0.994802531978
  outer loop
   vertex -0.0153356470807 0.0199858043845 0.000847814237855
   vertex -0.0353214514652 0.0353214514652 0.00337675061475
   vertex -0.030408896988 0.0396296461149 0.00337675061475
  endloop
 endfacet
 facet normal -0.0765545811756 0.0671365658252 -0.994802531978
  outer loop
   vertex -0.0178131194388 0.0178131194388 0.000847814237855
   vertex -0.0199858043845 0.0153356470807 0.000847814237855
   vertex -0.0396296461149 0.030408896988 0.00337675061475
  endloop
 endfacet
 facet normal -0.0765545811756 0.0671365658252 -0.994802531978
  outer loop
   vertex -0.0178131194388 0.0178131194388 0.000847814237855
   vertex -0.0396296461149 0.030408896988 0.00337675061475
   vertex -0.0353214514652 0.0353214514652 0.00337675061475
  endloop
 endfacet
 facet normal -0.0846627264171 0.0565698252199 -0.994802531978
  outer loop
   vertex -0.0199858043845 0.0153356470807 0.000847814237855
   vertex -0.0218165266761 0.0125957775492 0.000847814237855
   vertex -0.0432597665321 0.0249760378524 0.00337675061475
  endloop
 endfacet
 facet normal -0.0846627264171 0.0565698252199 -0.994802531978
  outer loop
   vertex -0.0199858043845 0.0153356470807 0.000847814237855
   vertex -0.0432597665321 0.0249760378524 0.00337675061475
   vertex -0.0396296461149 0.030408896988 0.00337675061475
  endloop
 endfacet
 facet normal -0.0913222689366 0.0450351592209 -0.994802531978
  outer loop
   vertex -0.0218165266761 0.0125957775492 0.000847814237855
   vertex -0.0232739621476 0.0096403907717 0.000847814237855
   vertex -0.0461497003501 0.0191158317845 0.00337675061475
  endloop
 endfacet
 facet normal -0.0913222689366 0.0450351592209 -0.994802531978
  outer loop
   vertex -0.0218165266761 0.0125957775492 0.000847814237855
   vertex -0.0461497003501 0.0191158317845 0.00337675061475
   vertex -0.0432597665321 0.0249760378524 0.00337675061475
  endloop
 endfacet
 facet normal -0.0964192621153 0.0327299291615 -0.994802531978
  outer loop
   vertex -0.0232739621476 0.0096403907717 0.000847814237855
   vertex -0.024333173674 0.00652005423523 0.000847814237855
   vertex -0.04825 0.0129285485348 0.00337675061475
  endloop
 endfacet
 facet normal -0.0964192621153 0.0327299291615 -0.994802531978
  outer loop
   vertex -0.0232739621476 0.0096403907717 0.000847814237855
   vertex -0.04825 0.0129285485348 0.00337675061475
   vertex -0.0461497003501 0.0191158317845 0.00337675061475
  endloop
 endfacet
 facet normal -0.0998664949868 0.0198646809397 -0.994802531978
  outer loop
   vertex -0.024333173674 0.00652005423523 0.000847814237855
   vertex -0.0249760378524 0.0032881577631 0.000847814237855
   vertex -0.0495247287725 0.00652005423523 0.00337675061475
  endloop
 endfacet
 facet normal -0.0998664949868 0.0198646809397 -0.994802531978
  outer loop
   vertex -0.024333173674 0.00652005423523 0.000847814237855
   vertex -0.0495247287725 0.00652005423523 0.00337675061475
   vertex -0.04825 0.0129285485348 0.00337675061475
  endloop
 endfacet
 facet normal -0.101604984441 0.00665954251954 -0.994802531978
  outer loop
   vertex -0.0249760378524 0.0032881577631 0.000847814237855
   vertex -0.0251915550985 3.08507573169e-18 0.000847814237855
   vertex -0.0499520757048 6.11736496226e-18 0.00337675061475
  endloop
 endfacet
 facet normal -0.101604984441 0.00665954251954 -0.994802531978
  outer loop
   vertex -0.0249760378524 0.0032881577631 0.000847814237855
   vertex -0.0499520757048 6.11736496226e-18 0.00337675061475
   vertex -0.0495247287725 0.00652005423523 0.00337675061475
  endloop
 endfacet
 facet normal -0.101604984441 -0.00665954251954 -0.994802531978
  outer loop
   vertex -0.0251915550985 3.08507573169e-18 0.000847814237855
   vertex -0.0249760378524 -0.0032881577631 0.000847814237855
   vertex -0.0495247287725 -0.00652005423523 0.00337675061475
  endloop
 endfacet
 facet normal -0.101604984441 -0.00665954251954 -0.994802531978
  outer loop
   vertex -0.0251915550985 3.08507573169e-18 0.000847814237855
   vertex -0.0495247287725 -0.00652005423523 0.00337675061475
   vertex -0.0499520757048 6.11736496226e-18 0.00337675061475
  endloop
 endfacet
 facet normal -0.0998664949868 -0.0198646809397 -0.994802531978
  outer loop
   vertex -0.0249760378524 -0.0032881577631 0.000847814237855
   vertex -0.024333173674 -0.00652005423523 0.000847814237855
   vertex -0.04825 -0.0129285485348 0.00337675061475
  endloop
 endfacet
 facet normal -0.0998664949868 -0.0198646809397 -0.994802531978
  outer loop
   vertex -0.0249760378524 -0.0032881577631 0.000847814237855
   vertex -0.04825 -0.0129285485348 0.00337675061475
   vertex -0.0495247287725 -0.00652005423523 0.00337675061475
  endloop
 endfacet
 facet normal -0.0964192621153 -0.0327299291615 -0.994802531978
  outer loop
   vertex -0.024333173674 -0.00652005423523 0.000847814237855
   vertex -0.0232739621476 -0.0096403907717 0.000847814237855
   vertex -0.0461497003501 -0.0191158317845 0.00337675061475
  endloop
 endfacet
 facet normal -0.0964192621153 -0.0327299291615 -0.994802531978
  outer loop
   vertex -0.024333173674 -0.00652005423523 0.000847814237855
   vertex -0.0461497003501 -0.0191158317845 0.00337675061475
   vertex -0.04825 -0.0129285485348 0.00337675061475
  endloop
 endfacet
 facet normal -0.0913222689366 -0.0450351592209 -0.994802531978
  outer loop
   vertex -0.0232739621476 -0.0096403907717 0.000847814237855
   vertex -0.0218165266761 -0.0125957775492 0.000847814237855
   vertex -0.0432597665321 -0.0249760378524 0.00337675061475
  endloop
 endfacet
 facet normal -0.0913222689366 -0.0450351592209 -0.994802531978
  outer loop
   vertex -0.0232739621476 -0.0096403907717 0.000847814237855
   vertex -0.0432597665321 -0.0249760378524 0.00337675061475
   vertex -0.0461497003501 -0.0191158317845 0.00337675061475
  endloop
 endfacet
 facet normal -0.0846627264171 -0.0565698252199 -0.994802531978
  outer loop
   vertex -0.0218165266761 -0.0125957775492 0.000847814237855
   vertex -0.0199858043845 -0.0153356470807 0.000847814237855
   vertex -0.0396296461149 -0.030408896988 0.00337675061475
  endloop
 endfacet
 facet normal -0.0846627264171 -0.0565698252199 -0.994802531978
  outer loop
   vertex -0.0218165266761 -0.0125957775492 0.000847814237855
   vertex -0.0396296461149 -0.030408896988 0.00337675061475
   vertex -0.0432597665321 -0.0249760378524 0.00337675061475
  endloop
 endfacet
 facet normal -0.0765545811756 -0.0671365658252 -0.994802531978
  outer loop
   vertex -0.0199858043845 -0.0153356470807 0.000847814237855
   vertex -0.0178131194388 -0.0178131194388 0.000847814237855
   vertex -0.0353214514652 -0.0353214514652 0.00337675061475
  endloop
 endfacet
 facet normal -0.0765545811756 -0.0671365658252 -0.994802531978
  outer loop
   vertex -0.0199858043845 -0.0153356470807 0.000847814237855
   vertex -0.0353214514652 -0.0353214514652 0.00337675061475
   vertex -0.0396296461149 -0.030408896988 0.00337675061475
  endloop
 endfacet
 facet normal -0.0671365658252 -0.0765545811756 -0.994802531978
  outer loop
   vertex -0.0178131194388 -0.0178131194388 0.000847814237855
   vertex -0.0153356470807 -0.0199858043845 0.000847814237855
   vertex -0.030408896988 -0.0396296461149 0.00337675061475
  endloop
 endfacet
 facet normal -0.0671365658252 -0.0765545811756 -0.994802531978
  outer loop
   vertex -0.0178131194388 -0.0178131194388 0.000847814237855
   vertex -0.030408896988 -0.0396296461149 0.00337675061475
   vertex -0.0353214514652 -0.0353214514652 0.00337675061475
  endloop
 endfacet
 facet normal -0.0565698252199 -0.0846627264171 -0.994802531978
  outer loop
   vertex -0.0153356470807 -0.0199858043845 0.000847814237855
   vertex -0.0125957775492 -0.0218165266761 0.000847814237855
   vertex -0.0249760378524 -0.0432597665321 0.00337675061475
  endloop
 endfacet
 facet normal -0.0565698252199 -0.0846627264171 -0.994802531978
  outer loop
   vertex -0.0153356470807 -0.0199858043845 0.000847814237855
   vertex -0.0249760378524 -0.0432597665321 0.00337675061475
   vertex -0.030408896988 -0.0396296461149 0.00337675061475
  endloop
 endfacet
 facet normal -0.0450351592209 -0.0913222689366 -0.994802531978
  outer loop
   vertex -0.0125957775492 -0.0218165266761 0.000847814237855
   vertex -0.0096403907717 -0.0232739621476 0.000847814237855
   vertex -0.0191158317845 -0.0461497003501 0.00337675061475
  endloop
 endfacet
 facet normal -0.0450351592209 -0.0913222689366 -0.994802531978
  outer loop
   vertex -0.0125957775492 -0.0218165266761 0.000847814237855
   vertex -0.0191158317845 -0.0461497003501 0.00337675061475
   vertex -0.0249760378524 -0.0432597665321 0.00337675061475
  endloop
 endfacet
 facet normal -0.0327299291615 -0.0964192621153 -0.994802531978
  outer loop
   vertex -0.0096403907717 -0.0232739621476 0.000847814237855
   vertex -0.00652005423523 -0.024333173674 0.000847814237855
   vertex -0.0129285485348 -0.04825 0.00337675061475
  endloop
 endfacet
 facet normal -0.0327299291615 -0.0964192621153 -0.994802531978
  outer loop
   vertex -0.0096403907717 -0.0232739621476 0.000847814237855
   vertex -0.0129285485348 -0.04825 0.00337675061475
   vertex -0.0191158317845 -0.0461497003501 0.00337675061475
  endloop
 endfacet
 facet normal -0.0198646809397 -0.0998664949868 -0.994802531978
  outer loop
   vertex -0.00652005423523 -0.024333173674 0.000847814237855
   vertex -0.0032881577631 -0.0249760378524 0.000847814237855
   vertex -0.00652005423523 -0.0495247287725 0.00337675061475
  endloop
 endfacet
 facet normal -0.0198646809397 -0.0998664949868 -0.994802531978
  outer loop
   vertex -0.00652005423523 -0.024333173674 0.000847814237855
   vertex -0.00652005423523 -0.0495247287725 0.00337675061475
   vertex -0.0129285485348 -0.04825 0.00337675061475
  endloop
 endfacet
 facet normal -0.00665954251954 -0.101604984441 -0.994802531978
  outer loop
   vertex -0.0032881577631 -0.0249760378524 0.000847814237855
   vertex -4.62761359753e-18 -0.0251915550985 0.000847814237855
   vertex -9.17604744339e-18 -0.0499520757048 0.00337675061475
  endloop
 endfacet
 facet normal -0.00665954251954 -0.101604984441 -0.994802531978
  outer loop
   vertex -0.0032881577631 -0.0249760378524 0.000847814237855
   vertex -9.17604744339e-18 -0.0499520757048 0.00337675061475
   vertex -0.00652005423523 -0.0495247287725 0.00337675061475
  endloop
 endfacet
 facet normal 0.00665954251954 -0.101604984441 -0.994802531978
  outer loop
   vertex -4.62761359753e-18 -0.0251915550985 0.000847814237855
   vertex 0.0032881577631 -0.0249760378524 0.000847814237855
   vertex 0.00652005423523 -0.0495247287725 0.00337675061475
  endloop
 endfacet
 facet normal 0.00665954251954 -0.101604984441 -0.994802531978
  outer loop
   vertex -4.62761359753e-18 -0.0251915550985 0.000847814237855
   vertex 0.00652005423523 -0.0495247287725 0.00337675061475
   vertex -9.17604744339e-18 -0.0499520757048 0.00337675061475
  endloop
 endfacet
 facet normal 0.0198646809397 -0.0998664949868 -0.994802531978
  outer loop
   vertex 0.0032881577631 -0.0249760378524 0.000847814237855
   vertex 0.00652005423523 -0.024333173674 0.000847814237855
   vertex 0.0129285485348 -0.04825 0.00337675061475
  endloop
 endfacet
 facet normal 0.0198646809397 -0.0998664949868 -0.994802531978
  outer loop
   vertex 0.0032881577631 -0.0249760378524 0.000847814237855
   vertex 0.0129285485348 -0.04825 0.00337675061475
   vertex 0.00652005423523 -0.0495247287725 0.00337675061475
  endloop
 endfacet
 facet normal 0.0327299291615 -0.0964192621153 -0.994802531978
  outer loop
   vertex 0.00652005423523 -0.024333173674 0.000847814237855
   vertex 0.0096403907717 -0.0232739621476 0.000847814237855
   vertex 0.0191158317845 -0.0461497003501 0.00337675061475
  endloop
 endfacet
 facet normal 0.0327299291615 -0.0964192621153 -0.994802531978
  outer loop
   vertex 0.00652005423523 -0.024333173674 0.000847814237855
   vertex 0.0191158317845 -0.0461497003501 0.00337675061475
   vertex 0.0129285485348 -0.04825 0.00337675061475
  endloop
 endfacet
 facet normal 0.0450351592209 -0.0913222689366 -0.994802531978
  outer loop
   vertex 0.0096403907717 -0.0232739621476 0.000847814237855
   vertex 0.0125957775492 -0.0218165266761 0.000847814237855
   vertex 0.0249760378524 -0.0432597665321 0.00337675061475
  endloop
 endfacet
 facet normal 0.0450351592209 -0.0913222689366 -0.994802531978
  outer loop
   vertex 0.0096403907717 -0.0232739621476 0.000847814237855
   vertex 0.0249760378524 -0.0432597665321 0.00337675061475
   vertex 0.0191158317845 -0.0461497003501 0.00337675061475
  endloop
 endfacet
 facet normal 0.0565698252199 -0.0846627264171 -0.994802531978
  outer loop
   vertex 0.0125957775492 -0.0218165266761 0.000847814237855
   vertex 0.0153356470807 -0.0199858043845 0.000847814237855
   vertex 0.030408896988 -0.0396296461149 0.00337675061475
  endloop
 endfacet
 facet normal 0.0565698252199 -0.0846627264171 -0.994802531978
  outer loop
   vertex 0.0125957775492 -0.0218165266761 0.000847814237855
   vertex 0.030408896988 -0.0396296461149 0.00337675061475
   vertex 0.0249760378524 -0.0432597665321 0.00337675061475
  endloop
 endfacet
 facet normal 0.0671365658252 -0.0765545811756 -0.994802531978
  outer loop
   vertex 0.0153356470807 -0.0199858043845 0.000847814237855
   vertex 0.0178131194388 -0.0178131194388 0.000847814237855
   vertex 0.0353214514652 -0.0353214514652 0.00337675061475
  endloop
 endfacet
 facet normal 0.0671365658252 -0.0765545811756 -0.994802531978
  outer loop
   vertex 0.0153356470807 -0.0199858043845 0.000847814237855
   vertex 0.0353214514652 -0.0353214514652 0.00337675061475
   vertex 0.030408896988 -0.0396296461149 0.00337675061475
  endloop
 endfacet
 facet normal 0.0765545811756 -0.0671365658252 -0.994802531978
  outer loop
   vertex 0.0178131194388 -0.0178131194388 0.000847814237855
   vertex 0.0199858043845 -0.0153356470807 0.000847814237855
   vertex 0.0396296461149 -0.030408896988 0.00337675061475
  endloop
 endfacet
 facet normal 0.0765545811756 -0.0671365658252 -0.994802531978
  outer loop
   vertex 0.0178131194388 -0.0178131194388 0.000847814237855
   vertex 0.0396296461149 -0.030408896988 0.00337675061475
   vertex 0.0353214514652 -0.0353214514652 0.00337675061475
  endloop
 endfacet
 facet normal 0.0846627264171 -0.0565698252199 -0.994802531978
  outer loop
   vertex 0.0199858043845 -0.0153356470807 0.000847814237855
   vertex 0.0218165266761 -0.0125957775492 0.000847814237855
   vertex 0.0432597665321 -0.0249760378524 0.00337675061475
  endloop
 endfacet
 facet normal 0.0846627264171 -0.0565698252199 -0.994802531978
  outer loop
   vertex 0.0199858043845 -0.0153356470807 0.000847814237855
   vertex 0.0432597665321 -0.0249760378524 0.00337675061475
   vertex 0.0396296461149 -0.030408896988 0.00337675061475
  endloop
 endfacet
 facet normal 0.0913222689366 -0.0450351592209 -0.994802531978
  outer loop
   vertex 0.0218165266761 -0.0125957775492 0.000847814237855
   vertex 0.0232739621476 -0.0096403907717 0.000847814237855
   vertex 0.0461497003501 -0.0191158317845 0.00337675061475
  endloop
 endfacet
 facet normal 0.0913222689366 -0.0450351592209 -0.994802531978
  outer loop
   vertex 0.0218165266761 -0.0125957775492 0.000847814237855
   vertex 0.0461497003501 -0.0191158317845 0.00337675061475
   vertex 0.0432597665321 -0.0249760378524 0.00337675061475
  endloop
 endfacet
 facet normal 0.0964192621153 -0.0327299291615 -0.994802531978
  outer loop
   vertex 0.0232739621476 -0.0096403907717 0.000847814237855
   vertex 0.024333173674 -0.00652005423523 0.000847814237855
   vertex 0.04825 -0.0129285485348 0.00337675061475
  endloop
 endfacet
 facet normal 0.0964192621153 -0.0327299291615 -0.994802531978
  outer loop
   vertex 0.0232739621476 -0.0096403907717 0.000847814237855
   vertex 0.04825 -0.0129285485348 0.00337675061475
   vertex 0.0461497003501 -0.0191158317845 0.00337675061475
  endloop
 endfacet
 facet normal 0.0998664949868 -0.0198646809397 -0.994802531978
  outer loop
   vertex 0.024333173674 -0.00652005423523 0.000847814237855
   vertex 0.0249760378524 -0.0032881577631 0.000847814237855
   vertex 0.0495247287725 -0.00652005423523 0.00337675061475
  endloop
 endfacet
 facet normal 0.0998664949868 -0.0198646809397 -0.994802531978
  outer loop
   vertex 0.024333173674 -0.00652005423523 0.000847814237855
   vertex 0.0495247287725 -0.00652005423523 0.00337675061475
   vertex 0.04825 -0.0129285485348 0.00337675061475
  endloop
 endfacet
 facet normal 0.101604984441 -0.00665954251954 -0.994802531978
  outer loop
   vertex 0.0249760378524 -0.0032881577631 0.000847814237855
   vertex 0.0251915550985 0 0.000847814237855
   vertex 0.0499520757048 0 0.00337675061475
  endloop
 endfacet
 facet normal 0.101604984441 -0.00665954251954 -0.994802531978
  outer loop
   vertex 0.0249760378524 -0.0032881577631 0.000847814237855
   vertex 0.0499520757048 0 0.00337675061475
   vertex 0.0495247287725 -0.00652005423523 0.00337675061475
  endloop
 endfacet
 facet normal 0.171700391008 0.0112538381934 -0.985084933827
  outer loop
   vertex 0.0499520757048 0 0.00337675061475
   vertex 0.0495247287725 0.00652005423523 0.00337675061475
   vertex 0.0732260378524 0.0096403907717 0.00754353832813
  endloop
 endfacet
 facet normal 0.171700391008 0.0112538381934 -0.985084933827
  outer loop
   vertex 0.0499520757048 0 0.00337675061475
   vertex 0.0732260378524 0.0096403907717 0.00754353832813
   vertex 0.0738579024465 0 0.00754353832813
  endloop
 endfacet
 facet normal 0.168762549713 0.0335689582885 -0.985084933827
  outer loop
   vertex 0.0495247287725 0.00652005423523 0.00337675061475
   vertex 0.04825 0.0129285485348 0.00337675061475
   vertex 0.0713412554486 0.0191158317845 0.00754353832813
  endloop
 endfacet
 facet normal 0.168762549713 0.0335689582885 -0.985084933827
  outer loop
   vertex 0.0495247287725 0.00652005423523 0.00337675061475
   vertex 0.0713412554486 0.0191158317845 0.00754353832813
   vertex 0.0732260378524 0.0096403907717 0.00754353832813
  endloop
 endfacet
 facet normal 0.162937134403 0.0553097042002 -0.985084933827
  outer loop
   vertex 0.04825 0.0129285485348 0.00337675061475
   vertex 0.0461497003501 0.0191158317845 0.00337675061475
   vertex 0.0682358043845 0.0282641956155 0.00754353832813
  endloop
 endfacet
 facet normal 0.162937134403 0.0553097042002 -0.985084933827
  outer loop
   vertex 0.04825 0.0129285485348 0.00337675061475
   vertex 0.0682358043845 0.0282641956155 0.00754353832813
   vertex 0.0713412554486 0.0191158317845 0.00754353832813
  endloop
 endfacet
 facet normal 0.154323819549 0.0761040857383 -0.985084933827
  outer loop
   vertex 0.0461497003501 0.0191158317845 0.00337675061475
   vertex 0.0432597665321 0.0249760378524 0.00337675061475
   vertex 0.0639628197889 0.0369289512232 0.00754353832813
  endloop
 endfacet
 facet normal 0.154323819549 0.0761040857383 -0.985084933827
  outer loop
   vertex 0.0461497003501 0.0191158317845 0.00337675061475
   vertex 0.0639628197889 0.0369289512232 0.00754353832813
   vertex 0.0682358043845 0.0282641956155 0.00754353832813
  endloop
 endfacet
 facet normal 0.143069981356 0.0955963052693 -0.985084933827
  outer loop
   vertex 0.0432597665321 0.0249760378524 0.00337675061475
   vertex 0.0396296461149 0.030408896988 0.00337675061475
   vertex 0.0585954136128 0.0449618422369 0.00754353832813
  endloop
 endfacet
 facet normal 0.143069981356 0.0955963052693 -0.985084933827
  outer loop
   vertex 0.0432597665321 0.0249760378524 0.00337675061475
   vertex 0.0585954136128 0.0449618422369 0.00754353832813
   vertex 0.0639628197889 0.0369289512232 0.00754353832813
  endloop
 endfacet
 facet normal 0.129368176115 0.113452845513 -0.985084933827
  outer loop
   vertex 0.0396296461149 0.030408896988 0.00337675061475
   vertex 0.0353214514652 0.0353214514652 0.00337675061475
   vertex 0.0522254236641 0.0522254236641 0.00754353832813
  endloop
 endfacet
 facet normal 0.129368176115 0.113452845513 -0.985084933827
  outer loop
   vertex 0.0396296461149 0.030408896988 0.00337675061475
   vertex 0.0522254236641 0.0522254236641 0.00754353832813
   vertex 0.0585954136128 0.0449618422369 0.00754353832813
  endloop
 endfacet
 facet normal 0.113452845513 0.129368176115 -0.985084933827
  outer loop
   vertex 0.0353214514652 0.0353214514652 0.00337675061475
   vertex 0.030408896988 0.0396296461149 0.00337675061475
   vertex 0.0449618422369 0.0585954136128 0.00754353832813
  endloop
 endfacet
 facet normal 0.113452845513 0.129368176115 -0.985084933827
  outer loop
   vertex 0.0353214514652 0.0353214514652 0.00337675061475
   vertex 0.0449618422369 0.0585954136128 0.00754353832813
   vertex 0.0522254236641 0.0522254236641 0.00754353832813
  endloop
 endfacet
 facet normal 0.0955963052693 0.143069981356 -0.985084933827
  outer loop
   vertex 0.030408896988 0.0396296461149 0.00337675061475
   vertex 0.0249760378524 0.0432597665321 0.00337675061475
   vertex 0.0369289512232 0.0639628197889 0.00754353832813
  endloop
 endfacet
 facet normal 0.0955963052693 0.143069981356 -0.985084933827
  outer loop
   vertex 0.030408896988 0.0396296461149 0.00337675061475
   vertex 0.0369289512232 0.0639628197889 0.00754353832813
   vertex 0.0449618422369 0.0585954136128 0.00754353832813
  endloop
 endfacet
 facet normal 0.0761040857383 0.154323819549 -0.985084933827
  outer loop
   vertex 0.0249760378524 0.0432597665321 0.00337675061475
   vertex 0.0191158317845 0.0461497003501 0.00337675061475
   vertex 0.0282641956155 0.0682358043845 0.00754353832813
  endloop
 endfacet
 facet normal 0.0761040857383 0.154323819549 -0.985084933827
  outer loop
   vertex 0.0249760378524 0.0432597665321 0.00337675061475
   vertex 0.0282641956155 0.0682358043845 0.00754353832813
   vertex 0.0369289512232 0.0639628197889 0.00754353832813
  endloop
 endfacet
 facet normal 0.0553097042002 0.162937134403 -0.985084933827
  outer loop
   vertex 0.0191158317845 0.0461497003501 0.00337675061475
   vertex 0.0129285485348 0.04825 0.00337675061475
   vertex 0.0191158317845 0.0713412554486 0.00754353832813
  endloop
 endfacet
 facet normal 0.0553097042002 0.162937134403 -0.985084933827
  outer loop
   vertex 0.0191158317845 0.0461497003501 0.00337675061475
   vertex 0.0191158317845 0.0713412554486 0.00754353832813
   vertex 0.0282641956155 0.0682358043845 0.00754353832813
  endloop
 endfacet
 facet normal 0.0335689582885 0.168762549713 -0.985084933827
  outer loop
   vertex 0.0129285485348 0.04825 0.00337675061475
   vertex 0.00652005423523 0.0495247287725 0.00337675061475
   vertex 0.0096403907717 0.0732260378524 0.00754353832813
  endloop
 endfacet
 facet normal 0.0335689582885 0.168762549713 -0.985084933827
  outer loop
   vertex 0.0129285485348 0.04825 0.00337675061475
   vertex 0.0096403907717 0.0732260378524 0.00754353832813
   vertex 0.0191158317845 0.0713412554486 0.00754353832813
  endloop
 endfacet
 facet normal 0.0112538381934 0.171700391008 -0.985084933827
  outer loop
   vertex 0.00652005423523 0.0495247287725 0.00337675061475
   vertex 3.05868248113e-18 0.0499520757048 0.00337675061475
   vertex 4.52249219114e-18 0.0738579024465 0.00754353832813
  endloop
 endfacet
 facet normal 0.0112538381934 0.171700391008 -0.985084933827
  outer loop
   vertex 0.00652005423523 0.0495247287725 0.00337675061475
   vertex 4.52249219114e-18 0.0738579024465 0.00754353832813
   vertex 0.0096403907717 0.0732260378524 0.00754353832813
  endloop
 endfacet
 facet normal -0.0112538381934 0.171700391008 -0.985084933827
  outer loop
   vertex 3.05868248113e-18 0.0499520757048 0.00337675061475
   vertex -0.00652005423523 0.0495247287725 0.00337675061475
   vertex -0.0096403907717 0.0732260378524 0.00754353832813
  endloop
 endfacet
 facet normal -0.0112538381934 0.171700391008 -0.985084933827
  outer loop
   vertex 3.05868248113e-18 0.0499520757048 0.00337675061475
   vertex -0.0096403907717 0.0732260378524 0.00754353832813
   vertex 4.52249219114e-18 0.0738579024465 0.00754353832813
  endloop
 endfacet
 facet normal -0.0335689582885 0.168762549713 -0.985084933827
  outer loop
   vertex -0.00652005423523 0.0495247287725 0.00337675061475
   vertex -0.0129285485348 0.04825 0.00337675061475
   vertex -0.0191158317845 0.0713412554486 0.00754353832813
  endloop
 endfacet
 facet normal -0.0335689582885 0.168762549713 -0.985084933827
  outer loop
   vertex -0.00652005423523 0.0495247287725 0.00337675061475
   vertex -0.0191158317845 0.0713412554486 0.00754353832813
   vertex -0.0096403907717 0.0732260378524 0.00754353832813
  endloop
 endfacet
 facet normal -0.0553097042002 0.162937134403 -0.985084933827
  outer loop
   vertex -0.0129285485348 0.04825 0.00337675061475
   vertex -0.0191158317845 0.0461497003501 0.00337675061475
   vertex -0.0282641956155 0.0682358043845 0.00754353832813
  endloop
 endfacet
 facet normal -0.0553097042002 0.162937134403 -0.985084933827
  outer loop
   vertex -0.0129285485348 0.04825 0.00337675061475
   vertex -0.0282641956155 0.0682358043845 0.00754353832813
   vertex -0.0191158317845 0.0713412554486 0.00754353832813
  endloop
 endfacet
 facet normal -0.0761040857383 0.154323819549 -0.985084933827
  outer loop
   vertex -0.0191158317845 0.0461497003501 0.00337675061475
   vertex -0.0249760378524 0.0432597665321 0.00337675061475
   vertex -0.0369289512232 0.0639628197889 0.00754353832813
  endloop
 endfacet
 facet normal -0.0761040857383 0.154323819549 -0.985084933827
  outer loop
   vertex -0.0191158317845 0.0461497003501 0.00337675061475
   vertex -0.0369289512232 0.0639628197889 0.00754353832813
   vertex -0.0282641956155 0.0682358043845 0.00754353832813
  endloop
 endfacet
 facet normal -0.0955963052693 0.143069981356 -0.985084933827
  outer loop
   vertex -0.0249760378524 0.0432597665321 0.00337675061475
   vertex -0.030408896988 0.0396296461149 0.00337675061475
   vertex -0.0449618422369 0.0585954136128 0.00754353832813
  endloop
 endfacet
 facet normal -0.0955963052693 0.143069981356 -0.985084933827
  outer loop
   vertex -0.0249760378524 0.0432597665321 0.00337675061475
   vertex -0.0449618422369 0.0585954136128 0.00754353832813
   vertex -0.0369289512232 0.0639628197889 0.00754353832813
  endloop
 endfacet
 facet normal -0.113452845513 0.129368176115 -0.985084933827
  outer loop
   vertex -0.030408896988 0.0396296461149 0.00337675061475
   vertex -0.0353214514652 0.0353214514652 0.00337675061475
   vertex -0.0522254236641 0.0522254236641 0.00754353832813
  endloop
 endfacet
 facet normal -0.113452845513 0.129368176115 -0.985084933827
  outer loop
   vertex -0.030408896988 0.0396296461149 0.00337675061475
   vertex -0.0522254236641 0.0522254236641 0.00754353832813
   vertex -0.0449618422369 0.0585954136128 0.00754353832813
  endloop
 endfacet
 facet normal -0.129368176115 0.113452845513 -0.985084933827
  outer loop
   vertex -0.0353214514652 0.0353214514652 0.00337675061475
   vertex -0.0396296461149 0.030408896988 0.00337675061475
   vertex -0.0585954136128 0.0449618422369 0.00754353832813
  endloop
 endfacet
 facet normal -0.129368176115 0.113452845513 -0.985084933827
  outer loop
   vertex -0.0353214514652 0.0353214514652 0.00337675061475
   vertex -0.0585954136128 0.0449618422369 0.00754353832813
   vertex -0.0522254236641 0.0522254236641 0.00754353832813
  endloop
 endfacet
 facet normal -0.143069981356 0.0955963052693 -0.985084933827
  outer loop
   vertex -0.0396296461149 0.030408896988 0.00337675061475
   vertex -0.0432597665321 0.0249760378524 0.00337675061475
   vertex -0.0639628197889 0.0369289512232 0.00754353832813
  endloop
 endfacet
 facet normal -0.143069981356 0.0955963052693 -0.985084933827
  outer loop
   vertex -0.0396296461149 0.030408896988 0.00337675061475
   vertex -0.0639628197889 0.0369289512232 0.00754353832813
   vertex -0.0585954136128 0.0449618422369 0.00754353832813
  endloop
 endfacet
 facet normal -0.154323819549 0.0761040857383 -0.985084933827
  outer loop
   vertex -0.0432597665321 0.0249760378524 0.00337675061475
   vertex -0.0461497003501 0.0191158317845 0.00337675061475
   vertex -0.0682358043845 0.0282641956155 0.00754353832813
  endloop
 endfacet
 facet normal -0.154323819549 0.0761040857383 -0.985084933827
  outer loop
   vertex -0.0432597665321 0.0249760378524 0.00337675061475
   vertex -0.0682358043845 0.0282641956155 0.00754353832813
   vertex -0.0639628197889 0.0369289512232 0.00754353832813
  endloop
 endfacet
 facet normal -0.162937134403 0.0553097042002 -0.985084933827
  outer loop
   vertex -0.0461497003501 0.0191158317845 0.00337675061475
   vertex -0.04825 0.0129285485348 0.00337675061475
   vertex -0.0713412554486 0.0191158317845 0.00754353832813
  endloop
 endfacet
 facet normal -0.162937134403 0.0553097042002 -0.985084933827
  outer loop
   vertex -0.0461497003501 0.0191158317845 0.00337675061475
   vertex -0.0713412554486 0.0191158317845 0.00754353832813
   vertex -0.0682358043845 0.0282641956155 0.00754353832813
  endloop
 endfacet
 facet normal -0.168762549713 0.0335689582885 -0.985084933827
  outer loop
   vertex -0.04825 0.0129285485348 0.00337675061475
   vertex -0.0495247287725 0.00652005423523 0.00337675061475
   vertex -0.0732260378524 0.0096403907717 0.00754353832813
  endloop
 endfacet
 facet normal -0.168762549713 0.0335689582885 -0.985084933827
  outer loop
   vertex -0.04825 0.0129285485348 0.00337675061475
   vertex -0.0732260378524 0.0096403907717 0.00754353832813
   vertex -0.0713412554486 0.0191158317845 0.00754353832813
  endloop
 endfacet
 facet normal -0.171700391008 0.0112538381934 -0.985084933827
  outer loop
   vertex -0.0495247287725 0.00652005423523 0.00337675061475
   vertex -0.0499520757048 6.11736496226e-18 0.00337675061475
   vertex -0.0738579024465 9.04498438228e-18 0.00754353832813
  endloop
 endfacet
 facet normal -0.171700391008 0.0112538381934 -0.985084933827
  outer loop
   vertex -0.0495247287725 0.00652005423523 0.00337675061475
   vertex -0.0738579024465 9.04498438228e-18 0.00754353832813
   vertex -0.0732260378524 0.0096403907717 0.00754353832813
  endloop
 endfacet
 facet normal -0.171700391008 -0.0112538381934 -0.985084933827
  outer loop
   vertex -0.0499520757048 6.11736496226e-18 0.00337675061475
   vertex -0.0495247287725 -0.00652005423523 0.00337675061475
   vertex -0.0732260378524 -0.0096403907717 0.00754353832813
  endloop
 endfacet
 facet normal -0.171700391008 -0.0112538381934 -0.985084933827
  outer loop
   vertex -0.0499520757048 6.11736496226e-18 0.00337675061475
   vertex -0.0732260378524 -0.0096403907717 0.00754353832813
   vertex -0.0738579024465 9.04498438228e-18 0.00754353832813
  endloop
 endfacet
 facet normal -0.168762549713 -0.0335689582885 -0.985084933827
  outer loop
   vertex -0.0495247287725 -0.00652005423523 0.00337675061475
   vertex -0.04825 -0.0129285485348 0.00337675061475
   vertex -0.0713412554486 -0.0191158317845 0.00754353832813
  endloop
 endfacet
 facet normal -0.168762549713 -0.0335689582885 -0.985084933827
  outer loop
   vertex -0.0495247287725 -0.00652005423523 0.00337675061475
   vertex -0.0713412554486 -0.0191158317845 0.00754353832813
   vertex -0.0732260378524 -0.0096403907717 0.00754353832813
  endloop
 endfacet
 facet normal -0.162937134403 -0.0553097042002 -0.985084933827
  outer loop
   vertex -0.04825 -0.0129285485348 0.00337675061475
   vertex -0.0461497003501 -0.0191158317845 0.00337675061475
   vertex -0.0682358043845 -0.0282641956155 0.00754353832813
  endloop
 endfacet
 facet normal -0.162937134403 -0.0553097042002 -0.985084933827
  outer loop
   vertex -0.04825 -0.0129285485348 0.00337675061475
   vertex -0.0682358043845 -0.0282641956155 0.00754353832813
   vertex -0.0713412554486 -0.0191158317845 0.00754353832813
  endloop
 endfacet
 facet normal -0.154323819549 -0.0761040857383 -0.985084933827
  outer loop
   vertex -0.0461497003501 -0.0191158317845 0.00337675061475
   vertex -0.0432597665321 -0.0249760378524 0.00337675061475
   vertex -0.0639628197889 -0.0369289512232 0.00754353832813
  endloop
 endfacet
 facet normal -0.154323819549 -0.0761040857383 -0.985084933827
  outer loop
   vertex -0.0461497003501 -0.0191158317845 0.00337675061475
   vertex -0.0639628197889 -0.0369289512232 0.00754353832813
   vertex -0.0682358043845 -0.0282641956155 0.00754353832813
  endloop
 endfacet
 facet normal -0.143069981356 -0.0955963052693 -0.985084933827
  outer loop
   vertex -0.0432597665321 -0.0249760378524 0.00337675061475
   vertex -0.0396296461149 -0.030408896988 0.00337675061475
   vertex -0.0585954136128 -0.0449618422369 0.00754353832813
  endloop
 endfacet
 facet normal -0.143069981356 -0.0955963052693 -0.985084933827
  outer loop
   vertex -0.0432597665321 -0.0249760378524 0.00337675061475
   vertex -0.0585954136128 -0.0449618422369 0.00754353832813
   vertex -0.0639628197889 -0.0369289512232 0.00754353832813
  endloop
 endfacet
 facet normal -0.129368176115 -0.113452845513 -0.985084933827
  outer loop
   vertex -0.0396296461149 -0.030408896988 0.00337675061475
   vertex -0.0353214514652 -0.0353214514652 0.00337675061475
   vertex -0.0522254236641 -0.0522254236641 0.00754353832813
  endloop
 endfacet
 facet normal -0.129368176115 -0.113452845513 -0.985084933827
  outer loop
   vertex -0.0396296461149 -0.030408896988 0.00337675061475
   vertex -0.0522254236641 -0.0522254236641 0.00754353832813
   vertex -0.0585954136128 -0.0449618422369 0.00754353832813
  endloop
 endfacet
 facet normal -0.113452845513 -0.129368176115 -0.985084933827
  outer loop
   vertex -0.0353214514652 -0.0353214514652 0.00337675061475
   vertex -0.030408896988 -0.0396296461149 0.00337675061475
   vertex -0.0449618422369 -0.0585954136128 0.00754353832813
  endloop
 endfacet
 facet normal -0.113452845513 -0.129368176115 -0.985084933827
  outer loop
   vertex -0.0353214514652 -0.0353214514652 0.00337675061475
   vertex -0.0449618422369 -0.0585954136128 0.00754353832813
   vertex -0.0522254236641 -0.0522254236641 0.00754353832813
  endloop
 endfacet
 facet normal -0.0955963052693 -0.143069981356 -0.985084933827
  outer loop
   vertex -0.030408896988 -0.0396296461149 0.00337675061475
   vertex -0.0249760378524 -0.0432597665321 0.00337675061475
   vertex -0.0369289512232 -0.0639628197889 0.00754353832813
  endloop
 endfacet
 facet normal -0.0955963052693 -0.143069981356 -0.985084933827
  outer loop
   vertex -0.030408896988 -0.0396296461149 0.00337675061475
   vertex -0.0369289512232 -0.0639628197889 0.00754353832813
   vertex -0.0449618422369 -0.0585954136128 0.00754353832813
  endloop
 endfacet
 facet normal -0.0761040857383 -0.154323819549 -0.985084933827
  outer loop
   vertex -0.0249760378524 -0.0432597665321 0.00337675061475
   vertex -0.0191158317845 -0.0461497003501 0.00337675061475
   vertex -0.0282641956155 -0.0682358043845 0.00754353832813
  endloop
 endfacet
 facet normal -0.0761040857383 -0.154323819549 -0.985084933827
  outer loop
   vertex -0.0249760378524 -0.0432597665321 0.00337675061475
   vertex -0.0282641956155 -0.0682358043845 0.00754353832813
   vertex -0.0369289512232 -0.0639628197889 0.00754353832813
  endloop
 endfacet
 facet normal -0.0553097042002 -0.162937134403 -0.985084933827
  outer loop
   vertex -0.0191158317845 -0.0461497003501 0.00337675061475
   vertex -0.0129285485348 -0.04825 0.00337675061475
   vertex -0.0191158317845 -0.0713412554486 0.00754353832813
  endloop
 endfacet
 facet normal -0.0553097042002 -0.162937134403 -0.985084933827
  outer loop
   vertex -0.0191158317845 -0.0461497003501 0.00337675061475
   vertex -0.0191158317845 -0.0713412554486 0.00754353832813
   vertex -0.0282641956155 -0.0682358043845 0.00754353832813
  endloop
 endfacet
 facet normal -0.0335689582885 -0.168762549713 -0.985084933827
  outer loop
   vertex -0.0129285485348 -0.04825 0.00337675061475
   vertex -0.00652005423523 -0.0495247287725 0.00337675061475
   vertex -0.0096403907717 -0.0732260378524 0.00754353832813
  endloop
 endfacet
 facet normal -0.0335689582885 -0.168762549713 -0.985084933827
  outer loop
   vertex -0.0129285485348 -0.04825 0.00337675061475
   vertex -0.0096403907717 -0.0732260378524 0.00754353832813
   vertex -0.0191158317845 -0.0713412554486 0.00754353832813
  endloop
 endfacet
 facet normal -0.0112538381934 -0.171700391008 -0.985084933827
  outer loop
   vertex -0.00652005423523 -0.0495247287725 0.00337675061475
   vertex -9.17604744339e-18 -0.0499520757048 0.00337675061475
   vertex -1.35674765734e-17 -0.0738579024465 0.00754353832813
  endloop
 endfacet
 facet normal -0.0112538381934 -0.171700391008 -0.985084933827
  outer loop
   vertex -0.00652005423523 -0.0495247287725 0.00337675061475
   vertex -1.35674765734e-17 -0.0738579024465 0.00754353832813
   vertex -0.0096403907717 -0.0732260378524 0.00754353832813
  endloop
 endfacet
 facet normal 0.0112538381934 -0.171700391008 -0.985084933827
  outer loop
   vertex -9.17604744339e-18 -0.0499520757048 0.00337675061475
   vertex 0.00652005423523 -0.0495247287725 0.00337675061475
   vertex 0.0096403907717 -0.0732260378524 0.00754353832813
  endloop
 endfacet
 facet normal 0.0112538381934 -0.171700391008 -0.985084933827
  outer loop
   vertex -9.17604744339e-18 -0.0499520757048 0.00337675061475
   vertex 0.0096403907717 -0.0732260378524 0.00754353832813
   vertex -1.35674765734e-17 -0.0738579024465 0.00754353832813
  endloop
 endfacet
 facet normal 0.0335689582885 -0.168762549713 -0.985084933827
  outer loop
   vertex 0.00652005423523 -0.0495247287725 0.00337675061475
   vertex 0.0129285485348 -0.04825 0.00337675061475
   vertex 0.0191158317845 -0.0713412554486 0.00754353832813
  endloop
 endfacet
 facet normal 0.0335689582885 -0.168762549713 -0.985084933827
  outer loop
   vertex 0.00652005423523 -0.0495247287725 0.00337675061475
   vertex 0.0191158317845 -0.0713412554486 0.00754353832813
   vertex 0.0096403907717 -0.0732260378524 0.00754353832813
  endloop
 endfacet
 facet normal 0.0553097042002 -0.162937134403 -0.985084933827
  outer loop
   vertex 0.0129285485348 -0.04825 0.00337675061475
   vertex 0.0191158317845 -0.0461497003501 0.00337675061475
   vertex 0.0282641956155 -0.0682358043845 0.00754353832813
  endloop
 endfacet
 facet normal 0.0553097042002 -0.162937134403 -0.985084933827
  outer loop
   vertex 0.0129285485348 -0.04825 0.00337675061475
   vertex 0.0282641956155 -0.0682358043845 0.00754353832813
   vertex 0.0191158317845 -0.0713412554486 0.00754353832813
  endloop
 endfacet
 facet normal 0.0761040857383 -0.154323819549 -0.985084933827
  outer loop
   vertex 0.0191158317845 -0.0461497003501 0.00337675061475
   vertex 0.0249760378524 -0.0432597665321 0.00337675061475
   vertex 0.0369289512232 -0.0639628197889 0.00754353832813
  endloop
 endfacet
 facet normal 0.0761040857383 -0.154323819549 -0.985084933827
  outer loop
   vertex 0.0191158317845 -0.0461497003501 0.00337675061475
   vertex 0.0369289512232 -0.0639628197889 0.00754353832813
   vertex 0.0282641956155 -0.0682358043845 0.00754353832813
  endloop
 endfacet
 facet normal 0.0955963052693 -0.143069981356 -0.985084933827
  outer loop
   vertex 0.0249760378524 -0.0432597665321 0.00337675061475
   vertex 0.030408896988 -0.0396296461149 0.00337675061475
   vertex 0.0449618422369 -0.0585954136128 0.00754353832813
  endloop
 endfacet
 facet normal 0.0955963052693 -0.143069981356 -0.985084933827
  outer loop
   vertex 0.0249760378524 -0.0432597665321 0.00337675061475
   vertex 0.0449618422369 -0.0585954136128 0.00754353832813
   vertex 0.0369289512232 -0.0639628197889 0.00754353832813
  endloop
 endfacet
 facet normal 0.113452845513 -0.129368176115 -0.985084933827
  outer loop
   vertex 0.030408896988 -0.0396296461149 0.00337675061475
   vertex 0.0353214514652 -0.0353214514652 0.00337675061475
   vertex 0.0522254236641 -0.0522254236641 0.00754353832813
  endloop
 endfacet
 facet normal 0.113452845513 -0.129368176115 -0.985084933827
  outer loop
   vertex 0.030408896988 -0.0396296461149 0.00337675061475
   vertex 0.0522254236641 -0.0522254236641 0.00754353832813
   vertex 0.0449618422369 -0.0585954136128 0.00754353832813
  endloop
 endfacet
 facet normal 0.129368176115 -0.113452845513 -0.985084933827
  outer loop
   vertex 0.0353214514652 -0.0353214514652 0.00337675061475
   vertex 0.0396296461149 -0.030408896988 0.00337675061475
   vertex 0.0585954136128 -0.0449618422369 0.00754353832813
  endloop
 endfacet
 facet normal 0.129368176115 -0.113452845513 -0.985084933827
  outer loop
   vertex 0.0353214514652 -0.0353214514652 0.00337675061475
   vertex 0.0585954136128 -0.0449618422369 0.00754353832813
   vertex 0.0522254236641 -0.0522254236641 0.00754353832813
  endloop
 endfacet
 facet normal 0.143069981356 -0.0955963052693 -0.985084933827
  outer loop
   vertex 0.0396296461149 -0.030408896988 0.00337675061475
   vertex 0.0432597665321 -0.0249760378524 0.00337675061475
   vertex 0.0639628197889 -0.0369289512232 0.00754353832813
  endloop
 endfacet
 facet normal 0.143069981356 -0.0955963052693 -0.985084933827
  outer loop
   vertex 0.0396296461149 -0.030408896988 0.00337675061475
   vertex 0.0639628197889 -0.0369289512232 0.00754353832813
   vertex 0.0585954136128 -0.0449618422369 0.00754353832813
  endloop
 endfacet
 facet normal 0.154323819549 -0.0761040857383 -0.985084933827
  outer loop
   vertex 0.0432597665321 -0.0249760378524 0.00337675061475
   vertex 0.0461497003501 -0.0191158317845 0.00337675061475
   vertex 0.0682358043845 -0.0282641956155 0.00754353832813
  endloop
 endfacet
 facet normal 0.154323819549 -0.0761040857383 -0.985084933827
  outer loop
   vertex 0.0432597665321 -0.0249760378524 0.00337675061475
   vertex 0.0682358043845 -0.0282641956155 0.00754353832813
   vertex 0.0639628197889 -0.0369289512232 0.00754353832813
  endloop
 endfacet
 facet normal 0.162937134403 -0.0553097042002 -0.985084933827
  outer loop
   vertex 0.0461497003501 -0.0191158317845 0.00337675061475
   vertex 0.04825 -0.0129285485348 0.00337675061475
   vertex 0.0713412554486 -0.0191158317845 0.00754353832813
  endloop
 endfacet
 facet normal 0.162937134403 -0.0553097042002 -0.985084933827
  outer loop
   vertex 0.0461497003501 -0.0191158317845 0.00337675061475
   vertex 0.0713412554486 -0.0191158317845 0.00754353832813
   vertex 0.0682358043845 -0.0282641956155 0.00754353832813
  endloop
 endfacet
 facet normal 0.168762549713 -0.0335689582885 -0.985084933827
  outer loop
   vertex 0.04825 -0.0129285485348 0.00337675061475
   vertex 0.0495247287725 -0.00652005423523 0.00337675061475
   vertex 0.0732260378524 -0.0096403907717 0.00754353832813
  endloop
 endfacet
 facet normal 0.168762549713 -0.0335689582885 -0.985084933827
  outer loop
   vertex 0.04825 -0.0129285485348 0.00337675061475
   vertex 0.0732260378524 -0.0096403907717 0.00754353832813
   vertex 0.0713412554486 -0.0191158317845 0.00754353832813
  endloop
 endfacet
 facet normal 0.171700391008 -0.0112538381934 -0.985084933827
  outer loop
   vertex 0.0495247287725 -0.00652005423523 0.00337675061475
   vertex 0.0499520757048 0 0.00337675061475
   vertex 0.0738579024465 0 0.00754353832813
  endloop
 endfacet
 facet normal 0.171700391008 -0.0112538381934 -0.985084933827
  outer loop
   vertex 0.0495247287725 -0.00652005423523 0.00337675061475
   vertex 0.0738579024465 0 0.00754353832813
   vertex 0.0732260378524 -0.0096403907717 0.00754353832813
  endloop
 endfacet
 facet normal 0.245437080163 0.0160867961371 -0.969279038601
  outer loop
   vertex 0.0738579024465 0 0.00754353832813
   vertex 0.0732260378524 0.0096403907717 0.00754353832813
   vertex 0.0956744291226 0.0125957775492 0.013276882485
  endloop
 endfacet
 facet normal 0.245437080163 0.0160867961371 -0.969279038601
  outer loop
   vertex 0.0738579024465 0 0.00754353832813
   vertex 0.0956744291226 0.0125957775492 0.013276882485
   vertex 0.0965 0 0.013276882485
  endloop
 endfacet
 facet normal 0.241237583673 0.0479851388694 -0.969279038601
  outer loop
   vertex 0.0732260378524 0.0096403907717 0.00754353832813
   vertex 0.0713412554486 0.0191158317845 0.00754353832813
   vertex 0.0932118422369 0.0249760378524 0.013276882485
  endloop
 endfacet
 facet normal 0.241237583673 0.0479851388694 -0.969279038601
  outer loop
   vertex 0.0732260378524 0.0096403907717 0.00754353832813
   vertex 0.0932118422369 0.0249760378524 0.013276882485
   vertex 0.0956744291226 0.0125957775492 0.013276882485
  endloop
 endfacet
 facet normal 0.232910445243 0.0790624425716 -0.969279038601
  outer loop
   vertex 0.0713412554486 0.0191158317845 0.00754353832813
   vertex 0.0682358043845 0.0282641956155 0.00754353832813
   vertex 0.0891543748873 0.0369289512232 0.013276882485
  endloop
 endfacet
 facet normal 0.232910445243 0.0790624425716 -0.969279038601
  outer loop
   vertex 0.0713412554486 0.0191158317845 0.00754353832813
   vertex 0.0891543748873 0.0369289512232 0.013276882485
   vertex 0.0932118422369 0.0249760378524 0.013276882485
  endloop
 endfacet
 facet normal 0.22059814452 0.108786965961 -0.969279038601
  outer loop
   vertex 0.0682358043845 0.0282641956155 0.00754353832813
   vertex 0.0639628197889 0.0369289512232 0.00754353832813
   vertex 0.0835714514652 0.04825 0.013276882485
  endloop
 endfacet
 facet normal 0.22059814452 0.108786965961 -0.969279038601
  outer loop
   vertex 0.0682358043845 0.0282641956155 0.00754353832813
   vertex 0.0835714514652 0.04825 0.013276882485
   vertex 0.0891543748873 0.0369289512232 0.013276882485
  endloop
 endfacet
 facet normal 0.204511348383 0.136650114202 -0.969279038601
  outer loop
   vertex 0.0639628197889 0.0369289512232 0.00754353832813
   vertex 0.0585954136128 0.0449618422369 0.00754353832813
   vertex 0.0765585973381 0.0587454778993 0.013276882485
  endloop
 endfacet
 facet normal 0.204511348383 0.136650114202 -0.969279038601
  outer loop
   vertex 0.0639628197889 0.0369289512232 0.00754353832813
   vertex 0.0765585973381 0.0587454778993 0.013276882485
   vertex 0.0835714514652 0.04825 0.013276882485
  endloop
 endfacet
 facet normal 0.184925306374 0.162175141102 -0.969279038601
  outer loop
   vertex 0.0585954136128 0.0449618422369 0.00754353832813
   vertex 0.0522254236641 0.0522254236641 0.00754353832813
   vertex 0.0682358043845 0.0682358043845 0.013276882485
  endloop
 endfacet
 facet normal 0.184925306374 0.162175141102 -0.969279038601
  outer loop
   vertex 0.0585954136128 0.0449618422369 0.00754353832813
   vertex 0.0682358043845 0.0682358043845 0.013276882485
   vertex 0.0765585973381 0.0587454778993 0.013276882485
  endloop
 endfacet
 facet normal 0.162175141102 0.184925306374 -0.969279038601
  outer loop
   vertex 0.0522254236641 0.0522254236641 0.00754353832813
   vertex 0.0449618422369 0.0585954136128 0.00754353832813
   vertex 0.0587454778993 0.0765585973381 0.013276882485
  endloop
 endfacet
 facet normal 0.162175141102 0.184925306374 -0.969279038601
  outer loop
   vertex 0.0522254236641 0.0522254236641 0.00754353832813
   vertex 0.0587454778993 0.0765585973381 0.013276882485
   vertex 0.0682358043845 0.0682358043845 0.013276882485
  endloop
 endfacet
 facet normal 0.136650114202 0.204511348383 -0.969279038601
  outer loop
   vertex 0.0449618422369 0.0585954136128 0.00754353832813
   vertex 0.0369289512232 0.0639628197889 0.00754353832813
   vertex 0.04825 0.0835714514652 0.013276882485
  endloop
 endfacet
 facet normal 0.136650114202 0.204511348383 -0.969279038601
  outer loop
   vertex 0.0449618422369 0.0585954136128 0.00754353832813
   vertex 0.04825 0.0835714514652 0.013276882485
   vertex 0.0587454778993 0.0765585973381 0.013276882485
  endloop
 endfacet
 facet normal 0.108786965961 0.22059814452 -0.969279038601
  outer loop
   vertex 0.0369289512232 0.0639628197889 0.00754353832813
   vertex 0.0282641956155 0.0682358043845 0.00754353832813
   vertex 0.0369289512232 0.0891543748873 0.013276882485
  endloop
 endfacet
 facet normal 0.108786965961 0.22059814452 -0.969279038601
  outer loop
   vertex 0.0369289512232 0.0639628197889 0.00754353832813
   vertex 0.0369289512232 0.0891543748873 0.013276882485
   vertex 0.04825 0.0835714514652 0.013276882485
  endloop
 endfacet
 facet normal 0.0790624425716 0.232910445243 -0.969279038601
  outer loop
   vertex 0.0282641956155 0.0682358043845 0.00754353832813
   vertex 0.0191158317845 0.0713412554486 0.00754353832813
   vertex 0.0249760378524 0.0932118422369 0.013276882485
  endloop
 endfacet
 facet normal 0.0790624425716 0.232910445243 -0.969279038601
  outer loop
   vertex 0.0282641956155 0.0682358043845 0.00754353832813
   vertex 0.0249760378524 0.0932118422369 0.013276882485
   vertex 0.0369289512232 0.0891543748873 0.013276882485
  endloop
 endfacet
 facet normal 0.0479851388694 0.241237583673 -0.969279038601
  outer loop
   vertex 0.0191158317845 0.0713412554486 0.00754353832813
   vertex 0.0096403907717 0.0732260378524 0.00754353832813
   vertex 0.0125957775492 0.0956744291226 0.013276882485
  endloop
 endfacet
 facet normal 0.0479851388694 0.241237583673 -0.969279038601
  outer loop
   vertex 0.0191158317845 0.0713412554486 0.00754353832813
   vertex 0.0125957775492 0.0956744291226 0.013276882485
   vertex 0.0249760378524 0.0932118422369 0.013276882485
  endloop
 endfacet
 facet normal 0.0160867961371 0.245437080163 -0.969279038601
  outer loop
   vertex 0.0096403907717 0.0732260378524 0.00754353832813
   vertex 4.52249219114e-18 0.0738579024465 0.00754353832813
   vertex 5.90892080589e-18 0.0965 0.013276882485
  endloop
 endfacet
 facet normal 0.0160867961371 0.245437080163 -0.969279038601
  outer loop
   vertex 0.0096403907717 0.0732260378524 0.00754353832813
   vertex 5.90892080589e-18 0.0965 0.013276882485
   vertex 0.0125957775492 0.0956744291226 0.013276882485
  endloop
 endfacet
 facet normal -0.0160867961371 0.245437080163 -0.969279038601
  outer loop
   vertex 4.52249219114e-18 0.0738579024465 0.00754353832813
   vertex -0.0096403907717 0.0732260378524 0.00754353832813
   vertex -0.0125957775492 0.0956744291226 0.013276882485
  endloop
 endfacet
 facet normal -0.0160867961371 0.245437080163 -0.969279038601
  outer loop
   vertex 4.52249219114e-18 0.0738579024465 0.00754353832813
   vertex -0.0125957775492 0.0956744291226 0.013276882485
   vertex 5.90892080589e-18 0.0965 0.013276882485
  endloop
 endfacet
 facet normal -0.0479851388694 0.241237583673 -0.969279038601
  outer loop
   vertex -0.0096403907717 0.0732260378524 0.00754353832813
   vertex -0.0191158317845 0.0713412554486 0.00754353832813
   vertex -0.0249760378524 0.0932118422369 0.013276882485
  endloop
 endfacet
 facet normal -0.0479851388694 0.241237583673 -0.969279038601
  outer loop
   vertex -0.0096403907717 0.0732260378524 0.00754353832813
   vertex -0.0249760378524 0.0932118422369 0.013276882485
   vertex -0.0125957775492 0.0956744291226 0.013276882485
  endloop
 endfacet
 facet normal -0.0790624425716 0.232910445243 -0.969279038601
  outer loop
   vertex -0.0191158317845 0.0713412554486 0.00754353832813
   vertex -0.0282641956155 0.0682358043845 0.00754353832813
   vertex -0.0369289512232 0.0891543748873 0.013276882485
  endloop
 endfacet
 facet normal -0.0790624425716 0.232910445243 -0.969279038601
  outer loop
   vertex -0.0191158317845 0.0713412554486 0.00754353832813
   vertex -0.0369289512232 0.0891543748873 0.013276882485
   vertex -0.0249760378524 0.0932118422369 0.013276882485
  endloop
 endfacet
 facet normal -0.108786965961 0.22059814452 -0.969279038601
  outer loop
   vertex -0.0282641956155 0.0682358043845 0.00754353832813
   vertex -0.0369289512232 0.0639628197889 0.00754353832813
   vertex -0.04825 0.0835714514652 0.013276882485
  endloop
 endfacet
 facet normal -0.108786965961 0.22059814452 -0.969279038601
  outer loop
   vertex -0.0282641956155 0.0682358043845 0.00754353832813
   vertex -0.04825 0.0835714514652 0.013276882485
   vertex -0.0369289512232 0.0891543748873 0.013276882485
  endloop
 endfacet
 facet normal -0.136650114202 0.204511348383 -0.969279038601
  outer loop
   vertex -0.0369289512232 0.0639628197889 0.00754353832813
   vertex -0.0449618422369 0.0585954136128 0.00754353832813
   vertex -0.0587454778993 0.0765585973381 0.013276882485
  endloop
 endfacet
 facet normal -0.136650114202 0.204511348383 -0.969279038601
  outer loop
   vertex -0.0369289512232 0.0639628197889 0.00754353832813
   vertex -0.0587454778993 0.0765585973381 0.013276882485
   vertex -0.04825 0.0835714514652 0.013276882485
  endloop
 endfacet
 facet normal -0.162175141102 0.184925306374 -0.969279038601
  outer loop
   vertex -0.0449618422369 0.0585954136128 0.00754353832813
   vertex -0.0522254236641 0.0522254236641 0.00754353832813
   vertex -0.0682358043845 0.0682358043845 0.013276882485
  endloop
 endfacet
 facet normal -0.162175141102 0.184925306374 -0.969279038601
  outer loop
   vertex -0.0449618422369 0.0585954136128 0.00754353832813
   vertex -0.0682358043845 0.0682358043845 0.013276882485
   vertex -0.0587454778993 0.0765585973381 0.013276882485
  endloop
 endfacet
 facet normal -0.184925306374 0.162175141102 -0.969279038601
  outer loop
   vertex -0.0522254236641 0.0522254236641 0.00754353832813
   vertex -0.0585954136128 0.0449618422369 0.00754353832813
   vertex -0.0765585973381 0.0587454778993 0.013276882485
  endloop
 endfacet
 facet normal -0.184925306374 0.162175141102 -0.969279038601
  outer loop
   vertex -0.0522254236641 0.0522254236641 0.00754353832813
   vertex -0.0765585973381 0.0587454778993 0.013276882485
   vertex -0.0682358043845 0.0682358043845 0.013276882485
  endloop
 endfacet
 facet normal -0.204511348383 0.136650114202 -0.969279038601
  outer loop
   vertex -0.0585954136128 0.0449618422369 0.00754353832813
   vertex -0.0639628197889 0.0369289512232 0.00754353832813
   vertex -0.0835714514652 0.04825 0.013276882485
  endloop
 endfacet
 facet normal -0.204511348383 0.136650114202 -0.969279038601
  outer loop
   vertex -0.0585954136128 0.0449618422369 0.00754353832813
   vertex -0.0835714514652 0.04825 0.013276882485
   vertex -0.0765585973381 0.0587454778993 0.013276882485
  endloop
 endfacet
 facet normal -0.22059814452 0.108786965961 -0.969279038601
  outer loop
   vertex -0.0639628197889 0.0369289512232 0.00754353832813
   vertex -0.0682358043845 0.0282641956155 0.00754353832813
   vertex -0.0891543748873 0.0369289512232 0.013276882485
  endloop
 endfacet
 facet normal -0.22059814452 0.108786965961 -0.969279038601
  outer loop
   vertex -0.0639628197889 0.0369289512232 0.00754353832813
   vertex -0.0891543748873 0.0369289512232 0.013276882485
   vertex -0.0835714514652 0.04825 0.013276882485
  endloop
 endfacet
 facet normal -0.232910445243 0.0790624425716 -0.969279038601
  outer loop
   vertex -0.0682358043845 0.0282641956155 0.00754353832813
   vertex -0.0713412554486 0.0191158317845 0.00754353832813
   vertex -0.0932118422369 0.0249760378524 0.013276882485
  endloop
 endfacet
 facet normal -0.232910445243 0.0790624425716 -0.969279038601
  outer loop
   vertex -0.0682358043845 0.0282641956155 0.00754353832813
   vertex -0.0932118422369 0.0249760378524 0.013276882485
   vertex -0.0891543748873 0.0369289512232 0.013276882485
  endloop
 endfacet
 facet normal -0.241237583673 0.0479851388694 -0.969279038601
  outer loop
   vertex -0.0713412554486 0.0191158317845 0.00754353832813
   vertex -0.0732260378524 0.0096403907717 0.00754353832813
   vertex -0.0956744291226 0.0125957775492 0.013276882485
  endloop
 endfacet
 facet normal -0.241237583673 0.0479851388694 -0.969279038601
  outer loop
   vertex -0.0713412554486 0.0191158317845 0.00754353832813
   vertex -0.0956744291226 0.0125957775492 0.013276882485
   vertex -0.0932118422369 0.0249760378524 0.013276882485
  endloop
 endfacet
 facet normal -0.245437080163 0.0160867961371 -0.969279038601
  outer loop
   vertex -0.0732260378524 0.0096403907717 0.00754353832813
   vertex -0.0738579024465 9.04498438228e-18 0.00754353832813
   vertex -0.0965 1.18178416118e-17 0.013276882485
  endloop
 endfacet
 facet normal -0.245437080163 0.0160867961371 -0.969279038601
  outer loop
   vertex -0.0732260378524 0.0096403907717 0.00754353832813
   vertex -0.0965 1.18178416118e-17 0.013276882485
   vertex -0.0956744291226 0.0125957775492 0.013276882485
  endloop
 endfacet
 facet normal -0.245437080163 -0.0160867961371 -0.969279038601
  outer loop
   vertex -0.0738579024465 9.04498438228e-18 0.00754353832813
   vertex -0.0732260378524 -0.0096403907717 0.00754353832813
   vertex -0.0956744291226 -0.0125957775492 0.013276882485
  endloop
 endfacet
 facet normal -0.245437080163 -0.0160867961371 -0.969279038601
  outer loop
   vertex -0.0738579024465 9.04498438228e-18 0.00754353832813
   vertex -0.0956744291226 -0.0125957775492 0.013276882485
   vertex -0.0965 1.18178416118e-17 0.013276882485
  endloop
 endfacet
 facet normal -0.241237583673 -0.0479851388694 -0.969279038601
  outer loop
   vertex -0.0732260378524 -0.0096403907717 0.00754353832813
   vertex -0.0713412554486 -0.0191158317845 0.00754353832813
   vertex -0.0932118422369 -0.0249760378524 0.013276882485
  endloop
 endfacet
 facet normal -0.241237583673 -0.0479851388694 -0.969279038601
  outer loop
   vertex -0.0732260378524 -0.0096403907717 0.00754353832813
   vertex -0.0932118422369 -0.0249760378524 0.013276882485
   vertex -0.0956744291226 -0.0125957775492 0.013276882485
  endloop
 endfacet
 facet normal -0.232910445243 -0.0790624425716 -0.969279038601
  outer loop
   vertex -0.0713412554486 -0.0191158317845 0.00754353832813
   vertex -0.0682358043845 -0.0282641956155 0.00754353832813
   vertex -0.0891543748873 -0.0369289512232 0.013276882485
  endloop
 endfacet
 facet normal -0.232910445243 -0.0790624425716 -0.969279038601
  outer loop
   vertex -0.0713412554486 -0.0191158317845 0.00754353832813
   vertex -0.0891543748873 -0.0369289512232 0.013276882485
   vertex -0.0932118422369 -0.0249760378524 0.013276882485
  endloop
 endfacet
 facet normal -0.22059814452 -0.108786965961 -0.969279038601
  outer loop
   vertex -0.0682358043845 -0.0282641956155 0.00754353832813
   vertex -0.0639628197889 -0.0369289512232 0.00754353832813
   vertex -0.0835714514652 -0.04825 0.013276882485
  endloop
 endfacet
 facet normal -0.22059814452 -0.108786965961 -0.969279038601
  outer loop
   vertex -0.0682358043845 -0.0282641956155 0.00754353832813
   vertex -0.0835714514652 -0.04825 0.013276882485
   vertex -0.0891543748873 -0.0369289512232 0.013276882485
  endloop
 endfacet
 facet normal -0.204511348383 -0.136650114202 -0.969279038601
  outer loop
   vertex -0.0639628197889 -0.0369289512232 0.00754353832813
   vertex -0.0585954136128 -0.0449618422369 0.00754353832813
   vertex -0.0765585973381 -0.0587454778993 0.013276882485
  endloop
 endfacet
 facet normal -0.204511348383 -0.136650114202 -0.969279038601
  outer loop
   vertex -0.0639628197889 -0.0369289512232 0.00754353832813
   vertex -0.0765585973381 -0.0587454778993 0.013276882485
   vertex -0.0835714514652 -0.04825 0.013276882485
  endloop
 endfacet
 facet normal -0.184925306374 -0.162175141102 -0.969279038601
  outer loop
   vertex -0.0585954136128 -0.0449618422369 0.00754353832813
   vertex -0.0522254236641 -0.0522254236641 0.00754353832813
   vertex -0.0682358043845 -0.0682358043845 0.013276882485
  endloop
 endfacet
 facet normal -0.184925306374 -0.162175141102 -0.969279038601
  outer loop
   vertex -0.0585954136128 -0.0449618422369 0.00754353832813
   vertex -0.0682358043845 -0.0682358043845 0.013276882485
   vertex -0.0765585973381 -0.0587454778993 0.013276882485
  endloop
 endfacet
 facet normal -0.162175141102 -0.184925306374 -0.969279038601
  outer loop
   vertex -0.0522254236641 -0.0522254236641 0.00754353832813
   vertex -0.0449618422369 -0.0585954136128 0.00754353832813
   vertex -0.0587454778993 -0.0765585973381 0.013276882485
  endloop
 endfacet
 facet normal -0.162175141102 -0.184925306374 -0.969279038601
  outer loop
   vertex -0.0522254236641 -0.0522254236641 0.00754353832813
   vertex -0.0587454778993 -0.0765585973381 0.013276882485
   vertex -0.0682358043845 -0.0682358043845 0.013276882485
  endloop
 endfacet
 facet normal -0.136650114202 -0.204511348383 -0.969279038601
  outer loop
   vertex -0.0449618422369 -0.0585954136128 0.00754353832813
   vertex -0.0369289512232 -0.0639628197889 0.00754353832813
   vertex -0.04825 -0.0835714514652 0.013276882485
  endloop
 endfacet
 facet normal -0.136650114202 -0.204511348383 -0.969279038601
  outer loop
   vertex -0.0449618422369 -0.0585954136128 0.00754353832813
   vertex -0.04825 -0.0835714514652 0.013276882485
   vertex -0.0587454778993 -0.0765585973381 0.013276882485
  endloop
 endfacet
 facet normal -0.108786965961 -0.22059814452 -0.969279038601
  outer loop
   vertex -0.0369289512232 -0.0639628197889 0.00754353832813
   vertex -0.0282641956155 -0.0682358043845 0.00754353832813
   vertex -0.0369289512232 -0.0891543748873 0.013276882485
  endloop
 endfacet
 facet normal -0.108786965961 -0.22059814452 -0.969279038601
  outer loop
   vertex -0.0369289512232 -0.0639628197889 0.00754353832813
   vertex -0.0369289512232 -0.0891543748873 0.013276882485
   vertex -0.04825 -0.0835714514652 0.013276882485
  endloop
 endfacet
 facet normal -0.0790624425716 -0.232910445243 -0.969279038601
  outer loop
   vertex -0.0282641956155 -0.0682358043845 0.00754353832813
   vertex -0.0191158317845 -0.0713412554486 0.00754353832813
   vertex -0.0249760378524 -0.0932118422369 0.013276882485
  endloop
 endfacet
 facet normal -0.0790624425716 -0.232910445243 -0.969279038601
  outer loop
   vertex -0.0282641956155 -0.0682358043845 0.00754353832813
   vertex -0.0249760378524 -0.0932118422369 0.013276882485
   vertex -0.0369289512232 -0.0891543748873 0.013276882485
  endloop
 endfacet
 facet normal -0.0479851388694 -0.241237583673 -0.969279038601
  outer loop
   vertex -0.0191158317845 -0.0713412554486 0.00754353832813
   vertex -0.0096403907717 -0.0732260378524 0.00754353832813
   vertex -0.0125957775492 -0.0956744291226 0.013276882485
  endloop
 endfacet
 facet normal -0.0479851388694 -0.241237583673 -0.969279038601
  outer loop
   vertex -0.0191158317845 -0.0713412554486 0.00754353832813
   vertex -0.0125957775492 -0.0956744291226 0.013276882485
   vertex -0.0249760378524 -0.0932118422369 0.013276882485
  endloop
 endfacet
 facet normal -0.0160867961371 -0.245437080163 -0.969279038601
  outer loop
   vertex -0.0096403907717 -0.0732260378524 0.00754353832813
   vertex -1.35674765734e-17 -0.0738579024465 0.00754353832813
   vertex -1.77267624177e-17 -0.0965 0.013276882485
  endloop
 endfacet
 facet normal -0.0160867961371 -0.245437080163 -0.969279038601
  outer loop
   vertex -0.0096403907717 -0.0732260378524 0.00754353832813
   vertex -1.77267624177e-17 -0.0965 0.013276882485
   vertex -0.0125957775492 -0.0956744291226 0.013276882485
  endloop
 endfacet
 facet normal 0.0160867961371 -0.245437080163 -0.969279038601
  outer loop
   vertex -1.35674765734e-17 -0.0738579024465 0.00754353832813
   vertex 0.0096403907717 -0.0732260378524 0.00754353832813
   vertex 0.0125957775492 -0.0956744291226 0.013276882485
  endloop
 endfacet
 facet normal 0.0160867961371 -0.245437080163 -0.969279038601
  outer loop
   vertex -1.35674765734e-17 -0.0738579024465 0.00754353832813
   vertex 0.0125957775492 -0.0956744291226 0.013276882485
   vertex -1.77267624177e-17 -0.0965 0.013276882485
  endloop
 endfacet
 facet normal 0.0479851388694 -0.241237583673 -0.969279038601
  outer loop
   vertex 0.0096403907717 -0.0732260378524 0.00754353832813
   vertex 0.0191158317845 -0.0713412554486 0.00754353832813
   vertex 0.0249760378524 -0.0932118422369 0.013276882485
  endloop
 endfacet
 facet normal 0.0479851388694 -0.241237583673 -0.969279038601
  outer loop
   vertex 0.0096403907717 -0.0732260378524 0.00754353832813
   vertex 0.0249760378524 -0.0932118422369 0.013276882485
   vertex 0.0125957775492 -0.0956744291226 0.013276882485
  endloop
 endfacet
 facet normal 0.0790624425716 -0.232910445243 -0.969279038601
  outer loop
   vertex 0.0191158317845 -0.0713412554486 0.00754353832813
   vertex 0.0282641956155 -0.0682358043845 0.00754353832813
   vertex 0.0369289512232 -0.0891543748873 0.013276882485
  endloop
 endfacet
 facet normal 0.0790624425716 -0.232910445243 -0.969279038601
  outer loop
   vertex 0.0191158317845 -0.0713412554486 0.00754353832813
   vertex 0.0369289512232 -0.0891543748873 0.013276882485
   vertex 0.0249760378524 -0.0932118422369 0.013276882485
  endloop
 endfacet
 facet normal 0.108786965961 -0.22059814452 -0.969279038601
  outer loop
   vertex 0.0282641956155 -0.0682358043845 0.00754353832813
   vertex 0.0369289512232 -0.0639628197889 0.00754353832813
   vertex 0.04825 -0.0835714514652 0.013276882485
  endloop
 endfacet
 facet normal 0.108786965961 -0.22059814452 -0.969279038601
  outer loop
   vertex 0.0282641956155 -0.0682358043845 0.00754353832813
   vertex 0.04825 -0.0835714514652 0.013276882485
   vertex 0.0369289512232 -0.0891543748873 0.013276882485
  endloop
 endfacet
 facet normal 0.136650114202 -0.204511348383 -0.969279038601
  outer loop
   vertex 0.0369289512232 -0.0639628197889 0.00754353832813
   vertex 0.0449618422369 -0.0585954136128 0.00754353832813
   vertex 0.0587454778993 -0.0765585973381 0.013276882485
  endloop
 endfacet
 facet normal 0.136650114202 -0.204511348383 -0.969279038601
  outer loop
   vertex 0.0369289512232 -0.0639628197889 0.00754353832813
   vertex 0.0587454778993 -0.0765585973381 0.013276882485
   vertex 0.04825 -0.0835714514652 0.013276882485
  endloop
 endfacet
 facet normal 0.162175141102 -0.184925306374 -0.969279038601
  outer loop
   vertex 0.0449618422369 -0.0585954136128 0.00754353832813
   vertex 0.0522254236641 -0.0522254236641 0.00754353832813
   vertex 0.0682358043845 -0.0682358043845 0.013276882485
  endloop
 endfacet
 facet normal 0.162175141102 -0.184925306374 -0.969279038601
  outer loop
   vertex 0.0449618422369 -0.0585954136128 0.00754353832813
   vertex 0.0682358043845 -0.0682358043845 0.013276882485
   vertex 0.0587454778993 -0.0765585973381 0.013276882485
  endloop
 endfacet
 facet normal 0.184925306374 -0.162175141102 -0.969279038601
  outer loop
   vertex 0.0522254236641 -0.0522254236641 0.00754353832813
   vertex 0.0585954136128 -0.0449618422369 0.00754353832813
   vertex 0.0765585973381 -0.0587454778993 0.013276882485
  endloop
 endfacet
 facet normal 0.184925306374 -0.162175141102 -0.969279038601
  outer loop
   vertex 0.0522254236641 -0.0522254236641 0.00754353832813
   vertex 0.0765585973381 -0.0587454778993 0.013276882485
   vertex 0.0682358043845 -0.0682358043845 0.013276882485
  endloop
 endfacet
 facet normal 0.204511348383 -0.136650114202 -0.969279038601
  outer loop
   vertex 0.0585954136128 -0.0449618422369 0.00754353832813
   vertex 0.0639628197889 -0.0369289512232 0.00754353832813
   vertex 0.0835714514652 -0.04825 0.013276882485
  endloop
 endfacet
 facet normal 0.204511348383 -0.136650114202 -0.969279038601
  outer loop
   vertex 0.0585954136128 -0.0449618422369 0.00754353832813
   vertex 0.0835714514652 -0.04825 0.013276882485
   vertex 0.0765585973381 -0.0587454778993 0.013276882485
  endloop
 endfacet
 facet normal 0.22059814452 -0.108786965961 -0.969279038601
  outer loop
   vertex 0.0639628197889 -0.0369289512232 0.00754353832813
   vertex 0.0682358043845 -0.0282641956155 0.00754353832813
   vertex 0.0891543748873 -0.0369289512232 0.013276882485
  endloop
 endfacet
 facet normal 0.22059814452 -0.108786965961 -0.969279038601
  outer loop
   vertex 0.0639628197889 -0.0369289512232 0.00754353832813
   vertex 0.0891543748873 -0.0369289512232 0.013276882485
   vertex 0.0835714514652 -0.04825 0.013276882485
  endloop
 endfacet
 facet normal 0.232910445243 -0.0790624425716 -0.969279038601
  outer loop
   vertex 0.0682358043845 -0.0282641956155 0.00754353832813
   vertex 0.0713412554486 -0.0191158317845 0.00754353832813
   vertex 0.0932118422369 -0.0249760378524 0.013276882485
  endloop
 endfacet
 facet normal 0.232910445243 -0.0790624425716 -0.969279038601
  outer loop
   vertex 0.0682358043845 -0.0282641956155 0.00754353832813
   vertex 0.0932118422369 -0.0249760378524 0.013276882485
   vertex 0.0891543748873 -0.0369289512232 0.013276882485
  endloop
 endfacet
 facet normal 0.241237583673 -0.0479851388694 -0.969279038601
  outer loop
   vertex 0.0713412554486 -0.0191158317845 0.00754353832813
   vertex 0.0732260378524 -0.0096403907717 0.00754353832813
   vertex 0.0956744291226 -0.0125957775492 0.013276882485
  endloop
 endfacet
 facet normal 0.241237583673 -0.0479851388694 -0.969279038601
  outer loop
   vertex 0.0713412554486 -0.0191158317845 0.00754353832813
   vertex 0.0956744291226 -0.0125957775492 0.013276882485
   vertex 0.0932118422369 -0.0249760378524 0.013276882485
  endloop
 endfacet
 facet normal 0.245437080163 -0.0160867961371 -0.969279038601
  outer loop
   vertex 0.0732260378524 -0.0096403907717 0.00754353832813
   vertex 0.0738579024465 0 0.00754353832813
   vertex 0.0965 0 0.013276882485
  endloop
 endfacet
 facet normal 0.245437080163 -0.0160867961371 -0.969279038601
  outer loop
   vertex 0.0732260378524 -0.0096403907717 0.00754353832813
   vertex 0.0965 0 0.013276882485
   vertex 0.0956744291226 -0.0125957775492 0.013276882485
  endloop
 endfacet
 facet normal 0.324448601217 0.0212654848293 -0.945664255602
  outer loop
   vertex 0.0965 0 0.013276882485
   vertex 0.0956744291226 0.0125957775492 0.013276882485
   vertex 0.116485804385 0.0153356470807 0.0204786839771
  endloop
 endfacet
 facet normal 0.324448601217 0.0212654848293 -0.945664255602
  outer loop
   vertex 0.0965 0 0.013276882485
   vertex 0.116485804385 0.0153356470807 0.0204786839771
   vertex 0.117490955799 0 0.0204786839771
  endloop
 endfacet
 facet normal 0.318897195696 0.0634325961466 -0.945664255602
  outer loop
   vertex 0.0956744291226 0.0125957775492 0.013276882485
   vertex 0.0932118422369 0.0249760378524 0.013276882485
   vertex 0.113487548561 0.030408896988 0.0204786839771
  endloop
 endfacet
 facet normal 0.318897195696 0.0634325961466 -0.945664255602
  outer loop
   vertex 0.0956744291226 0.0125957775492 0.013276882485
   vertex 0.113487548561 0.030408896988 0.0204786839771
   vertex 0.116485804385 0.0153356470807 0.0204786839771
  endloop
 endfacet
 facet normal 0.307889370742 0.104514358157 -0.945664255602
  outer loop
   vertex 0.0932118422369 0.0249760378524 0.013276882485
   vertex 0.0891543748873 0.0369289512232 0.013276882485
   vertex 0.108547489318 0.0449618422369 0.0204786839771
  endloop
 endfacet
 facet normal 0.307889370742 0.104514358157 -0.945664255602
  outer loop
   vertex 0.0932118422369 0.0249760378524 0.013276882485
   vertex 0.108547489318 0.0449618422369 0.0204786839771
   vertex 0.113487548561 0.030408896988 0.0204786839771
  endloop
 endfacet
 facet normal 0.291613473291 0.143807850523 -0.945664255602
  outer loop
   vertex 0.0891543748873 0.0369289512232 0.013276882485
   vertex 0.0835714514652 0.04825 0.013276882485
   vertex 0.101750152437 0.0587454778993 0.0204786839771
  endloop
 endfacet
 facet normal 0.291613473291 0.143807850523 -0.945664255602
  outer loop
   vertex 0.0891543748873 0.0369289512232 0.013276882485
   vertex 0.101750152437 0.0587454778993 0.0204786839771
   vertex 0.108547489318 0.0449618422369 0.0204786839771
  endloop
 endfacet
 facet normal 0.270347988462 0.180640750695 -0.945664255602
  outer loop
   vertex 0.0835714514652 0.04825 0.013276882485
   vertex 0.0765585973381 0.0587454778993 0.013276882485
   vertex 0.0932118422369 0.0715239621476 0.0204786839771
  endloop
 endfacet
 facet normal 0.270347988462 0.180640750695 -0.945664255602
  outer loop
   vertex 0.0835714514652 0.04825 0.013276882485
   vertex 0.0932118422369 0.0715239621476 0.0204786839771
   vertex 0.101750152437 0.0587454778993 0.0204786839771
  endloop
 endfacet
 facet normal 0.244456774595 0.214382837539 -0.945664255602
  outer loop
   vertex 0.0765585973381 0.0587454778993 0.013276882485
   vertex 0.0682358043845 0.0682358043845 0.013276882485
   vertex 0.0830786515733 0.0830786515733 0.0204786839771
  endloop
 endfacet
 facet normal 0.244456774595 0.214382837539 -0.945664255602
  outer loop
   vertex 0.0765585973381 0.0587454778993 0.013276882485
   vertex 0.0830786515733 0.0830786515733 0.0204786839771
   vertex 0.0932118422369 0.0715239621476 0.0204786839771
  endloop
 endfacet
 facet normal 0.214382837539 0.244456774595 -0.945664255602
  outer loop
   vertex 0.0682358043845 0.0682358043845 0.013276882485
   vertex 0.0587454778993 0.0765585973381 0.013276882485
   vertex 0.0715239621476 0.0932118422369 0.0204786839771
  endloop
 endfacet
 facet normal 0.214382837539 0.244456774595 -0.945664255602
  outer loop
   vertex 0.0682358043845 0.0682358043845 0.013276882485
   vertex 0.0715239621476 0.0932118422369 0.0204786839771
   vertex 0.0830786515733 0.0830786515733 0.0204786839771
  endloop
 endfacet
 facet normal 0.180640750695 0.270347988462 -0.945664255602
  outer loop
   vertex 0.0587454778993 0.0765585973381 0.013276882485
   vertex 0.04825 0.0835714514652 0.013276882485
   vertex 0.0587454778993 0.101750152437 0.0204786839771
  endloop
 endfacet
 facet normal 0.180640750695 0.270347988462 -0.945664255602
  outer loop
   vertex 0.0587454778993 0.0765585973381 0.013276882485
   vertex 0.0587454778993 0.101750152437 0.0204786839771
   vertex 0.0715239621476 0.0932118422369 0.0204786839771
  endloop
 endfacet
 facet normal 0.143807850523 0.291613473291 -0.945664255602
  outer loop
   vertex 0.04825 0.0835714514652 0.013276882485
   vertex 0.0369289512232 0.0891543748873 0.013276882485
   vertex 0.0449618422369 0.108547489318 0.0204786839771
  endloop
 endfacet
 facet normal 0.143807850523 0.291613473291 -0.945664255602
  outer loop
   vertex 0.04825 0.0835714514652 0.013276882485
   vertex 0.0449618422369 0.108547489318 0.0204786839771
   vertex 0.0587454778993 0.101750152437 0.0204786839771
  endloop
 endfacet
 facet normal 0.104514358157 0.307889370742 -0.945664255602
  outer loop
   vertex 0.0369289512232 0.0891543748873 0.013276882485
   vertex 0.0249760378524 0.0932118422369 0.013276882485
   vertex 0.030408896988 0.113487548561 0.0204786839771
  endloop
 endfacet
 facet normal 0.104514358157 0.307889370742 -0.945664255602
  outer loop
   vertex 0.0369289512232 0.0891543748873 0.013276882485
   vertex 0.030408896988 0.113487548561 0.0204786839771
   vertex 0.0449618422369 0.108547489318 0.0204786839771
  endloop
 endfacet
 facet normal 0.0634325961466 0.318897195696 -0.945664255602
  outer loop
   vertex 0.0249760378524 0.0932118422369 0.013276882485
   vertex 0.0125957775492 0.0956744291226 0.013276882485
   vertex 0.0153356470807 0.116485804385 0.0204786839771
  endloop
 endfacet
 facet normal 0.0634325961466 0.318897195696 -0.945664255602
  outer loop
   vertex 0.0249760378524 0.0932118422369 0.013276882485
   vertex 0.0153356470807 0.116485804385 0.0204786839771
   vertex 0.030408896988 0.113487548561 0.0204786839771
  endloop
 endfacet
 facet normal 0.0212654848293 0.324448601217 -0.945664255602
  outer loop
   vertex 0.0125957775492 0.0956744291226 0.013276882485
   vertex 5.90892080589e-18 0.0965 0.013276882485
   vertex 7.19424614738e-18 0.117490955799 0.0204786839771
  endloop
 endfacet
 facet normal 0.0212654848293 0.324448601217 -0.945664255602
  outer loop
   vertex 0.0125957775492 0.0956744291226 0.013276882485
   vertex 7.19424614738e-18 0.117490955799 0.0204786839771
   vertex 0.0153356470807 0.116485804385 0.0204786839771
  endloop
 endfacet
 facet normal -0.0212654848293 0.324448601217 -0.945664255602
  outer loop
   vertex 5.90892080589e-18 0.0965 0.013276882485
   vertex -0.0125957775492 0.0956744291226 0.013276882485
   vertex -0.0153356470807 0.116485804385 0.0204786839771
  endloop
 endfacet
 facet normal -0.0212654848293 0.324448601217 -0.945664255602
  outer loop
   vertex 5.90892080589e-18 0.0965 0.013276882485
   vertex -0.0153356470807 0.116485804385 0.0204786839771
   vertex 7.19424614738e-18 0.117490955799 0.0204786839771
  endloop
 endfacet
 facet normal -0.0634325961466 0.318897195696 -0.945664255602
  outer loop
   vertex -0.0125957775492 0.0956744291226 0.013276882485
   vertex -0.0249760378524 0.0932118422369 0.013276882485
   vertex -0.030408896988 0.113487548561 0.0204786839771
  endloop
 endfacet
 facet normal -0.0634325961466 0.318897195696 -0.945664255602
  outer loop
   vertex -0.0125957775492 0.0956744291226 0.013276882485
   vertex -0.030408896988 0.113487548561 0.0204786839771
   vertex -0.0153356470807 0.116485804385 0.0204786839771
  endloop
 endfacet
 facet normal -0.104514358157 0.307889370742 -0.945664255602
  outer loop
   vertex -0.0249760378524 0.0932118422369 0.013276882485
   vertex -0.0369289512232 0.0891543748873 0.013276882485
   vertex -0.0449618422369 0.108547489318 0.0204786839771
  endloop
 endfacet
 facet normal -0.104514358157 0.307889370742 -0.945664255602
  outer loop
   vertex -0.0249760378524 0.0932118422369 0.013276882485
   vertex -0.0449618422369 0.108547489318 0.0204786839771
   vertex -0.030408896988 0.113487548561 0.0204786839771
  endloop
 endfacet
 facet normal -0.143807850523 0.291613473291 -0.945664255602
  outer loop
   vertex -0.0369289512232 0.0891543748873 0.013276882485
   vertex -0.04825 0.0835714514652 0.013276882485
   vertex -0.0587454778993 0.101750152437 0.0204786839771
  endloop
 endfacet
 facet normal -0.143807850523 0.291613473291 -0.945664255602
  outer loop
   vertex -0.0369289512232 0.0891543748873 0.013276882485
   vertex -0.0587454778993 0.101750152437 0.0204786839771
   vertex -0.0449618422369 0.108547489318 0.0204786839771
  endloop
 endfacet
 facet normal -0.180640750695 0.270347988462 -0.945664255602
  outer loop
   vertex -0.04825 0.0835714514652 0.013276882485
   vertex -0.0587454778993 0.0765585973381 0.013276882485
   vertex -0.0715239621476 0.0932118422369 0.0204786839771
  endloop
 endfacet
 facet normal -0.180640750695 0.270347988462 -0.945664255602
  outer loop
   vertex -0.04825 0.0835714514652 0.013276882485
   vertex -0.0715239621476 0.0932118422369 0.0204786839771
   vertex -0.0587454778993 0.101750152437 0.0204786839771
  endloop
 endfacet
 facet normal -0.214382837539 0.244456774595 -0.945664255602
  outer loop
   vertex -0.0587454778993 0.0765585973381 0.013276882485
   vertex -0.0682358043845 0.0682358043845 0.013276882485
   vertex -0.0830786515733 0.0830786515733 0.0204786839771
  endloop
 endfacet
 facet normal -0.214382837539 0.244456774595 -0.945664255602
  outer loop
   vertex -0.0587454778993 0.0765585973381 0.013276882485
   vertex -0.0830786515733 0.0830786515733 0.0204786839771
   vertex -0.0715239621476 0.0932118422369 0.0204786839771
  endloop
 endfacet
 facet normal -0.244456774595 0.214382837539 -0.945664255602
  outer loop
   vertex -0.0682358043845 0.0682358043845 0.013276882485
   vertex -0.0765585973381 0.0587454778993 0.013276882485
   vertex -0.0932118422369 0.0715239621476 0.0204786839771
  endloop
 endfacet
 facet normal -0.244456774595 0.214382837539 -0.945664255602
  outer loop
   vertex -0.0682358043845 0.0682358043845 0.013276882485
   vertex -0.0932118422369 0.0715239621476 0.0204786839771
   vertex -0.0830786515733 0.0830786515733 0.0204786839771
  endloop
 endfacet
 facet normal -0.270347988462 0.180640750695 -0.945664255602
  outer loop
   vertex -0.0765585973381 0.0587454778993 0.013276882485
   vertex -0.0835714514652 0.04825 0.013276882485
   vertex -0.101750152437 0.0587454778993 0.0204786839771
  endloop
 endfacet
 facet normal -0.270347988462 0.180640750695 -0.945664255602
  outer loop
   vertex -0.0765585973381 0.0587454778993 0.013276882485
   vertex -0.101750152437 0.0587454778993 0.0204786839771
   vertex -0.0932118422369 0.0715239621476 0.0204786839771
  endloop
 endfacet
 facet normal -0.291613473291 0.143807850523 -0.945664255602
  outer loop
   vertex -0.0835714514652 0.04825 0.013276882485
   vertex -0.0891543748873 0.0369289512232 0.013276882485
   vertex -0.108547489318 0.0449618422369 0.0204786839771
  endloop
 endfacet
 facet normal -0.291613473291 0.143807850523 -0.945664255602
  outer loop
   vertex -0.0835714514652 0.04825 0.013276882485
   vertex -0.108547489318 0.0449618422369 0.0204786839771
   vertex -0.101750152437 0.0587454778993 0.0204786839771
  endloop
 endfacet
 facet normal -0.307889370742 0.104514358157 -0.945664255602
  outer loop
   vertex -0.0891543748873 0.0369289512232 0.013276882485
   vertex -0.0932118422369 0.0249760378524 0.013276882485
   vertex -0.113487548561 0.030408896988 0.0204786839771
  endloop
 endfacet
 facet normal -0.307889370742 0.104514358157 -0.945664255602
  outer loop
   vertex -0.0891543748873 0.0369289512232 0.013276882485
   vertex -0.113487548561 0.030408896988 0.0204786839771
   vertex -0.108547489318 0.0449618422369 0.0204786839771
  endloop
 endfacet
 facet normal -0.318897195696 0.0634325961466 -0.945664255602
  outer loop
   vertex -0.0932118422369 0.0249760378524 0.013276882485
   vertex -0.0956744291226 0.0125957775492 0.013276882485
   vertex -0.116485804385 0.0153356470807 0.0204786839771
  endloop
 endfacet
 facet normal -0.318897195696 0.0634325961466 -0.945664255602
  outer loop
   vertex -0.0932118422369 0.0249760378524 0.013276882485
   vertex -0.116485804385 0.0153356470807 0.0204786839771
   vertex -0.113487548561 0.030408896988 0.0204786839771
  endloop
 endfacet
 facet normal -0.324448601217 0.0212654848293 -0.945664255602
  outer loop
   vertex -0.0956744291226 0.0125957775492 0.013276882485
   vertex -0.0965 1.18178416118e-17 0.013276882485
   vertex -0.117490955799 1.43884922948e-17 0.0204786839771
  endloop
 endfacet
 facet normal -0.324448601217 0.0212654848293 -0.945664255602
  outer loop
   vertex -0.0956744291226 0.0125957775492 0.013276882485
   vertex -0.117490955799 1.43884922948e-17 0.0204786839771
   vertex -0.116485804385 0.0153356470807 0.0204786839771
  endloop
 endfacet
 facet normal -0.324448601217 -0.0212654848293 -0.945664255602
  outer loop
   vertex -0.0965 1.18178416118e-17 0.013276882485
   vertex -0.0956744291226 -0.0125957775492 0.013276882485
   vertex -0.116485804385 -0.0153356470807 0.0204786839771
  endloop
 endfacet
 facet normal -0.324448601217 -0.0212654848293 -0.945664255602
  outer loop
   vertex -0.0965 1.18178416118e-17 0.013276882485
   vertex -0.116485804385 -0.0153356470807 0.0204786839771
   vertex -0.117490955799 1.43884922948e-17 0.0204786839771
  endloop
 endfacet
 facet normal -0.318897195696 -0.0634325961466 -0.945664255602
  outer loop
   vertex -0.0956744291226 -0.0125957775492 0.013276882485
   vertex -0.0932118422369 -0.0249760378524 0.013276882485
   vertex -0.113487548561 -0.030408896988 0.0204786839771
  endloop
 endfacet
 facet normal -0.318897195696 -0.0634325961466 -0.945664255602
  outer loop
   vertex -0.0956744291226 -0.0125957775492 0.013276882485
   vertex -0.113487548561 -0.030408896988 0.0204786839771
   vertex -0.116485804385 -0.0153356470807 0.0204786839771
  endloop
 endfacet
 facet normal -0.307889370742 -0.104514358157 -0.945664255602
  outer loop
   vertex -0.0932118422369 -0.0249760378524 0.013276882485
   vertex -0.0891543748873 -0.0369289512232 0.013276882485
   vertex -0.108547489318 -0.0449618422369 0.0204786839771
  endloop
 endfacet
 facet normal -0.307889370742 -0.104514358157 -0.945664255602
  outer loop
   vertex -0.0932118422369 -0.0249760378524 0.013276882485
   vertex -0.108547489318 -0.0449618422369 0.0204786839771
   vertex -0.113487548561 -0.030408896988 0.0204786839771
  endloop
 endfacet
 facet normal -0.291613473291 -0.143807850523 -0.945664255602
  outer loop
   vertex -0.0891543748873 -0.0369289512232 0.013276882485
   vertex -0.0835714514652 -0.04825 0.013276882485
   vertex -0.101750152437 -0.0587454778993 0.0204786839771
  endloop
 endfacet
 facet normal -0.291613473291 -0.143807850523 -0.945664255602
  outer loop
   vertex -0.0891543748873 -0.0369289512232 0.013276882485
   vertex -0.101750152437 -0.0587454778993 0.0204786839771
   vertex -0.108547489318 -0.0449618422369 0.0204786839771
  endloop
 endfacet
 facet normal -0.270347988462 -0.180640750695 -0.945664255602
  outer loop
   vertex -0.0835714514652 -0.04825 0.013276882485
   vertex -0.0765585973381 -0.0587454778993 0.013276882485
   vertex -0.0932118422369 -0.0715239621476 0.0204786839771
  endloop
 endfacet
 facet normal -0.270347988462 -0.180640750695 -0.945664255602
  outer loop
   vertex -0.0835714514652 -0.04825 0.013276882485
   vertex -0.0932118422369 -0.0715239621476 0.0204786839771
   vertex -0.101750152437 -0.0587454778993 0.0204786839771
  endloop
 endfacet
 facet normal -0.244456774595 -0.214382837539 -0.945664255602
  outer loop
   vertex -0.0765585973381 -0.0587454778993 0.013276882485
   vertex -0.0682358043845 -0.0682358043845 0.013276882485
   vertex -0.0830786515733 -0.0830786515733 0.0204786839771
  endloop
 endfacet
 facet normal -0.244456774595 -0.214382837539 -0.945664255602
  outer loop
   vertex -0.0765585973381 -0.0587454778993 0.013276882485
   vertex -0.0830786515733 -0.0830786515733 0.0204786839771
   vertex -0.0932118422369 -0.0715239621476 0.0204786839771
  endloop
 endfacet
 facet normal -0.214382837539 -0.244456774595 -0.945664255602
  outer loop
   vertex -0.0682358043845 -0.0682358043845 0.013276882485
   vertex -0.0587454778993 -0.0765585973381 0.013276882485
   vertex -0.0715239621476 -0.0932118422369 0.0204786839771
  endloop
 endfacet
 facet normal -0.214382837539 -0.244456774595 -0.945664255602
  outer loop
   vertex -0.0682358043845 -0.0682358043845 0.013276882485
   vertex -0.0715239621476 -0.0932118422369 0.0204786839771
   vertex -0.0830786515733 -0.0830786515733 0.0204786839771
  endloop
 endfacet
 facet normal -0.180640750695 -0.270347988462 -0.945664255602
  outer loop
   vertex -0.0587454778993 -0.0765585973381 0.013276882485
   vertex -0.04825 -0.0835714514652 0.013276882485
   vertex -0.0587454778993 -0.101750152437 0.0204786839771
  endloop
 endfacet
 facet normal -0.180640750695 -0.270347988462 -0.945664255602
  outer loop
   vertex -0.0587454778993 -0.0765585973381 0.013276882485
   vertex -0.0587454778993 -0.101750152437 0.0204786839771
   vertex -0.0715239621476 -0.0932118422369 0.0204786839771
  endloop
 endfacet
 facet normal -0.143807850523 -0.291613473291 -0.945664255602
  outer loop
   vertex -0.04825 -0.0835714514652 0.013276882485
   vertex -0.0369289512232 -0.0891543748873 0.013276882485
   vertex -0.0449618422369 -0.108547489318 0.0204786839771
  endloop
 endfacet
 facet normal -0.143807850523 -0.291613473291 -0.945664255602
  outer loop
   vertex -0.04825 -0.0835714514652 0.013276882485
   vertex -0.0449618422369 -0.108547489318 0.0204786839771
   vertex -0.0587454778993 -0.101750152437 0.0204786839771
  endloop
 endfacet
 facet normal -0.104514358157 -0.307889370742 -0.945664255602
  outer loop
   vertex -0.0369289512232 -0.0891543748873 0.013276882485
   vertex -0.0249760378524 -0.0932118422369 0.013276882485
   vertex -0.030408896988 -0.113487548561 0.0204786839771
  endloop
 endfacet
 facet normal -0.104514358157 -0.307889370742 -0.945664255602
  outer loop
   vertex -0.0369289512232 -0.0891543748873 0.013276882485
   vertex -0.030408896988 -0.113487548561 0.0204786839771
   vertex -0.0449618422369 -0.108547489318 0.0204786839771
  endloop
 endfacet
 facet normal -0.0634325961466 -0.318897195696 -0.945664255602
  outer loop
   vertex -0.0249760378524 -0.0932118422369 0.013276882485
   vertex -0.0125957775492 -0.0956744291226 0.013276882485
   vertex -0.0153356470807 -0.116485804385 0.0204786839771
  endloop
 endfacet
 facet normal -0.0634325961466 -0.318897195696 -0.945664255602
  outer loop
   vertex -0.0249760378524 -0.0932118422369 0.013276882485
   vertex -0.0153356470807 -0.116485804385 0.0204786839771
   vertex -0.030408896988 -0.113487548561 0.0204786839771
  endloop
 endfacet
 facet normal -0.0212654848293 -0.324448601217 -0.945664255602
  outer loop
   vertex -0.0125957775492 -0.0956744291226 0.013276882485
   vertex -1.77267624177e-17 -0.0965 0.013276882485
   vertex -2.15827384421e-17 -0.117490955799 0.0204786839771
  endloop
 endfacet
 facet normal -0.0212654848293 -0.324448601217 -0.945664255602
  outer loop
   vertex -0.0125957775492 -0.0956744291226 0.013276882485
   vertex -2.15827384421e-17 -0.117490955799 0.0204786839771
   vertex -0.0153356470807 -0.116485804385 0.0204786839771
  endloop
 endfacet
 facet normal 0.0212654848293 -0.324448601217 -0.945664255602
  outer loop
   vertex -1.77267624177e-17 -0.0965 0.013276882485
   vertex 0.0125957775492 -0.0956744291226 0.013276882485
   vertex 0.0153356470807 -0.116485804385 0.0204786839771
  endloop
 endfacet
 facet normal 0.0212654848293 -0.324448601217 -0.945664255602
  outer loop
   vertex -1.77267624177e-17 -0.0965 0.013276882485
   vertex 0.0153356470807 -0.116485804385 0.0204786839771
   vertex -2.15827384421e-17 -0.117490955799 0.0204786839771
  endloop
 endfacet
 facet normal 0.0634325961466 -0.318897195696 -0.945664255602
  outer loop
   vertex 0.0125957775492 -0.0956744291226 0.013276882485
   vertex 0.0249760378524 -0.0932118422369 0.013276882485
   vertex 0.030408896988 -0.113487548561 0.0204786839771
  endloop
 endfacet
 facet normal 0.0634325961466 -0.318897195696 -0.945664255602
  outer loop
   vertex 0.0125957775492 -0.0956744291226 0.013276882485
   vertex 0.030408896988 -0.113487548561 0.0204786839771
   vertex 0.0153356470807 -0.116485804385 0.0204786839771
  endloop
 endfacet
 facet normal 0.104514358157 -0.307889370742 -0.945664255602
  outer loop
   vertex 0.0249760378524 -0.0932118422369 0.013276882485
   vertex 0.0369289512232 -0.0891543748873 0.013276882485
   vertex 0.0449618422369 -0.108547489318 0.0204786839771
  endloop
 endfacet
 facet normal 0.104514358157 -0.307889370742 -0.945664255602
  outer loop
   vertex 0.0249760378524 -0.0932118422369 0.013276882485
   vertex 0.0449618422369 -0.108547489318 0.0204786839771
   vertex 0.030408896988 -0.113487548561 0.0204786839771
  endloop
 endfacet
 facet normal 0.143807850523 -0.291613473291 -0.945664255602
  outer loop
   vertex 0.0369289512232 -0.0891543748873 0.013276882485
   vertex 0.04825 -0.0835714514652 0.013276882485
   vertex 0.0587454778993 -0.101750152437 0.0204786839771
  endloop
 endfacet
 facet normal 0.143807850523 -0.291613473291 -0.945664255602
  outer loop
   vertex 0.0369289512232 -0.0891543748873 0.013276882485
   vertex 0.0587454778993 -0.101750152437 0.0204786839771
   vertex 0.0449618422369 -0.108547489318 0.0204786839771
  endloop
 endfacet
 facet normal 0.180640750695 -0.270347988462 -0.945664255602
  outer loop
   vertex 0.04825 -0.0835714514652 0.013276882485
   vertex 0.0587454778993 -0.0765585973381 0.013276882485
   vertex 0.0715239621476 -0.0932118422369 0.0204786839771
  endloop
 endfacet
 facet normal 0.180640750695 -0.270347988462 -0.945664255602
  outer loop
   vertex 0.04825 -0.0835714514652 0.013276882485
   vertex 0.0715239621476 -0.0932118422369 0.0204786839771
   vertex 0.0587454778993 -0.101750152437 0.0204786839771
  endloop
 endfacet
 facet normal 0.214382837539 -0.244456774595 -0.945664255602
  outer loop
   vertex 0.0587454778993 -0.0765585973381 0.013276882485
   vertex 0.0682358043845 -0.0682358043845 0.013276882485
   vertex 0.0830786515733 -0.0830786515733 0.0204786839771
  endloop
 endfacet
 facet normal 0.214382837539 -0.244456774595 -0.945664255602
  outer loop
   vertex 0.0587454778993 -0.0765585973381 0.013276882485
   vertex 0.0830786515733 -0.0830786515733 0.0204786839771
   vertex 0.0715239621476 -0.0932118422369 0.0204786839771
  endloop
 endfacet
 facet normal 0.244456774595 -0.214382837539 -0.945664255602
  outer loop
   vertex 0.0682358043845 -0.0682358043845 0.013276882485
   vertex 0.0765585973381 -0.0587454778993 0.013276882485
   vertex 0.0932118422369 -0.0715239621476 0.0204786839771
  endloop
 endfacet
 facet normal 0.244456774595 -0.214382837539 -0.945664255602
  outer loop
   vertex 0.0682358043845 -0.0682358043845 0.013276882485
   vertex 0.0932118422369 -0.0715239621476 0.0204786839771
   vertex 0.0830786515733 -0.0830786515733 0.0204786839771
  endloop
 endfacet
 facet normal 0.270347988462 -0.180640750695 -0.945664255602
  outer loop
   vertex 0.0765585973381 -0.0587454778993 0.013276882485
   vertex 0.0835714514652 -0.04825 0.013276882485
   vertex 0.101750152437 -0.0587454778993 0.0204786839771
  endloop
 endfacet
 facet normal 0.270347988462 -0.180640750695 -0.945664255602
  outer loop
   vertex 0.0765585973381 -0.0587454778993 0.013276882485
   vertex 0.101750152437 -0.0587454778993 0.0204786839771
   vertex 0.0932118422369 -0.0715239621476 0.0204786839771
  endloop
 endfacet
 facet normal 0.291613473291 -0.143807850523 -0.945664255602
  outer loop
   vertex 0.0835714514652 -0.04825 0.013276882485
   vertex 0.0891543748873 -0.0369289512232 0.013276882485
   vertex 0.108547489318 -0.0449618422369 0.0204786839771
  endloop
 endfacet
 facet normal 0.291613473291 -0.143807850523 -0.945664255602
  outer loop
   vertex 0.0835714514652 -0.04825 0.013276882485
   vertex 0.108547489318 -0.0449618422369 0.0204786839771
   vertex 0.101750152437 -0.0587454778993 0.0204786839771
  endloop
 endfacet
 facet normal 0.307889370742 -0.104514358157 -0.945664255602
  outer loop
   vertex 0.0891543748873 -0.0369289512232 0.013276882485
   vertex 0.0932118422369 -0.0249760378524 0.013276882485
   vertex 0.113487548561 -0.030408896988 0.0204786839771
  endloop
 endfacet
 facet normal 0.307889370742 -0.104514358157 -0.945664255602
  outer loop
   vertex 0.0891543748873 -0.0369289512232 0.013276882485
   vertex 0.113487548561 -0.030408896988 0.0204786839771
   vertex 0.108547489318 -0.0449618422369 0.0204786839771
  endloop
 endfacet
 facet normal 0.318897195696 -0.0634325961466 -0.945664255602
  outer loop
   vertex 0.0932118422369 -0.0249760378524 0.013276882485
   vertex 0.0956744291226 -0.0125957775492 0.013276882485
   vertex 0.116485804385 -0.0153356470807 0.0204786839771
  endloop
 endfacet
 facet normal 0.318897195696 -0.0634325961466 -0.945664255602
  outer loop
   vertex 0.0932118422369 -0.0249760378524 0.013276882485
   vertex 0.116485804385 -0.0153356470807 0.0204786839771
   vertex 0.113487548561 -0.030408896988 0.0204786839771
  endloop
 endfacet
 facet normal 0.324448601217 -0.0212654848293 -0.945664255602
  outer loop
   vertex 0.0956744291226 -0.0125957775492 0.013276882485
   vertex 0.0965 0 0.013276882485
   vertex 0.117490955799 0 0.0204786839771
  endloop
 endfacet
 facet normal 0.324448601217 -0.0212654848293 -0.945664255602
  outer loop
   vertex 0.0956744291226 -0.0125957775492 0.013276882485
   vertex 0.117490955799 0 0.0204786839771
   vertex 0.116485804385 -0.0153356470807 0.0204786839771
  endloop
 endfacet
 facet normal 0.410445377614 0.0269020113454 -0.911488274077
  outer loop
   vertex 0.117490955799 0 0.0204786839771
   vertex 0.116485804385 0.0153356470807 0.0204786839771
   vertex 0.135304075237 0.0178131194388 0.0290257179844
  endloop
 endfacet
 facet normal 0.410445377614 0.0269020113454 -0.911488274077
  outer loop
   vertex 0.117490955799 0 0.0204786839771
   vertex 0.135304075237 0.0178131194388 0.0290257179844
   vertex 0.136471608769 0 0.0290257179844
  endloop
 endfacet
 facet normal 0.403422543406 0.0802457331633 -0.911488274077
  outer loop
   vertex 0.116485804385 0.0153356470807 0.0204786839771
   vertex 0.113487548561 0.030408896988 0.0204786839771
   vertex 0.131821451465 0.0353214514652 0.0290257179844
  endloop
 endfacet
 facet normal 0.403422543406 0.0802457331633 -0.911488274077
  outer loop
   vertex 0.116485804385 0.0153356470807 0.0204786839771
   vertex 0.131821451465 0.0353214514652 0.0290257179844
   vertex 0.135304075237 0.0178131194388 0.0290257179844
  endloop
 endfacet
 facet normal 0.389497037631 0.132216428239 -0.911488274077
  outer loop
   vertex 0.113487548561 0.030408896988 0.0204786839771
   vertex 0.108547489318 0.0449618422369 0.0204786839771
   vertex 0.126083326111 0.0522254236641 0.0290257179844
  endloop
 endfacet
 facet normal 0.389497037631 0.132216428239 -0.911488274077
  outer loop
   vertex 0.113487548561 0.030408896988 0.0204786839771
   vertex 0.126083326111 0.0522254236641 0.0290257179844
   vertex 0.131821451465 0.0353214514652 0.0290257179844
  endloop
 endfacet
 facet normal 0.368907129553 0.181924863569 -0.911488274077
  outer loop
   vertex 0.108547489318 0.0449618422369 0.0204786839771
   vertex 0.101750152437 0.0587454778993 0.0204786839771
   vertex 0.118187880089 0.0682358043845 0.0290257179844
  endloop
 endfacet
 facet normal 0.368907129553 0.181924863569 -0.911488274077
  outer loop
   vertex 0.108547489318 0.0449618422369 0.0204786839771
   vertex 0.118187880089 0.0682358043845 0.0290257179844
   vertex 0.126083326111 0.0522254236641 0.0290257179844
  endloop
 endfacet
 facet normal 0.342005118207 0.228520514045 -0.911488274077
  outer loop
   vertex 0.101750152437 0.0587454778993 0.0204786839771
   vertex 0.0932118422369 0.0715239621476 0.0204786839771
   vertex 0.108270206672 0.0830786515733 0.0290257179844
  endloop
 endfacet
 facet normal 0.342005118207 0.228520514045 -0.911488274077
  outer loop
   vertex 0.101750152437 0.0587454778993 0.0204786839771
   vertex 0.108270206672 0.0830786515733 0.0290257179844
   vertex 0.118187880089 0.0682358043845 0.0290257179844
  endloop
 endfacet
 facet normal 0.309251304468 0.271206115168 -0.911488274077
  outer loop
   vertex 0.0932118422369 0.0715239621476 0.0204786839771
   vertex 0.0830786515733 0.0830786515733 0.0204786839771
   vertex 0.0965 0.0965 0.0290257179844
  endloop
 endfacet
 facet normal 0.309251304468 0.271206115168 -0.911488274077
  outer loop
   vertex 0.0932118422369 0.0715239621476 0.0204786839771
   vertex 0.0965 0.0965 0.0290257179844
   vertex 0.108270206672 0.0830786515733 0.0290257179844
  endloop
 endfacet
 facet normal 0.271206115168 0.309251304468 -0.911488274077
  outer loop
   vertex 0.0830786515733 0.0830786515733 0.0204786839771
   vertex 0.0715239621476 0.0932118422369 0.0204786839771
   vertex 0.0830786515733 0.108270206672 0.0290257179844
  endloop
 endfacet
 facet normal 0.271206115168 0.309251304468 -0.911488274077
  outer loop
   vertex 0.0830786515733 0.0830786515733 0.0204786839771
   vertex 0.0830786515733 0.108270206672 0.0290257179844
   vertex 0.0965 0.0965 0.0290257179844
  endloop
 endfacet
 facet normal 0.228520514045 0.342005118207 -0.911488274077
  outer loop
   vertex 0.0715239621476 0.0932118422369 0.0204786839771
   vertex 0.0587454778993 0.101750152437 0.0204786839771
   vertex 0.0682358043845 0.118187880089 0.0290257179844
  endloop
 endfacet
 facet normal 0.228520514045 0.342005118207 -0.911488274077
  outer loop
   vertex 0.0715239621476 0.0932118422369 0.0204786839771
   vertex 0.0682358043845 0.118187880089 0.0290257179844
   vertex 0.0830786515733 0.108270206672 0.0290257179844
  endloop
 endfacet
 facet normal 0.181924863569 0.368907129553 -0.911488274077
  outer loop
   vertex 0.0587454778993 0.101750152437 0.0204786839771
   vertex 0.0449618422369 0.108547489318 0.0204786839771
   vertex 0.0522254236641 0.126083326111 0.0290257179844
  endloop
 endfacet
 facet normal 0.181924863569 0.368907129553 -0.911488274077
  outer loop
   vertex 0.0587454778993 0.101750152437 0.0204786839771
   vertex 0.0522254236641 0.126083326111 0.0290257179844
   vertex 0.0682358043845 0.118187880089 0.0290257179844
  endloop
 endfacet
 facet normal 0.132216428239 0.389497037631 -0.911488274077
  outer loop
   vertex 0.0449618422369 0.108547489318 0.0204786839771
   vertex 0.030408896988 0.113487548561 0.0204786839771
   vertex 0.0353214514652 0.131821451465 0.0290257179844
  endloop
 endfacet
 facet normal 0.132216428239 0.389497037631 -0.911488274077
  outer loop
   vertex 0.0449618422369 0.108547489318 0.0204786839771
   vertex 0.0353214514652 0.131821451465 0.0290257179844
   vertex 0.0522254236641 0.126083326111 0.0290257179844
  endloop
 endfacet
 facet normal 0.0802457331633 0.403422543406 -0.911488274077
  outer loop
   vertex 0.030408896988 0.113487548561 0.0204786839771
   vertex 0.0153356470807 0.116485804385 0.0204786839771
   vertex 0.0178131194388 0.135304075237 0.0290257179844
  endloop
 endfacet
 facet normal 0.0802457331633 0.403422543406 -0.911488274077
  outer loop
   vertex 0.030408896988 0.113487548561 0.0204786839771
   vertex 0.0178131194388 0.135304075237 0.0290257179844
   vertex 0.0353214514652 0.131821451465 0.0290257179844
  endloop
 endfacet
 facet normal 0.0269020113454 0.410445377614 -0.911488274077
  outer loop
   vertex 0.0153356470807 0.116485804385 0.0204786839771
   vertex 7.19424614738e-18 0.117490955799 0.0204786839771
   vertex 8.35647594267e-18 0.136471608769 0.0290257179844
  endloop
 endfacet
 facet normal 0.0269020113454 0.410445377614 -0.911488274077
  outer loop
   vertex 0.0153356470807 0.116485804385 0.0204786839771
   vertex 8.35647594267e-18 0.136471608769 0.0290257179844
   vertex 0.0178131194388 0.135304075237 0.0290257179844
  endloop
 endfacet
 facet normal -0.0269020113454 0.410445377614 -0.911488274077
  outer loop
   vertex 7.19424614738e-18 0.117490955799 0.0204786839771
   vertex -0.0153356470807 0.116485804385 0.0204786839771
   vertex -0.0178131194388 0.135304075237 0.0290257179844
  endloop
 endfacet
 facet normal -0.0269020113454 0.410445377614 -0.911488274077
  outer loop
   vertex 7.19424614738e-18 0.117490955799 0.0204786839771
   vertex -0.0178131194388 0.135304075237 0.0290257179844
   vertex 8.35647594267e-18 0.136471608769 0.0290257179844
  endloop
 endfacet
 facet normal -0.0802457331633 0.403422543406 -0.911488274077
  outer loop
   vertex -0.0153356470807 0.116485804385 0.0204786839771
   vertex -0.030408896988 0.113487548561 0.0204786839771
   vertex -0.0353214514652 0.131821451465 0.0290257179844
  endloop
 endfacet
 facet normal -0.0802457331633 0.403422543406 -0.911488274077
  outer loop
   vertex -0.0153356470807 0.116485804385 0.0204786839771
   vertex -0.0353214514652 0.131821451465 0.0290257179844
   vertex -0.0178131194388 0.135304075237 0.0290257179844
  endloop
 endfacet
 facet normal -0.132216428239 0.389497037631 -0.911488274077
  outer loop
   vertex -0.030408896988 0.113487548561 0.0204786839771
   vertex -0.0449618422369 0.108547489318 0.0204786839771
   vertex -0.0522254236641 0.126083326111 0.0290257179844
  endloop
 endfacet
 facet normal -0.132216428239 0.389497037631 -0.911488274077
  outer loop
   vertex -0.030408896988 0.113487548561 0.0204786839771
   vertex -0.0522254236641 0.126083326111 0.0290257179844
   vertex -0.0353214514652 0.131821451465 0.0290257179844
  endloop
 endfacet
 facet normal -0.181924863569 0.368907129553 -0.911488274077
  outer loop
   vertex -0.0449618422369 0.108547489318 0.0204786839771
   vertex -0.0587454778993 0.101750152437 0.0204786839771
   vertex -0.0682358043845 0.118187880089 0.0290257179844
  endloop
 endfacet
 facet normal -0.181924863569 0.368907129553 -0.911488274077
  outer loop
   vertex -0.0449618422369 0.108547489318 0.0204786839771
   vertex -0.0682358043845 0.118187880089 0.0290257179844
   vertex -0.0522254236641 0.126083326111 0.0290257179844
  endloop
 endfacet
 facet normal -0.228520514045 0.342005118207 -0.911488274077
  outer loop
   vertex -0.0587454778993 0.101750152437 0.0204786839771
   vertex -0.0715239621476 0.0932118422369 0.0204786839771
   vertex -0.0830786515733 0.108270206672 0.0290257179844
  endloop
 endfacet
 facet normal -0.228520514045 0.342005118207 -0.911488274077
  outer loop
   vertex -0.0587454778993 0.101750152437 0.0204786839771
   vertex -0.0830786515733 0.108270206672 0.0290257179844
   vertex -0.0682358043845 0.118187880089 0.0290257179844
  endloop
 endfacet
 facet normal -0.271206115168 0.309251304468 -0.911488274077
  outer loop
   vertex -0.0715239621476 0.0932118422369 0.0204786839771
   vertex -0.0830786515733 0.0830786515733 0.0204786839771
   vertex -0.0965 0.0965 0.0290257179844
  endloop
 endfacet
 facet normal -0.271206115168 0.309251304468 -0.911488274077
  outer loop
   vertex -0.0715239621476 0.0932118422369 0.0204786839771
   vertex -0.0965 0.0965 0.0290257179844
   vertex -0.0830786515733 0.108270206672 0.0290257179844
  endloop
 endfacet
 facet normal -0.309251304468 0.271206115168 -0.911488274077
  outer loop
   vertex -0.0830786515733 0.0830786515733 0.0204786839771
   vertex -0.0932118422369 0.0715239621476 0.0204786839771
   vertex -0.108270206672 0.0830786515733 0.0290257179844
  endloop
 endfacet
 facet normal -0.309251304468 0.271206115168 -0.911488274077
  outer loop
   vertex -0.0830786515733 0.0830786515733 0.0204786839771
   vertex -0.108270206672 0.0830786515733 0.0290257179844
   vertex -0.0965 0.0965 0.0290257179844
  endloop
 endfacet
 facet normal -0.342005118207 0.228520514045 -0.911488274077
  outer loop
   vertex -0.0932118422369 0.0715239621476 0.0204786839771
   vertex -0.101750152437 0.0587454778993 0.0204786839771
   vertex -0.118187880089 0.0682358043845 0.0290257179844
  endloop
 endfacet
 facet normal -0.342005118207 0.228520514045 -0.911488274077
  outer loop
   vertex -0.0932118422369 0.0715239621476 0.0204786839771
   vertex -0.118187880089 0.0682358043845 0.0290257179844
   vertex -0.108270206672 0.0830786515733 0.0290257179844
  endloop
 endfacet
 facet normal -0.368907129553 0.181924863569 -0.911488274077
  outer loop
   vertex -0.101750152437 0.0587454778993 0.0204786839771
   vertex -0.108547489318 0.0449618422369 0.0204786839771
   vertex -0.126083326111 0.0522254236641 0.0290257179844
  endloop
 endfacet
 facet normal -0.368907129553 0.181924863569 -0.911488274077
  outer loop
   vertex -0.101750152437 0.0587454778993 0.0204786839771
   vertex -0.126083326111 0.0522254236641 0.0290257179844
   vertex -0.118187880089 0.0682358043845 0.0290257179844
  endloop
 endfacet
 facet normal -0.389497037631 0.132216428239 -0.911488274077
  outer loop
   vertex -0.108547489318 0.0449618422369 0.0204786839771
   vertex -0.113487548561 0.030408896988 0.0204786839771
   vertex -0.131821451465 0.0353214514652 0.0290257179844
  endloop
 endfacet
 facet normal -0.389497037631 0.132216428239 -0.911488274077
  outer loop
   vertex -0.108547489318 0.0449618422369 0.0204786839771
   vertex -0.131821451465 0.0353214514652 0.0290257179844
   vertex -0.126083326111 0.0522254236641 0.0290257179844
  endloop
 endfacet
 facet normal -0.403422543406 0.0802457331633 -0.911488274077
  outer loop
   vertex -0.113487548561 0.030408896988 0.0204786839771
   vertex -0.116485804385 0.0153356470807 0.0204786839771
   vertex -0.135304075237 0.0178131194388 0.0290257179844
  endloop
 endfacet
 facet normal -0.403422543406 0.0802457331633 -0.911488274077
  outer loop
   vertex -0.113487548561 0.030408896988 0.0204786839771
   vertex -0.135304075237 0.0178131194388 0.0290257179844
   vertex -0.131821451465 0.0353214514652 0.0290257179844
  endloop
 endfacet
 facet normal -0.410445377614 0.0269020113454 -0.911488274077
  outer loop
   vertex -0.116485804385 0.0153356470807 0.0204786839771
   vertex -0.117490955799 1.43884922948e-17 0.0204786839771
   vertex -0.136471608769 1.67129518853e-17 0.0290257179844
  endloop
 endfacet
 facet normal -0.410445377614 0.0269020113454 -0.911488274077
  outer loop
   vertex -0.116485804385 0.0153356470807 0.0204786839771
   vertex -0.136471608769 1.67129518853e-17 0.0290257179844
   vertex -0.135304075237 0.0178131194388 0.0290257179844
  endloop
 endfacet
 facet normal -0.410445377614 -0.0269020113454 -0.911488274077
  outer loop
   vertex -0.117490955799 1.43884922948e-17 0.0204786839771
   vertex -0.116485804385 -0.0153356470807 0.0204786839771
   vertex -0.135304075237 -0.0178131194388 0.0290257179844
  endloop
 endfacet
 facet normal -0.410445377614 -0.0269020113454 -0.911488274077
  outer loop
   vertex -0.117490955799 1.43884922948e-17 0.0204786839771
   vertex -0.135304075237 -0.0178131194388 0.0290257179844
   vertex -0.136471608769 1.67129518853e-17 0.0290257179844
  endloop
 endfacet
 facet normal -0.403422543406 -0.0802457331633 -0.911488274077
  outer loop
   vertex -0.116485804385 -0.0153356470807 0.0204786839771
   vertex -0.113487548561 -0.030408896988 0.0204786839771
   vertex -0.131821451465 -0.0353214514652 0.0290257179844
  endloop
 endfacet
 facet normal -0.403422543406 -0.0802457331633 -0.911488274077
  outer loop
   vertex -0.116485804385 -0.0153356470807 0.0204786839771
   vertex -0.131821451465 -0.0353214514652 0.0290257179844
   vertex -0.135304075237 -0.0178131194388 0.0290257179844
  endloop
 endfacet
 facet normal -0.389497037631 -0.132216428239 -0.911488274077
  outer loop
   vertex -0.113487548561 -0.030408896988 0.0204786839771
   vertex -0.108547489318 -0.0449618422369 0.0204786839771
   vertex -0.126083326111 -0.0522254236641 0.0290257179844
  endloop
 endfacet
 facet normal -0.389497037631 -0.132216428239 -0.911488274077
  outer loop
   vertex -0.113487548561 -0.030408896988 0.0204786839771
   vertex -0.126083326111 -0.0522254236641 0.0290257179844
   vertex -0.131821451465 -0.0353214514652 0.0290257179844
  endloop
 endfacet
 facet normal -0.368907129553 -0.181924863569 -0.911488274077
  outer loop
   vertex -0.108547489318 -0.0449618422369 0.0204786839771
   vertex -0.101750152437 -0.0587454778993 0.0204786839771
   vertex -0.118187880089 -0.0682358043845 0.0290257179844
  endloop
 endfacet
 facet normal -0.368907129553 -0.181924863569 -0.911488274077
  outer loop
   vertex -0.108547489318 -0.0449618422369 0.0204786839771
   vertex -0.118187880089 -0.0682358043845 0.0290257179844
   vertex -0.126083326111 -0.0522254236641 0.0290257179844
  endloop
 endfacet
 facet normal -0.342005118207 -0.228520514045 -0.911488274077
  outer loop
   vertex -0.101750152437 -0.0587454778993 0.0204786839771
   vertex -0.0932118422369 -0.0715239621476 0.0204786839771
   vertex -0.108270206672 -0.0830786515733 0.0290257179844
  endloop
 endfacet
 facet normal -0.342005118207 -0.228520514045 -0.911488274077
  outer loop
   vertex -0.101750152437 -0.0587454778993 0.0204786839771
   vertex -0.108270206672 -0.0830786515733 0.0290257179844
   vertex -0.118187880089 -0.0682358043845 0.0290257179844
  endloop
 endfacet
 facet normal -0.309251304468 -0.271206115168 -0.911488274077
  outer loop
   vertex -0.0932118422369 -0.0715239621476 0.0204786839771
   vertex -0.0830786515733 -0.0830786515733 0.0204786839771
   vertex -0.0965 -0.0965 0.0290257179844
  endloop
 endfacet
 facet normal -0.309251304468 -0.271206115168 -0.911488274077
  outer loop
   vertex -0.0932118422369 -0.0715239621476 0.0204786839771
   vertex -0.0965 -0.0965 0.0290257179844
   vertex -0.108270206672 -0.0830786515733 0.0290257179844
  endloop
 endfacet
 facet normal -0.271206115168 -0.309251304468 -0.911488274077
  outer loop
   vertex -0.0830786515733 -0.0830786515733 0.0204786839771
   vertex -0.0715239621476 -0.0932118422369 0.0204786839771
   vertex -0.0830786515733 -0.108270206672 0.0290257179844
  endloop
 endfacet
 facet normal -0.271206115168 -0.309251304468 -0.911488274077
  outer loop
   vertex -0.0830786515733 -0.0830786515733 0.0204786839771
   vertex -0.0830786515733 -0.108270206672 0.0290257179844
   vertex -0.0965 -0.0965 0.0290257179844
  endloop
 endfacet
 facet normal -0.228520514045 -0.342005118207 -0.911488274077
  outer loop
   vertex -0.0715239621476 -0.0932118422369 0.0204786839771
   vertex -0.0587454778993 -0.101750152437 0.0204786839771
   vertex -0.0682358043845 -0.118187880089 0.0290257179844
  endloop
 endfacet
 facet normal -0.228520514045 -0.342005118207 -0.911488274077
  outer loop
   vertex -0.0715239621476 -0.0932118422369 0.0204786839771
   vertex -0.0682358043845 -0.118187880089 0.0290257179844
   vertex -0.0830786515733 -0.108270206672 0.0290257179844
  endloop
 endfacet
 facet normal -0.181924863569 -0.368907129553 -0.911488274077
  outer loop
   vertex -0.0587454778993 -0.101750152437 0.0204786839771
   vertex -0.0449618422369 -0.108547489318 0.0204786839771
   vertex -0.0522254236641 -0.126083326111 0.0290257179844
  endloop
 endfacet
 facet normal -0.181924863569 -0.368907129553 -0.911488274077
  outer loop
   vertex -0.0587454778993 -0.101750152437 0.0204786839771
   vertex -0.0522254236641 -0.126083326111 0.0290257179844
   vertex -0.0682358043845 -0.118187880089 0.0290257179844
  endloop
 endfacet
 facet normal -0.132216428239 -0.389497037631 -0.911488274077
  outer loop
   vertex -0.0449618422369 -0.108547489318 0.0204786839771
   vertex -0.030408896988 -0.113487548561 0.0204786839771
   vertex -0.0353214514652 -0.131821451465 0.0290257179844
  endloop
 endfacet
 facet normal -0.132216428239 -0.389497037631 -0.911488274077
  outer loop
   vertex -0.0449618422369 -0.108547489318 0.0204786839771
   vertex -0.0353214514652 -0.131821451465 0.0290257179844
   vertex -0.0522254236641 -0.126083326111 0.0290257179844
  endloop
 endfacet
 facet normal -0.0802457331633 -0.403422543406 -0.911488274077
  outer loop
   vertex -0.030408896988 -0.113487548561 0.0204786839771
   vertex -0.0153356470807 -0.116485804385 0.0204786839771
   vertex -0.0178131194388 -0.135304075237 0.0290257179844
  endloop
 endfacet
 facet normal -0.0802457331633 -0.403422543406 -0.911488274077
  outer loop
   vertex -0.030408896988 -0.113487548561 0.0204786839771
   vertex -0.0178131194388 -0.135304075237 0.0290257179844
   vertex -0.0353214514652 -0.131821451465 0.0290257179844
  endloop
 endfacet
 facet normal -0.0269020113454 -0.410445377614 -0.911488274077
  outer loop
   vertex -0.0153356470807 -0.116485804385 0.0204786839771
   vertex -2.15827384421e-17 -0.117490955799 0.0204786839771
   vertex -2.5069427828e-17 -0.136471608769 0.0290257179844
  endloop
 endfacet
 facet normal -0.0269020113454 -0.410445377614 -0.911488274077
  outer loop
   vertex -0.0153356470807 -0.116485804385 0.0204786839771
   vertex -2.5069427828e-17 -0.136471608769 0.0290257179844
   vertex -0.0178131194388 -0.135304075237 0.0290257179844
  endloop
 endfacet
 facet normal 0.0269020113454 -0.410445377614 -0.911488274077
  outer loop
   vertex -2.15827384421e-17 -0.117490955799 0.0204786839771
   vertex 0.0153356470807 -0.116485804385 0.0204786839771
   vertex 0.0178131194388 -0.135304075237 0.0290257179844
  endloop
 endfacet
 facet normal 0.0269020113454 -0.410445377614 -0.911488274077
  outer loop
   vertex -2.15827384421e-17 -0.117490955799 0.0204786839771
   vertex 0.0178131194388 -0.135304075237 0.0290257179844
   vertex -2.5069427828e-17 -0.136471608769 0.0290257179844
  endloop
 endfacet
 facet normal 0.0802457331633 -0.403422543406 -0.911488274077
  outer loop
   vertex 0.0153356470807 -0.116485804385 0.0204786839771
   vertex 0.030408896988 -0.113487548561 0.0204786839771
   vertex 0.0353214514652 -0.131821451465 0.0290257179844
  endloop
 endfacet
 facet normal 0.0802457331633 -0.403422543406 -0.911488274077
  outer loop
   vertex 0.0153356470807 -0.116485804385 0.0204786839771
   vertex 0.0353214514652 -0.131821451465 0.0290257179844
   vertex 0.0178131194388 -0.135304075237 0.0290257179844
  endloop
 endfacet
 facet normal 0.132216428239 -0.389497037631 -0.911488274077
  outer loop
   vertex 0.030408896988 -0.113487548561 0.0204786839771
   vertex 0.0449618422369 -0.108547489318 0.0204786839771
   vertex 0.0522254236641 -0.126083326111 0.0290257179844
  endloop
 endfacet
 facet normal 0.132216428239 -0.389497037631 -0.911488274077
  outer loop
   vertex 0.030408896988 -0.113487548561 0.0204786839771
   vertex 0.0522254236641 -0.126083326111 0.0290257179844
   vertex 0.0353214514652 -0.131821451465 0.0290257179844
  endloop
 endfacet
 facet normal 0.181924863569 -0.368907129553 -0.911488274077
  outer loop
   vertex 0.0449618422369 -0.108547489318 0.0204786839771
   vertex 0.0587454778993 -0.101750152437 0.0204786839771
   vertex 0.0682358043845 -0.118187880089 0.0290257179844
  endloop
 endfacet
 facet normal 0.181924863569 -0.368907129553 -0.911488274077
  outer loop
   vertex 0.0449618422369 -0.108547489318 0.0204786839771
   vertex 0.0682358043845 -0.118187880089 0.0290257179844
   vertex 0.0522254236641 -0.126083326111 0.0290257179844
  endloop
 endfacet
 facet normal 0.228520514045 -0.342005118207 -0.911488274077
  outer loop
   vertex 0.0587454778993 -0.101750152437 0.0204786839771
   vertex 0.0715239621476 -0.0932118422369 0.0204786839771
   vertex 0.0830786515733 -0.108270206672 0.0290257179844
  endloop
 endfacet
 facet normal 0.228520514045 -0.342005118207 -0.911488274077
  outer loop
   vertex 0.0587454778993 -0.101750152437 0.0204786839771
   vertex 0.0830786515733 -0.108270206672 0.0290257179844
   vertex 0.0682358043845 -0.118187880089 0.0290257179844
  endloop
 endfacet
 facet normal 0.271206115168 -0.309251304468 -0.911488274077
  outer loop
   vertex 0.0715239621476 -0.0932118422369 0.0204786839771
   vertex 0.0830786515733 -0.0830786515733 0.0204786839771
   vertex 0.0965 -0.0965 0.0290257179844
  endloop
 endfacet
 facet normal 0.271206115168 -0.309251304468 -0.911488274077
  outer loop
   vertex 0.0715239621476 -0.0932118422369 0.0204786839771
   vertex 0.0965 -0.0965 0.0290257179844
   vertex 0.0830786515733 -0.108270206672 0.0290257179844
  endloop
 endfacet
 facet normal 0.309251304468 -0.271206115168 -0.911488274077
  outer loop
   vertex 0.0830786515733 -0.0830786515733 0.0204786839771
   vertex 0.0932118422369 -0.0715239621476 0.0204786839771
   vertex 0.108270206672 -0.0830786515733 0.0290257179844
  endloop
 endfacet
 facet normal 0.309251304468 -0.271206115168 -0.911488274077
  outer loop
   vertex 0.0830786515733 -0.0830786515733 0.0204786839771
   vertex 0.108270206672 -0.0830786515733 0.0290257179844
   vertex 0.0965 -0.0965 0.0290257179844
  endloop
 endfacet
 facet normal 0.342005118207 -0.228520514045 -0.911488274077
  outer loop
   vertex 0.0932118422369 -0.0715239621476 0.0204786839771
   vertex 0.101750152437 -0.0587454778993 0.0204786839771
   vertex 0.118187880089 -0.0682358043845 0.0290257179844
  endloop
 endfacet
 facet normal 0.342005118207 -0.228520514045 -0.911488274077
  outer loop
   vertex 0.0932118422369 -0.0715239621476 0.0204786839771
   vertex 0.118187880089 -0.0682358043845 0.0290257179844
   vertex 0.108270206672 -0.0830786515733 0.0290257179844
  endloop
 endfacet
 facet normal 0.368907129553 -0.181924863569 -0.911488274077
  outer loop
   vertex 0.101750152437 -0.0587454778993 0.0204786839771
   vertex 0.108547489318 -0.0449618422369 0.0204786839771
   vertex 0.126083326111 -0.0522254236641 0.0290257179844
  endloop
 endfacet
 facet normal 0.368907129553 -0.181924863569 -0.911488274077
  outer loop
   vertex 0.101750152437 -0.0587454778993 0.0204786839771
   vertex 0.126083326111 -0.0522254236641 0.0290257179844
   vertex 0.118187880089 -0.0682358043845 0.0290257179844
  endloop
 endfacet
 facet normal 0.389497037631 -0.132216428239 -0.911488274077
  outer loop
   vertex 0.108547489318 -0.0449618422369 0.0204786839771
   vertex 0.113487548561 -0.030408896988 0.0204786839771
   vertex 0.131821451465 -0.0353214514652 0.0290257179844
  endloop
 endfacet
 facet normal 0.389497037631 -0.132216428239 -0.911488274077
  outer loop
   vertex 0.108547489318 -0.0449618422369 0.0204786839771
   vertex 0.131821451465 -0.0353214514652 0.0290257179844
   vertex 0.126083326111 -0.0522254236641 0.0290257179844
  endloop
 endfacet
 facet normal 0.403422543406 -0.0802457331633 -0.911488274077
  outer loop
   vertex 0.113487548561 -0.030408896988 0.0204786839771
   vertex 0.116485804385 -0.0153356470807 0.0204786839771
   vertex 0.135304075237 -0.0178131194388 0.0290257179844
  endloop
 endfacet
 facet normal 0.403422543406 -0.0802457331633 -0.911488274077
  outer loop
   vertex 0.113487548561 -0.030408896988 0.0204786839771
   vertex 0.135304075237 -0.0178131194388 0.0290257179844
   vertex 0.131821451465 -0.0353214514652 0.0290257179844
  endloop
 endfacet
 facet normal 0.410445377614 -0.0269020113454 -0.911488274077
  outer loop
   vertex 0.116485804385 -0.0153356470807 0.0204786839771
   vertex 0.117490955799 0 0.0204786839771
   vertex 0.136471608769 0 0.0290257179844
  endloop
 endfacet
 facet normal 0.410445377614 -0.0269020113454 -0.911488274077
  outer loop
   vertex 0.116485804385 -0.0153356470807 0.0204786839771
   vertex 0.136471608769 0 0.0290257179844
   vertex 0.135304075237 -0.0178131194388 0.0290257179844
  endloop
 endfacet
 facet normal 0.504989882772 0.0330987856035 -0.862490399187
  outer loop
   vertex 0.136471608769 0 0.0290257179844
   vertex 0.135304075237 0.0178131194388 0.0290257179844
   vertex 0.15180725585 0.0199858043845 0.0387717423852
  endloop
 endfacet
 facet normal 0.504989882772 0.0330987856035 -0.862490399187
  outer loop
   vertex 0.136471608769 0 0.0290257179844
   vertex 0.15180725585 0.0199858043845 0.0387717423852
   vertex 0.153117194676 0 0.0387717423852
  endloop
 endfacet
 facet normal 0.496349365868 0.0987300274122 -0.862490399187
  outer loop
   vertex 0.135304075237 0.0178131194388 0.0290257179844
   vertex 0.131821451465 0.0353214514652 0.0290257179844
   vertex 0.147899852787 0.0396296461149 0.0387717423852
  endloop
 endfacet
 facet normal 0.496349365868 0.0987300274122 -0.862490399187
  outer loop
   vertex 0.135304075237 0.0178131194388 0.0290257179844
   vertex 0.147899852787 0.0396296461149 0.0387717423852
   vertex 0.15180725585 0.0199858043845 0.0387717423852
  endloop
 endfacet
 facet normal 0.4792161737 0.162671971079 -0.862490399187
  outer loop
   vertex 0.131821451465 0.0353214514652 0.0290257179844
   vertex 0.126083326111 0.0522254236641 0.0290257179844
   vertex 0.141461842237 0.0585954136128 0.0387717423852
  endloop
 endfacet
 facet normal 0.4792161737 0.162671971079 -0.862490399187
  outer loop
   vertex 0.131821451465 0.0353214514652 0.0290257179844
   vertex 0.141461842237 0.0585954136128 0.0387717423852
   vertex 0.147899852787 0.0396296461149 0.0387717423852
  endloop
 endfacet
 facet normal 0.453883459936 0.223830552219 -0.862490399187
  outer loop
   vertex 0.126083326111 0.0522254236641 0.0290257179844
   vertex 0.118187880089 0.0682358043845 0.0290257179844
   vertex 0.132603380346 0.0765585973381 0.0387717423852
  endloop
 endfacet
 facet normal 0.453883459936 0.223830552219 -0.862490399187
  outer loop
   vertex 0.126083326111 0.0522254236641 0.0290257179844
   vertex 0.132603380346 0.0765585973381 0.0387717423852
   vertex 0.141461842237 0.0585954136128 0.0387717423852
  endloop
 endfacet
 facet normal 0.420784674333 0.281159330553 -0.862490399187
  outer loop
   vertex 0.118187880089 0.0682358043845 0.0290257179844
   vertex 0.108270206672 0.0830786515733 0.0290257179844
   vertex 0.121476037852 0.0932118422369 0.0387717423852
  endloop
 endfacet
 facet normal 0.420784674333 0.281159330553 -0.862490399187
  outer loop
   vertex 0.118187880089 0.0682358043845 0.0290257179844
   vertex 0.121476037852 0.0932118422369 0.0387717423852
   vertex 0.132603380346 0.0765585973381 0.0387717423852
  endloop
 endfacet
 facet normal 0.380486146288 0.333677394789 -0.862490399187
  outer loop
   vertex 0.108270206672 0.0830786515733 0.0290257179844
   vertex 0.0965 0.0965 0.0290257179844
   vertex 0.108270206672 0.108270206672 0.0387717423852
  endloop
 endfacet
 facet normal 0.380486146288 0.333677394789 -0.862490399187
  outer loop
   vertex 0.108270206672 0.0830786515733 0.0290257179844
   vertex 0.108270206672 0.108270206672 0.0387717423852
   vertex 0.121476037852 0.0932118422369 0.0387717423852
  endloop
 endfacet
 facet normal 0.333677394789 0.380486146288 -0.862490399187
  outer loop
   vertex 0.0965 0.0965 0.0290257179844
   vertex 0.0830786515733 0.108270206672 0.0290257179844
   vertex 0.0932118422369 0.121476037852 0.0387717423852
  endloop
 endfacet
 facet normal 0.333677394789 0.380486146288 -0.862490399187
  outer loop
   vertex 0.0965 0.0965 0.0290257179844
   vertex 0.0932118422369 0.121476037852 0.0387717423852
   vertex 0.108270206672 0.108270206672 0.0387717423852
  endloop
 endfacet
 facet normal 0.281159330553 0.420784674333 -0.862490399187
  outer loop
   vertex 0.0830786515733 0.108270206672 0.0290257179844
   vertex 0.0682358043845 0.118187880089 0.0290257179844
   vertex 0.0765585973381 0.132603380346 0.0387717423852
  endloop
 endfacet
 facet normal 0.281159330553 0.420784674333 -0.862490399187
  outer loop
   vertex 0.0830786515733 0.108270206672 0.0290257179844
   vertex 0.0765585973381 0.132603380346 0.0387717423852
   vertex 0.0932118422369 0.121476037852 0.0387717423852
  endloop
 endfacet
 facet normal 0.223830552219 0.453883459936 -0.862490399187
  outer loop
   vertex 0.0682358043845 0.118187880089 0.0290257179844
   vertex 0.0522254236641 0.126083326111 0.0290257179844
   vertex 0.0585954136128 0.141461842237 0.0387717423852
  endloop
 endfacet
 facet normal 0.223830552219 0.453883459936 -0.862490399187
  outer loop
   vertex 0.0682358043845 0.118187880089 0.0290257179844
   vertex 0.0585954136128 0.141461842237 0.0387717423852
   vertex 0.0765585973381 0.132603380346 0.0387717423852
  endloop
 endfacet
 facet normal 0.162671971079 0.4792161737 -0.862490399187
  outer loop
   vertex 0.0522254236641 0.126083326111 0.0290257179844
   vertex 0.0353214514652 0.131821451465 0.0290257179844
   vertex 0.0396296461149 0.147899852787 0.0387717423852
  endloop
 endfacet
 facet normal 0.162671971079 0.4792161737 -0.862490399187
  outer loop
   vertex 0.0522254236641 0.126083326111 0.0290257179844
   vertex 0.0396296461149 0.147899852787 0.0387717423852
   vertex 0.0585954136128 0.141461842237 0.0387717423852
  endloop
 endfacet
 facet normal 0.0987300274122 0.496349365868 -0.862490399187
  outer loop
   vertex 0.0353214514652 0.131821451465 0.0290257179844
   vertex 0.0178131194388 0.135304075237 0.0290257179844
   vertex 0.0199858043845 0.15180725585 0.0387717423852
  endloop
 endfacet
 facet normal 0.0987300274122 0.496349365868 -0.862490399187
  outer loop
   vertex 0.0353214514652 0.131821451465 0.0290257179844
   vertex 0.0199858043845 0.15180725585 0.0387717423852
   vertex 0.0396296461149 0.147899852787 0.0387717423852
  endloop
 endfacet
 facet normal 0.0330987856035 0.504989882772 -0.862490399187
  outer loop
   vertex 0.0178131194388 0.135304075237 0.0290257179844
   vertex 8.35647594267e-18 0.136471608769 0.0290257179844
   vertex 9.37572411773e-18 0.153117194676 0.0387717423852
  endloop
 endfacet
 facet normal 0.0330987856035 0.504989882772 -0.862490399187
  outer loop
   vertex 0.0178131194388 0.135304075237 0.0290257179844
   vertex 9.37572411773e-18 0.153117194676 0.0387717423852
   vertex 0.0199858043845 0.15180725585 0.0387717423852
  endloop
 endfacet
 facet normal -0.0330987856035 0.504989882772 -0.862490399187
  outer loop
   vertex 8.35647594267e-18 0.136471608769 0.0290257179844
   vertex -0.0178131194388 0.135304075237 0.0290257179844
   vertex -0.0199858043845 0.15180725585 0.0387717423852
  endloop
 endfacet
 facet normal -0.0330987856035 0.504989882772 -0.862490399187
  outer loop
   vertex 8.35647594267e-18 0.136471608769 0.0290257179844
   vertex -0.0199858043845 0.15180725585 0.0387717423852
   vertex 9.37572411773e-18 0.153117194676 0.0387717423852
  endloop
 endfacet
 facet normal -0.0987300274122 0.496349365868 -0.862490399187
  outer loop
   vertex -0.0178131194388 0.135304075237 0.0290257179844
   vertex -0.0353214514652 0.131821451465 0.0290257179844
   vertex -0.0396296461149 0.147899852787 0.0387717423852
  endloop
 endfacet
 facet normal -0.0987300274122 0.496349365868 -0.862490399187
  outer loop
   vertex -0.0178131194388 0.135304075237 0.0290257179844
   vertex -0.0396296461149 0.147899852787 0.0387717423852
   vertex -0.0199858043845 0.15180725585 0.0387717423852
  endloop
 endfacet
 facet normal -0.162671971079 0.4792161737 -0.862490399187
  outer loop
   vertex -0.0353214514652 0.131821451465 0.0290257179844
   vertex -0.0522254236641 0.126083326111 0.0290257179844
   vertex -0.0585954136128 0.141461842237 0.0387717423852
  endloop
 endfacet
 facet normal -0.162671971079 0.4792161737 -0.862490399187
  outer loop
   vertex -0.0353214514652 0.131821451465 0.0290257179844
   vertex -0.0585954136128 0.141461842237 0.0387717423852
   vertex -0.0396296461149 0.147899852787 0.0387717423852
  endloop
 endfacet
 facet normal -0.223830552219 0.453883459936 -0.862490399187
  outer loop
   vertex -0.0522254236641 0.126083326111 0.0290257179844
   vertex -0.0682358043845 0.118187880089 0.0290257179844
   vertex -0.0765585973381 0.132603380346 0.0387717423852
  endloop
 endfacet
 facet normal -0.223830552219 0.453883459936 -0.862490399187
  outer loop
   vertex -0.0522254236641 0.126083326111 0.0290257179844
   vertex -0.0765585973381 0.132603380346 0.0387717423852
   vertex -0.0585954136128 0.141461842237 0.0387717423852
  endloop
 endfacet
 facet normal -0.281159330553 0.420784674333 -0.862490399187
  outer loop
   vertex -0.0682358043845 0.118187880089 0.0290257179844
   vertex -0.0830786515733 0.108270206672 0.0290257179844
   vertex -0.0932118422369 0.121476037852 0.0387717423852
  endloop
 endfacet
 facet normal -0.281159330553 0.420784674333 -0.862490399187
  outer loop
   vertex -0.0682358043845 0.118187880089 0.0290257179844
   vertex -0.0932118422369 0.121476037852 0.0387717423852
   vertex -0.0765585973381 0.132603380346 0.0387717423852
  endloop
 endfacet
 facet normal -0.333677394789 0.380486146288 -0.862490399187
  outer loop
   vertex -0.0830786515733 0.108270206672 0.0290257179844
   vertex -0.0965 0.0965 0.0290257179844
   vertex -0.108270206672 0.108270206672 0.0387717423852
  endloop
 endfacet
 facet normal -0.333677394789 0.380486146288 -0.862490399187
  outer loop
   vertex -0.0830786515733 0.108270206672 0.0290257179844
   vertex -0.108270206672 0.108270206672 0.0387717423852
   vertex -0.0932118422369 0.121476037852 0.0387717423852
  endloop
 endfacet
 facet normal -0.380486146288 0.333677394789 -0.862490399187
  outer loop
   vertex -0.0965 0.0965 0.0290257179844
   vertex -0.108270206672 0.0830786515733 0.0290257179844
   vertex -0.121476037852 0.0932118422369 0.0387717423852
  endloop
 endfacet
 facet normal -0.380486146288 0.333677394789 -0.862490399187
  outer loop
   vertex -0.0965 0.0965 0.0290257179844
   vertex -0.121476037852 0.0932118422369 0.0387717423852
   vertex -0.108270206672 0.108270206672 0.0387717423852
  endloop
 endfacet
 facet normal -0.420784674333 0.281159330553 -0.862490399187
  outer loop
   vertex -0.108270206672 0.0830786515733 0.0290257179844
   vertex -0.118187880089 0.0682358043845 0.0290257179844
   vertex -0.132603380346 0.0765585973381 0.0387717423852
  endloop
 endfacet
 facet normal -0.420784674333 0.281159330553 -0.862490399187
  outer loop
   vertex -0.108270206672 0.0830786515733 0.0290257179844
   vertex -0.132603380346 0.0765585973381 0.0387717423852
   vertex -0.121476037852 0.0932118422369 0.0387717423852
  endloop
 endfacet
 facet normal -0.453883459936 0.223830552219 -0.862490399187
  outer loop
   vertex -0.118187880089 0.0682358043845 0.0290257179844
   vertex -0.126083326111 0.0522254236641 0.0290257179844
   vertex -0.141461842237 0.0585954136128 0.0387717423852
  endloop
 endfacet
 facet normal -0.453883459936 0.223830552219 -0.862490399187
  outer loop
   vertex -0.118187880089 0.0682358043845 0.0290257179844
   vertex -0.141461842237 0.0585954136128 0.0387717423852
   vertex -0.132603380346 0.0765585973381 0.0387717423852
  endloop
 endfacet
 facet normal -0.4792161737 0.162671971079 -0.862490399187
  outer loop
   vertex -0.126083326111 0.0522254236641 0.0290257179844
   vertex -0.131821451465 0.0353214514652 0.0290257179844
   vertex -0.147899852787 0.0396296461149 0.0387717423852
  endloop
 endfacet
 facet normal -0.4792161737 0.162671971079 -0.862490399187
  outer loop
   vertex -0.126083326111 0.0522254236641 0.0290257179844
   vertex -0.147899852787 0.0396296461149 0.0387717423852
   vertex -0.141461842237 0.0585954136128 0.0387717423852
  endloop
 endfacet
 facet normal -0.496349365868 0.0987300274122 -0.862490399187
  outer loop
   vertex -0.131821451465 0.0353214514652 0.0290257179844
   vertex -0.135304075237 0.0178131194388 0.0290257179844
   vertex -0.15180725585 0.0199858043845 0.0387717423852
  endloop
 endfacet
 facet normal -0.496349365868 0.0987300274122 -0.862490399187
  outer loop
   vertex -0.131821451465 0.0353214514652 0.0290257179844
   vertex -0.15180725585 0.0199858043845 0.0387717423852
   vertex -0.147899852787 0.0396296461149 0.0387717423852
  endloop
 endfacet
 facet normal -0.504989882772 0.0330987856035 -0.862490399187
  outer loop
   vertex -0.135304075237 0.0178131194388 0.0290257179844
   vertex -0.136471608769 1.67129518853e-17 0.0290257179844
   vertex -0.153117194676 1.87514482355e-17 0.0387717423852
  endloop
 endfacet
 facet normal -0.504989882772 0.0330987856035 -0.862490399187
  outer loop
   vertex -0.135304075237 0.0178131194388 0.0290257179844
   vertex -0.153117194676 1.87514482355e-17 0.0387717423852
   vertex -0.15180725585 0.0199858043845 0.0387717423852
  endloop
 endfacet
 facet normal -0.504989882772 -0.0330987856035 -0.862490399187
  outer loop
   vertex -0.136471608769 1.67129518853e-17 0.0290257179844
   vertex -0.135304075237 -0.0178131194388 0.0290257179844
   vertex -0.15180725585 -0.0199858043845 0.0387717423852
  endloop
 endfacet
 facet normal -0.504989882772 -0.0330987856035 -0.862490399187
  outer loop
   vertex -0.136471608769 1.67129518853e-17 0.0290257179844
   vertex -0.15180725585 -0.0199858043845 0.0387717423852
   vertex -0.153117194676 1.87514482355e-17 0.0387717423852
  endloop
 endfacet
 facet normal -0.496349365868 -0.0987300274122 -0.862490399187
  outer loop
   vertex -0.135304075237 -0.0178131194388 0.0290257179844
   vertex -0.131821451465 -0.0353214514652 0.0290257179844
   vertex -0.147899852787 -0.0396296461149 0.0387717423852
  endloop
 endfacet
 facet normal -0.496349365868 -0.0987300274122 -0.862490399187
  outer loop
   vertex -0.135304075237 -0.0178131194388 0.0290257179844
   vertex -0.147899852787 -0.0396296461149 0.0387717423852
   vertex -0.15180725585 -0.0199858043845 0.0387717423852
  endloop
 endfacet
 facet normal -0.4792161737 -0.162671971079 -0.862490399187
  outer loop
   vertex -0.131821451465 -0.0353214514652 0.0290257179844
   vertex -0.126083326111 -0.0522254236641 0.0290257179844
   vertex -0.141461842237 -0.0585954136128 0.0387717423852
  endloop
 endfacet
 facet normal -0.4792161737 -0.162671971079 -0.862490399187
  outer loop
   vertex -0.131821451465 -0.0353214514652 0.0290257179844
   vertex -0.141461842237 -0.0585954136128 0.0387717423852
   vertex -0.147899852787 -0.0396296461149 0.0387717423852
  endloop
 endfacet
 facet normal -0.453883459936 -0.223830552219 -0.862490399187
  outer loop
   vertex -0.126083326111 -0.0522254236641 0.0290257179844
   vertex -0.118187880089 -0.0682358043845 0.0290257179844
   vertex -0.132603380346 -0.0765585973381 0.0387717423852
  endloop
 endfacet
 facet normal -0.453883459936 -0.223830552219 -0.862490399187
  outer loop
   vertex -0.126083326111 -0.0522254236641 0.0290257179844
   vertex -0.132603380346 -0.0765585973381 0.0387717423852
   vertex -0.141461842237 -0.0585954136128 0.0387717423852
  endloop
 endfacet
 facet normal -0.420784674333 -0.281159330553 -0.862490399187
  outer loop
   vertex -0.118187880089 -0.0682358043845 0.0290257179844
   vertex -0.108270206672 -0.0830786515733 0.0290257179844
   vertex -0.121476037852 -0.0932118422369 0.0387717423852
  endloop
 endfacet
 facet normal -0.420784674333 -0.281159330553 -0.862490399187
  outer loop
   vertex -0.118187880089 -0.0682358043845 0.0290257179844
   vertex -0.121476037852 -0.0932118422369 0.0387717423852
   vertex -0.132603380346 -0.0765585973381 0.0387717423852
  endloop
 endfacet
 facet normal -0.380486146288 -0.333677394789 -0.862490399187
  outer loop
   vertex -0.108270206672 -0.0830786515733 0.0290257179844
   vertex -0.0965 -0.0965 0.0290257179844
   vertex -0.108270206672 -0.108270206672 0.0387717423852
  endloop
 endfacet
 facet normal -0.380486146288 -0.333677394789 -0.862490399187
  outer loop
   vertex -0.108270206672 -0.0830786515733 0.0290257179844
   vertex -0.108270206672 -0.108270206672 0.0387717423852
   vertex -0.121476037852 -0.0932118422369 0.0387717423852
  endloop
 endfacet
 facet normal -0.333677394789 -0.380486146288 -0.862490399187
  outer loop
   vertex -0.0965 -0.0965 0.0290257179844
   vertex -0.0830786515733 -0.108270206672 0.0290257179844
   vertex -0.0932118422369 -0.121476037852 0.0387717423852
  endloop
 endfacet
 facet normal -0.333677394789 -0.380486146288 -0.862490399187
  outer loop
   vertex -0.0965 -0.0965 0.0290257179844
   vertex -0.0932118422369 -0.121476037852 0.0387717423852
   vertex -0.108270206672 -0.108270206672 0.0387717423852
  endloop
 endfacet
 facet normal -0.281159330553 -0.420784674333 -0.862490399187
  outer loop
   vertex -0.0830786515733 -0.108270206672 0.0290257179844
   vertex -0.0682358043845 -0.118187880089 0.0290257179844
   vertex -0.0765585973381 -0.132603380346 0.0387717423852
  endloop
 endfacet
 facet normal -0.281159330553 -0.420784674333 -0.862490399187
  outer loop
   vertex -0.0830786515733 -0.108270206672 0.0290257179844
   vertex -0.0765585973381 -0.132603380346 0.0387717423852
   vertex -0.0932118422369 -0.121476037852 0.0387717423852
  endloop
 endfacet
 facet normal -0.223830552219 -0.453883459936 -0.862490399187
  outer loop
   vertex -0.0682358043845 -0.118187880089 0.0290257179844
   vertex -0.0522254236641 -0.126083326111 0.0290257179844
   vertex -0.0585954136128 -0.141461842237 0.0387717423852
  endloop
 endfacet
 facet normal -0.223830552219 -0.453883459936 -0.862490399187
  outer loop
   vertex -0.0682358043845 -0.118187880089 0.0290257179844
   vertex -0.0585954136128 -0.141461842237 0.0387717423852
   vertex -0.0765585973381 -0.132603380346 0.0387717423852
  endloop
 endfacet
 facet normal -0.162671971079 -0.4792161737 -0.862490399187
  outer loop
   vertex -0.0522254236641 -0.126083326111 0.0290257179844
   vertex -0.0353214514652 -0.131821451465 0.0290257179844
   vertex -0.0396296461149 -0.147899852787 0.0387717423852
  endloop
 endfacet
 facet normal -0.162671971079 -0.4792161737 -0.862490399187
  outer loop
   vertex -0.0522254236641 -0.126083326111 0.0290257179844
   vertex -0.0396296461149 -0.147899852787 0.0387717423852
   vertex -0.0585954136128 -0.141461842237 0.0387717423852
  endloop
 endfacet
 facet normal -0.0987300274122 -0.496349365868 -0.862490399187
  outer loop
   vertex -0.0353214514652 -0.131821451465 0.0290257179844
   vertex -0.0178131194388 -0.135304075237 0.0290257179844
   vertex -0.0199858043845 -0.15180725585 0.0387717423852
  endloop
 endfacet
 facet normal -0.0987300274122 -0.496349365868 -0.862490399187
  outer loop
   vertex -0.0353214514652 -0.131821451465 0.0290257179844
   vertex -0.0199858043845 -0.15180725585 0.0387717423852
   vertex -0.0396296461149 -0.147899852787 0.0387717423852
  endloop
 endfacet
 facet normal -0.0330987856035 -0.504989882772 -0.862490399187
  outer loop
   vertex -0.0178131194388 -0.135304075237 0.0290257179844
   vertex -2.5069427828e-17 -0.136471608769 0.0290257179844
   vertex -2.81271723532e-17 -0.153117194676 0.0387717423852
  endloop
 endfacet
 facet normal -0.0330987856035 -0.504989882772 -0.862490399187
  outer loop
   vertex -0.0178131194388 -0.135304075237 0.0290257179844
   vertex -2.81271723532e-17 -0.153117194676 0.0387717423852
   vertex -0.0199858043845 -0.15180725585 0.0387717423852
  endloop
 endfacet
 facet normal 0.0330987856035 -0.504989882772 -0.862490399187
  outer loop
   vertex -2.5069427828e-17 -0.136471608769 0.0290257179844
   vertex 0.0178131194388 -0.135304075237 0.0290257179844
   vertex 0.0199858043845 -0.15180725585 0.0387717423852
  endloop
 endfacet
 facet normal 0.0330987856035 -0.504989882772 -0.862490399187
  outer loop
   vertex -2.5069427828e-17 -0.136471608769 0.0290257179844
   vertex 0.0199858043845 -0.15180725585 0.0387717423852
   vertex -2.81271723532e-17 -0.153117194676 0.0387717423852
  endloop
 endfacet
 facet normal 0.0987300274122 -0.496349365868 -0.862490399187
  outer loop
   vertex 0.0178131194388 -0.135304075237 0.0290257179844
   vertex 0.0353214514652 -0.131821451465 0.0290257179844
   vertex 0.0396296461149 -0.147899852787 0.0387717423852
  endloop
 endfacet
 facet normal 0.0987300274122 -0.496349365868 -0.862490399187
  outer loop
   vertex 0.0178131194388 -0.135304075237 0.0290257179844
   vertex 0.0396296461149 -0.147899852787 0.0387717423852
   vertex 0.0199858043845 -0.15180725585 0.0387717423852
  endloop
 endfacet
 facet normal 0.162671971079 -0.4792161737 -0.862490399187
  outer loop
   vertex 0.0353214514652 -0.131821451465 0.0290257179844
   vertex 0.0522254236641 -0.126083326111 0.0290257179844
   vertex 0.0585954136128 -0.141461842237 0.0387717423852
  endloop
 endfacet
 facet normal 0.162671971079 -0.4792161737 -0.862490399187
  outer loop
   vertex 0.0353214514652 -0.131821451465 0.0290257179844
   vertex 0.0585954136128 -0.141461842237 0.0387717423852
   vertex 0.0396296461149 -0.147899852787 0.0387717423852
  endloop
 endfacet
 facet normal 0.223830552219 -0.453883459936 -0.862490399187
  outer loop
   vertex 0.0522254236641 -0.126083326111 0.0290257179844
   vertex 0.0682358043845 -0.118187880089 0.0290257179844
   vertex 0.0765585973381 -0.132603380346 0.0387717423852
  endloop
 endfacet
 facet normal 0.223830552219 -0.453883459936 -0.862490399187
  outer loop
   vertex 0.0522254236641 -0.126083326111 0.0290257179844
   vertex 0.0765585973381 -0.132603380346 0.0387717423852
   vertex 0.0585954136128 -0.141461842237 0.0387717423852
  endloop
 endfacet
 facet normal 0.281159330553 -0.420784674333 -0.862490399187
  outer loop
   vertex 0.0682358043845 -0.118187880089 0.0290257179844
   vertex 0.0830786515733 -0.108270206672 0.0290257179844
   vertex 0.0932118422369 -0.121476037852 0.0387717423852
  endloop
 endfacet
 facet normal 0.281159330553 -0.420784674333 -0.862490399187
  outer loop
   vertex 0.0682358043845 -0.118187880089 0.0290257179844
   vertex 0.0932118422369 -0.121476037852 0.0387717423852
   vertex 0.0765585973381 -0.132603380346 0.0387717423852
  endloop
 endfacet
 facet normal 0.333677394789 -0.380486146288 -0.862490399187
  outer loop
   vertex 0.0830786515733 -0.108270206672 0.0290257179844
   vertex 0.0965 -0.0965 0.0290257179844
   vertex 0.108270206672 -0.108270206672 0.0387717423852
  endloop
 endfacet
 facet normal 0.333677394789 -0.380486146288 -0.862490399187
  outer loop
   vertex 0.0830786515733 -0.108270206672 0.0290257179844
   vertex 0.108270206672 -0.108270206672 0.0387717423852
   vertex 0.0932118422369 -0.121476037852 0.0387717423852
  endloop
 endfacet
 facet normal 0.380486146288 -0.333677394789 -0.862490399187
  outer loop
   vertex 0.0965 -0.0965 0.0290257179844
   vertex 0.108270206672 -0.0830786515733 0.0290257179844
   vertex 0.121476037852 -0.0932118422369 0.0387717423852
  endloop
 endfacet
 facet normal 0.380486146288 -0.333677394789 -0.862490399187
  outer loop
   vertex 0.0965 -0.0965 0.0290257179844
   vertex 0.121476037852 -0.0932118422369 0.0387717423852
   vertex 0.108270206672 -0.108270206672 0.0387717423852
  endloop
 endfacet
 facet normal 0.420784674333 -0.281159330553 -0.862490399187
  outer loop
   vertex 0.108270206672 -0.0830786515733 0.0290257179844
   vertex 0.118187880089 -0.0682358043845 0.0290257179844
   vertex 0.132603380346 -0.0765585973381 0.0387717423852
  endloop
 endfacet
 facet normal 0.420784674333 -0.281159330553 -0.862490399187
  outer loop
   vertex 0.108270206672 -0.0830786515733 0.0290257179844
   vertex 0.132603380346 -0.0765585973381 0.0387717423852
   vertex 0.121476037852 -0.0932118422369 0.0387717423852
  endloop
 endfacet
 facet normal 0.453883459936 -0.223830552219 -0.862490399187
  outer loop
   vertex 0.118187880089 -0.0682358043845 0.0290257179844
   vertex 0.126083326111 -0.0522254236641 0.0290257179844
   vertex 0.141461842237 -0.0585954136128 0.0387717423852
  endloop
 endfacet
 facet normal 0.453883459936 -0.223830552219 -0.862490399187
  outer loop
   vertex 0.118187880089 -0.0682358043845 0.0290257179844
   vertex 0.141461842237 -0.0585954136128 0.0387717423852
   vertex 0.132603380346 -0.0765585973381 0.0387717423852
  endloop
 endfacet
 facet normal 0.4792161737 -0.162671971079 -0.862490399187
  outer loop
   vertex 0.126083326111 -0.0522254236641 0.0290257179844
   vertex 0.131821451465 -0.0353214514652 0.0290257179844
   vertex 0.147899852787 -0.0396296461149 0.0387717423852
  endloop
 endfacet
 facet normal 0.4792161737 -0.162671971079 -0.862490399187
  outer loop
   vertex 0.126083326111 -0.0522254236641 0.0290257179844
   vertex 0.147899852787 -0.0396296461149 0.0387717423852
   vertex 0.141461842237 -0.0585954136128 0.0387717423852
  endloop
 endfacet
 facet normal 0.496349365868 -0.0987300274122 -0.862490399187
  outer loop
   vertex 0.131821451465 -0.0353214514652 0.0290257179844
   vertex 0.135304075237 -0.0178131194388 0.0290257179844
   vertex 0.15180725585 -0.0199858043845 0.0387717423852
  endloop
 endfacet
 facet normal 0.496349365868 -0.0987300274122 -0.862490399187
  outer loop
   vertex 0.131821451465 -0.0353214514652 0.0290257179844
   vertex 0.15180725585 -0.0199858043845 0.0387717423852
   vertex 0.147899852787 -0.0396296461149 0.0387717423852
  endloop
 endfacet
 facet normal 0.504989882772 -0.0330987856035 -0.862490399187
  outer loop
   vertex 0.135304075237 -0.0178131194388 0.0290257179844
   vertex 0.136471608769 0 0.0290257179844
   vertex 0.153117194676 0 0.0387717423852
  endloop
 endfacet
 facet normal 0.504989882772 -0.0330987856035 -0.862490399187
  outer loop
   vertex 0.135304075237 -0.0178131194388 0.0290257179844
   vertex 0.153117194676 0 0.0387717423852
   vertex 0.15180725585 -0.0199858043845 0.0387717423852
  endloop
 endfacet
 facet normal 0.608843564957 0.03990571556 -0.792285963069
  outer loop
   vertex 0.153117194676 0 0.0387717423852
   vertex 0.15180725585 0.0199858043845 0.0387717423852
   vertex 0.165712972225 0.0218165266761 0.04955
  endloop
 endfacet
 facet normal 0.608843564957 0.03990571556 -0.792285963069
  outer loop
   vertex 0.153117194676 0 0.0387717423852
   vertex 0.165712972225 0.0218165266761 0.04955
   vertex 0.16714290293 0 0.04955
  endloop
 endfacet
 facet normal 0.598426082757 0.119034348823 -0.792285963069
  outer loop
   vertex 0.15180725585 0.0199858043845 0.0387717423852
   vertex 0.147899852787 0.0396296461149 0.0387717423852
   vertex 0.161447646621 0.0432597665321 0.04955
  endloop
 endfacet
 facet normal 0.598426082757 0.119034348823 -0.792285963069
  outer loop
   vertex 0.15180725585 0.0199858043845 0.0387717423852
   vertex 0.161447646621 0.0432597665321 0.04955
   vertex 0.165712972225 0.0218165266761 0.04955
  endloop
 endfacet
 facet normal 0.577769364366 0.196126271375 -0.792285963069
  outer loop
   vertex 0.147899852787 0.0396296461149 0.0387717423852
   vertex 0.141461842237 0.0585954136128 0.0387717423852
   vertex 0.154419907022 0.0639628197889 0.04955
  endloop
 endfacet
 facet normal 0.577769364366 0.196126271375 -0.792285963069
  outer loop
   vertex 0.147899852787 0.0396296461149 0.0387717423852
   vertex 0.154419907022 0.0639628197889 0.04955
   vertex 0.161447646621 0.0432597665321 0.04955
  endloop
 endfacet
 facet normal 0.547226851963 0.269862419047 -0.792285963069
  outer loop
   vertex 0.141461842237 0.0585954136128 0.0387717423852
   vertex 0.132603380346 0.0765585973381 0.0387717423852
   vertex 0.14475 0.0835714514652 0.04955
  endloop
 endfacet
 facet normal 0.547226851963 0.269862419047 -0.792285963069
  outer loop
   vertex 0.141461842237 0.0585954136128 0.0387717423852
   vertex 0.14475 0.0835714514652 0.04955
   vertex 0.154419907022 0.0639628197889 0.04955
  endloop
 endfacet
 facet normal 0.507321136403 0.33898114591 -0.792285963069
  outer loop
   vertex 0.132603380346 0.0765585973381 0.0387717423852
   vertex 0.121476037852 0.0932118422369 0.0387717423852
   vertex 0.132603380346 0.101750152437 0.04955
  endloop
 endfacet
 facet normal 0.507321136403 0.33898114591 -0.792285963069
  outer loop
   vertex 0.132603380346 0.0765585973381 0.0387717423852
   vertex 0.132603380346 0.101750152437 0.04955
   vertex 0.14475 0.0835714514652 0.04955
  endloop
 endfacet
 facet normal 0.458735015543 0.402299811382 -0.792285963069
  outer loop
   vertex 0.121476037852 0.0932118422369 0.0387717423852
   vertex 0.108270206672 0.108270206672 0.0387717423852
   vertex 0.118187880089 0.118187880089 0.04955
  endloop
 endfacet
 facet normal 0.458735015543 0.402299811382 -0.792285963069
  outer loop
   vertex 0.121476037852 0.0932118422369 0.0387717423852
   vertex 0.118187880089 0.118187880089 0.04955
   vertex 0.132603380346 0.101750152437 0.04955
  endloop
 endfacet
 facet normal 0.402299811382 0.458735015543 -0.792285963069
  outer loop
   vertex 0.108270206672 0.108270206672 0.0387717423852
   vertex 0.0932118422369 0.121476037852 0.0387717423852
   vertex 0.101750152437 0.132603380346 0.04955
  endloop
 endfacet
 facet normal 0.402299811382 0.458735015543 -0.792285963069
  outer loop
   vertex 0.108270206672 0.108270206672 0.0387717423852
   vertex 0.101750152437 0.132603380346 0.04955
   vertex 0.118187880089 0.118187880089 0.04955
  endloop
 endfacet
 facet normal 0.33898114591 0.507321136403 -0.792285963069
  outer loop
   vertex 0.0932118422369 0.121476037852 0.0387717423852
   vertex 0.0765585973381 0.132603380346 0.0387717423852
   vertex 0.0835714514652 0.14475 0.04955
  endloop
 endfacet
 facet normal 0.33898114591 0.507321136403 -0.792285963069
  outer loop
   vertex 0.0932118422369 0.121476037852 0.0387717423852
   vertex 0.0835714514652 0.14475 0.04955
   vertex 0.101750152437 0.132603380346 0.04955
  endloop
 endfacet
 facet normal 0.269862419047 0.547226851963 -0.792285963069
  outer loop
   vertex 0.0765585973381 0.132603380346 0.0387717423852
   vertex 0.0585954136128 0.141461842237 0.0387717423852
   vertex 0.0639628197889 0.154419907022 0.04955
  endloop
 endfacet
 facet normal 0.269862419047 0.547226851963 -0.792285963069
  outer loop
   vertex 0.0765585973381 0.132603380346 0.0387717423852
   vertex 0.0639628197889 0.154419907022 0.04955
   vertex 0.0835714514652 0.14475 0.04955
  endloop
 endfacet
 facet normal 0.196126271375 0.577769364366 -0.792285963069
  outer loop
   vertex 0.0585954136128 0.141461842237 0.0387717423852
   vertex 0.0396296461149 0.147899852787 0.0387717423852
   vertex 0.0432597665321 0.161447646621 0.04955
  endloop
 endfacet
 facet normal 0.196126271375 0.577769364366 -0.792285963069
  outer loop
   vertex 0.0585954136128 0.141461842237 0.0387717423852
   vertex 0.0432597665321 0.161447646621 0.04955
   vertex 0.0639628197889 0.154419907022 0.04955
  endloop
 endfacet
 facet normal 0.119034348823 0.598426082757 -0.792285963069
  outer loop
   vertex 0.0396296461149 0.147899852787 0.0387717423852
   vertex 0.0199858043845 0.15180725585 0.0387717423852
   vertex 0.0218165266761 0.165712972225 0.04955
  endloop
 endfacet
 facet normal 0.119034348823 0.598426082757 -0.792285963069
  outer loop
   vertex 0.0396296461149 0.147899852787 0.0387717423852
   vertex 0.0218165266761 0.165712972225 0.04955
   vertex 0.0432597665321 0.161447646621 0.04955
  endloop
 endfacet
 facet normal 0.03990571556 0.608843564957 -0.792285963069
  outer loop
   vertex 0.0199858043845 0.15180725585 0.0387717423852
   vertex 9.37572411773e-18 0.153117194676 0.0387717423852
   vertex 1.02345510537e-17 0.16714290293 0.04955
  endloop
 endfacet
 facet normal 0.03990571556 0.608843564957 -0.792285963069
  outer loop
   vertex 0.0199858043845 0.15180725585 0.0387717423852
   vertex 1.02345510537e-17 0.16714290293 0.04955
   vertex 0.0218165266761 0.165712972225 0.04955
  endloop
 endfacet
 facet normal -0.03990571556 0.608843564957 -0.792285963069
  outer loop
   vertex 9.37572411773e-18 0.153117194676 0.0387717423852
   vertex -0.0199858043845 0.15180725585 0.0387717423852
   vertex -0.0218165266761 0.165712972225 0.04955
  endloop
 endfacet
 facet normal -0.03990571556 0.608843564957 -0.792285963069
  outer loop
   vertex 9.37572411773e-18 0.153117194676 0.0387717423852
   vertex -0.0218165266761 0.165712972225 0.04955
   vertex 1.02345510537e-17 0.16714290293 0.04955
  endloop
 endfacet
 facet normal -0.119034348823 0.598426082757 -0.792285963069
  outer loop
   vertex -0.0199858043845 0.15180725585 0.0387717423852
   vertex -0.0396296461149 0.147899852787 0.0387717423852
   vertex -0.0432597665321 0.161447646621 0.04955
  endloop
 endfacet
 facet normal -0.119034348823 0.598426082757 -0.792285963069
  outer loop
   vertex -0.0199858043845 0.15180725585 0.0387717423852
   vertex -0.0432597665321 0.161447646621 0.04955
   vertex -0.0218165266761 0.165712972225 0.04955
  endloop
 endfacet
 facet normal -0.196126271375 0.577769364366 -0.792285963069
  outer loop
   vertex -0.0396296461149 0.147899852787 0.0387717423852
   vertex -0.0585954136128 0.141461842237 0.0387717423852
   vertex -0.0639628197889 0.154419907022 0.04955
  endloop
 endfacet
 facet normal -0.196126271375 0.577769364366 -0.792285963069
  outer loop
   vertex -0.0396296461149 0.147899852787 0.0387717423852
   vertex -0.0639628197889 0.154419907022 0.04955
   vertex -0.0432597665321 0.161447646621 0.04955
  endloop
 endfacet
 facet normal -0.269862419047 0.547226851963 -0.792285963069
  outer loop
   vertex -0.0585954136128 0.141461842237 0.0387717423852
   vertex -0.0765585973381 0.132603380346 0.0387717423852
   vertex -0.0835714514652 0.14475 0.04955
  endloop
 endfacet
 facet normal -0.269862419047 0.547226851963 -0.792285963069
  outer loop
   vertex -0.0585954136128 0.141461842237 0.0387717423852
   vertex -0.0835714514652 0.14475 0.04955
   vertex -0.0639628197889 0.154419907022 0.04955
  endloop
 endfacet
 facet normal -0.33898114591 0.507321136403 -0.792285963069
  outer loop
   vertex -0.0765585973381 0.132603380346 0.0387717423852
   vertex -0.0932118422369 0.121476037852 0.0387717423852
   vertex -0.101750152437 0.132603380346 0.04955
  endloop
 endfacet
 facet normal -0.33898114591 0.507321136403 -0.792285963069
  outer loop
   vertex -0.0765585973381 0.132603380346 0.0387717423852
   vertex -0.101750152437 0.132603380346 0.04955
   vertex -0.0835714514652 0.14475 0.04955
  endloop
 endfacet
 facet normal -0.402299811382 0.458735015543 -0.792285963069
  outer loop
   vertex -0.0932118422369 0.121476037852 0.0387717423852
   vertex -0.108270206672 0.108270206672 0.0387717423852
   vertex -0.118187880089 0.118187880089 0.04955
  endloop
 endfacet
 facet normal -0.402299811382 0.458735015543 -0.792285963069
  outer loop
   vertex -0.0932118422369 0.121476037852 0.0387717423852
   vertex -0.118187880089 0.118187880089 0.04955
   vertex -0.101750152437 0.132603380346 0.04955
  endloop
 endfacet
 facet normal -0.458735015543 0.402299811382 -0.792285963069
  outer loop
   vertex -0.108270206672 0.108270206672 0.0387717423852
   vertex -0.121476037852 0.0932118422369 0.0387717423852
   vertex -0.132603380346 0.101750152437 0.04955
  endloop
 endfacet
 facet normal -0.458735015543 0.402299811382 -0.792285963069
  outer loop
   vertex -0.108270206672 0.108270206672 0.0387717423852
   vertex -0.132603380346 0.101750152437 0.04955
   vertex -0.118187880089 0.118187880089 0.04955
  endloop
 endfacet
 facet normal -0.507321136403 0.33898114591 -0.792285963069
  outer loop
   vertex -0.121476037852 0.0932118422369 0.0387717423852
   vertex -0.132603380346 0.0765585973381 0.0387717423852
   vertex -0.14475 0.0835714514652 0.04955
  endloop
 endfacet
 facet normal -0.507321136403 0.33898114591 -0.792285963069
  outer loop
   vertex -0.121476037852 0.0932118422369 0.0387717423852
   vertex -0.14475 0.0835714514652 0.04955
   vertex -0.132603380346 0.101750152437 0.04955
  endloop
 endfacet
 facet normal -0.547226851963 0.269862419047 -0.792285963069
  outer loop
   vertex -0.132603380346 0.0765585973381 0.0387717423852
   vertex -0.141461842237 0.0585954136128 0.0387717423852
   vertex -0.154419907022 0.0639628197889 0.04955
  endloop
 endfacet
 facet normal -0.547226851963 0.269862419047 -0.792285963069
  outer loop
   vertex -0.132603380346 0.0765585973381 0.0387717423852
   vertex -0.154419907022 0.0639628197889 0.04955
   vertex -0.14475 0.0835714514652 0.04955
  endloop
 endfacet
 facet normal -0.577769364366 0.196126271375 -0.792285963069
  outer loop
   vertex -0.141461842237 0.0585954136128 0.0387717423852
   vertex -0.147899852787 0.0396296461149 0.0387717423852
   vertex -0.161447646621 0.0432597665321 0.04955
  endloop
 endfacet
 facet normal -0.577769364366 0.196126271375 -0.792285963069
  outer loop
   vertex -0.141461842237 0.0585954136128 0.0387717423852
   vertex -0.161447646621 0.0432597665321 0.04955
   vertex -0.154419907022 0.0639628197889 0.04955
  endloop
 endfacet
 facet normal -0.598426082757 0.119034348823 -0.792285963069
  outer loop
   vertex -0.147899852787 0.0396296461149 0.0387717423852
   vertex -0.15180725585 0.0199858043845 0.0387717423852
   vertex -0.165712972225 0.0218165266761 0.04955
  endloop
 endfacet
 facet normal -0.598426082757 0.119034348823 -0.792285963069
  outer loop
   vertex -0.147899852787 0.0396296461149 0.0387717423852
   vertex -0.165712972225 0.0218165266761 0.04955
   vertex -0.161447646621 0.0432597665321 0.04955
  endloop
 endfacet
 facet normal -0.608843564957 0.03990571556 -0.792285963069
  outer loop
   vertex -0.15180725585 0.0199858043845 0.0387717423852
   vertex -0.153117194676 1.87514482355e-17 0.0387717423852
   vertex -0.16714290293 2.04691021074e-17 0.04955
  endloop
 endfacet
 facet normal -0.608843564957 0.03990571556 -0.792285963069
  outer loop
   vertex -0.15180725585 0.0199858043845 0.0387717423852
   vertex -0.16714290293 2.04691021074e-17 0.04955
   vertex -0.165712972225 0.0218165266761 0.04955
  endloop
 endfacet
 facet normal -0.608843564957 -0.03990571556 -0.792285963069
  outer loop
   vertex -0.153117194676 1.87514482355e-17 0.0387717423852
   vertex -0.15180725585 -0.0199858043845 0.0387717423852
   vertex -0.165712972225 -0.0218165266761 0.04955
  endloop
 endfacet
 facet normal -0.608843564957 -0.03990571556 -0.792285963069
  outer loop
   vertex -0.153117194676 1.87514482355e-17 0.0387717423852
   vertex -0.165712972225 -0.0218165266761 0.04955
   vertex -0.16714290293 2.04691021074e-17 0.04955
  endloop
 endfacet
 facet normal -0.598426082757 -0.119034348823 -0.792285963069
  outer loop
   vertex -0.15180725585 -0.0199858043845 0.0387717423852
   vertex -0.147899852787 -0.0396296461149 0.0387717423852
   vertex -0.161447646621 -0.0432597665321 0.04955
  endloop
 endfacet
 facet normal -0.598426082757 -0.119034348823 -0.792285963069
  outer loop
   vertex -0.15180725585 -0.0199858043845 0.0387717423852
   vertex -0.161447646621 -0.0432597665321 0.04955
   vertex -0.165712972225 -0.0218165266761 0.04955
  endloop
 endfacet
 facet normal -0.577769364366 -0.196126271375 -0.792285963069
  outer loop
   vertex -0.147899852787 -0.0396296461149 0.0387717423852
   vertex -0.141461842237 -0.0585954136128 0.0387717423852
   vertex -0.154419907022 -0.0639628197889 0.04955
  endloop
 endfacet
 facet normal -0.577769364366 -0.196126271375 -0.792285963069
  outer loop
   vertex -0.147899852787 -0.0396296461149 0.0387717423852
   vertex -0.154419907022 -0.0639628197889 0.04955
   vertex -0.161447646621 -0.0432597665321 0.04955
  endloop
 endfacet
 facet normal -0.547226851963 -0.269862419047 -0.792285963069
  outer loop
   vertex -0.141461842237 -0.0585954136128 0.0387717423852
   vertex -0.132603380346 -0.0765585973381 0.0387717423852
   vertex -0.14475 -0.0835714514652 0.04955
  endloop
 endfacet
 facet normal -0.547226851963 -0.269862419047 -0.792285963069
  outer loop
   vertex -0.141461842237 -0.0585954136128 0.0387717423852
   vertex -0.14475 -0.0835714514652 0.04955
   vertex -0.154419907022 -0.0639628197889 0.04955
  endloop
 endfacet
 facet normal -0.507321136403 -0.33898114591 -0.792285963069
  outer loop
   vertex -0.132603380346 -0.0765585973381 0.0387717423852
   vertex -0.121476037852 -0.0932118422369 0.0387717423852
   vertex -0.132603380346 -0.101750152437 0.04955
  endloop
 endfacet
 facet normal -0.507321136403 -0.33898114591 -0.792285963069
  outer loop
   vertex -0.132603380346 -0.0765585973381 0.0387717423852
   vertex -0.132603380346 -0.101750152437 0.04955
   vertex -0.14475 -0.0835714514652 0.04955
  endloop
 endfacet
 facet normal -0.458735015543 -0.402299811382 -0.792285963069
  outer loop
   vertex -0.121476037852 -0.0932118422369 0.0387717423852
   vertex -0.108270206672 -0.108270206672 0.0387717423852
   vertex -0.118187880089 -0.118187880089 0.04955
  endloop
 endfacet
 facet normal -0.458735015543 -0.402299811382 -0.792285963069
  outer loop
   vertex -0.121476037852 -0.0932118422369 0.0387717423852
   vertex -0.118187880089 -0.118187880089 0.04955
   vertex -0.132603380346 -0.101750152437 0.04955
  endloop
 endfacet
 facet normal -0.402299811382 -0.458735015543 -0.792285963069
  outer loop
   vertex -0.108270206672 -0.108270206672 0.0387717423852
   vertex -0.0932118422369 -0.121476037852 0.0387717423852
   vertex -0.101750152437 -0.132603380346 0.04955
  endloop
 endfacet
 facet normal -0.402299811382 -0.458735015543 -0.792285963069
  outer loop
   vertex -0.108270206672 -0.108270206672 0.0387717423852
   vertex -0.101750152437 -0.132603380346 0.04955
   vertex -0.118187880089 -0.118187880089 0.04955
  endloop
 endfacet
 facet normal -0.33898114591 -0.507321136403 -0.792285963069
  outer loop
   vertex -0.0932118422369 -0.121476037852 0.0387717423852
   vertex -0.0765585973381 -0.132603380346 0.0387717423852
   vertex -0.0835714514652 -0.14475 0.04955
  endloop
 endfacet
 facet normal -0.33898114591 -0.507321136403 -0.792285963069
  outer loop
   vertex -0.0932118422369 -0.121476037852 0.0387717423852
   vertex -0.0835714514652 -0.14475 0.04955
   vertex -0.101750152437 -0.132603380346 0.04955
  endloop
 endfacet
 facet normal -0.269862419047 -0.547226851963 -0.792285963069
  outer loop
   vertex -0.0765585973381 -0.132603380346 0.0387717423852
   vertex -0.0585954136128 -0.141461842237 0.0387717423852
   vertex -0.0639628197889 -0.154419907022 0.04955
  endloop
 endfacet
 facet normal -0.269862419047 -0.547226851963 -0.792285963069
  outer loop
   vertex -0.0765585973381 -0.132603380346 0.0387717423852
   vertex -0.0639628197889 -0.154419907022 0.04955
   vertex -0.0835714514652 -0.14475 0.04955
  endloop
 endfacet
 facet normal -0.196126271375 -0.577769364366 -0.792285963069
  outer loop
   vertex -0.0585954136128 -0.141461842237 0.0387717423852
   vertex -0.0396296461149 -0.147899852787 0.0387717423852
   vertex -0.0432597665321 -0.161447646621 0.04955
  endloop
 endfacet
 facet normal -0.196126271375 -0.577769364366 -0.792285963069
  outer loop
   vertex -0.0585954136128 -0.141461842237 0.0387717423852
   vertex -0.0432597665321 -0.161447646621 0.04955
   vertex -0.0639628197889 -0.154419907022 0.04955
  endloop
 endfacet
 facet normal -0.119034348823 -0.598426082757 -0.792285963069
  outer loop
   vertex -0.0396296461149 -0.147899852787 0.0387717423852
   vertex -0.0199858043845 -0.15180725585 0.0387717423852
   vertex -0.0218165266761 -0.165712972225 0.04955
  endloop
 endfacet
 facet normal -0.119034348823 -0.598426082757 -0.792285963069
  outer loop
   vertex -0.0396296461149 -0.147899852787 0.0387717423852
   vertex -0.0218165266761 -0.165712972225 0.04955
   vertex -0.0432597665321 -0.161447646621 0.04955
  endloop
 endfacet
 facet normal -0.03990571556 -0.608843564957 -0.792285963069
  outer loop
   vertex -0.0199858043845 -0.15180725585 0.0387717423852
   vertex -2.81271723532e-17 -0.153117194676 0.0387717423852
   vertex -3.07036531611e-17 -0.16714290293 0.04955
  endloop
 endfacet
 facet normal -0.03990571556 -0.608843564957 -0.792285963069
  outer loop
   vertex -0.0199858043845 -0.15180725585 0.0387717423852
   vertex -3.07036531611e-17 -0.16714290293 0.04955
   vertex -0.0218165266761 -0.165712972225 0.04955
  endloop
 endfacet
 facet normal 0.03990571556 -0.608843564957 -0.792285963069
  outer loop
   vertex -2.81271723532e-17 -0.153117194676 0.0387717423852
   vertex 0.0199858043845 -0.15180725585 0.0387717423852
   vertex 0.0218165266761 -0.165712972225 0.04955
  endloop
 endfacet
 facet normal 0.03990571556 -0.608843564957 -0.792285963069
  outer loop
   vertex -2.81271723532e-17 -0.153117194676 0.0387717423852
   vertex 0.0218165266761 -0.165712972225 0.04955
   vertex -3.07036531611e-17 -0.16714290293 0.04955
  endloop
 endfacet
 facet normal 0.119034348823 -0.598426082757 -0.792285963069
  outer loop
   vertex 0.0199858043845 -0.15180725585 0.0387717423852
   vertex 0.0396296461149 -0.147899852787 0.0387717423852
   vertex 0.0432597665321 -0.161447646621 0.04955
  endloop
 endfacet
 facet normal 0.119034348823 -0.598426082757 -0.792285963069
  outer loop
   vertex 0.0199858043845 -0.15180725585 0.0387717423852
   vertex 0.0432597665321 -0.161447646621 0.04955
   vertex 0.0218165266761 -0.165712972225 0.04955
  endloop
 endfacet
 facet normal 0.196126271375 -0.577769364366 -0.792285963069
  outer loop
   vertex 0.0396296461149 -0.147899852787 0.0387717423852
   vertex 0.0585954136128 -0.141461842237 0.0387717423852
   vertex 0.0639628197889 -0.154419907022 0.04955
  endloop
 endfacet
 facet normal 0.196126271375 -0.577769364366 -0.792285963069
  outer loop
   vertex 0.0396296461149 -0.147899852787 0.0387717423852
   vertex 0.0639628197889 -0.154419907022 0.04955
   vertex 0.0432597665321 -0.161447646621 0.04955
  endloop
 endfacet
 facet normal 0.269862419047 -0.547226851963 -0.792285963069
  outer loop
   vertex 0.0585954136128 -0.141461842237 0.0387717423852
   vertex 0.0765585973381 -0.132603380346 0.0387717423852
   vertex 0.0835714514652 -0.14475 0.04955
  endloop
 endfacet
 facet normal 0.269862419047 -0.547226851963 -0.792285963069
  outer loop
   vertex 0.0585954136128 -0.141461842237 0.0387717423852
   vertex 0.0835714514652 -0.14475 0.04955
   vertex 0.0639628197889 -0.154419907022 0.04955
  endloop
 endfacet
 facet normal 0.33898114591 -0.507321136403 -0.792285963069
  outer loop
   vertex 0.0765585973381 -0.132603380346 0.0387717423852
   vertex 0.0932118422369 -0.121476037852 0.0387717423852
   vertex 0.101750152437 -0.132603380346 0.04955
  endloop
 endfacet
 facet normal 0.33898114591 -0.507321136403 -0.792285963069
  outer loop
   vertex 0.0765585973381 -0.132603380346 0.0387717423852
   vertex 0.101750152437 -0.132603380346 0.04955
   vertex 0.0835714514652 -0.14475 0.04955
  endloop
 endfacet
 facet normal 0.402299811382 -0.458735015543 -0.792285963069
  outer loop
   vertex 0.0932118422369 -0.121476037852 0.0387717423852
   vertex 0.108270206672 -0.108270206672 0.0387717423852
   vertex 0.118187880089 -0.118187880089 0.04955
  endloop
 endfacet
 facet normal 0.402299811382 -0.458735015543 -0.792285963069
  outer loop
   vertex 0.0932118422369 -0.121476037852 0.0387717423852
   vertex 0.118187880089 -0.118187880089 0.04955
   vertex 0.101750152437 -0.132603380346 0.04955
  endloop
 endfacet
 facet normal 0.458735015543 -0.402299811382 -0.792285963069
  outer loop
   vertex 0.108270206672 -0.108270206672 0.0387717423852
   vertex 0.121476037852 -0.0932118422369 0.0387717423852
   vertex 0.132603380346 -0.101750152437 0.04955
  endloop
 endfacet
 facet normal 0.458735015543 -0.402299811382 -0.792285963069
  outer loop
   vertex 0.108270206672 -0.108270206672 0.0387717423852
   vertex 0.132603380346 -0.101750152437 0.04955
   vertex 0.118187880089 -0.118187880089 0.04955
  endloop
 endfacet
 facet normal 0.507321136403 -0.33898114591 -0.792285963069
  outer loop
   vertex 0.121476037852 -0.0932118422369 0.0387717423852
   vertex 0.132603380346 -0.0765585973381 0.0387717423852
   vertex 0.14475 -0.0835714514652 0.04955
  endloop
 endfacet
 facet normal 0.507321136403 -0.33898114591 -0.792285963069
  outer loop
   vertex 0.121476037852 -0.0932118422369 0.0387717423852
   vertex 0.14475 -0.0835714514652 0.04955
   vertex 0.132603380346 -0.101750152437 0.04955
  endloop
 endfacet
 facet normal 0.547226851963 -0.269862419047 -0.792285963069
  outer loop
   vertex 0.132603380346 -0.0765585973381 0.0387717423852
   vertex 0.141461842237 -0.0585954136128 0.0387717423852
   vertex 0.154419907022 -0.0639628197889 0.04955
  endloop
 endfacet
 facet normal 0.547226851963 -0.269862419047 -0.792285963069
  outer loop
   vertex 0.132603380346 -0.0765585973381 0.0387717423852
   vertex 0.154419907022 -0.0639628197889 0.04955
   vertex 0.14475 -0.0835714514652 0.04955
  endloop
 endfacet
 facet normal 0.577769364366 -0.196126271375 -0.792285963069
  outer loop
   vertex 0.141461842237 -0.0585954136128 0.0387717423852
   vertex 0.147899852787 -0.0396296461149 0.0387717423852
   vertex 0.161447646621 -0.0432597665321 0.04955
  endloop
 endfacet
 facet normal 0.577769364366 -0.196126271375 -0.792285963069
  outer loop
   vertex 0.141461842237 -0.0585954136128 0.0387717423852
   vertex 0.161447646621 -0.0432597665321 0.04955
   vertex 0.154419907022 -0.0639628197889 0.04955
  endloop
 endfacet
 facet normal 0.598426082757 -0.119034348823 -0.792285963069
  outer loop
   vertex 0.147899852787 -0.0396296461149 0.0387717423852
   vertex 0.15180725585 -0.0199858043845 0.0387717423852
   vertex 0.165712972225 -0.0218165266761 0.04955
  endloop
 endfacet
 facet normal 0.598426082757 -0.119034348823 -0.792285963069
  outer loop
   vertex 0.147899852787 -0.0396296461149 0.0387717423852
   vertex 0.165712972225 -0.0218165266761 0.04955
   vertex 0.161447646621 -0.0432597665321 0.04955
  endloop
 endfacet
 facet normal 0.608843564957 -0.03990571556 -0.792285963069
  outer loop
   vertex 0.15180725585 -0.0199858043845 0.0387717423852
   vertex 0.153117194676 0 0.0387717423852
   vertex 0.16714290293 0 0.04955
  endloop
 endfacet
 facet normal 0.608843564957 -0.03990571556 -0.792285963069
  outer loop
   vertex 0.15180725585 -0.0199858043845 0.0387717423852
   vertex 0.16714290293 0 0.04955
   vertex 0.165712972225 -0.0218165266761 0.04955
  endloop
 endfacet
 facet normal 0.720433466467 0.0472197041203 -0.691914676775
  outer loop
   vertex 0.16714290293 0 0.04955
   vertex 0.165712972225 0.0218165266761 0.04955
   vertex 0.176783293702 0.0232739621476 0.0611760718526
  endloop
 endfacet
 facet normal 0.720433466467 0.0472197041203 -0.691914676775
  outer loop
   vertex 0.16714290293 0 0.04955
   vertex 0.176783293702 0.0232739621476 0.0611760718526
   vertex 0.178308749775 0 0.0611760718526
  endloop
 endfacet
 facet normal 0.708106650114 0.140851170131 -0.691914676775
  outer loop
   vertex 0.165712972225 0.0218165266761 0.04955
   vertex 0.161447646621 0.0432597665321 0.04955
   vertex 0.172233026461 0.0461497003501 0.0611760718526
  endloop
 endfacet
 facet normal 0.708106650114 0.140851170131 -0.691914676775
  outer loop
   vertex 0.165712972225 0.0218165266761 0.04955
   vertex 0.172233026461 0.0461497003501 0.0611760718526
   vertex 0.176783293702 0.0232739621476 0.0611760718526
  endloop
 endfacet
 facet normal 0.683663932653 0.23207263357 -0.691914676775
  outer loop
   vertex 0.161447646621 0.0432597665321 0.04955
   vertex 0.154419907022 0.0639628197889 0.04955
   vertex 0.164735804385 0.0682358043845 0.0611760718526
  endloop
 endfacet
 facet normal 0.683663932653 0.23207263357 -0.691914676775
  outer loop
   vertex 0.161447646621 0.0432597665321 0.04955
   vertex 0.164735804385 0.0682358043845 0.0611760718526
   vertex 0.172233026461 0.0461497003501 0.0611760718526
  endloop
 endfacet
 facet normal 0.647523535757 0.319323269906 -0.691914676775
  outer loop
   vertex 0.154419907022 0.0639628197889 0.04955
   vertex 0.14475 0.0835714514652 0.04955
   vertex 0.154419907022 0.0891543748873 0.0611760718526
  endloop
 endfacet
 facet normal 0.647523535757 0.319323269906 -0.691914676775
  outer loop
   vertex 0.154419907022 0.0639628197889 0.04955
   vertex 0.154419907022 0.0891543748873 0.0611760718526
   vertex 0.164735804385 0.0682358043845 0.0611760718526
  endloop
 endfacet
 facet normal 0.600303831637 0.401110196561 -0.691914676775
  outer loop
   vertex 0.14475 0.0835714514652 0.04955
   vertex 0.132603380346 0.101750152437 0.04955
   vertex 0.141461842237 0.108547489318 0.0611760718526
  endloop
 endfacet
 facet normal 0.600303831637 0.401110196561 -0.691914676775
  outer loop
   vertex 0.14475 0.0835714514652 0.04955
   vertex 0.141461842237 0.108547489318 0.0611760718526
   vertex 0.154419907022 0.0891543748873 0.0611760718526
  endloop
 endfacet
 facet normal 0.542812762522 0.476034016544 -0.691914676775
  outer loop
   vertex 0.132603380346 0.101750152437 0.04955
   vertex 0.118187880089 0.118187880089 0.04955
   vertex 0.126083326111 0.126083326111 0.0611760718526
  endloop
 endfacet
 facet normal 0.542812762522 0.476034016544 -0.691914676775
  outer loop
   vertex 0.132603380346 0.101750152437 0.04955
   vertex 0.126083326111 0.126083326111 0.0611760718526
   vertex 0.141461842237 0.108547489318 0.0611760718526
  endloop
 endfacet
 facet normal 0.476034016544 0.542812762522 -0.691914676775
  outer loop
   vertex 0.118187880089 0.118187880089 0.04955
   vertex 0.101750152437 0.132603380346 0.04955
   vertex 0.108547489318 0.141461842237 0.0611760718526
  endloop
 endfacet
 facet normal 0.476034016544 0.542812762522 -0.691914676775
  outer loop
   vertex 0.118187880089 0.118187880089 0.04955
   vertex 0.108547489318 0.141461842237 0.0611760718526
   vertex 0.126083326111 0.126083326111 0.0611760718526
  endloop
 endfacet
 facet normal 0.401110196561 0.600303831637 -0.691914676775
  outer loop
   vertex 0.101750152437 0.132603380346 0.04955
   vertex 0.0835714514652 0.14475 0.04955
   vertex 0.0891543748873 0.154419907022 0.0611760718526
  endloop
 endfacet
 facet normal 0.401110196561 0.600303831637 -0.691914676775
  outer loop
   vertex 0.101750152437 0.132603380346 0.04955
   vertex 0.0891543748873 0.154419907022 0.0611760718526
   vertex 0.108547489318 0.141461842237 0.0611760718526
  endloop
 endfacet
 facet normal 0.319323269906 0.647523535757 -0.691914676775
  outer loop
   vertex 0.0835714514652 0.14475 0.04955
   vertex 0.0639628197889 0.154419907022 0.04955
   vertex 0.0682358043845 0.164735804385 0.0611760718526
  endloop
 endfacet
 facet normal 0.319323269906 0.647523535757 -0.691914676775
  outer loop
   vertex 0.0835714514652 0.14475 0.04955
   vertex 0.0682358043845 0.164735804385 0.0611760718526
   vertex 0.0891543748873 0.154419907022 0.0611760718526
  endloop
 endfacet
 facet normal 0.23207263357 0.683663932653 -0.691914676775
  outer loop
   vertex 0.0639628197889 0.154419907022 0.04955
   vertex 0.0432597665321 0.161447646621 0.04955
   vertex 0.0461497003501 0.172233026461 0.0611760718526
  endloop
 endfacet
 facet normal 0.23207263357 0.683663932653 -0.691914676775
  outer loop
   vertex 0.0639628197889 0.154419907022 0.04955
   vertex 0.0461497003501 0.172233026461 0.0611760718526
   vertex 0.0682358043845 0.164735804385 0.0611760718526
  endloop
 endfacet
 facet normal 0.140851170131 0.708106650114 -0.691914676775
  outer loop
   vertex 0.0432597665321 0.161447646621 0.04955
   vertex 0.0218165266761 0.165712972225 0.04955
   vertex 0.0232739621476 0.176783293702 0.0611760718526
  endloop
 endfacet
 facet normal 0.140851170131 0.708106650114 -0.691914676775
  outer loop
   vertex 0.0432597665321 0.161447646621 0.04955
   vertex 0.0232739621476 0.176783293702 0.0611760718526
   vertex 0.0461497003501 0.172233026461 0.0611760718526
  endloop
 endfacet
 facet normal 0.0472197041203 0.720433466467 -0.691914676775
  outer loop
   vertex 0.0218165266761 0.165712972225 0.04955
   vertex 1.02345510537e-17 0.16714290293 0.04955
   vertex 1.09182619836e-17 0.178308749775 0.0611760718526
  endloop
 endfacet
 facet normal 0.0472197041203 0.720433466467 -0.691914676775
  outer loop
   vertex 0.0218165266761 0.165712972225 0.04955
   vertex 1.09182619836e-17 0.178308749775 0.0611760718526
   vertex 0.0232739621476 0.176783293702 0.0611760718526
  endloop
 endfacet
 facet normal -0.0472197041203 0.720433466467 -0.691914676775
  outer loop
   vertex 1.02345510537e-17 0.16714290293 0.04955
   vertex -0.0218165266761 0.165712972225 0.04955
   vertex -0.0232739621476 0.176783293702 0.0611760718526
  endloop
 endfacet
 facet normal -0.0472197041203 0.720433466467 -0.691914676775
  outer loop
   vertex 1.02345510537e-17 0.16714290293 0.04955
   vertex -0.0232739621476 0.176783293702 0.0611760718526
   vertex 1.09182619836e-17 0.178308749775 0.0611760718526
  endloop
 endfacet
 facet normal -0.140851170131 0.708106650114 -0.691914676775
  outer loop
   vertex -0.0218165266761 0.165712972225 0.04955
   vertex -0.0432597665321 0.161447646621 0.04955
   vertex -0.0461497003501 0.172233026461 0.0611760718526
  endloop
 endfacet
 facet normal -0.140851170131 0.708106650114 -0.691914676775
  outer loop
   vertex -0.0218165266761 0.165712972225 0.04955
   vertex -0.0461497003501 0.172233026461 0.0611760718526
   vertex -0.0232739621476 0.176783293702 0.0611760718526
  endloop
 endfacet
 facet normal -0.23207263357 0.683663932653 -0.691914676775
  outer loop
   vertex -0.0432597665321 0.161447646621 0.04955
   vertex -0.0639628197889 0.154419907022 0.04955
   vertex -0.0682358043845 0.164735804385 0.0611760718526
  endloop
 endfacet
 facet normal -0.23207263357 0.683663932653 -0.691914676775
  outer loop
   vertex -0.0432597665321 0.161447646621 0.04955
   vertex -0.0682358043845 0.164735804385 0.0611760718526
   vertex -0.0461497003501 0.172233026461 0.0611760718526
  endloop
 endfacet
 facet normal -0.319323269906 0.647523535757 -0.691914676775
  outer loop
   vertex -0.0639628197889 0.154419907022 0.04955
   vertex -0.0835714514652 0.14475 0.04955
   vertex -0.0891543748873 0.154419907022 0.0611760718526
  endloop
 endfacet
 facet normal -0.319323269906 0.647523535757 -0.691914676775
  outer loop
   vertex -0.0639628197889 0.154419907022 0.04955
   vertex -0.0891543748873 0.154419907022 0.0611760718526
   vertex -0.0682358043845 0.164735804385 0.0611760718526
  endloop
 endfacet
 facet normal -0.401110196561 0.600303831637 -0.691914676775
  outer loop
   vertex -0.0835714514652 0.14475 0.04955
   vertex -0.101750152437 0.132603380346 0.04955
   vertex -0.108547489318 0.141461842237 0.0611760718526
  endloop
 endfacet
 facet normal -0.401110196561 0.600303831637 -0.691914676775
  outer loop
   vertex -0.0835714514652 0.14475 0.04955
   vertex -0.108547489318 0.141461842237 0.0611760718526
   vertex -0.0891543748873 0.154419907022 0.0611760718526
  endloop
 endfacet
 facet normal -0.476034016544 0.542812762522 -0.691914676775
  outer loop
   vertex -0.101750152437 0.132603380346 0.04955
   vertex -0.118187880089 0.118187880089 0.04955
   vertex -0.126083326111 0.126083326111 0.0611760718526
  endloop
 endfacet
 facet normal -0.476034016544 0.542812762522 -0.691914676775
  outer loop
   vertex -0.101750152437 0.132603380346 0.04955
   vertex -0.126083326111 0.126083326111 0.0611760718526
   vertex -0.108547489318 0.141461842237 0.0611760718526
  endloop
 endfacet
 facet normal -0.542812762522 0.476034016544 -0.691914676775
  outer loop
   vertex -0.118187880089 0.118187880089 0.04955
   vertex -0.132603380346 0.101750152437 0.04955
   vertex -0.141461842237 0.108547489318 0.0611760718526
  endloop
 endfacet
 facet normal -0.542812762522 0.476034016544 -0.691914676775
  outer loop
   vertex -0.118187880089 0.118187880089 0.04955
   vertex -0.141461842237 0.108547489318 0.0611760718526
   vertex -0.126083326111 0.126083326111 0.0611760718526
  endloop
 endfacet
 facet normal -0.600303831637 0.401110196561 -0.691914676775
  outer loop
   vertex -0.132603380346 0.101750152437 0.04955
   vertex -0.14475 0.0835714514652 0.04955
   vertex -0.154419907022 0.0891543748873 0.0611760718526
  endloop
 endfacet
 facet normal -0.600303831637 0.401110196561 -0.691914676775
  outer loop
   vertex -0.132603380346 0.101750152437 0.04955
   vertex -0.154419907022 0.0891543748873 0.0611760718526
   vertex -0.141461842237 0.108547489318 0.0611760718526
  endloop
 endfacet
 facet normal -0.647523535757 0.319323269906 -0.691914676775
  outer loop
   vertex -0.14475 0.0835714514652 0.04955
   vertex -0.154419907022 0.0639628197889 0.04955
   vertex -0.164735804385 0.0682358043845 0.0611760718526
  endloop
 endfacet
 facet normal -0.647523535757 0.319323269906 -0.691914676775
  outer loop
   vertex -0.14475 0.0835714514652 0.04955
   vertex -0.164735804385 0.0682358043845 0.0611760718526
   vertex -0.154419907022 0.0891543748873 0.0611760718526
  endloop
 endfacet
 facet normal -0.683663932653 0.23207263357 -0.691914676775
  outer loop
   vertex -0.154419907022 0.0639628197889 0.04955
   vertex -0.161447646621 0.0432597665321 0.04955
   vertex -0.172233026461 0.0461497003501 0.0611760718526
  endloop
 endfacet
 facet normal -0.683663932653 0.23207263357 -0.691914676775
  outer loop
   vertex -0.154419907022 0.0639628197889 0.04955
   vertex -0.172233026461 0.0461497003501 0.0611760718526
   vertex -0.164735804385 0.0682358043845 0.0611760718526
  endloop
 endfacet
 facet normal -0.708106650114 0.140851170131 -0.691914676775
  outer loop
   vertex -0.161447646621 0.0432597665321 0.04955
   vertex -0.165712972225 0.0218165266761 0.04955
   vertex -0.176783293702 0.0232739621476 0.0611760718526
  endloop
 endfacet
 facet normal -0.708106650114 0.140851170131 -0.691914676775
  outer loop
   vertex -0.161447646621 0.0432597665321 0.04955
   vertex -0.176783293702 0.0232739621476 0.0611760718526
   vertex -0.172233026461 0.0461497003501 0.0611760718526
  endloop
 endfacet
 facet normal -0.720433466467 0.0472197041203 -0.691914676775
  outer loop
   vertex -0.165712972225 0.0218165266761 0.04955
   vertex -0.16714290293 2.04691021074e-17 0.04955
   vertex -0.178308749775 2.18365239672e-17 0.0611760718526
  endloop
 endfacet
 facet normal -0.720433466467 0.0472197041203 -0.691914676775
  outer loop
   vertex -0.165712972225 0.0218165266761 0.04955
   vertex -0.178308749775 2.18365239672e-17 0.0611760718526
   vertex -0.176783293702 0.0232739621476 0.0611760718526
  endloop
 endfacet
 facet normal -0.720433466467 -0.0472197041203 -0.691914676775
  outer loop
   vertex -0.16714290293 2.04691021074e-17 0.04955
   vertex -0.165712972225 -0.0218165266761 0.04955
   vertex -0.176783293702 -0.0232739621476 0.0611760718526
  endloop
 endfacet
 facet normal -0.720433466467 -0.0472197041203 -0.691914676775
  outer loop
   vertex -0.16714290293 2.04691021074e-17 0.04955
   vertex -0.176783293702 -0.0232739621476 0.0611760718526
   vertex -0.178308749775 2.18365239672e-17 0.0611760718526
  endloop
 endfacet
 facet normal -0.708106650114 -0.140851170131 -0.691914676775
  outer loop
   vertex -0.165712972225 -0.0218165266761 0.04955
   vertex -0.161447646621 -0.0432597665321 0.04955
   vertex -0.172233026461 -0.0461497003501 0.0611760718526
  endloop
 endfacet
 facet normal -0.708106650114 -0.140851170131 -0.691914676775
  outer loop
   vertex -0.165712972225 -0.0218165266761 0.04955
   vertex -0.172233026461 -0.0461497003501 0.0611760718526
   vertex -0.176783293702 -0.0232739621476 0.0611760718526
  endloop
 endfacet
 facet normal -0.683663932653 -0.23207263357 -0.691914676775
  outer loop
   vertex -0.161447646621 -0.0432597665321 0.04955
   vertex -0.154419907022 -0.0639628197889 0.04955
   vertex -0.164735804385 -0.0682358043845 0.0611760718526
  endloop
 endfacet
 facet normal -0.683663932653 -0.23207263357 -0.691914676775
  outer loop
   vertex -0.161447646621 -0.0432597665321 0.04955
   vertex -0.164735804385 -0.0682358043845 0.0611760718526
   vertex -0.172233026461 -0.0461497003501 0.0611760718526
  endloop
 endfacet
 facet normal -0.647523535757 -0.319323269906 -0.691914676775
  outer loop
   vertex -0.154419907022 -0.0639628197889 0.04955
   vertex -0.14475 -0.0835714514652 0.04955
   vertex -0.154419907022 -0.0891543748873 0.0611760718526
  endloop
 endfacet
 facet normal -0.647523535757 -0.319323269906 -0.691914676775
  outer loop
   vertex -0.154419907022 -0.0639628197889 0.04955
   vertex -0.154419907022 -0.0891543748873 0.0611760718526
   vertex -0.164735804385 -0.0682358043845 0.0611760718526
  endloop
 endfacet
 facet normal -0.600303831637 -0.401110196561 -0.691914676775
  outer loop
   vertex -0.14475 -0.0835714514652 0.04955
   vertex -0.132603380346 -0.101750152437 0.04955
   vertex -0.141461842237 -0.108547489318 0.0611760718526
  endloop
 endfacet
 facet normal -0.600303831637 -0.401110196561 -0.691914676775
  outer loop
   vertex -0.14475 -0.0835714514652 0.04955
   vertex -0.141461842237 -0.108547489318 0.0611760718526
   vertex -0.154419907022 -0.0891543748873 0.0611760718526
  endloop
 endfacet
 facet normal -0.542812762522 -0.476034016544 -0.691914676775
  outer loop
   vertex -0.132603380346 -0.101750152437 0.04955
   vertex -0.118187880089 -0.118187880089 0.04955
   vertex -0.126083326111 -0.126083326111 0.0611760718526
  endloop
 endfacet
 facet normal -0.542812762522 -0.476034016544 -0.691914676775
  outer loop
   vertex -0.132603380346 -0.101750152437 0.04955
   vertex -0.126083326111 -0.126083326111 0.0611760718526
   vertex -0.141461842237 -0.108547489318 0.0611760718526
  endloop
 endfacet
 facet normal -0.476034016544 -0.542812762522 -0.691914676775
  outer loop
   vertex -0.118187880089 -0.118187880089 0.04955
   vertex -0.101750152437 -0.132603380346 0.04955
   vertex -0.108547489318 -0.141461842237 0.0611760718526
  endloop
 endfacet
 facet normal -0.476034016544 -0.542812762522 -0.691914676775
  outer loop
   vertex -0.118187880089 -0.118187880089 0.04955
   vertex -0.108547489318 -0.141461842237 0.0611760718526
   vertex -0.126083326111 -0.126083326111 0.0611760718526
  endloop
 endfacet
 facet normal -0.401110196561 -0.600303831637 -0.691914676775
  outer loop
   vertex -0.101750152437 -0.132603380346 0.04955
   vertex -0.0835714514652 -0.14475 0.04955
   vertex -0.0891543748873 -0.154419907022 0.0611760718526
  endloop
 endfacet
 facet normal -0.401110196561 -0.600303831637 -0.691914676775
  outer loop
   vertex -0.101750152437 -0.132603380346 0.04955
   vertex -0.0891543748873 -0.154419907022 0.0611760718526
   vertex -0.108547489318 -0.141461842237 0.0611760718526
  endloop
 endfacet
 facet normal -0.319323269906 -0.647523535757 -0.691914676775
  outer loop
   vertex -0.0835714514652 -0.14475 0.04955
   vertex -0.0639628197889 -0.154419907022 0.04955
   vertex -0.0682358043845 -0.164735804385 0.0611760718526
  endloop
 endfacet
 facet normal -0.319323269906 -0.647523535757 -0.691914676775
  outer loop
   vertex -0.0835714514652 -0.14475 0.04955
   vertex -0.0682358043845 -0.164735804385 0.0611760718526
   vertex -0.0891543748873 -0.154419907022 0.0611760718526
  endloop
 endfacet
 facet normal -0.23207263357 -0.683663932653 -0.691914676775
  outer loop
   vertex -0.0639628197889 -0.154419907022 0.04955
   vertex -0.0432597665321 -0.161447646621 0.04955
   vertex -0.0461497003501 -0.172233026461 0.0611760718526
  endloop
 endfacet
 facet normal -0.23207263357 -0.683663932653 -0.691914676775
  outer loop
   vertex -0.0639628197889 -0.154419907022 0.04955
   vertex -0.0461497003501 -0.172233026461 0.0611760718526
   vertex -0.0682358043845 -0.164735804385 0.0611760718526
  endloop
 endfacet
 facet normal -0.140851170131 -0.708106650114 -0.691914676775
  outer loop
   vertex -0.0432597665321 -0.161447646621 0.04955
   vertex -0.0218165266761 -0.165712972225 0.04955
   vertex -0.0232739621476 -0.176783293702 0.0611760718526
  endloop
 endfacet
 facet normal -0.140851170131 -0.708106650114 -0.691914676775
  outer loop
   vertex -0.0432597665321 -0.161447646621 0.04955
   vertex -0.0232739621476 -0.176783293702 0.0611760718526
   vertex -0.0461497003501 -0.172233026461 0.0611760718526
  endloop
 endfacet
 facet normal -0.0472197041203 -0.720433466467 -0.691914676775
  outer loop
   vertex -0.0218165266761 -0.165712972225 0.04955
   vertex -3.07036531611e-17 -0.16714290293 0.04955
   vertex -3.27547859507e-17 -0.178308749775 0.0611760718526
  endloop
 endfacet
 facet normal -0.0472197041203 -0.720433466467 -0.691914676775
  outer loop
   vertex -0.0218165266761 -0.165712972225 0.04955
   vertex -3.27547859507e-17 -0.178308749775 0.0611760718526
   vertex -0.0232739621476 -0.176783293702 0.0611760718526
  endloop
 endfacet
 facet normal 0.0472197041203 -0.720433466467 -0.691914676775
  outer loop
   vertex -3.07036531611e-17 -0.16714290293 0.04955
   vertex 0.0218165266761 -0.165712972225 0.04955
   vertex 0.0232739621476 -0.176783293702 0.0611760718526
  endloop
 endfacet
 facet normal 0.0472197041203 -0.720433466467 -0.691914676775
  outer loop
   vertex -3.07036531611e-17 -0.16714290293 0.04955
   vertex 0.0232739621476 -0.176783293702 0.0611760718526
   vertex -3.27547859507e-17 -0.178308749775 0.0611760718526
  endloop
 endfacet
 facet normal 0.140851170131 -0.708106650114 -0.691914676775
  outer loop
   vertex 0.0218165266761 -0.165712972225 0.04955
   vertex 0.0432597665321 -0.161447646621 0.04955
   vertex 0.0461497003501 -0.172233026461 0.0611760718526
  endloop
 endfacet
 facet normal 0.140851170131 -0.708106650114 -0.691914676775
  outer loop
   vertex 0.0218165266761 -0.165712972225 0.04955
   vertex 0.0461497003501 -0.172233026461 0.0611760718526
   vertex 0.0232739621476 -0.176783293702 0.0611760718526
  endloop
 endfacet
 facet normal 0.23207263357 -0.683663932653 -0.691914676775
  outer loop
   vertex 0.0432597665321 -0.161447646621 0.04955
   vertex 0.0639628197889 -0.154419907022 0.04955
   vertex 0.0682358043845 -0.164735804385 0.0611760718526
  endloop
 endfacet
 facet normal 0.23207263357 -0.683663932653 -0.691914676775
  outer loop
   vertex 0.0432597665321 -0.161447646621 0.04955
   vertex 0.0682358043845 -0.164735804385 0.0611760718526
   vertex 0.0461497003501 -0.172233026461 0.0611760718526
  endloop
 endfacet
 facet normal 0.319323269906 -0.647523535757 -0.691914676775
  outer loop
   vertex 0.0639628197889 -0.154419907022 0.04955
   vertex 0.0835714514652 -0.14475 0.04955
   vertex 0.0891543748873 -0.154419907022 0.0611760718526
  endloop
 endfacet
 facet normal 0.319323269906 -0.647523535757 -0.691914676775
  outer loop
   vertex 0.0639628197889 -0.154419907022 0.04955
   vertex 0.0891543748873 -0.154419907022 0.0611760718526
   vertex 0.0682358043845 -0.164735804385 0.0611760718526
  endloop
 endfacet
 facet normal 0.401110196561 -0.600303831637 -0.691914676775
  outer loop
   vertex 0.0835714514652 -0.14475 0.04955
   vertex 0.101750152437 -0.132603380346 0.04955
   vertex 0.108547489318 -0.141461842237 0.0611760718526
  endloop
 endfacet
 facet normal 0.401110196561 -0.600303831637 -0.691914676775
  outer loop
   vertex 0.0835714514652 -0.14475 0.04955
   vertex 0.108547489318 -0.141461842237 0.0611760718526
   vertex 0.0891543748873 -0.154419907022 0.0611760718526
  endloop
 endfacet
 facet normal 0.476034016544 -0.542812762522 -0.691914676775
  outer loop
   vertex 0.101750152437 -0.132603380346 0.04955
   vertex 0.118187880089 -0.118187880089 0.04955
   vertex 0.126083326111 -0.126083326111 0.0611760718526
  endloop
 endfacet
 facet normal 0.476034016544 -0.542812762522 -0.691914676775
  outer loop
   vertex 0.101750152437 -0.132603380346 0.04955
   vertex 0.126083326111 -0.126083326111 0.0611760718526
   vertex 0.108547489318 -0.141461842237 0.0611760718526
  endloop
 endfacet
 facet normal 0.542812762522 -0.476034016544 -0.691914676775
  outer loop
   vertex 0.118187880089 -0.118187880089 0.04955
   vertex 0.132603380346 -0.101750152437 0.04955
   vertex 0.141461842237 -0.108547489318 0.0611760718526
  endloop
 endfacet
 facet normal 0.542812762522 -0.476034016544 -0.691914676775
  outer loop
   vertex 0.118187880089 -0.118187880089 0.04955
   vertex 0.141461842237 -0.108547489318 0.0611760718526
   vertex 0.126083326111 -0.126083326111 0.0611760718526
  endloop
 endfacet
 facet normal 0.600303831637 -0.401110196561 -0.691914676775
  outer loop
   vertex 0.132603380346 -0.101750152437 0.04955
   vertex 0.14475 -0.0835714514652 0.04955
   vertex 0.154419907022 -0.0891543748873 0.0611760718526
  endloop
 endfacet
 facet normal 0.600303831637 -0.401110196561 -0.691914676775
  outer loop
   vertex 0.132603380346 -0.101750152437 0.04955
   vertex 0.154419907022 -0.0891543748873 0.0611760718526
   vertex 0.141461842237 -0.108547489318 0.0611760718526
  endloop
 endfacet
 facet normal 0.647523535757 -0.319323269906 -0.691914676775
  outer loop
   vertex 0.14475 -0.0835714514652 0.04955
   vertex 0.154419907022 -0.0639628197889 0.04955
   vertex 0.164735804385 -0.0682358043845 0.0611760718526
  endloop
 endfacet
 facet normal 0.647523535757 -0.319323269906 -0.691914676775
  outer loop
   vertex 0.14475 -0.0835714514652 0.04955
   vertex 0.164735804385 -0.0682358043845 0.0611760718526
   vertex 0.154419907022 -0.0891543748873 0.0611760718526
  endloop
 endfacet
 facet normal 0.683663932653 -0.23207263357 -0.691914676775
  outer loop
   vertex 0.154419907022 -0.0639628197889 0.04955
   vertex 0.161447646621 -0.0432597665321 0.04955
   vertex 0.172233026461 -0.0461497003501 0.0611760718526
  endloop
 endfacet
 facet normal 0.683663932653 -0.23207263357 -0.691914676775
  outer loop
   vertex 0.154419907022 -0.0639628197889 0.04955
   vertex 0.172233026461 -0.0461497003501 0.0611760718526
   vertex 0.164735804385 -0.0682358043845 0.0611760718526
  endloop
 endfacet
 facet normal 0.708106650114 -0.140851170131 -0.691914676775
  outer loop
   vertex 0.161447646621 -0.0432597665321 0.04955
   vertex 0.165712972225 -0.0218165266761 0.04955
   vertex 0.176783293702 -0.0232739621476 0.0611760718526
  endloop
 endfacet
 facet normal 0.708106650114 -0.140851170131 -0.691914676775
  outer loop
   vertex 0.161447646621 -0.0432597665321 0.04955
   vertex 0.176783293702 -0.0232739621476 0.0611760718526
   vertex 0.172233026461 -0.0461497003501 0.0611760718526
  endloop
 endfacet
 facet normal 0.720433466467 -0.0472197041203 -0.691914676775
  outer loop
   vertex 0.165712972225 -0.0218165266761 0.04955
   vertex 0.16714290293 0 0.04955
   vertex 0.178308749775 0 0.0611760718526
  endloop
 endfacet
 facet normal 0.720433466467 -0.0472197041203 -0.691914676775
  outer loop
   vertex 0.165712972225 -0.0218165266761 0.04955
   vertex 0.178308749775 0 0.0611760718526
   vertex 0.176783293702 -0.0232739621476 0.0611760718526
  endloop
 endfacet
 facet normal 0.832944529974 0.0545940688275 -0.550656787514
  outer loop
   vertex 0.178308749775 0 0.0611760718526
   vertex 0.176783293702 0.0232739621476 0.0611760718526
   vertex 0.18482880401 0.024333173674 0.0734510326303
  endloop
 endfacet
 facet normal 0.832944529974 0.0545940688275 -0.550656787514
  outer loop
   vertex 0.178308749775 0 0.0611760718526
   vertex 0.18482880401 0.024333173674 0.0734510326303
   vertex 0.186423684474 0 0.0734510326303
  endloop
 endfacet
 facet normal 0.81869261813 0.162848086829 -0.550656787514
  outer loop
   vertex 0.176783293702 0.0232739621476 0.0611760718526
   vertex 0.172233026461 0.0461497003501 0.0611760718526
   vertex 0.180071451465 0.04825 0.0734510326303
  endloop
 endfacet
 facet normal 0.81869261813 0.162848086829 -0.550656787514
  outer loop
   vertex 0.176783293702 0.0232739621476 0.0611760718526
   vertex 0.180071451465 0.04825 0.0734510326303
   vertex 0.18482880401 0.024333173674 0.0734510326303
  endloop
 endfacet
 facet normal 0.790432648606 0.268315728914 -0.550656787514
  outer loop
   vertex 0.172233026461 0.0461497003501 0.0611760718526
   vertex 0.164735804385 0.0682358043845 0.0611760718526
   vertex 0.172233026461 0.0713412554486 0.0734510326303
  endloop
 endfacet
 facet normal 0.790432648606 0.268315728914 -0.550656787514
  outer loop
   vertex 0.172233026461 0.0461497003501 0.0611760718526
   vertex 0.172233026461 0.0713412554486 0.0734510326303
   vertex 0.180071451465 0.04825 0.0734510326303
  endloop
 endfacet
 facet normal 0.748648157314 0.369192414486 -0.550656787514
  outer loop
   vertex 0.164735804385 0.0682358043845 0.0611760718526
   vertex 0.154419907022 0.0891543748873 0.0611760718526
   vertex 0.161447646621 0.0932118422369 0.0734510326303
  endloop
 endfacet
 facet normal 0.748648157314 0.369192414486 -0.550656787514
  outer loop
   vertex 0.164735804385 0.0682358043845 0.0611760718526
   vertex 0.161447646621 0.0932118422369 0.0734510326303
   vertex 0.172233026461 0.0713412554486 0.0734510326303
  endloop
 endfacet
 facet normal 0.694054088487 0.463752115488 -0.550656787514
  outer loop
   vertex 0.154419907022 0.0891543748873 0.0611760718526
   vertex 0.141461842237 0.108547489318 0.0611760718526
   vertex 0.147899852787 0.113487548561 0.0734510326303
  endloop
 endfacet
 facet normal 0.694054088487 0.463752115488 -0.550656787514
  outer loop
   vertex 0.154419907022 0.0891543748873 0.0611760718526
   vertex 0.147899852787 0.113487548561 0.0734510326303
   vertex 0.161447646621 0.0932118422369 0.0734510326303
  endloop
 endfacet
 facet normal 0.627584561777 0.550376889216 -0.550656787514
  outer loop
   vertex 0.141461842237 0.108547489318 0.0611760718526
   vertex 0.126083326111 0.126083326111 0.0611760718526
   vertex 0.131821451465 0.131821451465 0.0734510326303
  endloop
 endfacet
 facet normal 0.627584561777 0.550376889216 -0.550656787514
  outer loop
   vertex 0.141461842237 0.108547489318 0.0611760718526
   vertex 0.131821451465 0.131821451465 0.0734510326303
   vertex 0.147899852787 0.113487548561 0.0734510326303
  endloop
 endfacet
 facet normal 0.550376889216 0.627584561777 -0.550656787514
  outer loop
   vertex 0.126083326111 0.126083326111 0.0611760718526
   vertex 0.108547489318 0.141461842237 0.0611760718526
   vertex 0.113487548561 0.147899852787 0.0734510326303
  endloop
 endfacet
 facet normal 0.550376889216 0.627584561777 -0.550656787514
  outer loop
   vertex 0.126083326111 0.126083326111 0.0611760718526
   vertex 0.113487548561 0.147899852787 0.0734510326303
   vertex 0.131821451465 0.131821451465 0.0734510326303
  endloop
 endfacet
 facet normal 0.463752115488 0.694054088487 -0.550656787514
  outer loop
   vertex 0.108547489318 0.141461842237 0.0611760718526
   vertex 0.0891543748873 0.154419907022 0.0611760718526
   vertex 0.0932118422369 0.161447646621 0.0734510326303
  endloop
 endfacet
 facet normal 0.463752115488 0.694054088487 -0.550656787514
  outer loop
   vertex 0.108547489318 0.141461842237 0.0611760718526
   vertex 0.0932118422369 0.161447646621 0.0734510326303
   vertex 0.113487548561 0.147899852787 0.0734510326303
  endloop
 endfacet
 facet normal 0.369192414486 0.748648157314 -0.550656787514
  outer loop
   vertex 0.0891543748873 0.154419907022 0.0611760718526
   vertex 0.0682358043845 0.164735804385 0.0611760718526
   vertex 0.0713412554486 0.172233026461 0.0734510326303
  endloop
 endfacet
 facet normal 0.369192414486 0.748648157314 -0.550656787514
  outer loop
   vertex 0.0891543748873 0.154419907022 0.0611760718526
   vertex 0.0713412554486 0.172233026461 0.0734510326303
   vertex 0.0932118422369 0.161447646621 0.0734510326303
  endloop
 endfacet
 facet normal 0.268315728914 0.790432648606 -0.550656787514
  outer loop
   vertex 0.0682358043845 0.164735804385 0.0611760718526
   vertex 0.0461497003501 0.172233026461 0.0611760718526
   vertex 0.04825 0.180071451465 0.0734510326303
  endloop
 endfacet
 facet normal 0.268315728914 0.790432648606 -0.550656787514
  outer loop
   vertex 0.0682358043845 0.164735804385 0.0611760718526
   vertex 0.04825 0.180071451465 0.0734510326303
   vertex 0.0713412554486 0.172233026461 0.0734510326303
  endloop
 endfacet
 facet normal 0.162848086829 0.81869261813 -0.550656787514
  outer loop
   vertex 0.0461497003501 0.172233026461 0.0611760718526
   vertex 0.0232739621476 0.176783293702 0.0611760718526
   vertex 0.024333173674 0.18482880401 0.0734510326303
  endloop
 endfacet
 facet normal 0.162848086829 0.81869261813 -0.550656787514
  outer loop
   vertex 0.0461497003501 0.172233026461 0.0611760718526
   vertex 0.024333173674 0.18482880401 0.0734510326303
   vertex 0.04825 0.180071451465 0.0734510326303
  endloop
 endfacet
 facet normal 0.0545940688275 0.832944529974 -0.550656787514
  outer loop
   vertex 0.0232739621476 0.176783293702 0.0611760718526
   vertex 1.09182619836e-17 0.178308749775 0.0611760718526
   vertex 1.14151584238e-17 0.186423684474 0.0734510326303
  endloop
 endfacet
 facet normal 0.0545940688275 0.832944529974 -0.550656787514
  outer loop
   vertex 0.0232739621476 0.176783293702 0.0611760718526
   vertex 1.14151584238e-17 0.186423684474 0.0734510326303
   vertex 0.024333173674 0.18482880401 0.0734510326303
  endloop
 endfacet
 facet normal -0.0545940688275 0.832944529974 -0.550656787514
  outer loop
   vertex 1.09182619836e-17 0.178308749775 0.0611760718526
   vertex -0.0232739621476 0.176783293702 0.0611760718526
   vertex -0.024333173674 0.18482880401 0.0734510326303
  endloop
 endfacet
 facet normal -0.0545940688275 0.832944529974 -0.550656787514
  outer loop
   vertex 1.09182619836e-17 0.178308749775 0.0611760718526
   vertex -0.024333173674 0.18482880401 0.0734510326303
   vertex 1.14151584238e-17 0.186423684474 0.0734510326303
  endloop
 endfacet
 facet normal -0.162848086829 0.81869261813 -0.550656787514
  outer loop
   vertex -0.0232739621476 0.176783293702 0.0611760718526
   vertex -0.0461497003501 0.172233026461 0.0611760718526
   vertex -0.04825 0.180071451465 0.0734510326303
  endloop
 endfacet
 facet normal -0.162848086829 0.81869261813 -0.550656787514
  outer loop
   vertex -0.0232739621476 0.176783293702 0.0611760718526
   vertex -0.04825 0.180071451465 0.0734510326303
   vertex -0.024333173674 0.18482880401 0.0734510326303
  endloop
 endfacet
 facet normal -0.268315728914 0.790432648606 -0.550656787514
  outer loop
   vertex -0.0461497003501 0.172233026461 0.0611760718526
   vertex -0.0682358043845 0.164735804385 0.0611760718526
   vertex -0.0713412554486 0.172233026461 0.0734510326303
  endloop
 endfacet
 facet normal -0.268315728914 0.790432648606 -0.550656787514
  outer loop
   vertex -0.0461497003501 0.172233026461 0.0611760718526
   vertex -0.0713412554486 0.172233026461 0.0734510326303
   vertex -0.04825 0.180071451465 0.0734510326303
  endloop
 endfacet
 facet normal -0.369192414486 0.748648157314 -0.550656787514
  outer loop
   vertex -0.0682358043845 0.164735804385 0.0611760718526
   vertex -0.0891543748873 0.154419907022 0.0611760718526
   vertex -0.0932118422369 0.161447646621 0.0734510326303
  endloop
 endfacet
 facet normal -0.369192414486 0.748648157314 -0.550656787514
  outer loop
   vertex -0.0682358043845 0.164735804385 0.0611760718526
   vertex -0.0932118422369 0.161447646621 0.0734510326303
   vertex -0.0713412554486 0.172233026461 0.0734510326303
  endloop
 endfacet
 facet normal -0.463752115488 0.694054088487 -0.550656787514
  outer loop
   vertex -0.0891543748873 0.154419907022 0.0611760718526
   vertex -0.108547489318 0.141461842237 0.0611760718526
   vertex -0.113487548561 0.147899852787 0.0734510326303
  endloop
 endfacet
 facet normal -0.463752115488 0.694054088487 -0.550656787514
  outer loop
   vertex -0.0891543748873 0.154419907022 0.0611760718526
   vertex -0.113487548561 0.147899852787 0.0734510326303
   vertex -0.0932118422369 0.161447646621 0.0734510326303
  endloop
 endfacet
 facet normal -0.550376889216 0.627584561777 -0.550656787514
  outer loop
   vertex -0.108547489318 0.141461842237 0.0611760718526
   vertex -0.126083326111 0.126083326111 0.0611760718526
   vertex -0.131821451465 0.131821451465 0.0734510326303
  endloop
 endfacet
 facet normal -0.550376889216 0.627584561777 -0.550656787514
  outer loop
   vertex -0.108547489318 0.141461842237 0.0611760718526
   vertex -0.131821451465 0.131821451465 0.0734510326303
   vertex -0.113487548561 0.147899852787 0.0734510326303
  endloop
 endfacet
 facet normal -0.627584561777 0.550376889216 -0.550656787514
  outer loop
   vertex -0.126083326111 0.126083326111 0.0611760718526
   vertex -0.141461842237 0.108547489318 0.0611760718526
   vertex -0.147899852787 0.113487548561 0.0734510326303
  endloop
 endfacet
 facet normal -0.627584561777 0.550376889216 -0.550656787514
  outer loop
   vertex -0.126083326111 0.126083326111 0.0611760718526
   vertex -0.147899852787 0.113487548561 0.0734510326303
   vertex -0.131821451465 0.131821451465 0.0734510326303
  endloop
 endfacet
 facet normal -0.694054088487 0.463752115488 -0.550656787514
  outer loop
   vertex -0.141461842237 0.108547489318 0.0611760718526
   vertex -0.154419907022 0.0891543748873 0.0611760718526
   vertex -0.161447646621 0.0932118422369 0.0734510326303
  endloop
 endfacet
 facet normal -0.694054088487 0.463752115488 -0.550656787514
  outer loop
   vertex -0.141461842237 0.108547489318 0.0611760718526
   vertex -0.161447646621 0.0932118422369 0.0734510326303
   vertex -0.147899852787 0.113487548561 0.0734510326303
  endloop
 endfacet
 facet normal -0.748648157314 0.369192414486 -0.550656787514
  outer loop
   vertex -0.154419907022 0.0891543748873 0.0611760718526
   vertex -0.164735804385 0.0682358043845 0.0611760718526
   vertex -0.172233026461 0.0713412554486 0.0734510326303
  endloop
 endfacet
 facet normal -0.748648157314 0.369192414486 -0.550656787514
  outer loop
   vertex -0.154419907022 0.0891543748873 0.0611760718526
   vertex -0.172233026461 0.0713412554486 0.0734510326303
   vertex -0.161447646621 0.0932118422369 0.0734510326303
  endloop
 endfacet
 facet normal -0.790432648606 0.268315728914 -0.550656787514
  outer loop
   vertex -0.164735804385 0.0682358043845 0.0611760718526
   vertex -0.172233026461 0.0461497003501 0.0611760718526
   vertex -0.180071451465 0.04825 0.0734510326303
  endloop
 endfacet
 facet normal -0.790432648606 0.268315728914 -0.550656787514
  outer loop
   vertex -0.164735804385 0.0682358043845 0.0611760718526
   vertex -0.180071451465 0.04825 0.0734510326303
   vertex -0.172233026461 0.0713412554486 0.0734510326303
  endloop
 endfacet
 facet normal -0.81869261813 0.162848086829 -0.550656787514
  outer loop
   vertex -0.172233026461 0.0461497003501 0.0611760718526
   vertex -0.176783293702 0.0232739621476 0.0611760718526
   vertex -0.18482880401 0.024333173674 0.0734510326303
  endloop
 endfacet
 facet normal -0.81869261813 0.162848086829 -0.550656787514
  outer loop
   vertex -0.172233026461 0.0461497003501 0.0611760718526
   vertex -0.18482880401 0.024333173674 0.0734510326303
   vertex -0.180071451465 0.04825 0.0734510326303
  endloop
 endfacet
 facet normal -0.832944529974 0.0545940688275 -0.550656787514
  outer loop
   vertex -0.176783293702 0.0232739621476 0.0611760718526
   vertex -0.178308749775 2.18365239672e-17 0.0611760718526
   vertex -0.186423684474 2.28303168476e-17 0.0734510326303
  endloop
 endfacet
 facet normal -0.832944529974 0.0545940688275 -0.550656787514
  outer loop
   vertex -0.176783293702 0.0232739621476 0.0611760718526
   vertex -0.186423684474 2.28303168476e-17 0.0734510326303
   vertex -0.18482880401 0.024333173674 0.0734510326303
  endloop
 endfacet
 facet normal -0.832944529974 -0.0545940688275 -0.550656787514
  outer loop
   vertex -0.178308749775 2.18365239672e-17 0.0611760718526
   vertex -0.176783293702 -0.0232739621476 0.0611760718526
   vertex -0.18482880401 -0.024333173674 0.0734510326303
  endloop
 endfacet
 facet normal -0.832944529974 -0.0545940688275 -0.550656787514
  outer loop
   vertex -0.178308749775 2.18365239672e-17 0.0611760718526
   vertex -0.18482880401 -0.024333173674 0.0734510326303
   vertex -0.186423684474 2.28303168476e-17 0.0734510326303
  endloop
 endfacet
 facet normal -0.81869261813 -0.162848086829 -0.550656787514
  outer loop
   vertex -0.176783293702 -0.0232739621476 0.0611760718526
   vertex -0.172233026461 -0.0461497003501 0.0611760718526
   vertex -0.180071451465 -0.04825 0.0734510326303
  endloop
 endfacet
 facet normal -0.81869261813 -0.162848086829 -0.550656787514
  outer loop
   vertex -0.176783293702 -0.0232739621476 0.0611760718526
   vertex -0.180071451465 -0.04825 0.0734510326303
   vertex -0.18482880401 -0.024333173674 0.0734510326303
  endloop
 endfacet
 facet normal -0.790432648606 -0.268315728914 -0.550656787514
  outer loop
   vertex -0.172233026461 -0.0461497003501 0.0611760718526
   vertex -0.164735804385 -0.0682358043845 0.0611760718526
   vertex -0.172233026461 -0.0713412554486 0.0734510326303
  endloop
 endfacet
 facet normal -0.790432648606 -0.268315728914 -0.550656787514
  outer loop
   vertex -0.172233026461 -0.0461497003501 0.0611760718526
   vertex -0.172233026461 -0.0713412554486 0.0734510326303
   vertex -0.180071451465 -0.04825 0.0734510326303
  endloop
 endfacet
 facet normal -0.748648157314 -0.369192414486 -0.550656787514
  outer loop
   vertex -0.164735804385 -0.0682358043845 0.0611760718526
   vertex -0.154419907022 -0.0891543748873 0.0611760718526
   vertex -0.161447646621 -0.0932118422369 0.0734510326303
  endloop
 endfacet
 facet normal -0.748648157314 -0.369192414486 -0.550656787514
  outer loop
   vertex -0.164735804385 -0.0682358043845 0.0611760718526
   vertex -0.161447646621 -0.0932118422369 0.0734510326303
   vertex -0.172233026461 -0.0713412554486 0.0734510326303
  endloop
 endfacet
 facet normal -0.694054088487 -0.463752115488 -0.550656787514
  outer loop
   vertex -0.154419907022 -0.0891543748873 0.0611760718526
   vertex -0.141461842237 -0.108547489318 0.0611760718526
   vertex -0.147899852787 -0.113487548561 0.0734510326303
  endloop
 endfacet
 facet normal -0.694054088487 -0.463752115488 -0.550656787514
  outer loop
   vertex -0.154419907022 -0.0891543748873 0.0611760718526
   vertex -0.147899852787 -0.113487548561 0.0734510326303
   vertex -0.161447646621 -0.0932118422369 0.0734510326303
  endloop
 endfacet
 facet normal -0.627584561777 -0.550376889216 -0.550656787514
  outer loop
   vertex -0.141461842237 -0.108547489318 0.0611760718526
   vertex -0.126083326111 -0.126083326111 0.0611760718526
   vertex -0.131821451465 -0.131821451465 0.0734510326303
  endloop
 endfacet
 facet normal -0.627584561777 -0.550376889216 -0.550656787514
  outer loop
   vertex -0.141461842237 -0.108547489318 0.0611760718526
   vertex -0.131821451465 -0.131821451465 0.0734510326303
   vertex -0.147899852787 -0.113487548561 0.0734510326303
  endloop
 endfacet
 facet normal -0.550376889216 -0.627584561777 -0.550656787514
  outer loop
   vertex -0.126083326111 -0.126083326111 0.0611760718526
   vertex -0.108547489318 -0.141461842237 0.0611760718526
   vertex -0.113487548561 -0.147899852787 0.0734510326303
  endloop
 endfacet
 facet normal -0.550376889216 -0.627584561777 -0.550656787514
  outer loop
   vertex -0.126083326111 -0.126083326111 0.0611760718526
   vertex -0.113487548561 -0.147899852787 0.0734510326303
   vertex -0.131821451465 -0.131821451465 0.0734510326303
  endloop
 endfacet
 facet normal -0.463752115488 -0.694054088487 -0.550656787514
  outer loop
   vertex -0.108547489318 -0.141461842237 0.0611760718526
   vertex -0.0891543748873 -0.154419907022 0.0611760718526
   vertex -0.0932118422369 -0.161447646621 0.0734510326303
  endloop
 endfacet
 facet normal -0.463752115488 -0.694054088487 -0.550656787514
  outer loop
   vertex -0.108547489318 -0.141461842237 0.0611760718526
   vertex -0.0932118422369 -0.161447646621 0.0734510326303
   vertex -0.113487548561 -0.147899852787 0.0734510326303
  endloop
 endfacet
 facet normal -0.369192414486 -0.748648157314 -0.550656787514
  outer loop
   vertex -0.0891543748873 -0.154419907022 0.0611760718526
   vertex -0.0682358043845 -0.164735804385 0.0611760718526
   vertex -0.0713412554486 -0.172233026461 0.0734510326303
  endloop
 endfacet
 facet normal -0.369192414486 -0.748648157314 -0.550656787514
  outer loop
   vertex -0.0891543748873 -0.154419907022 0.0611760718526
   vertex -0.0713412554486 -0.172233026461 0.0734510326303
   vertex -0.0932118422369 -0.161447646621 0.0734510326303
  endloop
 endfacet
 facet normal -0.268315728914 -0.790432648606 -0.550656787514
  outer loop
   vertex -0.0682358043845 -0.164735804385 0.0611760718526
   vertex -0.0461497003501 -0.172233026461 0.0611760718526
   vertex -0.04825 -0.180071451465 0.0734510326303
  endloop
 endfacet
 facet normal -0.268315728914 -0.790432648606 -0.550656787514
  outer loop
   vertex -0.0682358043845 -0.164735804385 0.0611760718526
   vertex -0.04825 -0.180071451465 0.0734510326303
   vertex -0.0713412554486 -0.172233026461 0.0734510326303
  endloop
 endfacet
 facet normal -0.162848086829 -0.81869261813 -0.550656787514
  outer loop
   vertex -0.0461497003501 -0.172233026461 0.0611760718526
   vertex -0.0232739621476 -0.176783293702 0.0611760718526
   vertex -0.024333173674 -0.18482880401 0.0734510326303
  endloop
 endfacet
 facet normal -0.162848086829 -0.81869261813 -0.550656787514
  outer loop
   vertex -0.0461497003501 -0.172233026461 0.0611760718526
   vertex -0.024333173674 -0.18482880401 0.0734510326303
   vertex -0.04825 -0.180071451465 0.0734510326303
  endloop
 endfacet
 facet normal -0.0545940688275 -0.832944529974 -0.550656787514
  outer loop
   vertex -0.0232739621476 -0.176783293702 0.0611760718526
   vertex -3.27547859507e-17 -0.178308749775 0.0611760718526
   vertex -3.42454752714e-17 -0.186423684474 0.0734510326303
  endloop
 endfacet
 facet normal -0.0545940688275 -0.832944529974 -0.550656787514
  outer loop
   vertex -0.0232739621476 -0.176783293702 0.0611760718526
   vertex -3.42454752714e-17 -0.186423684474 0.0734510326303
   vertex -0.024333173674 -0.18482880401 0.0734510326303
  endloop
 endfacet
 facet normal 0.0545940688275 -0.832944529974 -0.550656787514
  outer loop
   vertex -3.27547859507e-17 -0.178308749775 0.0611760718526
   vertex 0.0232739621476 -0.176783293702 0.0611760718526
   vertex 0.024333173674 -0.18482880401 0.0734510326303
  endloop
 endfacet
 facet normal 0.0545940688275 -0.832944529974 -0.550656787514
  outer loop
   vertex -3.27547859507e-17 -0.178308749775 0.0611760718526
   vertex 0.024333173674 -0.18482880401 0.0734510326303
   vertex -3.42454752714e-17 -0.186423684474 0.0734510326303
  endloop
 endfacet
 facet normal 0.162848086829 -0.81869261813 -0.550656787514
  outer loop
   vertex 0.0232739621476 -0.176783293702 0.0611760718526
   vertex 0.0461497003501 -0.172233026461 0.0611760718526
   vertex 0.04825 -0.180071451465 0.0734510326303
  endloop
 endfacet
 facet normal 0.162848086829 -0.81869261813 -0.550656787514
  outer loop
   vertex 0.0232739621476 -0.176783293702 0.0611760718526
   vertex 0.04825 -0.180071451465 0.0734510326303
   vertex 0.024333173674 -0.18482880401 0.0734510326303
  endloop
 endfacet
 facet normal 0.268315728914 -0.790432648606 -0.550656787514
  outer loop
   vertex 0.0461497003501 -0.172233026461 0.0611760718526
   vertex 0.0682358043845 -0.164735804385 0.0611760718526
   vertex 0.0713412554486 -0.172233026461 0.0734510326303
  endloop
 endfacet
 facet normal 0.268315728914 -0.790432648606 -0.550656787514
  outer loop
   vertex 0.0461497003501 -0.172233026461 0.0611760718526
   vertex 0.0713412554486 -0.172233026461 0.0734510326303
   vertex 0.04825 -0.180071451465 0.0734510326303
  endloop
 endfacet
 facet normal 0.369192414486 -0.748648157314 -0.550656787514
  outer loop
   vertex 0.0682358043845 -0.164735804385 0.0611760718526
   vertex 0.0891543748873 -0.154419907022 0.0611760718526
   vertex 0.0932118422369 -0.161447646621 0.0734510326303
  endloop
 endfacet
 facet normal 0.369192414486 -0.748648157314 -0.550656787514
  outer loop
   vertex 0.0682358043845 -0.164735804385 0.0611760718526
   vertex 0.0932118422369 -0.161447646621 0.0734510326303
   vertex 0.0713412554486 -0.172233026461 0.0734510326303
  endloop
 endfacet
 facet normal 0.463752115488 -0.694054088487 -0.550656787514
  outer loop
   vertex 0.0891543748873 -0.154419907022 0.0611760718526
   vertex 0.108547489318 -0.141461842237 0.0611760718526
   vertex 0.113487548561 -0.147899852787 0.0734510326303
  endloop
 endfacet
 facet normal 0.463752115488 -0.694054088487 -0.550656787514
  outer loop
   vertex 0.0891543748873 -0.154419907022 0.0611760718526
   vertex 0.113487548561 -0.147899852787 0.0734510326303
   vertex 0.0932118422369 -0.161447646621 0.0734510326303
  endloop
 endfacet
 facet normal 0.550376889216 -0.627584561777 -0.550656787514
  outer loop
   vertex 0.108547489318 -0.141461842237 0.0611760718526
   vertex 0.126083326111 -0.126083326111 0.0611760718526
   vertex 0.131821451465 -0.131821451465 0.0734510326303
  endloop
 endfacet
 facet normal 0.550376889216 -0.627584561777 -0.550656787514
  outer loop
   vertex 0.108547489318 -0.141461842237 0.0611760718526
   vertex 0.131821451465 -0.131821451465 0.0734510326303
   vertex 0.113487548561 -0.147899852787 0.0734510326303
  endloop
 endfacet
 facet normal 0.627584561777 -0.550376889216 -0.550656787514
  outer loop
   vertex 0.126083326111 -0.126083326111 0.0611760718526
   vertex 0.141461842237 -0.108547489318 0.0611760718526
   vertex 0.147899852787 -0.113487548561 0.0734510326303
  endloop
 endfacet
 facet normal 0.627584561777 -0.550376889216 -0.550656787514
  outer loop
   vertex 0.126083326111 -0.126083326111 0.0611760718526
   vertex 0.147899852787 -0.113487548561 0.0734510326303
   vertex 0.131821451465 -0.131821451465 0.0734510326303
  endloop
 endfacet
 facet normal 0.694054088487 -0.463752115488 -0.550656787514
  outer loop
   vertex 0.141461842237 -0.108547489318 0.0611760718526
   vertex 0.154419907022 -0.0891543748873 0.0611760718526
   vertex 0.161447646621 -0.0932118422369 0.0734510326303
  endloop
 endfacet
 facet normal 0.694054088487 -0.463752115488 -0.550656787514
  outer loop
   vertex 0.141461842237 -0.108547489318 0.0611760718526
   vertex 0.161447646621 -0.0932118422369 0.0734510326303
   vertex 0.147899852787 -0.113487548561 0.0734510326303
  endloop
 endfacet
 facet normal 0.748648157314 -0.369192414486 -0.550656787514
  outer loop
   vertex 0.154419907022 -0.0891543748873 0.0611760718526
   vertex 0.164735804385 -0.0682358043845 0.0611760718526
   vertex 0.172233026461 -0.0713412554486 0.0734510326303
  endloop
 endfacet
 facet normal 0.748648157314 -0.369192414486 -0.550656787514
  outer loop
   vertex 0.154419907022 -0.0891543748873 0.0611760718526
   vertex 0.172233026461 -0.0713412554486 0.0734510326303
   vertex 0.161447646621 -0.0932118422369 0.0734510326303
  endloop
 endfacet
 facet normal 0.790432648606 -0.268315728914 -0.550656787514
  outer loop
   vertex 0.164735804385 -0.0682358043845 0.0611760718526
   vertex 0.172233026461 -0.0461497003501 0.0611760718526
   vertex 0.180071451465 -0.04825 0.0734510326303
  endloop
 endfacet
 facet normal 0.790432648606 -0.268315728914 -0.550656787514
  outer loop
   vertex 0.164735804385 -0.0682358043845 0.0611760718526
   vertex 0.180071451465 -0.04825 0.0734510326303
   vertex 0.172233026461 -0.0713412554486 0.0734510326303
  endloop
 endfacet
 facet normal 0.81869261813 -0.162848086829 -0.550656787514
  outer loop
   vertex 0.172233026461 -0.0461497003501 0.0611760718526
   vertex 0.176783293702 -0.0232739621476 0.0611760718526
   vertex 0.18482880401 -0.024333173674 0.0734510326303
  endloop
 endfacet
 facet normal 0.81869261813 -0.162848086829 -0.550656787514
  outer loop
   vertex 0.172233026461 -0.0461497003501 0.0611760718526
   vertex 0.18482880401 -0.024333173674 0.0734510326303
   vertex 0.180071451465 -0.04825 0.0734510326303
  endloop
 endfacet
 facet normal 0.832944529974 -0.0545940688275 -0.550656787514
  outer loop
   vertex 0.176783293702 -0.0232739621476 0.0611760718526
   vertex 0.178308749775 0 0.0611760718526
   vertex 0.186423684474 0 0.0734510326303
  endloop
 endfacet
 facet normal 0.832944529974 -0.0545940688275 -0.550656787514
  outer loop
   vertex 0.176783293702 -0.0232739621476 0.0611760718526
   vertex 0.186423684474 0 0.0734510326303
   vertex 0.18482880401 -0.024333173674 0.0734510326303
  endloop
 endfacet
 facet normal 0.930740135252 0.0610039314455 -0.360556959411
  outer loop
   vertex 0.186423684474 0 0.0734510326303
   vertex 0.18482880401 0.024333173674 0.0734510326303
   vertex 0.189711842237 0.0249760378524 0.086164854351
  endloop
 endfacet
 facet normal 0.930740135252 0.0610039314455 -0.360556959411
  outer loop
   vertex 0.186423684474 0 0.0734510326303
   vertex 0.189711842237 0.0249760378524 0.086164854351
   vertex 0.191348858245 0 0.086164854351
  endloop
 endfacet
 facet normal 0.914814913488 0.181968000156 -0.360556959411
  outer loop
   vertex 0.18482880401 0.024333173674 0.0734510326303
   vertex 0.180071451465 0.04825 0.0734510326303
   vertex 0.18482880401 0.0495247287725 0.086164854351
  endloop
 endfacet
 facet normal 0.914814913488 0.181968000156 -0.360556959411
  outer loop
   vertex 0.18482880401 0.024333173674 0.0734510326303
   vertex 0.18482880401 0.0495247287725 0.086164854351
   vertex 0.189711842237 0.0249760378524 0.086164854351
  endloop
 endfacet
 facet normal 0.883236954919 0.299818545933 -0.360556959411
  outer loop
   vertex 0.180071451465 0.04825 0.0734510326303
   vertex 0.172233026461 0.0713412554486 0.0734510326303
   vertex 0.176783293702 0.0732260378524 0.086164854351
  endloop
 endfacet
 facet normal 0.883236954919 0.299818545933 -0.360556959411
  outer loop
   vertex 0.180071451465 0.04825 0.0734510326303
   vertex 0.176783293702 0.0732260378524 0.086164854351
   vertex 0.18482880401 0.0495247287725 0.086164854351
  endloop
 endfacet
 facet normal 0.836546567173 0.412539113263 -0.360556959411
  outer loop
   vertex 0.172233026461 0.0713412554486 0.0734510326303
   vertex 0.161447646621 0.0932118422369 0.0734510326303
   vertex 0.165712972225 0.0956744291226 0.086164854351
  endloop
 endfacet
 facet normal 0.836546567173 0.412539113263 -0.360556959411
  outer loop
   vertex 0.172233026461 0.0713412554486 0.0734510326303
   vertex 0.165712972225 0.0956744291226 0.086164854351
   vertex 0.176783293702 0.0732260378524 0.086164854351
  endloop
 endfacet
 facet normal 0.775542635727 0.518201021988 -0.360556959411
  outer loop
   vertex 0.161447646621 0.0932118422369 0.0734510326303
   vertex 0.147899852787 0.113487548561 0.0734510326303
   vertex 0.15180725585 0.116485804385 0.086164854351
  endloop
 endfacet
 facet normal 0.775542635727 0.518201021988 -0.360556959411
  outer loop
   vertex 0.161447646621 0.0932118422369 0.0734510326303
   vertex 0.15180725585 0.116485804385 0.086164854351
   vertex 0.165712972225 0.0956744291226 0.086164854351
  endloop
 endfacet
 facet normal 0.701268954763 0.614996367555 -0.360556959411
  outer loop
   vertex 0.147899852787 0.113487548561 0.0734510326303
   vertex 0.131821451465 0.131821451465 0.0734510326303
   vertex 0.135304075237 0.135304075237 0.086164854351
  endloop
 endfacet
 facet normal 0.701268954763 0.614996367555 -0.360556959411
  outer loop
   vertex 0.147899852787 0.113487548561 0.0734510326303
   vertex 0.135304075237 0.135304075237 0.086164854351
   vertex 0.15180725585 0.116485804385 0.086164854351
  endloop
 endfacet
 facet normal 0.614996367555 0.701268954763 -0.360556959411
  outer loop
   vertex 0.131821451465 0.131821451465 0.0734510326303
   vertex 0.113487548561 0.147899852787 0.0734510326303
   vertex 0.116485804385 0.15180725585 0.086164854351
  endloop
 endfacet
 facet normal 0.614996367555 0.701268954763 -0.360556959411
  outer loop
   vertex 0.131821451465 0.131821451465 0.0734510326303
   vertex 0.116485804385 0.15180725585 0.086164854351
   vertex 0.135304075237 0.135304075237 0.086164854351
  endloop
 endfacet
 facet normal 0.518201021988 0.775542635727 -0.360556959411
  outer loop
   vertex 0.113487548561 0.147899852787 0.0734510326303
   vertex 0.0932118422369 0.161447646621 0.0734510326303
   vertex 0.0956744291226 0.165712972225 0.086164854351
  endloop
 endfacet
 facet normal 0.518201021988 0.775542635727 -0.360556959411
  outer loop
   vertex 0.113487548561 0.147899852787 0.0734510326303
   vertex 0.0956744291226 0.165712972225 0.086164854351
   vertex 0.116485804385 0.15180725585 0.086164854351
  endloop
 endfacet
 facet normal 0.412539113263 0.836546567173 -0.360556959411
  outer loop
   vertex 0.0932118422369 0.161447646621 0.0734510326303
   vertex 0.0713412554486 0.172233026461 0.0734510326303
   vertex 0.0732260378524 0.176783293702 0.086164854351
  endloop
 endfacet
 facet normal 0.412539113263 0.836546567173 -0.360556959411
  outer loop
   vertex 0.0932118422369 0.161447646621 0.0734510326303
   vertex 0.0732260378524 0.176783293702 0.086164854351
   vertex 0.0956744291226 0.165712972225 0.086164854351
  endloop
 endfacet
 facet normal 0.299818545933 0.883236954919 -0.360556959411
  outer loop
   vertex 0.0713412554486 0.172233026461 0.0734510326303
   vertex 0.04825 0.180071451465 0.0734510326303
   vertex 0.0495247287725 0.18482880401 0.086164854351
  endloop
 endfacet
 facet normal 0.299818545933 0.883236954919 -0.360556959411
  outer loop
   vertex 0.0713412554486 0.172233026461 0.0734510326303
   vertex 0.0495247287725 0.18482880401 0.086164854351
   vertex 0.0732260378524 0.176783293702 0.086164854351
  endloop
 endfacet
 facet normal 0.181968000156 0.914814913488 -0.360556959411
  outer loop
   vertex 0.04825 0.180071451465 0.0734510326303
   vertex 0.024333173674 0.18482880401 0.0734510326303
   vertex 0.0249760378524 0.189711842237 0.086164854351
  endloop
 endfacet
 facet normal 0.181968000156 0.914814913488 -0.360556959411
  outer loop
   vertex 0.04825 0.180071451465 0.0734510326303
   vertex 0.0249760378524 0.189711842237 0.086164854351
   vertex 0.0495247287725 0.18482880401 0.086164854351
  endloop
 endfacet
 facet normal 0.0610039314455 0.930740135252 -0.360556959411
  outer loop
   vertex 0.024333173674 0.18482880401 0.0734510326303
   vertex 1.14151584238e-17 0.186423684474 0.0734510326303
   vertex 1.17167383385e-17 0.191348858245 0.086164854351
  endloop
 endfacet
 facet normal 0.0610039314455 0.930740135252 -0.360556959411
  outer loop
   vertex 0.024333173674 0.18482880401 0.0734510326303
   vertex 1.17167383385e-17 0.191348858245 0.086164854351
   vertex 0.0249760378524 0.189711842237 0.086164854351
  endloop
 endfacet
 facet normal -0.0610039314455 0.930740135252 -0.360556959411
  outer loop
   vertex 1.14151584238e-17 0.186423684474 0.0734510326303
   vertex -0.024333173674 0.18482880401 0.0734510326303
   vertex -0.0249760378524 0.189711842237 0.086164854351
  endloop
 endfacet
 facet normal -0.0610039314455 0.930740135252 -0.360556959411
  outer loop
   vertex 1.14151584238e-17 0.186423684474 0.0734510326303
   vertex -0.0249760378524 0.189711842237 0.086164854351
   vertex 1.17167383385e-17 0.191348858245 0.086164854351
  endloop
 endfacet
 facet normal -0.181968000156 0.914814913488 -0.360556959411
  outer loop
   vertex -0.024333173674 0.18482880401 0.0734510326303
   vertex -0.04825 0.180071451465 0.0734510326303
   vertex -0.0495247287725 0.18482880401 0.086164854351
  endloop
 endfacet
 facet normal -0.181968000156 0.914814913488 -0.360556959411
  outer loop
   vertex -0.024333173674 0.18482880401 0.0734510326303
   vertex -0.0495247287725 0.18482880401 0.086164854351
   vertex -0.0249760378524 0.189711842237 0.086164854351
  endloop
 endfacet
 facet normal -0.299818545933 0.883236954919 -0.360556959411
  outer loop
   vertex -0.04825 0.180071451465 0.0734510326303
   vertex -0.0713412554486 0.172233026461 0.0734510326303
   vertex -0.0732260378524 0.176783293702 0.086164854351
  endloop
 endfacet
 facet normal -0.299818545933 0.883236954919 -0.360556959411
  outer loop
   vertex -0.04825 0.180071451465 0.0734510326303
   vertex -0.0732260378524 0.176783293702 0.086164854351
   vertex -0.0495247287725 0.18482880401 0.086164854351
  endloop
 endfacet
 facet normal -0.412539113263 0.836546567173 -0.360556959411
  outer loop
   vertex -0.0713412554486 0.172233026461 0.0734510326303
   vertex -0.0932118422369 0.161447646621 0.0734510326303
   vertex -0.0956744291226 0.165712972225 0.086164854351
  endloop
 endfacet
 facet normal -0.412539113263 0.836546567173 -0.360556959411
  outer loop
   vertex -0.0713412554486 0.172233026461 0.0734510326303
   vertex -0.0956744291226 0.165712972225 0.086164854351
   vertex -0.0732260378524 0.176783293702 0.086164854351
  endloop
 endfacet
 facet normal -0.518201021988 0.775542635727 -0.360556959411
  outer loop
   vertex -0.0932118422369 0.161447646621 0.0734510326303
   vertex -0.113487548561 0.147899852787 0.0734510326303
   vertex -0.116485804385 0.15180725585 0.086164854351
  endloop
 endfacet
 facet normal -0.518201021988 0.775542635727 -0.360556959411
  outer loop
   vertex -0.0932118422369 0.161447646621 0.0734510326303
   vertex -0.116485804385 0.15180725585 0.086164854351
   vertex -0.0956744291226 0.165712972225 0.086164854351
  endloop
 endfacet
 facet normal -0.614996367555 0.701268954763 -0.360556959411
  outer loop
   vertex -0.113487548561 0.147899852787 0.0734510326303
   vertex -0.131821451465 0.131821451465 0.0734510326303
   vertex -0.135304075237 0.135304075237 0.086164854351
  endloop
 endfacet
 facet normal -0.614996367555 0.701268954763 -0.360556959411
  outer loop
   vertex -0.113487548561 0.147899852787 0.0734510326303
   vertex -0.135304075237 0.135304075237 0.086164854351
   vertex -0.116485804385 0.15180725585 0.086164854351
  endloop
 endfacet
 facet normal -0.701268954763 0.614996367555 -0.360556959411
  outer loop
   vertex -0.131821451465 0.131821451465 0.0734510326303
   vertex -0.147899852787 0.113487548561 0.0734510326303
   vertex -0.15180725585 0.116485804385 0.086164854351
  endloop
 endfacet
 facet normal -0.701268954763 0.614996367555 -0.360556959411
  outer loop
   vertex -0.131821451465 0.131821451465 0.0734510326303
   vertex -0.15180725585 0.116485804385 0.086164854351
   vertex -0.135304075237 0.135304075237 0.086164854351
  endloop
 endfacet
 facet normal -0.775542635727 0.518201021988 -0.360556959411
  outer loop
   vertex -0.147899852787 0.113487548561 0.0734510326303
   vertex -0.161447646621 0.0932118422369 0.0734510326303
   vertex -0.165712972225 0.0956744291226 0.086164854351
  endloop
 endfacet
 facet normal -0.775542635727 0.518201021988 -0.360556959411
  outer loop
   vertex -0.147899852787 0.113487548561 0.0734510326303
   vertex -0.165712972225 0.0956744291226 0.086164854351
   vertex -0.15180725585 0.116485804385 0.086164854351
  endloop
 endfacet
 facet normal -0.836546567173 0.412539113263 -0.360556959411
  outer loop
   vertex -0.161447646621 0.0932118422369 0.0734510326303
   vertex -0.172233026461 0.0713412554486 0.0734510326303
   vertex -0.176783293702 0.0732260378524 0.086164854351
  endloop
 endfacet
 facet normal -0.836546567173 0.412539113263 -0.360556959411
  outer loop
   vertex -0.161447646621 0.0932118422369 0.0734510326303
   vertex -0.176783293702 0.0732260378524 0.086164854351
   vertex -0.165712972225 0.0956744291226 0.086164854351
  endloop
 endfacet
 facet normal -0.883236954919 0.299818545933 -0.360556959411
  outer loop
   vertex -0.172233026461 0.0713412554486 0.0734510326303
   vertex -0.180071451465 0.04825 0.0734510326303
   vertex -0.18482880401 0.0495247287725 0.086164854351
  endloop
 endfacet
 facet normal -0.883236954919 0.299818545933 -0.360556959411
  outer loop
   vertex -0.172233026461 0.0713412554486 0.0734510326303
   vertex -0.18482880401 0.0495247287725 0.086164854351
   vertex -0.176783293702 0.0732260378524 0.086164854351
  endloop
 endfacet
 facet normal -0.914814913488 0.181968000156 -0.360556959411
  outer loop
   vertex -0.180071451465 0.04825 0.0734510326303
   vertex -0.18482880401 0.024333173674 0.0734510326303
   vertex -0.189711842237 0.0249760378524 0.086164854351
  endloop
 endfacet
 facet normal -0.914814913488 0.181968000156 -0.360556959411
  outer loop
   vertex -0.180071451465 0.04825 0.0734510326303
   vertex -0.189711842237 0.0249760378524 0.086164854351
   vertex -0.18482880401 0.0495247287725 0.086164854351
  endloop
 endfacet
 facet normal -0.930740135252 0.0610039314455 -0.360556959411
  outer loop
   vertex -0.18482880401 0.024333173674 0.0734510326303
   vertex -0.186423684474 2.28303168476e-17 0.0734510326303
   vertex -0.191348858245 2.3433476677e-17 0.086164854351
  endloop
 endfacet
 facet normal -0.930740135252 0.0610039314455 -0.360556959411
  outer loop
   vertex -0.18482880401 0.024333173674 0.0734510326303
   vertex -0.191348858245 2.3433476677e-17 0.086164854351
   vertex -0.189711842237 0.0249760378524 0.086164854351
  endloop
 endfacet
 facet normal -0.930740135252 -0.0610039314455 -0.360556959411
  outer loop
   vertex -0.186423684474 2.28303168476e-17 0.0734510326303
   vertex -0.18482880401 -0.024333173674 0.0734510326303
   vertex -0.189711842237 -0.0249760378524 0.086164854351
  endloop
 endfacet
 facet normal -0.930740135252 -0.0610039314455 -0.360556959411
  outer loop
   vertex -0.186423684474 2.28303168476e-17 0.0734510326303
   vertex -0.189711842237 -0.0249760378524 0.086164854351
   vertex -0.191348858245 2.3433476677e-17 0.086164854351
  endloop
 endfacet
 facet normal -0.914814913488 -0.181968000156 -0.360556959411
  outer loop
   vertex -0.18482880401 -0.024333173674 0.0734510326303
   vertex -0.180071451465 -0.04825 0.0734510326303
   vertex -0.18482880401 -0.0495247287725 0.086164854351
  endloop
 endfacet
 facet normal -0.914814913488 -0.181968000156 -0.360556959411
  outer loop
   vertex -0.18482880401 -0.024333173674 0.0734510326303
   vertex -0.18482880401 -0.0495247287725 0.086164854351
   vertex -0.189711842237 -0.0249760378524 0.086164854351
  endloop
 endfacet
 facet normal -0.883236954919 -0.299818545933 -0.360556959411
  outer loop
   vertex -0.180071451465 -0.04825 0.0734510326303
   vertex -0.172233026461 -0.0713412554486 0.0734510326303
   vertex -0.176783293702 -0.0732260378524 0.086164854351
  endloop
 endfacet
 facet normal -0.883236954919 -0.299818545933 -0.360556959411
  outer loop
   vertex -0.180071451465 -0.04825 0.0734510326303
   vertex -0.176783293702 -0.0732260378524 0.086164854351
   vertex -0.18482880401 -0.0495247287725 0.086164854351
  endloop
 endfacet
 facet normal -0.836546567173 -0.412539113263 -0.360556959411
  outer loop
   vertex -0.172233026461 -0.0713412554486 0.0734510326303
   vertex -0.161447646621 -0.0932118422369 0.0734510326303
   vertex -0.165712972225 -0.0956744291226 0.086164854351
  endloop
 endfacet
 facet normal -0.836546567173 -0.412539113263 -0.360556959411
  outer loop
   vertex -0.172233026461 -0.0713412554486 0.0734510326303
   vertex -0.165712972225 -0.0956744291226 0.086164854351
   vertex -0.176783293702 -0.0732260378524 0.086164854351
  endloop
 endfacet
 facet normal -0.775542635727 -0.518201021988 -0.360556959411
  outer loop
   vertex -0.161447646621 -0.0932118422369 0.0734510326303
   vertex -0.147899852787 -0.113487548561 0.0734510326303
   vertex -0.15180725585 -0.116485804385 0.086164854351
  endloop
 endfacet
 facet normal -0.775542635727 -0.518201021988 -0.360556959411
  outer loop
   vertex -0.161447646621 -0.0932118422369 0.0734510326303
   vertex -0.15180725585 -0.116485804385 0.086164854351
   vertex -0.165712972225 -0.0956744291226 0.086164854351
  endloop
 endfacet
 facet normal -0.701268954763 -0.614996367555 -0.360556959411
  outer loop
   vertex -0.147899852787 -0.113487548561 0.0734510326303
   vertex -0.131821451465 -0.131821451465 0.0734510326303
   vertex -0.135304075237 -0.135304075237 0.086164854351
  endloop
 endfacet
 facet normal -0.701268954763 -0.614996367555 -0.360556959411
  outer loop
   vertex -0.147899852787 -0.113487548561 0.0734510326303
   vertex -0.135304075237 -0.135304075237 0.086164854351
   vertex -0.15180725585 -0.116485804385 0.086164854351
  endloop
 endfacet
 facet normal -0.614996367555 -0.701268954763 -0.360556959411
  outer loop
   vertex -0.131821451465 -0.131821451465 0.0734510326303
   vertex -0.113487548561 -0.147899852787 0.0734510326303
   vertex -0.116485804385 -0.15180725585 0.086164854351
  endloop
 endfacet
 facet normal -0.614996367555 -0.701268954763 -0.360556959411
  outer loop
   vertex -0.131821451465 -0.131821451465 0.0734510326303
   vertex -0.116485804385 -0.15180725585 0.086164854351
   vertex -0.135304075237 -0.135304075237 0.086164854351
  endloop
 endfacet
 facet normal -0.518201021988 -0.775542635727 -0.360556959411
  outer loop
   vertex -0.113487548561 -0.147899852787 0.0734510326303
   vertex -0.0932118422369 -0.161447646621 0.0734510326303
   vertex -0.0956744291226 -0.165712972225 0.086164854351
  endloop
 endfacet
 facet normal -0.518201021988 -0.775542635727 -0.360556959411
  outer loop
   vertex -0.113487548561 -0.147899852787 0.0734510326303
   vertex -0.0956744291226 -0.165712972225 0.086164854351
   vertex -0.116485804385 -0.15180725585 0.086164854351
  endloop
 endfacet
 facet normal -0.412539113263 -0.836546567173 -0.360556959411
  outer loop
   vertex -0.0932118422369 -0.161447646621 0.0734510326303
   vertex -0.0713412554486 -0.172233026461 0.0734510326303
   vertex -0.0732260378524 -0.176783293702 0.086164854351
  endloop
 endfacet
 facet normal -0.412539113263 -0.836546567173 -0.360556959411
  outer loop
   vertex -0.0932118422369 -0.161447646621 0.0734510326303
   vertex -0.0732260378524 -0.176783293702 0.086164854351
   vertex -0.0956744291226 -0.165712972225 0.086164854351
  endloop
 endfacet
 facet normal -0.299818545933 -0.883236954919 -0.360556959411
  outer loop
   vertex -0.0713412554486 -0.172233026461 0.0734510326303
   vertex -0.04825 -0.180071451465 0.0734510326303
   vertex -0.0495247287725 -0.18482880401 0.086164854351
  endloop
 endfacet
 facet normal -0.299818545933 -0.883236954919 -0.360556959411
  outer loop
   vertex -0.0713412554486 -0.172233026461 0.0734510326303
   vertex -0.0495247287725 -0.18482880401 0.086164854351
   vertex -0.0732260378524 -0.176783293702 0.086164854351
  endloop
 endfacet
 facet normal -0.181968000156 -0.914814913488 -0.360556959411
  outer loop
   vertex -0.04825 -0.180071451465 0.0734510326303
   vertex -0.024333173674 -0.18482880401 0.0734510326303
   vertex -0.0249760378524 -0.189711842237 0.086164854351
  endloop
 endfacet
 facet normal -0.181968000156 -0.914814913488 -0.360556959411
  outer loop
   vertex -0.04825 -0.180071451465 0.0734510326303
   vertex -0.0249760378524 -0.189711842237 0.086164854351
   vertex -0.0495247287725 -0.18482880401 0.086164854351
  endloop
 endfacet
 facet normal -0.0610039314455 -0.930740135252 -0.360556959411
  outer loop
   vertex -0.024333173674 -0.18482880401 0.0734510326303
   vertex -3.42454752714e-17 -0.186423684474 0.0734510326303
   vertex -3.51502150156e-17 -0.191348858245 0.086164854351
  endloop
 endfacet
 facet normal -0.0610039314455 -0.930740135252 -0.360556959411
  outer loop
   vertex -0.024333173674 -0.18482880401 0.0734510326303
   vertex -3.51502150156e-17 -0.191348858245 0.086164854351
   vertex -0.0249760378524 -0.189711842237 0.086164854351
  endloop
 endfacet
 facet normal 0.0610039314455 -0.930740135252 -0.360556959411
  outer loop
   vertex -3.42454752714e-17 -0.186423684474 0.0734510326303
   vertex 0.024333173674 -0.18482880401 0.0734510326303
   vertex 0.0249760378524 -0.189711842237 0.086164854351
  endloop
 endfacet
 facet normal 0.0610039314455 -0.930740135252 -0.360556959411
  outer loop
   vertex -3.42454752714e-17 -0.186423684474 0.0734510326303
   vertex 0.0249760378524 -0.189711842237 0.086164854351
   vertex -3.51502150156e-17 -0.191348858245 0.086164854351
  endloop
 endfacet
 facet normal 0.181968000156 -0.914814913488 -0.360556959411
  outer loop
   vertex 0.024333173674 -0.18482880401 0.0734510326303
   vertex 0.04825 -0.180071451465 0.0734510326303
   vertex 0.0495247287725 -0.18482880401 0.086164854351
  endloop
 endfacet
 facet normal 0.181968000156 -0.914814913488 -0.360556959411
  outer loop
   vertex 0.024333173674 -0.18482880401 0.0734510326303
   vertex 0.0495247287725 -0.18482880401 0.086164854351
   vertex 0.0249760378524 -0.189711842237 0.086164854351
  endloop
 endfacet
 facet normal 0.299818545933 -0.883236954919 -0.360556959411
  outer loop
   vertex 0.04825 -0.180071451465 0.0734510326303
   vertex 0.0713412554486 -0.172233026461 0.0734510326303
   vertex 0.0732260378524 -0.176783293702 0.086164854351
  endloop
 endfacet
 facet normal 0.299818545933 -0.883236954919 -0.360556959411
  outer loop
   vertex 0.04825 -0.180071451465 0.0734510326303
   vertex 0.0732260378524 -0.176783293702 0.086164854351
   vertex 0.0495247287725 -0.18482880401 0.086164854351
  endloop
 endfacet
 facet normal 0.412539113263 -0.836546567173 -0.360556959411
  outer loop
   vertex 0.0713412554486 -0.172233026461 0.0734510326303
   vertex 0.0932118422369 -0.161447646621 0.0734510326303
   vertex 0.0956744291226 -0.165712972225 0.086164854351
  endloop
 endfacet
 facet normal 0.412539113263 -0.836546567173 -0.360556959411
  outer loop
   vertex 0.0713412554486 -0.172233026461 0.0734510326303
   vertex 0.0956744291226 -0.165712972225 0.086164854351
   vertex 0.0732260378524 -0.176783293702 0.086164854351
  endloop
 endfacet
 facet normal 0.518201021988 -0.775542635727 -0.360556959411
  outer loop
   vertex 0.0932118422369 -0.161447646621 0.0734510326303
   vertex 0.113487548561 -0.147899852787 0.0734510326303
   vertex 0.116485804385 -0.15180725585 0.086164854351
  endloop
 endfacet
 facet normal 0.518201021988 -0.775542635727 -0.360556959411
  outer loop
   vertex 0.0932118422369 -0.161447646621 0.0734510326303
   vertex 0.116485804385 -0.15180725585 0.086164854351
   vertex 0.0956744291226 -0.165712972225 0.086164854351
  endloop
 endfacet
 facet normal 0.614996367555 -0.701268954763 -0.360556959411
  outer loop
   vertex 0.113487548561 -0.147899852787 0.0734510326303
   vertex 0.131821451465 -0.131821451465 0.0734510326303
   vertex 0.135304075237 -0.135304075237 0.086164854351
  endloop
 endfacet
 facet normal 0.614996367555 -0.701268954763 -0.360556959411
  outer loop
   vertex 0.113487548561 -0.147899852787 0.0734510326303
   vertex 0.135304075237 -0.135304075237 0.086164854351
   vertex 0.116485804385 -0.15180725585 0.086164854351
  endloop
 endfacet
 facet normal 0.701268954763 -0.614996367555 -0.360556959411
  outer loop
   vertex 0.131821451465 -0.131821451465 0.0734510326303
   vertex 0.147899852787 -0.113487548561 0.0734510326303
   vertex 0.15180725585 -0.116485804385 0.086164854351
  endloop
 endfacet
 facet normal 0.701268954763 -0.614996367555 -0.360556959411
  outer loop
   vertex 0.131821451465 -0.131821451465 0.0734510326303
   vertex 0.15180725585 -0.116485804385 0.086164854351
   vertex 0.135304075237 -0.135304075237 0.086164854351
  endloop
 endfacet
 facet normal 0.775542635727 -0.518201021988 -0.360556959411
  outer loop
   vertex 0.147899852787 -0.113487548561 0.0734510326303
   vertex 0.161447646621 -0.0932118422369 0.0734510326303
   vertex 0.165712972225 -0.0956744291226 0.086164854351
  endloop
 endfacet
 facet normal 0.775542635727 -0.518201021988 -0.360556959411
  outer loop
   vertex 0.147899852787 -0.113487548561 0.0734510326303
   vertex 0.165712972225 -0.0956744291226 0.086164854351
   vertex 0.15180725585 -0.116485804385 0.086164854351
  endloop
 endfacet
 facet normal 0.836546567173 -0.412539113263 -0.360556959411
  outer loop
   vertex 0.161447646621 -0.0932118422369 0.0734510326303
   vertex 0.172233026461 -0.0713412554486 0.0734510326303
   vertex 0.176783293702 -0.0732260378524 0.086164854351
  endloop
 endfacet
 facet normal 0.836546567173 -0.412539113263 -0.360556959411
  outer loop
   vertex 0.161447646621 -0.0932118422369 0.0734510326303
   vertex 0.176783293702 -0.0732260378524 0.086164854351
   vertex 0.165712972225 -0.0956744291226 0.086164854351
  endloop
 endfacet
 facet normal 0.883236954919 -0.299818545933 -0.360556959411
  outer loop
   vertex 0.172233026461 -0.0713412554486 0.0734510326303
   vertex 0.180071451465 -0.04825 0.0734510326303
   vertex 0.18482880401 -0.0495247287725 0.086164854351
  endloop
 endfacet
 facet normal 0.883236954919 -0.299818545933 -0.360556959411
  outer loop
   vertex 0.172233026461 -0.0713412554486 0.0734510326303
   vertex 0.18482880401 -0.0495247287725 0.086164854351
   vertex 0.176783293702 -0.0732260378524 0.086164854351
  endloop
 endfacet
 facet normal 0.914814913488 -0.181968000156 -0.360556959411
  outer loop
   vertex 0.180071451465 -0.04825 0.0734510326303
   vertex 0.18482880401 -0.024333173674 0.0734510326303
   vertex 0.189711842237 -0.0249760378524 0.086164854351
  endloop
 endfacet
 facet normal 0.914814913488 -0.181968000156 -0.360556959411
  outer loop
   vertex 0.180071451465 -0.04825 0.0734510326303
   vertex 0.189711842237 -0.0249760378524 0.086164854351
   vertex 0.18482880401 -0.0495247287725 0.086164854351
  endloop
 endfacet
 facet normal 0.930740135252 -0.0610039314455 -0.360556959411
  outer loop
   vertex 0.18482880401 -0.024333173674 0.0734510326303
   vertex 0.186423684474 0 0.0734510326303
   vertex 0.191348858245 0 0.086164854351
  endloop
 endfacet
 facet normal 0.930740135252 -0.0610039314455 -0.360556959411
  outer loop
   vertex 0.18482880401 -0.024333173674 0.0734510326303
   vertex 0.191348858245 0 0.086164854351
   vertex 0.189711842237 -0.0249760378524 0.086164854351
  endloop
 endfacet
 facet normal 0.989861357172 0.064878941056 -0.126353538081
  outer loop
   vertex 0.191348858245 0 0.086164854351
   vertex 0.189711842237 0.0249760378524 0.086164854351
   vertex 0.191348858245 0.0251915550985 0.0991
  endloop
 endfacet
 facet normal 0.989861357172 0.064878941056 -0.126353538081
  outer loop
   vertex 0.191348858245 0 0.086164854351
   vertex 0.191348858245 0.0251915550985 0.0991
   vertex 0.193 0 0.0991
  endloop
 endfacet
 facet normal 0.972924554909 0.193526726499 -0.126353538081
  outer loop
   vertex 0.189711842237 0.0249760378524 0.086164854351
   vertex 0.18482880401 0.0495247287725 0.086164854351
   vertex 0.186423684474 0.0499520757048 0.0991
  endloop
 endfacet
 facet normal 0.972924554909 0.193526726499 -0.126353538081
  outer loop
   vertex 0.189711842237 0.0249760378524 0.086164854351
   vertex 0.186423684474 0.0499520757048 0.0991
   vertex 0.191348858245 0.0251915550985 0.0991
  endloop
 endfacet
 facet normal 0.939340743766 0.318863215995 -0.126353538081
  outer loop
   vertex 0.18482880401 0.0495247287725 0.086164854351
   vertex 0.176783293702 0.0732260378524 0.086164854351
   vertex 0.178308749775 0.0738579024465 0.0991
  endloop
 endfacet
 facet normal 0.939340743766 0.318863215995 -0.126353538081
  outer loop
   vertex 0.18482880401 0.0495247287725 0.086164854351
   vertex 0.178308749775 0.0738579024465 0.0991
   vertex 0.186423684474 0.0499520757048 0.0991
  endloop
 endfacet
 facet normal 0.889684552063 0.438743867461 -0.126353538081
  outer loop
   vertex 0.176783293702 0.0732260378524 0.086164854351
   vertex 0.165712972225 0.0956744291226 0.086164854351
   vertex 0.16714290293 0.0965 0.0991
  endloop
 endfacet
 facet normal 0.889684552063 0.438743867461 -0.126353538081
  outer loop
   vertex 0.176783293702 0.0732260378524 0.086164854351
   vertex 0.16714290293 0.0965 0.0991
   vertex 0.178308749775 0.0738579024465 0.0991
  endloop
 endfacet
 facet normal 0.824805611007 0.551117489711 -0.126353538081
  outer loop
   vertex 0.165712972225 0.0956744291226 0.086164854351
   vertex 0.15180725585 0.116485804385 0.086164854351
   vertex 0.153117194676 0.117490955799 0.0991
  endloop
 endfacet
 facet normal 0.824805611007 0.551117489711 -0.126353538081
  outer loop
   vertex 0.165712972225 0.0956744291226 0.086164854351
   vertex 0.153117194676 0.117490955799 0.0991
   vertex 0.16714290293 0.0965 0.0991
  endloop
 endfacet
 facet normal 0.745814017268 0.654061338914 -0.126353538081
  outer loop
   vertex 0.15180725585 0.116485804385 0.086164854351
   vertex 0.135304075237 0.135304075237 0.086164854351
   vertex 0.136471608769 0.136471608769 0.0991
  endloop
 endfacet
 facet normal 0.745814017268 0.654061338914 -0.126353538081
  outer loop
   vertex 0.15180725585 0.116485804385 0.086164854351
   vertex 0.136471608769 0.136471608769 0.0991
   vertex 0.153117194676 0.117490955799 0.0991
  endloop
 endfacet
 facet normal 0.654061338914 0.745814017268 -0.126353538081
  outer loop
   vertex 0.135304075237 0.135304075237 0.086164854351
   vertex 0.116485804385 0.15180725585 0.086164854351
   vertex 0.117490955799 0.153117194676 0.0991
  endloop
 endfacet
 facet normal 0.654061338914 0.745814017268 -0.126353538081
  outer loop
   vertex 0.135304075237 0.135304075237 0.086164854351
   vertex 0.117490955799 0.153117194676 0.0991
   vertex 0.136471608769 0.136471608769 0.0991
  endloop
 endfacet
 facet normal 0.551117489711 0.824805611007 -0.126353538081
  outer loop
   vertex 0.116485804385 0.15180725585 0.086164854351
   vertex 0.0956744291226 0.165712972225 0.086164854351
   vertex 0.0965 0.16714290293 0.0991
  endloop
 endfacet
 facet normal 0.551117489711 0.824805611007 -0.126353538081
  outer loop
   vertex 0.116485804385 0.15180725585 0.086164854351
   vertex 0.0965 0.16714290293 0.0991
   vertex 0.117490955799 0.153117194676 0.0991
  endloop
 endfacet
 facet normal 0.438743867461 0.889684552063 -0.126353538081
  outer loop
   vertex 0.0956744291226 0.165712972225 0.086164854351
   vertex 0.0732260378524 0.176783293702 0.086164854351
   vertex 0.0738579024465 0.178308749775 0.0991
  endloop
 endfacet
 facet normal 0.438743867461 0.889684552063 -0.126353538081
  outer loop
   vertex 0.0956744291226 0.165712972225 0.086164854351
   vertex 0.0738579024465 0.178308749775 0.0991
   vertex 0.0965 0.16714290293 0.0991
  endloop
 endfacet
 facet normal 0.318863215995 0.939340743766 -0.126353538081
  outer loop
   vertex 0.0732260378524 0.176783293702 0.086164854351
   vertex 0.0495247287725 0.18482880401 0.086164854351
   vertex 0.0499520757048 0.186423684474 0.0991
  endloop
 endfacet
 facet normal 0.318863215995 0.939340743766 -0.126353538081
  outer loop
   vertex 0.0732260378524 0.176783293702 0.086164854351
   vertex 0.0499520757048 0.186423684474 0.0991
   vertex 0.0738579024465 0.178308749775 0.0991
  endloop
 endfacet
 facet normal 0.193526726499 0.972924554909 -0.126353538081
  outer loop
   vertex 0.0495247287725 0.18482880401 0.086164854351
   vertex 0.0249760378524 0.189711842237 0.086164854351
   vertex 0.0251915550985 0.191348858245 0.0991
  endloop
 endfacet
 facet normal 0.193526726499 0.972924554909 -0.126353538081
  outer loop
   vertex 0.0495247287725 0.18482880401 0.086164854351
   vertex 0.0251915550985 0.191348858245 0.0991
   vertex 0.0499520757048 0.186423684474 0.0991
  endloop
 endfacet
 facet normal 0.064878941056 0.989861357172 -0.126353538081
  outer loop
   vertex 0.0249760378524 0.189711842237 0.086164854351
   vertex 1.17167383385e-17 0.191348858245 0.086164854351
   vertex 1.18178416118e-17 0.193 0.0991
  endloop
 endfacet
 facet normal 0.064878941056 0.989861357172 -0.126353538081
  outer loop
   vertex 0.0249760378524 0.189711842237 0.086164854351
   vertex 1.18178416118e-17 0.193 0.0991
   vertex 0.0251915550985 0.191348858245 0.0991
  endloop
 endfacet
 facet normal -0.064878941056 0.989861357172 -0.126353538081
  outer loop
   vertex 1.17167383385e-17 0.191348858245 0.086164854351
   vertex -0.0249760378524 0.189711842237 0.086164854351
   vertex -0.0251915550985 0.191348858245 0.0991
  endloop
 endfacet
 facet normal -0.064878941056 0.989861357172 -0.126353538081
  outer loop
   vertex 1.17167383385e-17 0.191348858245 0.086164854351
   vertex -0.0251915550985 0.191348858245 0.0991
   vertex 1.18178416118e-17 0.193 0.0991
  endloop
 endfacet
 facet normal -0.193526726499 0.972924554909 -0.126353538081
  outer loop
   vertex -0.0249760378524 0.189711842237 0.086164854351
   vertex -0.0495247287725 0.18482880401 0.086164854351
   vertex -0.0499520757048 0.186423684474 0.0991
  endloop
 endfacet
 facet normal -0.193526726499 0.972924554909 -0.126353538081
  outer loop
   vertex -0.0249760378524 0.189711842237 0.086164854351
   vertex -0.0499520757048 0.186423684474 0.0991
   vertex -0.0251915550985 0.191348858245 0.0991
  endloop
 endfacet
 facet normal -0.318863215995 0.939340743766 -0.126353538081
  outer loop
   vertex -0.0495247287725 0.18482880401 0.086164854351
   vertex -0.0732260378524 0.176783293702 0.086164854351
   vertex -0.0738579024465 0.178308749775 0.0991
  endloop
 endfacet
 facet normal -0.318863215995 0.939340743766 -0.126353538081
  outer loop
   vertex -0.0495247287725 0.18482880401 0.086164854351
   vertex -0.0738579024465 0.178308749775 0.0991
   vertex -0.0499520757048 0.186423684474 0.0991
  endloop
 endfacet
 facet normal -0.438743867461 0.889684552063 -0.126353538081
  outer loop
   vertex -0.0732260378524 0.176783293702 0.086164854351
   vertex -0.0956744291226 0.165712972225 0.086164854351
   vertex -0.0965 0.16714290293 0.0991
  endloop
 endfacet
 facet normal -0.438743867461 0.889684552063 -0.126353538081
  outer loop
   vertex -0.0732260378524 0.176783293702 0.086164854351
   vertex -0.0965 0.16714290293 0.0991
   vertex -0.0738579024465 0.178308749775 0.0991
  endloop
 endfacet
 facet normal -0.551117489711 0.824805611007 -0.126353538081
  outer loop
   vertex -0.0956744291226 0.165712972225 0.086164854351
   vertex -0.116485804385 0.15180725585 0.086164854351
   vertex -0.117490955799 0.153117194676 0.0991
  endloop
 endfacet
 facet normal -0.551117489711 0.824805611007 -0.126353538081
  outer loop
   vertex -0.0956744291226 0.165712972225 0.086164854351
   vertex -0.117490955799 0.153117194676 0.0991
   vertex -0.0965 0.16714290293 0.0991
  endloop
 endfacet
 facet normal -0.654061338914 0.745814017268 -0.126353538081
  outer loop
   vertex -0.116485804385 0.15180725585 0.086164854351
   vertex -0.135304075237 0.135304075237 0.086164854351
   vertex -0.136471608769 0.136471608769 0.0991
  endloop
 endfacet
 facet normal -0.654061338914 0.745814017268 -0.126353538081
  outer loop
   vertex -0.116485804385 0.15180725585 0.086164854351
   vertex -0.136471608769 0.136471608769 0.0991
   vertex -0.117490955799 0.153117194676 0.0991
  endloop
 endfacet
 facet normal -0.745814017268 0.654061338914 -0.126353538081
  outer loop
   vertex -0.135304075237 0.135304075237 0.086164854351
   vertex -0.15180725585 0.116485804385 0.086164854351
   vertex -0.153117194676 0.117490955799 0.0991
  endloop
 endfacet
 facet normal -0.745814017268 0.654061338914 -0.126353538081
  outer loop
   vertex -0.135304075237 0.135304075237 0.086164854351
   vertex -0.153117194676 0.117490955799 0.0991
   vertex -0.136471608769 0.136471608769 0.0991
  endloop
 endfacet
 facet normal -0.824805611007 0.551117489711 -0.126353538081
  outer loop
   vertex -0.15180725585 0.116485804385 0.086164854351
   vertex -0.165712972225 0.0956744291226 0.086164854351
   vertex -0.16714290293 0.0965 0.0991
  endloop
 endfacet
 facet normal -0.824805611007 0.551117489711 -0.126353538081
  outer loop
   vertex -0.15180725585 0.116485804385 0.086164854351
   vertex -0.16714290293 0.0965 0.0991
   vertex -0.153117194676 0.117490955799 0.0991
  endloop
 endfacet
 facet normal -0.889684552063 0.438743867461 -0.126353538081
  outer loop
   vertex -0.165712972225 0.0956744291226 0.086164854351
   vertex -0.176783293702 0.0732260378524 0.086164854351
   vertex -0.178308749775 0.0738579024465 0.0991
  endloop
 endfacet
 facet normal -0.889684552063 0.438743867461 -0.126353538081
  outer loop
   vertex -0.165712972225 0.0956744291226 0.086164854351
   vertex -0.178308749775 0.0738579024465 0.0991
   vertex -0.16714290293 0.0965 0.0991
  endloop
 endfacet
 facet normal -0.939340743766 0.318863215995 -0.126353538081
  outer loop
   vertex -0.176783293702 0.0732260378524 0.086164854351
   vertex -0.18482880401 0.0495247287725 0.086164854351
   vertex -0.186423684474 0.0499520757048 0.0991
  endloop
 endfacet
 facet normal -0.939340743766 0.318863215995 -0.126353538081
  outer loop
   vertex -0.176783293702 0.0732260378524 0.086164854351
   vertex -0.186423684474 0.0499520757048 0.0991
   vertex -0.178308749775 0.0738579024465 0.0991
  endloop
 endfacet
 facet normal -0.972924554909 0.193526726499 -0.126353538081
  outer loop
   vertex -0.18482880401 0.0495247287725 0.086164854351
   vertex -0.189711842237 0.0249760378524 0.086164854351
   vertex -0.191348858245 0.0251915550985 0.0991
  endloop
 endfacet
 facet normal -0.972924554909 0.193526726499 -0.126353538081
  outer loop
   vertex -0.18482880401 0.0495247287725 0.086164854351
   vertex -0.191348858245 0.0251915550985 0.0991
   vertex -0.186423684474 0.0499520757048 0.0991
  endloop
 endfacet
 facet normal -0.989861357172 0.064878941056 -0.126353538081
  outer loop
   vertex -0.189711842237 0.0249760378524 0.086164854351
   vertex -0.191348858245 2.3433476677e-17 0.086164854351
   vertex -0.193 2.36356832235e-17 0.0991
  endloop
 endfacet
 facet normal -0.989861357172 0.064878941056 -0.126353538081
  outer loop
   vertex -0.189711842237 0.0249760378524 0.086164854351
   vertex -0.193 2.36356832235e-17 0.0991
   vertex -0.191348858245 0.0251915550985 0.0991
  endloop
 endfacet
 facet normal -0.989861357172 -0.064878941056 -0.126353538081
  outer loop
   vertex -0.191348858245 2.3433476677e-17 0.086164854351
   vertex -0.189711842237 -0.0249760378524 0.086164854351
   vertex -0.191348858245 -0.0251915550985 0.0991
  endloop
 endfacet
 facet normal -0.989861357172 -0.064878941056 -0.126353538081
  outer loop
   vertex -0.191348858245 2.3433476677e-17 0.086164854351
   vertex -0.191348858245 -0.0251915550985 0.0991
   vertex -0.193 2.36356832235e-17 0.0991
  endloop
 endfacet
 facet normal -0.972924554909 -0.193526726499 -0.126353538081
  outer loop
   vertex -0.189711842237 -0.0249760378524 0.086164854351
   vertex -0.18482880401 -0.0495247287725 0.086164854351
   vertex -0.186423684474 -0.0499520757048 0.0991
  endloop
 endfacet
 facet normal -0.972924554909 -0.193526726499 -0.126353538081
  outer loop
   vertex -0.189711842237 -0.0249760378524 0.086164854351
   vertex -0.186423684474 -0.0499520757048 0.0991
   vertex -0.191348858245 -0.0251915550985 0.0991
  endloop
 endfacet
 facet normal -0.939340743766 -0.318863215995 -0.126353538081
  outer loop
   vertex -0.18482880401 -0.0495247287725 0.086164854351
   vertex -0.176783293702 -0.0732260378524 0.086164854351
   vertex -0.178308749775 -0.0738579024465 0.0991
  endloop
 endfacet
 facet normal -0.939340743766 -0.318863215995 -0.126353538081
  outer loop
   vertex -0.18482880401 -0.0495247287725 0.086164854351
   vertex -0.178308749775 -0.0738579024465 0.0991
   vertex -0.186423684474 -0.0499520757048 0.0991
  endloop
 endfacet
 facet normal -0.889684552063 -0.438743867461 -0.126353538081
  outer loop
   vertex -0.176783293702 -0.0732260378524 0.086164854351
   vertex -0.165712972225 -0.0956744291226 0.086164854351
   vertex -0.16714290293 -0.0965 0.0991
  endloop
 endfacet
 facet normal -0.889684552063 -0.438743867461 -0.126353538081
  outer loop
   vertex -0.176783293702 -0.0732260378524 0.086164854351
   vertex -0.16714290293 -0.0965 0.0991
   vertex -0.178308749775 -0.0738579024465 0.0991
  endloop
 endfacet
 facet normal -0.824805611007 -0.551117489711 -0.126353538081
  outer loop
   vertex -0.165712972225 -0.0956744291226 0.086164854351
   vertex -0.15180725585 -0.116485804385 0.086164854351
   vertex -0.153117194676 -0.117490955799 0.0991
  endloop
 endfacet
 facet normal -0.824805611007 -0.551117489711 -0.126353538081
  outer loop
   vertex -0.165712972225 -0.0956744291226 0.086164854351
   vertex -0.153117194676 -0.117490955799 0.0991
   vertex -0.16714290293 -0.0965 0.0991
  endloop
 endfacet
 facet normal -0.745814017268 -0.654061338914 -0.126353538081
  outer loop
   vertex -0.15180725585 -0.116485804385 0.086164854351
   vertex -0.135304075237 -0.135304075237 0.086164854351
   vertex -0.136471608769 -0.136471608769 0.0991
  endloop
 endfacet
 facet normal -0.745814017268 -0.654061338914 -0.126353538081
  outer loop
   vertex -0.15180725585 -0.116485804385 0.086164854351
   vertex -0.136471608769 -0.136471608769 0.0991
   vertex -0.153117194676 -0.117490955799 0.0991
  endloop
 endfacet
 facet normal -0.654061338914 -0.745814017268 -0.126353538081
  outer loop
   vertex -0.135304075237 -0.135304075237 0.086164854351
   vertex -0.116485804385 -0.15180725585 0.086164854351
   vertex -0.117490955799 -0.153117194676 0.0991
  endloop
 endfacet
 facet normal -0.654061338914 -0.745814017268 -0.126353538081
  outer loop
   vertex -0.135304075237 -0.135304075237 0.086164854351
   vertex -0.117490955799 -0.153117194676 0.0991
   vertex -0.136471608769 -0.136471608769 0.0991
  endloop
 endfacet
 facet normal -0.551117489711 -0.824805611007 -0.126353538081
  outer loop
   vertex -0.116485804385 -0.15180725585 0.086164854351
   vertex -0.0956744291226 -0.165712972225 0.086164854351
   vertex -0.0965 -0.16714290293 0.0991
  endloop
 endfacet
 facet normal -0.551117489711 -0.824805611007 -0.126353538081
  outer loop
   vertex -0.116485804385 -0.15180725585 0.086164854351
   vertex -0.0965 -0.16714290293 0.0991
   vertex -0.117490955799 -0.153117194676 0.0991
  endloop
 endfacet
 facet normal -0.438743867461 -0.889684552063 -0.126353538081
  outer loop
   vertex -0.0956744291226 -0.165712972225 0.086164854351
   vertex -0.0732260378524 -0.176783293702 0.086164854351
   vertex -0.0738579024465 -0.178308749775 0.0991
  endloop
 endfacet
 facet normal -0.438743867461 -0.889684552063 -0.126353538081
  outer loop
   vertex -0.0956744291226 -0.165712972225 0.086164854351
   vertex -0.0738579024465 -0.178308749775 0.0991
   vertex -0.0965 -0.16714290293 0.0991
  endloop
 endfacet
 facet normal -0.318863215995 -0.939340743766 -0.126353538081
  outer loop
   vertex -0.0732260378524 -0.176783293702 0.086164854351
   vertex -0.0495247287725 -0.18482880401 0.086164854351
   vertex -0.0499520757048 -0.186423684474 0.0991
  endloop
 endfacet
 facet normal -0.318863215995 -0.939340743766 -0.126353538081
  outer loop
   vertex -0.0732260378524 -0.176783293702 0.086164854351
   vertex -0.0499520757048 -0.186423684474 0.0991
   vertex -0.0738579024465 -0.178308749775 0.0991
  endloop
 endfacet
 facet normal -0.193526726499 -0.972924554909 -0.126353538081
  outer loop
   vertex -0.0495247287725 -0.18482880401 0.086164854351
   vertex -0.0249760378524 -0.189711842237 0.086164854351
   vertex -0.0251915550985 -0.191348858245 0.0991
  endloop
 endfacet
 facet normal -0.193526726499 -0.972924554909 -0.126353538081
  outer loop
   vertex -0.0495247287725 -0.18482880401 0.086164854351
   vertex -0.0251915550985 -0.191348858245 0.0991
   vertex -0.0499520757048 -0.186423684474 0.0991
  endloop
 endfacet
 facet normal -0.064878941056 -0.989861357172 -0.126353538081
  outer loop
   vertex -0.0249760378524 -0.189711842237 0.086164854351
   vertex -3.51502150156e-17 -0.191348858245 0.086164854351
   vertex -3.54535248353e-17 -0.193 0.0991
  endloop
 endfacet
 facet normal -0.064878941056 -0.989861357172 -0.126353538081
  outer loop
   vertex -0.0249760378524 -0.189711842237 0.086164854351
   vertex -3.54535248353e-17 -0.193 0.0991
   vertex -0.0251915550985 -0.191348858245 0.0991
  endloop
 endfacet
 facet normal 0.064878941056 -0.989861357172 -0.126353538081
  outer loop
   vertex -3.51502150156e-17 -0.191348858245 0.086164854351
   vertex 0.0249760378524 -0.189711842237 0.086164854351
   vertex 0.0251915550985 -0.191348858245 0.0991
  endloop
 endfacet
 facet normal 0.064878941056 -0.989861357172 -0.126353538081
  outer loop
   vertex -3.51502150156e-17 -0.191348858245 0.086164854351
   vertex 0.0251915550985 -0.191348858245 0.0991
   vertex -3.54535248353e-17 -0.193 0.0991
  endloop
 endfacet
 facet normal 0.193526726499 -0.972924554909 -0.126353538081
  outer loop
   vertex 0.0249760378524 -0.189711842237 0.086164854351
   vertex 0.0495247287725 -0.18482880401 0.086164854351
   vertex 0.0499520757048 -0.186423684474 0.0991
  endloop
 endfacet
 facet normal 0.193526726499 -0.972924554909 -0.126353538081
  outer loop
   vertex 0.0249760378524 -0.189711842237 0.086164854351
   vertex 0.0499520757048 -0.186423684474 0.0991
   vertex 0.0251915550985 -0.191348858245 0.0991
  endloop
 endfacet
 facet normal 0.318863215995 -0.939340743766 -0.126353538081
  outer loop
   vertex 0.0495247287725 -0.18482880401 0.086164854351
   vertex 0.0732260378524 -0.176783293702 0.086164854351
   vertex 0.0738579024465 -0.178308749775 0.0991
  endloop
 endfacet
 facet normal 0.318863215995 -0.939340743766 -0.126353538081
  outer loop
   vertex 0.0495247287725 -0.18482880401 0.086164854351
   vertex 0.0738579024465 -0.178308749775 0.0991
   vertex 0.0499520757048 -0.186423684474 0.0991
  endloop
 endfacet
 facet normal 0.438743867461 -0.889684552063 -0.126353538081
  outer loop
   vertex 0.0732260378524 -0.176783293702 0.086164854351
   vertex 0.0956744291226 -0.165712972225 0.086164854351
   vertex 0.0965 -0.16714290293 0.0991
  endloop
 endfacet
 facet normal 0.438743867461 -0.889684552063 -0.126353538081
  outer loop
   vertex 0.0732260378524 -0.176783293702 0.086164854351
   vertex 0.0965 -0.16714290293 0.0991
   vertex 0.0738579024465 -0.178308749775 0.0991
  endloop
 endfacet
 facet normal 0.551117489711 -0.824805611007 -0.126353538081
  outer loop
   vertex 0.0956744291226 -0.165712972225 0.086164854351
   vertex 0.116485804385 -0.15180725585 0.086164854351
   vertex 0.117490955799 -0.153117194676 0.0991
  endloop
 endfacet
 facet normal 0.551117489711 -0.824805611007 -0.126353538081
  outer loop
   vertex 0.0956744291226 -0.165712972225 0.086164854351
   vertex 0.117490955799 -0.153117194676 0.0991
   vertex 0.0965 -0.16714290293 0.0991
  endloop
 endfacet
 facet normal 0.654061338914 -0.745814017268 -0.126353538081
  outer loop
   vertex 0.116485804385 -0.15180725585 0.086164854351
   vertex 0.135304075237 -0.135304075237 0.086164854351
   vertex 0.136471608769 -0.136471608769 0.0991
  endloop
 endfacet
 facet normal 0.654061338914 -0.745814017268 -0.126353538081
  outer loop
   vertex 0.116485804385 -0.15180725585 0.086164854351
   vertex 0.136471608769 -0.136471608769 0.0991
   vertex 0.117490955799 -0.153117194676 0.0991
  endloop
 endfacet
 facet normal 0.745814017268 -0.654061338914 -0.126353538081
  outer loop
   vertex 0.135304075237 -0.135304075237 0.086164854351
   vertex 0.15180725585 -0.116485804385 0.086164854351
   vertex 0.153117194676 -0.117490955799 0.0991
  endloop
 endfacet
 facet normal 0.745814017268 -0.654061338914 -0.126353538081
  outer loop
   vertex 0.135304075237 -0.135304075237 0.086164854351
   vertex 0.153117194676 -0.117490955799 0.0991
   vertex 0.136471608769 -0.136471608769 0.0991
  endloop
 endfacet
 facet normal 0.824805611007 -0.551117489711 -0.126353538081
  outer loop
   vertex 0.15180725585 -0.116485804385 0.086164854351
   vertex 0.165712972225 -0.0956744291226 0.086164854351
   vertex 0.16714290293 -0.0965 0.0991
  endloop
 endfacet
 facet normal 0.824805611007 -0.551117489711 -0.126353538081
  outer loop
   vertex 0.15180725585 -0.116485804385 0.086164854351
   vertex 0.16714290293 -0.0965 0.0991
   vertex 0.153117194676 -0.117490955799 0.0991
  endloop
 endfacet
 facet normal 0.889684552063 -0.438743867461 -0.126353538081
  outer loop
   vertex 0.165712972225 -0.0956744291226 0.086164854351
   vertex 0.176783293702 -0.0732260378524 0.086164854351
   vertex 0.178308749775 -0.0738579024465 0.0991
  endloop
 endfacet
 facet normal 0.889684552063 -0.438743867461 -0.126353538081
  outer loop
   vertex 0.165712972225 -0.0956744291226 0.086164854351
   vertex 0.178308749775 -0.0738579024465 0.0991
   vertex 0.16714290293 -0.0965 0.0991
  endloop
 endfacet
 facet normal 0.939340743766 -0.318863215995 -0.126353538081
  outer loop
   vertex 0.176783293702 -0.0732260378524 0.086164854351
   vertex 0.18482880401 -0.0495247287725 0.086164854351
   vertex 0.186423684474 -0.0499520757048 0.0991
  endloop
 endfacet
 facet normal 0.939340743766 -0.318863215995 -0.126353538081
  outer loop
   vertex 0.176783293702 -0.0732260378524 0.086164854351
   vertex 0.186423684474 -0.0499520757048 0.0991
   vertex 0.178308749775 -0.0738579024465 0.0991
  endloop
 endfacet
 facet normal 0.972924554909 -0.193526726499 -0.126353538081
  outer loop
   vertex 0.18482880401 -0.0495247287725 0.086164854351
   vertex 0.189711842237 -0.0249760378524 0.086164854351
   vertex 0.191348858245 -0.0251915550985 0.0991
  endloop
 endfacet
 facet normal 0.972924554909 -0.193526726499 -0.126353538081
  outer loop
   vertex 0.18482880401 -0.0495247287725 0.086164854351
   vertex 0.191348858245 -0.0251915550985 0.0991
   vertex 0.186423684474 -0.0499520757048 0.0991
  endloop
 endfacet
 facet normal 0.989861357172 -0.064878941056 -0.126353538081
  outer loop
   vertex 0.189711842237 -0.0249760378524 0.086164854351
   vertex 0.191348858245 0 0.086164854351
   vertex 0.193 0 0.0991
  endloop
 endfacet
 facet normal 0.989861357172 -0.064878941056 -0.126353538081
  outer loop
   vertex 0.189711842237 -0.0249760378524 0.086164854351
   vertex 0.193 0 0.0991
   vertex 0.191348858245 -0.0251915550985 0.0991
  endloop
 endfacet
 facet normal 0.997858923239 0.0654031292301 0
  outer loop
   vertex 0.193 0 0.0991
   vertex 0.191348858245 0.0251915550985 0.0991
   vertex 0.191348858245 0.0251915550985 0.1198875
  endloop
 endfacet
 facet normal 0.997858923239 0.0654031292301 -0
  outer loop
   vertex 0.193 0 0.0991
   vertex 0.191348858245 0.0251915550985 0.1198875
   vertex 0.193 0 0.1198875
  endloop
 endfacet
 facet normal 0.980785280403 0.195090322016 0
  outer loop
   vertex 0.191348858245 0.0251915550985 0.0991
   vertex 0.186423684474 0.0499520757048 0.0991
   vertex 0.186423684474 0.0499520757048 0.1198875
  endloop
 endfacet
 facet normal 0.980785280403 0.195090322016 -0
  outer loop
   vertex 0.191348858245 0.0251915550985 0.0991
   vertex 0.186423684474 0.0499520757048 0.1198875
   vertex 0.191348858245 0.0251915550985 0.1198875
  endloop
 endfacet
 facet normal 0.946930129495 0.321439465303 0
  outer loop
   vertex 0.186423684474 0.0499520757048 0.0991
   vertex 0.178308749775 0.0738579024465 0.0991
   vertex 0.178308749775 0.0738579024465 0.1198875
  endloop
 endfacet
 facet normal 0.946930129495 0.321439465303 -0
  outer loop
   vertex 0.186423684474 0.0499520757048 0.0991
   vertex 0.178308749775 0.0738579024465 0.1198875
   vertex 0.186423684474 0.0499520757048 0.1198875
  endloop
 endfacet
 facet normal 0.896872741533 0.442288690219 0
  outer loop
   vertex 0.178308749775 0.0738579024465 0.0991
   vertex 0.16714290293 0.0965 0.0991
   vertex 0.16714290293 0.0965 0.1198875
  endloop
 endfacet
 facet normal 0.896872741533 0.442288690219 -0
  outer loop
   vertex 0.178308749775 0.0738579024465 0.0991
   vertex 0.16714290293 0.0965 0.1198875
   vertex 0.178308749775 0.0738579024465 0.1198875
  endloop
 endfacet
 facet normal 0.831469612303 0.55557023302 0
  outer loop
   vertex 0.16714290293 0.0965 0.0991
   vertex 0.153117194676 0.117490955799 0.0991
   vertex 0.153117194676 0.117490955799 0.1198875
  endloop
 endfacet
 facet normal 0.831469612303 0.55557023302 -0
  outer loop
   vertex 0.16714290293 0.0965 0.0991
   vertex 0.153117194676 0.117490955799 0.1198875
   vertex 0.16714290293 0.0965 0.1198875
  endloop
 endfacet
 facet normal 0.751839807479 0.6593458151 0
  outer loop
   vertex 0.153117194676 0.117490955799 0.0991
   vertex 0.136471608769 0.136471608769 0.0991
   vertex 0.136471608769 0.136471608769 0.1198875
  endloop
 endfacet
 facet normal 0.751839807479 0.6593458151 -0
  outer loop
   vertex 0.153117194676 0.117490955799 0.0991
   vertex 0.136471608769 0.136471608769 0.1198875
   vertex 0.153117194676 0.117490955799 0.1198875
  endloop
 endfacet
 facet normal 0.6593458151 0.751839807479 0
  outer loop
   vertex 0.136471608769 0.136471608769 0.0991
   vertex 0.117490955799 0.153117194676 0.0991
   vertex 0.117490955799 0.153117194676 0.1198875
  endloop
 endfacet
 facet normal 0.6593458151 0.751839807479 -0
  outer loop
   vertex 0.136471608769 0.136471608769 0.0991
   vertex 0.117490955799 0.153117194676 0.1198875
   vertex 0.136471608769 0.136471608769 0.1198875
  endloop
 endfacet
 facet normal 0.55557023302 0.831469612303 0
  outer loop
   vertex 0.117490955799 0.153117194676 0.0991
   vertex 0.0965 0.16714290293 0.0991
   vertex 0.0965 0.16714290293 0.1198875
  endloop
 endfacet
 facet normal 0.55557023302 0.831469612303 -0
  outer loop
   vertex 0.117490955799 0.153117194676 0.0991
   vertex 0.0965 0.16714290293 0.1198875
   vertex 0.117490955799 0.153117194676 0.1198875
  endloop
 endfacet
 facet normal 0.442288690219 0.896872741533 0
  outer loop
   vertex 0.0965 0.16714290293 0.0991
   vertex 0.0738579024465 0.178308749775 0.0991
   vertex 0.0738579024465 0.178308749775 0.1198875
  endloop
 endfacet
 facet normal 0.442288690219 0.896872741533 -0
  outer loop
   vertex 0.0965 0.16714290293 0.0991
   vertex 0.0738579024465 0.178308749775 0.1198875
   vertex 0.0965 0.16714290293 0.1198875
  endloop
 endfacet
 facet normal 0.321439465303 0.946930129495 0
  outer loop
   vertex 0.0738579024465 0.178308749775 0.0991
   vertex 0.0499520757048 0.186423684474 0.0991
   vertex 0.0499520757048 0.186423684474 0.1198875
  endloop
 endfacet
 facet normal 0.321439465303 0.946930129495 -0
  outer loop
   vertex 0.0738579024465 0.178308749775 0.0991
   vertex 0.0499520757048 0.186423684474 0.1198875
   vertex 0.0738579024465 0.178308749775 0.1198875
  endloop
 endfacet
 facet normal 0.195090322016 0.980785280403 0
  outer loop
   vertex 0.0499520757048 0.186423684474 0.0991
   vertex 0.0251915550985 0.191348858245 0.0991
   vertex 0.0251915550985 0.191348858245 0.1198875
  endloop
 endfacet
 facet normal 0.195090322016 0.980785280403 -0
  outer loop
   vertex 0.0499520757048 0.186423684474 0.0991
   vertex 0.0251915550985 0.191348858245 0.1198875
   vertex 0.0499520757048 0.186423684474 0.1198875
  endloop
 endfacet
 facet normal 0.0654031292301 0.997858923239 0
  outer loop
   vertex 0.0251915550985 0.191348858245 0.0991
   vertex 1.18178416118e-17 0.193 0.0991
   vertex 1.18178416118e-17 0.193 0.1198875
  endloop
 endfacet
 facet normal 0.0654031292301 0.997858923239 -0
  outer loop
   vertex 0.0251915550985 0.191348858245 0.0991
   vertex 1.18178416118e-17 0.193 0.1198875
   vertex 0.0251915550985 0.191348858245 0.1198875
  endloop
 endfacet
 facet normal -0.0654031292301 0.997858923239 0
  outer loop
   vertex 1.18178416118e-17 0.193 0.0991
   vertex -0.0251915550985 0.191348858245 0.0991
   vertex -0.0251915550985 0.191348858245 0.1198875
  endloop
 endfacet
 facet normal -0.0654031292301 0.997858923239 0
  outer loop
   vertex 1.18178416118e-17 0.193 0.0991
   vertex -0.0251915550985 0.191348858245 0.1198875
   vertex 1.18178416118e-17 0.193 0.1198875
  endloop
 endfacet
 facet normal -0.195090322016 0.980785280403 0
  outer loop
   vertex -0.0251915550985 0.191348858245 0.0991
   vertex -0.0499520757048 0.186423684474 0.0991
   vertex -0.0499520757048 0.186423684474 0.1198875
  endloop
 endfacet
 facet normal -0.195090322016 0.980785280403 0
  outer loop
   vertex -0.0251915550985 0.191348858245 0.0991
   vertex -0.0499520757048 0.186423684474 0.1198875
   vertex -0.0251915550985 0.191348858245 0.1198875
  endloop
 endfacet
 facet normal -0.321439465303 0.946930129495 0
  outer loop
   vertex -0.0499520757048 0.186423684474 0.0991
   vertex -0.0738579024465 0.178308749775 0.0991
   vertex -0.0738579024465 0.178308749775 0.1198875
  endloop
 endfacet
 facet normal -0.321439465303 0.946930129495 0
  outer loop
   vertex -0.0499520757048 0.186423684474 0.0991
   vertex -0.0738579024465 0.178308749775 0.1198875
   vertex -0.0499520757048 0.186423684474 0.1198875
  endloop
 endfacet
 facet normal -0.442288690219 0.896872741533 0
  outer loop
   vertex -0.0738579024465 0.178308749775 0.0991
   vertex -0.0965 0.16714290293 0.0991
   vertex -0.0965 0.16714290293 0.1198875
  endloop
 endfacet
 facet normal -0.442288690219 0.896872741533 0
  outer loop
   vertex -0.0738579024465 0.178308749775 0.0991
   vertex -0.0965 0.16714290293 0.1198875
   vertex -0.0738579024465 0.178308749775 0.1198875
  endloop
 endfacet
 facet normal -0.55557023302 0.831469612303 0
  outer loop
   vertex -0.0965 0.16714290293 0.0991
   vertex -0.117490955799 0.153117194676 0.0991
   vertex -0.117490955799 0.153117194676 0.1198875
  endloop
 endfacet
 facet normal -0.55557023302 0.831469612303 0
  outer loop
   vertex -0.0965 0.16714290293 0.0991
   vertex -0.117490955799 0.153117194676 0.1198875
   vertex -0.0965 0.16714290293 0.1198875
  endloop
 endfacet
 facet normal -0.6593458151 0.751839807479 0
  outer loop
   vertex -0.117490955799 0.153117194676 0.0991
   vertex -0.136471608769 0.136471608769 0.0991
   vertex -0.136471608769 0.136471608769 0.1198875
  endloop
 endfacet
 facet normal -0.6593458151 0.751839807479 0
  outer loop
   vertex -0.117490955799 0.153117194676 0.0991
   vertex -0.136471608769 0.136471608769 0.1198875
   vertex -0.117490955799 0.153117194676 0.1198875
  endloop
 endfacet
 facet normal -0.751839807479 0.6593458151 0
  outer loop
   vertex -0.136471608769 0.136471608769 0.0991
   vertex -0.153117194676 0.117490955799 0.0991
   vertex -0.153117194676 0.117490955799 0.1198875
  endloop
 endfacet
 facet normal -0.751839807479 0.6593458151 0
  outer loop
   vertex -0.136471608769 0.136471608769 0.0991
   vertex -0.153117194676 0.117490955799 0.1198875
   vertex -0.136471608769 0.136471608769 0.1198875
  endloop
 endfacet
 facet normal -0.831469612303 0.55557023302 0
  outer loop
   vertex -0.153117194676 0.117490955799 0.0991
   vertex -0.16714290293 0.0965 0.0991
   vertex -0.16714290293 0.0965 0.1198875
  endloop
 endfacet
 facet normal -0.831469612303 0.55557023302 0
  outer loop
   vertex -0.153117194676 0.117490955799 0.0991
   vertex -0.16714290293 0.0965 0.1198875
   vertex -0.153117194676 0.117490955799 0.1198875
  endloop
 endfacet
 facet normal -0.896872741533 0.442288690219 0
  outer loop
   vertex -0.16714290293 0.0965 0.0991
   vertex -0.178308749775 0.0738579024465 0.0991
   vertex -0.178308749775 0.0738579024465 0.1198875
  endloop
 endfacet
 facet normal -0.896872741533 0.442288690219 0
  outer loop
   vertex -0.16714290293 0.0965 0.0991
   vertex -0.178308749775 0.0738579024465 0.1198875
   vertex -0.16714290293 0.0965 0.1198875
  endloop
 endfacet
 facet normal -0.946930129495 0.321439465303 0
  outer loop
   vertex -0.178308749775 0.0738579024465 0.0991
   vertex -0.186423684474 0.0499520757048 0.0991
   vertex -0.186423684474 0.0499520757048 0.1198875
  endloop
 endfacet
 facet normal -0.946930129495 0.321439465303 0
  outer loop
   vertex -0.178308749775 0.0738579024465 0.0991
   vertex -0.186423684474 0.0499520757048 0.1198875
   vertex -0.178308749775 0.0738579024465 0.1198875
  endloop
 endfacet
 facet normal -0.980785280403 0.195090322016 0
  outer loop
   vertex -0.186423684474 0.0499520757048 0.0991
   vertex -0.191348858245 0.0251915550985 0.0991
   vertex -0.191348858245 0.0251915550985 0.1198875
  endloop
 endfacet
 facet normal -0.980785280403 0.195090322016 0
  outer loop
   vertex -0.186423684474 0.0499520757048 0.0991
   vertex -0.191348858245 0.0251915550985 0.1198875
   vertex -0.186423684474 0.0499520757048 0.1198875
  endloop
 endfacet
 facet normal -0.997858923239 0.0654031292301 0
  outer loop
   vertex -0.191348858245 0.0251915550985 0.0991
   vertex -0.193 2.36356832235e-17 0.0991
   vertex -0.193 2.36356832235e-17 0.1198875
  endloop
 endfacet
 facet normal -0.997858923239 0.0654031292301 0
  outer loop
   vertex -0.191348858245 0.0251915550985 0.0991
   vertex -0.193 2.36356832235e-17 0.1198875
   vertex -0.191348858245 0.0251915550985 0.1198875
  endloop
 endfacet
 facet normal -0.997858923239 -0.0654031292301 0
  outer loop
   vertex -0.193 2.36356832235e-17 0.0991
   vertex -0.191348858245 -0.0251915550985 0.0991
   vertex -0.191348858245 -0.0251915550985 0.1198875
  endloop
 endfacet
 facet normal -0.997858923239 -0.0654031292301 0
  outer loop
   vertex -0.193 2.36356832235e-17 0.0991
   vertex -0.191348858245 -0.0251915550985 0.1198875
   vertex -0.193 2.36356832235e-17 0.1198875
  endloop
 endfacet
 facet normal -0.980785280403 -0.195090322016 0
  outer loop
   vertex -0.191348858245 -0.0251915550985 0.0991
   vertex -0.186423684474 -0.0499520757048 0.0991
   vertex -0.186423684474 -0.0499520757048 0.1198875
  endloop
 endfacet
 facet normal -0.980785280403 -0.195090322016 0
  outer loop
   vertex -0.191348858245 -0.0251915550985 0.0991
   vertex -0.186423684474 -0.0499520757048 0.1198875
   vertex -0.191348858245 -0.0251915550985 0.1198875
  endloop
 endfacet
 facet normal -0.946930129495 -0.321439465303 0
  outer loop
   vertex -0.186423684474 -0.0499520757048 0.0991
   vertex -0.178308749775 -0.0738579024465 0.0991
   vertex -0.178308749775 -0.0738579024465 0.1198875
  endloop
 endfacet
 facet normal -0.946930129495 -0.321439465303 0
  outer loop
   vertex -0.186423684474 -0.0499520757048 0.0991
   vertex -0.178308749775 -0.0738579024465 0.1198875
   vertex -0.186423684474 -0.0499520757048 0.1198875
  endloop
 endfacet
 facet normal -0.896872741533 -0.442288690219 0
  outer loop
   vertex -0.178308749775 -0.0738579024465 0.0991
   vertex -0.16714290293 -0.0965 0.0991
   vertex -0.16714290293 -0.0965 0.1198875
  endloop
 endfacet
 facet normal -0.896872741533 -0.442288690219 0
  outer loop
   vertex -0.178308749775 -0.0738579024465 0.0991
   vertex -0.16714290293 -0.0965 0.1198875
   vertex -0.178308749775 -0.0738579024465 0.1198875
  endloop
 endfacet
 facet normal -0.831469612303 -0.55557023302 0
  outer loop
   vertex -0.16714290293 -0.0965 0.0991
   vertex -0.153117194676 -0.117490955799 0.0991
   vertex -0.153117194676 -0.117490955799 0.1198875
  endloop
 endfacet
 facet normal -0.831469612303 -0.55557023302 0
  outer loop
   vertex -0.16714290293 -0.0965 0.0991
   vertex -0.153117194676 -0.117490955799 0.1198875
   vertex -0.16714290293 -0.0965 0.1198875
  endloop
 endfacet
 facet normal -0.751839807479 -0.6593458151 0
  outer loop
   vertex -0.153117194676 -0.117490955799 0.0991
   vertex -0.136471608769 -0.136471608769 0.0991
   vertex -0.136471608769 -0.136471608769 0.1198875
  endloop
 endfacet
 facet normal -0.751839807479 -0.6593458151 0
  outer loop
   vertex -0.153117194676 -0.117490955799 0.0991
   vertex -0.136471608769 -0.136471608769 0.1198875
   vertex -0.153117194676 -0.117490955799 0.1198875
  endloop
 endfacet
 facet normal -0.6593458151 -0.751839807479 0
  outer loop
   vertex -0.136471608769 -0.136471608769 0.0991
   vertex -0.117490955799 -0.153117194676 0.0991
   vertex -0.117490955799 -0.153117194676 0.1198875
  endloop
 endfacet
 facet normal -0.6593458151 -0.751839807479 0
  outer loop
   vertex -0.136471608769 -0.136471608769 0.0991
   vertex -0.117490955799 -0.153117194676 0.1198875
   vertex -0.136471608769 -0.136471608769 0.1198875
  endloop
 endfacet
 facet normal -0.55557023302 -0.831469612303 0
  outer loop
   vertex -0.117490955799 -0.153117194676 0.0991
   vertex -0.0965 -0.16714290293 0.0991
   vertex -0.0965 -0.16714290293 0.1198875
  endloop
 endfacet
 facet normal -0.55557023302 -0.831469612303 0
  outer loop
   vertex -0.117490955799 -0.153117194676 0.0991
   vertex -0.0965 -0.16714290293 0.1198875
   vertex -0.117490955799 -0.153117194676 0.1198875
  endloop
 endfacet
 facet normal -0.442288690219 -0.896872741533 0
  outer loop
   vertex -0.0965 -0.16714290293 0.0991
   vertex -0.0738579024465 -0.178308749775 0.0991
   vertex -0.0738579024465 -0.178308749775 0.1198875
  endloop
 endfacet
 facet normal -0.442288690219 -0.896872741533 0
  outer loop
   vertex -0.0965 -0.16714290293 0.0991
   vertex -0.0738579024465 -0.178308749775 0.1198875
   vertex -0.0965 -0.16714290293 0.1198875
  endloop
 endfacet
 facet normal -0.321439465303 -0.946930129495 0
  outer loop
   vertex -0.0738579024465 -0.178308749775 0.0991
   vertex -0.0499520757048 -0.186423684474 0.0991
   vertex -0.0499520757048 -0.186423684474 0.1198875
  endloop
 endfacet
 facet normal -0.321439465303 -0.946930129495 0
  outer loop
   vertex -0.0738579024465 -0.178308749775 0.0991
   vertex -0.0499520757048 -0.186423684474 0.1198875
   vertex -0.0738579024465 -0.178308749775 0.1198875
  endloop
 endfacet
 facet normal -0.195090322016 -0.980785280403 0
  outer loop
   vertex -0.0499520757048 -0.186423684474 0.0991
   vertex -0.0251915550985 -0.191348858245 0.0991
   vertex -0.0251915550985 -0.191348858245 0.1198875
  endloop
 endfacet
 facet normal -0.195090322016 -0.980785280403 0
  outer loop
   vertex -0.0499520757048 -0.186423684474 0.0991
   vertex -0.0251915550985 -0.191348858245 0.1198875
   vertex -0.0499520757048 -0.186423684474 0.1198875
  endloop
 endfacet
 facet normal -0.0654031292301 -0.997858923239 0
  outer loop
   vertex -0.0251915550985 -0.191348858245 0.0991
   vertex -3.54535248353e-17 -0.193 0.0991
   vertex -3.54535248353e-17 -0.193 0.1198875
  endloop
 endfacet
 facet normal -0.0654031292301 -0.997858923239 0
  outer loop
   vertex -0.0251915550985 -0.191348858245 0.0991
   vertex -3.54535248353e-17 -0.193 0.1198875
   vertex -0.0251915550985 -0.191348858245 0.1198875
  endloop
 endfacet
 facet normal 0.0654031292301 -0.997858923239 0
  outer loop
   vertex -3.54535248353e-17 -0.193 0.0991
   vertex 0.0251915550985 -0.191348858245 0.0991
   vertex 0.0251915550985 -0.191348858245 0.1198875
  endloop
 endfacet
 facet normal 0.0654031292301 -0.997858923239 0
  outer loop
   vertex -3.54535248353e-17 -0.193 0.0991
   vertex 0.0251915550985 -0.191348858245 0.1198875
   vertex -3.54535248353e-17 -0.193 0.1198875
  endloop
 endfacet
 facet normal 0.195090322016 -0.980785280403 0
  outer loop
   vertex 0.0251915550985 -0.191348858245 0.0991
   vertex 0.0499520757048 -0.186423684474 0.0991
   vertex 0.0499520757048 -0.186423684474 0.1198875
  endloop
 endfacet
 facet normal 0.195090322016 -0.980785280403 0
  outer loop
   vertex 0.0251915550985 -0.191348858245 0.0991
   vertex 0.0499520757048 -0.186423684474 0.1198875
   vertex 0.0251915550985 -0.191348858245 0.1198875
  endloop
 endfacet
 facet normal 0.321439465303 -0.946930129495 0
  outer loop
   vertex 0.0499520757048 -0.186423684474 0.0991
   vertex 0.0738579024465 -0.178308749775 0.0991
   vertex 0.0738579024465 -0.178308749775 0.1198875
  endloop
 endfacet
 facet normal 0.321439465303 -0.946930129495 0
  outer loop
   vertex 0.0499520757048 -0.186423684474 0.0991
   vertex 0.0738579024465 -0.178308749775 0.1198875
   vertex 0.0499520757048 -0.186423684474 0.1198875
  endloop
 endfacet
 facet normal 0.442288690219 -0.896872741533 0
  outer loop
   vertex 0.0738579024465 -0.178308749775 0.0991
   vertex 0.0965 -0.16714290293 0.0991
   vertex 0.0965 -0.16714290293 0.1198875
  endloop
 endfacet
 facet normal 0.442288690219 -0.896872741533 0
  outer loop
   vertex 0.0738579024465 -0.178308749775 0.0991
   vertex 0.0965 -0.16714290293 0.1198875
   vertex 0.0738579024465 -0.178308749775 0.1198875
  endloop
 endfacet
 facet normal 0.55557023302 -0.831469612303 0
  outer loop
   vertex 0.0965 -0.16714290293 0.0991
   vertex 0.117490955799 -0.153117194676 0.0991
   vertex 0.117490955799 -0.153117194676 0.1198875
  endloop
 endfacet
 facet normal 0.55557023302 -0.831469612303 0
  outer loop
   vertex 0.0965 -0.16714290293 0.0991
   vertex 0.117490955799 -0.153117194676 0.1198875
   vertex 0.0965 -0.16714290293 0.1198875
  endloop
 endfacet
 facet normal 0.6593458151 -0.751839807479 0
  outer loop
   vertex 0.117490955799 -0.153117194676 0.0991
   vertex 0.136471608769 -0.136471608769 0.0991
   vertex 0.136471608769 -0.136471608769 0.1198875
  endloop
 endfacet
 facet normal 0.6593458151 -0.751839807479 0
  outer loop
   vertex 0.117490955799 -0.153117194676 0.0991
   vertex 0.136471608769 -0.136471608769 0.1198875
   vertex 0.117490955799 -0.153117194676 0.1198875
  endloop
 endfacet
 facet normal 0.751839807479 -0.6593458151 0
  outer loop
   vertex 0.136471608769 -0.136471608769 0.0991
   vertex 0.153117194676 -0.117490955799 0.0991
   vertex 0.153117194676 -0.117490955799 0.1198875
  endloop
 endfacet
 facet normal 0.751839807479 -0.6593458151 0
  outer loop
   vertex 0.136471608769 -0.136471608769 0.0991
   vertex 0.153117194676 -0.117490955799 0.1198875
   vertex 0.136471608769 -0.136471608769 0.1198875
  endloop
 endfacet
 facet normal 0.831469612303 -0.55557023302 0
  outer loop
   vertex 0.153117194676 -0.117490955799 0.0991
   vertex 0.16714290293 -0.0965 0.0991
   vertex 0.16714290293 -0.0965 0.1198875
  endloop
 endfacet
 facet normal 0.831469612303 -0.55557023302 0
  outer loop
   vertex 0.153117194676 -0.117490955799 0.0991
   vertex 0.16714290293 -0.0965 0.1198875
   vertex 0.153117194676 -0.117490955799 0.1198875
  endloop
 endfacet
 facet normal 0.896872741533 -0.442288690219 0
  outer loop
   vertex 0.16714290293 -0.0965 0.0991
   vertex 0.178308749775 -0.0738579024465 0.0991
   vertex 0.178308749775 -0.0738579024465 0.1198875
  endloop
 endfacet
 facet normal 0.896872741533 -0.442288690219 0
  outer loop
   vertex 0.16714290293 -0.0965 0.0991
   vertex 0.178308749775 -0.0738579024465 0.1198875
   vertex 0.16714290293 -0.0965 0.1198875
  endloop
 endfacet
 facet normal 0.946930129495 -0.321439465303 0
  outer loop
   vertex 0.178308749775 -0.0738579024465 0.0991
   vertex 0.186423684474 -0.0499520757048 0.0991
   vertex 0.186423684474 -0.0499520757048 0.1198875
  endloop
 endfacet
 facet normal 0.946930129495 -0.321439465303 0
  outer loop
   vertex 0.178308749775 -0.0738579024465 0.0991
   vertex 0.186423684474 -0.0499520757048 0.1198875
   vertex 0.178308749775 -0.0738579024465 0.1198875
  endloop
 endfacet
 facet normal 0.980785280403 -0.195090322016 0
  outer loop
   vertex 0.186423684474 -0.0499520757048 0.0991
   vertex 0.191348858245 -0.0251915550985 0.0991
   vertex 0.191348858245 -0.0251915550985 0.1198875
  endloop
 endfacet
 facet normal 0.980785280403 -0.195090322016 0
  outer loop
   vertex 0.186423684474 -0.0499520757048 0.0991
   vertex 0.191348858245 -0.0251915550985 0.1198875
   vertex 0.186423684474 -0.0499520757048 0.1198875
  endloop
 endfacet
 facet normal 0.997858923239 -0.0654031292301 0
  outer loop
   vertex 0.191348858245 -0.0251915550985 0.0991
   vertex 0.193 0 0.0991
   vertex 0.193 0 0.1198875
  endloop
 endfacet
 facet normal 0.997858923239 -0.0654031292301 0
  outer loop
   vertex 0.191348858245 -0.0251915550985 0.0991
   vertex 0.193 0 0.1198875
   vertex 0.191348858245 -0.0251915550985 0.1198875
  endloop
 endfacet
 facet normal 0.997858923239 0.0654031292301 0
  outer loop
   vertex 0.193 0 0.1198875
   vertex 0.191348858245 0.0251915550985 0.1198875
   vertex 0.191348858245 0.0251915550985 0.140675
  endloop
 endfacet
 facet normal 0.997858923239 0.0654031292301 -0
  outer loop
   vertex 0.193 0 0.1198875
   vertex 0.191348858245 0.0251915550985 0.140675
   vertex 0.193 0 0.140675
  endloop
 endfacet
 facet normal 0.980785280403 0.195090322016 0
  outer loop
   vertex 0.191348858245 0.0251915550985 0.1198875
   vertex 0.186423684474 0.0499520757048 0.1198875
   vertex 0.186423684474 0.0499520757048 0.140675
  endloop
 endfacet
 facet normal 0.980785280403 0.195090322016 -0
  outer loop
   vertex 0.191348858245 0.0251915550985 0.1198875
   vertex 0.186423684474 0.0499520757048 0.140675
   vertex 0.191348858245 0.0251915550985 0.140675
  endloop
 endfacet
 facet normal 0.946930129495 0.321439465303 0
  outer loop
   vertex 0.186423684474 0.0499520757048 0.1198875
   vertex 0.178308749775 0.0738579024465 0.1198875
   vertex 0.178308749775 0.0738579024465 0.140675
  endloop
 endfacet
 facet normal 0.946930129495 0.321439465303 -0
  outer loop
   vertex 0.186423684474 0.0499520757048 0.1198875
   vertex 0.178308749775 0.0738579024465 0.140675
   vertex 0.186423684474 0.0499520757048 0.140675
  endloop
 endfacet
 facet normal 0.896872741533 0.442288690219 0
  outer loop
   vertex 0.178308749775 0.0738579024465 0.1198875
   vertex 0.16714290293 0.0965 0.1198875
   vertex 0.16714290293 0.0965 0.140675
  endloop
 endfacet
 facet normal 0.896872741533 0.442288690219 -0
  outer loop
   vertex 0.178308749775 0.0738579024465 0.1198875
   vertex 0.16714290293 0.0965 0.140675
   vertex 0.178308749775 0.0738579024465 0.140675
  endloop
 endfacet
 facet normal 0.831469612303 0.55557023302 0
  outer loop
   vertex 0.16714290293 0.0965 0.1198875
   vertex 0.153117194676 0.117490955799 0.1198875
   vertex 0.153117194676 0.117490955799 0.140675
  endloop
 endfacet
 facet normal 0.831469612303 0.55557023302 -0
  outer loop
   vertex 0.16714290293 0.0965 0.1198875
   vertex 0.153117194676 0.117490955799 0.140675
   vertex 0.16714290293 0.0965 0.140675
  endloop
 endfacet
 facet normal 0.751839807479 0.6593458151 0
  outer loop
   vertex 0.153117194676 0.117490955799 0.1198875
   vertex 0.136471608769 0.136471608769 0.1198875
   vertex 0.136471608769 0.136471608769 0.140675
  endloop
 endfacet
 facet normal 0.751839807479 0.6593458151 -0
  outer loop
   vertex 0.153117194676 0.117490955799 0.1198875
   vertex 0.136471608769 0.136471608769 0.140675
   vertex 0.153117194676 0.117490955799 0.140675
  endloop
 endfacet
 facet normal 0.6593458151 0.751839807479 0
  outer loop
   vertex 0.136471608769 0.136471608769 0.1198875
   vertex 0.117490955799 0.153117194676 0.1198875
   vertex 0.117490955799 0.153117194676 0.140675
  endloop
 endfacet
 facet normal 0.6593458151 0.751839807479 -0
  outer loop
   vertex 0.136471608769 0.136471608769 0.1198875
   vertex 0.117490955799 0.153117194676 0.140675
   vertex 0.136471608769 0.136471608769 0.140675
  endloop
 endfacet
 facet normal 0.55557023302 0.831469612303 0
  outer loop
   vertex 0.117490955799 0.153117194676 0.1198875
   vertex 0.0965 0.16714290293 0.1198875
   vertex 0.0965 0.16714290293 0.140675
  endloop
 endfacet
 facet normal 0.55557023302 0.831469612303 -0
  outer loop
   vertex 0.117490955799 0.153117194676 0.1198875
   vertex 0.0965 0.16714290293 0.140675
   vertex 0.117490955799 0.153117194676 0.140675
  endloop
 endfacet
 facet normal 0.442288690219 0.896872741533 0
  outer loop
   vertex 0.0965 0.16714290293 0.1198875
   vertex 0.0738579024465 0.178308749775 0.1198875
   vertex 0.0738579024465 0.178308749775 0.140675
  endloop
 endfacet
 facet normal 0.442288690219 0.896872741533 -0
  outer loop
   vertex 0.0965 0.16714290293 0.1198875
   vertex 0.0738579024465 0.178308749775 0.140675
   vertex 0.0965 0.16714290293 0.140675
  endloop
 endfacet
 facet normal 0.321439465303 0.946930129495 0
  outer loop
   vertex 0.0738579024465 0.178308749775 0.1198875
   vertex 0.0499520757048 0.186423684474 0.1198875
   vertex 0.0499520757048 0.186423684474 0.140675
  endloop
 endfacet
 facet normal 0.321439465303 0.946930129495 -0
  outer loop
   vertex 0.0738579024465 0.178308749775 0.1198875
   vertex 0.0499520757048 0.186423684474 0.140675
   vertex 0.0738579024465 0.178308749775 0.140675
  endloop
 endfacet
 facet normal 0.195090322016 0.980785280403 0
  outer loop
   vertex 0.0499520757048 0.186423684474 0.1198875
   vertex 0.0251915550985 0.191348858245 0.1198875
   vertex 0.0251915550985 0.191348858245 0.140675
  endloop
 endfacet
 facet normal 0.195090322016 0.980785280403 -0
  outer loop
   vertex 0.0499520757048 0.186423684474 0.1198875
   vertex 0.0251915550985 0.191348858245 0.140675
   vertex 0.0499520757048 0.186423684474 0.140675
  endloop
 endfacet
 facet normal 0.0654031292301 0.997858923239 0
  outer loop
   vertex 0.0251915550985 0.191348858245 0.1198875
   vertex 1.18178416118e-17 0.193 0.1198875
   vertex 1.18178416118e-17 0.193 0.140675
  endloop
 endfacet
 facet normal 0.0654031292301 0.997858923239 -0
  outer loop
   vertex 0.0251915550985 0.191348858245 0.1198875
   vertex 1.18178416118e-17 0.193 0.140675
   vertex 0.0251915550985 0.191348858245 0.140675
  endloop
 endfacet
 facet normal -0.0654031292301 0.997858923239 0
  outer loop
   vertex 1.18178416118e-17 0.193 0.1198875
   vertex -0.0251915550985 0.191348858245 0.1198875
   vertex -0.0251915550985 0.191348858245 0.140675
  endloop
 endfacet
 facet normal -0.0654031292301 0.997858923239 0
  outer loop
   vertex 1.18178416118e-17 0.193 0.1198875
   vertex -0.0251915550985 0.191348858245 0.140675
   vertex 1.18178416118e-17 0.193 0.140675
  endloop
 endfacet
 facet normal -0.195090322016 0.980785280403 0
  outer loop
   vertex -0.0251915550985 0.191348858245 0.1198875
   vertex -0.0499520757048 0.186423684474 0.1198875
   vertex -0.0499520757048 0.186423684474 0.140675
  endloop
 endfacet
 facet normal -0.195090322016 0.980785280403 0
  outer loop
   vertex -0.0251915550985 0.191348858245 0.1198875
   vertex -0.0499520757048 0.186423684474 0.140675
   vertex -0.0251915550985 0.191348858245 0.140675
  endloop
 endfacet
 facet normal -0.321439465303 0.946930129495 0
  outer loop
   vertex -0.0499520757048 0.186423684474 0.1198875
   vertex -0.0738579024465 0.178308749775 0.1198875
   vertex -0.0738579024465 0.178308749775 0.140675
  endloop
 endfacet
 facet normal -0.321439465303 0.946930129495 0
  outer loop
   vertex -0.0499520757048 0.186423684474 0.1198875
   vertex -0.0738579024465 0.178308749775 0.140675
   vertex -0.0499520757048 0.186423684474 0.140675
  endloop
 endfacet
 facet normal -0.442288690219 0.896872741533 0
  outer loop
   vertex -0.0738579024465 0.178308749775 0.1198875
   vertex -0.0965 0.16714290293 0.1198875
   vertex -0.0965 0.16714290293 0.140675
  endloop
 endfacet
 facet normal -0.442288690219 0.896872741533 0
  outer loop
   vertex -0.0738579024465 0.178308749775 0.1198875
   vertex -0.0965 0.16714290293 0.140675
   vertex -0.0738579024465 0.178308749775 0.140675
  endloop
 endfacet
 facet normal -0.55557023302 0.831469612303 0
  outer loop
   vertex -0.0965 0.16714290293 0.1198875
   vertex -0.117490955799 0.153117194676 0.1198875
   vertex -0.117490955799 0.153117194676 0.140675
  endloop
 endfacet
 facet normal -0.55557023302 0.831469612303 0
  outer loop
   vertex -0.0965 0.16714290293 0.1198875
   vertex -0.117490955799 0.153117194676 0.140675
   vertex -0.0965 0.16714290293 0.140675
  endloop
 endfacet
 facet normal -0.6593458151 0.751839807479 0
  outer loop
   vertex -0.117490955799 0.153117194676 0.1198875
   vertex -0.136471608769 0.136471608769 0.1198875
   vertex -0.136471608769 0.136471608769 0.140675
  endloop
 endfacet
 facet normal -0.6593458151 0.751839807479 0
  outer loop
   vertex -0.117490955799 0.153117194676 0.1198875
   vertex -0.136471608769 0.136471608769 0.140675
   vertex -0.117490955799 0.153117194676 0.140675
  endloop
 endfacet
 facet normal -0.751839807479 0.6593458151 0
  outer loop
   vertex -0.136471608769 0.136471608769 0.1198875
   vertex -0.153117194676 0.117490955799 0.1198875
   vertex -0.153117194676 0.117490955799 0.140675
  endloop
 endfacet
 facet normal -0.751839807479 0.6593458151 0
  outer loop
   vertex -0.136471608769 0.136471608769 0.1198875
   vertex -0.153117194676 0.117490955799 0.140675
   vertex -0.136471608769 0.136471608769 0.140675
  endloop
 endfacet
 facet normal -0.831469612303 0.55557023302 0
  outer loop
   vertex -0.153117194676 0.117490955799 0.1198875
   vertex -0.16714290293 0.0965 0.1198875
   vertex -0.16714290293 0.0965 0.140675
  endloop
 endfacet
 facet normal -0.831469612303 0.55557023302 0
  outer loop
   vertex -0.153117194676 0.117490955799 0.1198875
   vertex -0.16714290293 0.0965 0.140675
   vertex -0.153117194676 0.117490955799 0.140675
  endloop
 endfacet
 facet normal -0.896872741533 0.442288690219 0
  outer loop
   vertex -0.16714290293 0.0965 0.1198875
   vertex -0.178308749775 0.0738579024465 0.1198875
   vertex -0.178308749775 0.0738579024465 0.140675
  endloop
 endfacet
 facet normal -0.896872741533 0.442288690219 0
  outer loop
   vertex -0.16714290293 0.0965 0.1198875
   vertex -0.178308749775 0.0738579024465 0.140675
   vertex -0.16714290293 0.0965 0.140675
  endloop
 endfacet
 facet normal -0.946930129495 0.321439465303 0
  outer loop
   vertex -0.178308749775 0.0738579024465 0.1198875
   vertex -0.186423684474 0.0499520757048 0.1198875
   vertex -0.186423684474 0.0499520757048 0.140675
  endloop
 endfacet
 facet normal -0.946930129495 0.321439465303 0
  outer loop
   vertex -0.178308749775 0.0738579024465 0.1198875
   vertex -0.186423684474 0.0499520757048 0.140675
   vertex -0.178308749775 0.0738579024465 0.140675
  endloop
 endfacet
 facet normal -0.980785280403 0.195090322016 0
  outer loop
   vertex -0.186423684474 0.0499520757048 0.1198875
   vertex -0.191348858245 0.0251915550985 0.1198875
   vertex -0.191348858245 0.0251915550985 0.140675
  endloop
 endfacet
 facet normal -0.980785280403 0.195090322016 0
  outer loop
   vertex -0.186423684474 0.0499520757048 0.1198875
   vertex -0.191348858245 0.0251915550985 0.140675
   vertex -0.186423684474 0.0499520757048 0.140675
  endloop
 endfacet
 facet normal -0.997858923239 0.0654031292301 0
  outer loop
   vertex -0.191348858245 0.0251915550985 0.1198875
   vertex -0.193 2.36356832235e-17 0.1198875
   vertex -0.193 2.36356832235e-17 0.140675
  endloop
 endfacet
 facet normal -0.997858923239 0.0654031292301 0
  outer loop
   vertex -0.191348858245 0.0251915550985 0.1198875
   vertex -0.193 2.36356832235e-17 0.140675
   vertex -0.191348858245 0.0251915550985 0.140675
  endloop
 endfacet
 facet normal -0.997858923239 -0.0654031292301 0
  outer loop
   vertex -0.193 2.36356832235e-17 0.1198875
   vertex -0.191348858245 -0.0251915550985 0.1198875
   vertex -0.191348858245 -0.0251915550985 0.140675
  endloop
 endfacet
 facet normal -0.997858923239 -0.0654031292301 0
  outer loop
   vertex -0.193 2.36356832235e-17 0.1198875
   vertex -0.191348858245 -0.0251915550985 0.140675
   vertex -0.193 2.36356832235e-17 0.140675
  endloop
 endfacet
 facet normal -0.980785280403 -0.195090322016 0
  outer loop
   vertex -0.191348858245 -0.0251915550985 0.1198875
   vertex -0.186423684474 -0.0499520757048 0.1198875
   vertex -0.186423684474 -0.0499520757048 0.140675
  endloop
 endfacet
 facet normal -0.980785280403 -0.195090322016 0
  outer loop
   vertex -0.191348858245 -0.0251915550985 0.1198875
   vertex -0.186423684474 -0.0499520757048 0.140675
   vertex -0.191348858245 -0.0251915550985 0.140675
  endloop
 endfacet
 facet normal -0.946930129495 -0.321439465303 0
  outer loop
   vertex -0.186423684474 -0.0499520757048 0.1198875
   vertex -0.178308749775 -0.0738579024465 0.1198875
   vertex -0.178308749775 -0.0738579024465 0.140675
  endloop
 endfacet
 facet normal -0.946930129495 -0.321439465303 0
  outer loop
   vertex -0.186423684474 -0.0499520757048 0.1198875
   vertex -0.178308749775 -0.0738579024465 0.140675
   vertex -0.186423684474 -0.0499520757048 0.140675
  endloop
 endfacet
 facet normal -0.896872741533 -0.442288690219 0
  outer loop
   vertex -0.178308749775 -0.0738579024465 0.1198875
   vertex -0.16714290293 -0.0965 0.1198875
   vertex -0.16714290293 -0.0965 0.140675
  endloop
 endfacet
 facet normal -0.896872741533 -0.442288690219 0
  outer loop
   vertex -0.178308749775 -0.0738579024465 0.1198875
   vertex -0.16714290293 -0.0965 0.140675
   vertex -0.178308749775 -0.0738579024465 0.140675
  endloop
 endfacet
 facet normal -0.831469612303 -0.55557023302 0
  outer loop
   vertex -0.16714290293 -0.0965 0.1198875
   vertex -0.153117194676 -0.117490955799 0.1198875
   vertex -0.153117194676 -0.117490955799 0.140675
  endloop
 endfacet
 facet normal -0.831469612303 -0.55557023302 0
  outer loop
   vertex -0.16714290293 -0.0965 0.1198875
   vertex -0.153117194676 -0.117490955799 0.140675
   vertex -0.16714290293 -0.0965 0.140675
  endloop
 endfacet
 facet normal -0.751839807479 -0.6593458151 0
  outer loop
   vertex -0.153117194676 -0.117490955799 0.1198875
   vertex -0.136471608769 -0.136471608769 0.1198875
   vertex -0.136471608769 -0.136471608769 0.140675
  endloop
 endfacet
 facet normal -0.751839807479 -0.6593458151 0
  outer loop
   vertex -0.153117194676 -0.117490955799 0.1198875
   vertex -0.136471608769 -0.136471608769 0.140675
   vertex -0.153117194676 -0.117490955799 0.140675
  endloop
 endfacet
 facet normal -0.6593458151 -0.751839807479 0
  outer loop
   vertex -0.136471608769 -0.136471608769 0.1198875
   vertex -0.117490955799 -0.153117194676 0.1198875
   vertex -0.117490955799 -0.153117194676 0.140675
  endloop
 endfacet
 facet normal -0.6593458151 -0.751839807479 0
  outer loop
   vertex -0.136471608769 -0.136471608769 0.1198875
   vertex -0.117490955799 -0.153117194676 0.140675
   vertex -0.136471608769 -0.136471608769 0.140675
  endloop
 endfacet
 facet normal -0.55557023302 -0.831469612303 0
  outer loop
   vertex -0.117490955799 -0.153117194676 0.1198875
   vertex -0.0965 -0.16714290293 0.1198875
   vertex -0.0965 -0.16714290293 0.140675
  endloop
 endfacet
 facet normal -0.55557023302 -0.831469612303 0
  outer loop
   vertex -0.117490955799 -0.153117194676 0.1198875
   vertex -0.0965 -0.16714290293 0.140675
   vertex -0.117490955799 -0.153117194676 0.140675
  endloop
 endfacet
 facet normal -0.442288690219 -0.896872741533 0
  outer loop
   vertex -0.0965 -0.16714290293 0.1198875
   vertex -0.0738579024465 -0.178308749775 0.1198875
   vertex -0.0738579024465 -0.178308749775 0.140675
  endloop
 endfacet
 facet normal -0.442288690219 -0.896872741533 0
  outer loop
   vertex -0.0965 -0.16714290293 0.1198875
   vertex -0.0738579024465 -0.178308749775 0.140675
   vertex -0.0965 -0.16714290293 0.140675
  endloop
 endfacet
 facet normal -0.321439465303 -0.946930129495 0
  outer loop
   vertex -0.0738579024465 -0.178308749775 0.1198875
   vertex -0.0499520757048 -0.186423684474 0.1198875
   vertex -0.0499520757048 -0.186423684474 0.140675
  endloop
 endfacet
 facet normal -0.321439465303 -0.946930129495 0
  outer loop
   vertex -0.0738579024465 -0.178308749775 0.1198875
   vertex -0.0499520757048 -0.186423684474 0.140675
   vertex -0.0738579024465 -0.178308749775 0.140675
  endloop
 endfacet
 facet normal -0.195090322016 -0.980785280403 0
  outer loop
   vertex -0.0499520757048 -0.186423684474 0.1198875
   vertex -0.0251915550985 -0.191348858245 0.1198875
   vertex -0.0251915550985 -0.191348858245 0.140675
  endloop
 endfacet
 facet normal -0.195090322016 -0.980785280403 0
  outer loop
   vertex -0.0499520757048 -0.186423684474 0.1198875
   vertex -0.0251915550985 -0.191348858245 0.140675
   vertex -0.0499520757048 -0.186423684474 0.140675
  endloop
 endfacet
 facet normal -0.0654031292301 -0.997858923239 0
  outer loop
   vertex -0.0251915550985 -0.191348858245 0.1198875
   vertex -3.54535248353e-17 -0.193 0.1198875
   vertex -3.54535248353e-17 -0.193 0.140675
  endloop
 endfacet
 facet normal -0.0654031292301 -0.997858923239 0
  outer loop
   vertex -0.0251915550985 -0.191348858245 0.1198875
   vertex -3.54535248353e-17 -0.193 0.140675
   vertex -0.0251915550985 -0.191348858245 0.140675
  endloop
 endfacet
 facet normal 0.0654031292301 -0.997858923239 0
  outer loop
   vertex -3.54535248353e-17 -0.193 0.1198875
   vertex 0.0251915550985 -0.191348858245 0.1198875
   vertex 0.0251915550985 -0.191348858245 0.140675
  endloop
 endfacet
 facet normal 0.0654031292301 -0.997858923239 0
  outer loop
   vertex -3.54535248353e-17 -0.193 0.1198875
   vertex 0.0251915550985 -0.191348858245 0.140675
   vertex -3.54535248353e-17 -0.193 0.140675
  endloop
 endfacet
 facet normal 0.195090322016 -0.980785280403 0
  outer loop
   vertex 0.0251915550985 -0.191348858245 0.1198875
   vertex 0.0499520757048 -0.186423684474 0.1198875
   vertex 0.0499520757048 -0.186423684474 0.140675
  endloop
 endfacet
 facet normal 0.195090322016 -0.980785280403 0
  outer loop
   vertex 0.0251915550985 -0.191348858245 0.1198875
   vertex 0.0499520757048 -0.186423684474 0.140675
   vertex 0.0251915550985 -0.191348858245 0.140675
  endloop
 endfacet
 facet normal 0.321439465303 -0.946930129495 0
  outer loop
   vertex 0.0499520757048 -0.186423684474 0.1198875
   vertex 0.0738579024465 -0.178308749775 0.1198875
   vertex 0.0738579024465 -0.178308749775 0.140675
  endloop
 endfacet
 facet normal 0.321439465303 -0.946930129495 0
  outer loop
   vertex 0.0499520757048 -0.186423684474 0.1198875
   vertex 0.0738579024465 -0.178308749775 0.140675
   vertex 0.0499520757048 -0.186423684474 0.140675
  endloop
 endfacet
 facet normal 0.442288690219 -0.896872741533 0
  outer loop
   vertex 0.0738579024465 -0.178308749775 0.1198875
   vertex 0.0965 -0.16714290293 0.1198875
   vertex 0.0965 -0.16714290293 0.140675
  endloop
 endfacet
 facet normal 0.442288690219 -0.896872741533 0
  outer loop
   vertex 0.0738579024465 -0.178308749775 0.1198875
   vertex 0.0965 -0.16714290293 0.140675
   vertex 0.0738579024465 -0.178308749775 0.140675
  endloop
 endfacet
 facet normal 0.55557023302 -0.831469612303 0
  outer loop
   vertex 0.0965 -0.16714290293 0.1198875
   vertex 0.117490955799 -0.153117194676 0.1198875
   vertex 0.117490955799 -0.153117194676 0.140675
  endloop
 endfacet
 facet normal 0.55557023302 -0.831469612303 0
  outer loop
   vertex 0.0965 -0.16714290293 0.1198875
   vertex 0.117490955799 -0.153117194676 0.140675
   vertex 0.0965 -0.16714290293 0.140675
  endloop
 endfacet
 facet normal 0.6593458151 -0.751839807479 0
  outer loop
   vertex 0.117490955799 -0.153117194676 0.1198875
   vertex 0.136471608769 -0.136471608769 0.1198875
   vertex 0.136471608769 -0.136471608769 0.140675
  endloop
 endfacet
 facet normal 0.6593458151 -0.751839807479 0
  outer loop
   vertex 0.117490955799 -0.153117194676 0.1198875
   vertex 0.136471608769 -0.136471608769 0.140675
   vertex 0.117490955799 -0.153117194676 0.140675
  endloop
 endfacet
 facet normal 0.751839807479 -0.6593458151 0
  outer loop
   vertex 0.136471608769 -0.136471608769 0.1198875
   vertex 0.153117194676 -0.117490955799 0.1198875
   vertex 0.153117194676 -0.117490955799 0.140675
  endloop
 endfacet
 facet normal 0.751839807479 -0.6593458151 0
  outer loop
   vertex 0.136471608769 -0.136471608769 0.1198875
   vertex 0.153117194676 -0.117490955799 0.140675
   vertex 0.136471608769 -0.136471608769 0.140675
  endloop
 endfacet
 facet normal 0.831469612303 -0.55557023302 0
  outer loop
   vertex 0.153117194676 -0.117490955799 0.1198875
   vertex 0.16714290293 -0.0965 0.1198875
   vertex 0.16714290293 -0.0965 0.140675
  endloop
 endfacet
 facet normal 0.831469612303 -0.55557023302 0
  outer loop
   vertex 0.153117194676 -0.117490955799 0.1198875
   vertex 0.16714290293 -0.0965 0.140675
   vertex 0.153117194676 -0.117490955799 0.140675
  endloop
 endfacet
 facet normal 0.896872741533 -0.442288690219 0
  outer loop
   vertex 0.16714290293 -0.0965 0.1198875
   vertex 0.178308749775 -0.0738579024465 0.1198875
   vertex 0.178308749775 -0.0738579024465 0.140675
  endloop
 endfacet
 facet normal 0.896872741533 -0.442288690219 0
  outer loop
   vertex 0.16714290293 -0.0965 0.1198875
   vertex 0.178308749775 -0.0738579024465 0.140675
   vertex 0.16714290293 -0.0965 0.140675
  endloop
 endfacet
 facet normal 0.946930129495 -0.321439465303 0
  outer loop
   vertex 0.178308749775 -0.0738579024465 0.1198875
   vertex 0.186423684474 -0.0499520757048 0.1198875
   vertex 0.186423684474 -0.0499520757048 0.140675
  endloop
 endfacet
 facet normal 0.946930129495 -0.321439465303 0
  outer loop
   vertex 0.178308749775 -0.0738579024465 0.1198875
   vertex 0.186423684474 -0.0499520757048 0.140675
   vertex 0.178308749775 -0.0738579024465 0.140675
  endloop
 endfacet
 facet normal 0.980785280403 -0.195090322016 0
  outer loop
   vertex 0.186423684474 -0.0499520757048 0.1198875
   vertex 0.191348858245 -0.0251915550985 0.1198875
   vertex 0.191348858245 -0.0251915550985 0.140675
  endloop
 endfacet
 facet normal 0.980785280403 -0.195090322016 0
  outer loop
   vertex 0.186423684474 -0.0499520757048 0.1198875
   vertex 0.191348858245 -0.0251915550985 0.140675
   vertex 0.186423684474 -0.0499520757048 0.140675
  endloop
 endfacet
 facet normal 0.997858923239 -0.0654031292301 0
  outer loop
   vertex 0.191348858245 -0.0251915550985 0.1198875
   vertex 0.193 0 0.1198875
   vertex 0.193 0 0.140675
  endloop
 endfacet
 facet normal 0.997858923239 -0.0654031292301 0
  outer loop
   vertex 0.191348858245 -0.0251915550985 0.1198875
   vertex 0.193 0 0.140675
   vertex 0.191348858245 -0.0251915550985 0.140675
  endloop
 endfacet
 facet normal 0.997858923239 0.0654031292301 0
  outer loop
   vertex 0.193 0 0.140675
   vertex 0.191348858245 0.0251915550985 0.140675
   vertex 0.191348858245 0.0251915550985 0.1614625
  endloop
 endfacet
 facet normal 0.997858923239 0.0654031292301 -0
  outer loop
   vertex 0.193 0 0.140675
   vertex 0.191348858245 0.0251915550985 0.1614625
   vertex 0.193 0 0.1614625
  endloop
 endfacet
 facet normal 0.980785280403 0.195090322016 0
  outer loop
   vertex 0.191348858245 0.0251915550985 0.140675
   vertex 0.186423684474 0.0499520757048 0.140675
   vertex 0.186423684474 0.0499520757048 0.1614625
  endloop
 endfacet
 facet normal 0.980785280403 0.195090322016 -0
  outer loop
   vertex 0.191348858245 0.0251915550985 0.140675
   vertex 0.186423684474 0.0499520757048 0.1614625
   vertex 0.191348858245 0.0251915550985 0.1614625
  endloop
 endfacet
 facet normal 0.946930129495 0.321439465303 0
  outer loop
   vertex 0.186423684474 0.0499520757048 0.140675
   vertex 0.178308749775 0.0738579024465 0.140675
   vertex 0.178308749775 0.0738579024465 0.1614625
  endloop
 endfacet
 facet normal 0.946930129495 0.321439465303 -0
  outer loop
   vertex 0.186423684474 0.0499520757048 0.140675
   vertex 0.178308749775 0.0738579024465 0.1614625
   vertex 0.186423684474 0.0499520757048 0.1614625
  endloop
 endfacet
 facet normal 0.896872741533 0.442288690219 0
  outer loop
   vertex 0.178308749775 0.0738579024465 0.140675
   vertex 0.16714290293 0.0965 0.140675
   vertex 0.16714290293 0.0965 0.1614625
  endloop
 endfacet
 facet normal 0.896872741533 0.442288690219 -0
  outer loop
   vertex 0.178308749775 0.0738579024465 0.140675
   vertex 0.16714290293 0.0965 0.1614625
   vertex 0.178308749775 0.0738579024465 0.1614625
  endloop
 endfacet
 facet normal 0.831469612303 0.55557023302 0
  outer loop
   vertex 0.16714290293 0.0965 0.140675
   vertex 0.153117194676 0.117490955799 0.140675
   vertex 0.153117194676 0.117490955799 0.1614625
  endloop
 endfacet
 facet normal 0.831469612303 0.55557023302 -0
  outer loop
   vertex 0.16714290293 0.0965 0.140675
   vertex 0.153117194676 0.117490955799 0.1614625
   vertex 0.16714290293 0.0965 0.1614625
  endloop
 endfacet
 facet normal 0.751839807479 0.6593458151 0
  outer loop
   vertex 0.153117194676 0.117490955799 0.140675
   vertex 0.136471608769 0.136471608769 0.140675
   vertex 0.136471608769 0.136471608769 0.1614625
  endloop
 endfacet
 facet normal 0.751839807479 0.6593458151 -0
  outer loop
   vertex 0.153117194676 0.117490955799 0.140675
   vertex 0.136471608769 0.136471608769 0.1614625
   vertex 0.153117194676 0.117490955799 0.1614625
  endloop
 endfacet
 facet normal 0.6593458151 0.751839807479 0
  outer loop
   vertex 0.136471608769 0.136471608769 0.140675
   vertex 0.117490955799 0.153117194676 0.140675
   vertex 0.117490955799 0.153117194676 0.1614625
  endloop
 endfacet
 facet normal 0.6593458151 0.751839807479 -0
  outer loop
   vertex 0.136471608769 0.136471608769 0.140675
   vertex 0.117490955799 0.153117194676 0.1614625
   vertex 0.136471608769 0.136471608769 0.1614625
  endloop
 endfacet
 facet normal 0.55557023302 0.831469612303 0
  outer loop
   vertex 0.117490955799 0.153117194676 0.140675
   vertex 0.0965 0.16714290293 0.140675
   vertex 0.0965 0.16714290293 0.1614625
  endloop
 endfacet
 facet normal 0.55557023302 0.831469612303 -0
  outer loop
   vertex 0.117490955799 0.153117194676 0.140675
   vertex 0.0965 0.16714290293 0.1614625
   vertex 0.117490955799 0.153117194676 0.1614625
  endloop
 endfacet
 facet normal 0.442288690219 0.896872741533 0
  outer loop
   vertex 0.0965 0.16714290293 0.140675
   vertex 0.0738579024465 0.178308749775 0.140675
   vertex 0.0738579024465 0.178308749775 0.1614625
  endloop
 endfacet
 facet normal 0.442288690219 0.896872741533 -0
  outer loop
   vertex 0.0965 0.16714290293 0.140675
   vertex 0.0738579024465 0.178308749775 0.1614625
   vertex 0.0965 0.16714290293 0.1614625
  endloop
 endfacet
 facet normal 0.321439465303 0.946930129495 0
  outer loop
   vertex 0.0738579024465 0.178308749775 0.140675
   vertex 0.0499520757048 0.186423684474 0.140675
   vertex 0.0499520757048 0.186423684474 0.1614625
  endloop
 endfacet
 facet normal 0.321439465303 0.946930129495 -0
  outer loop
   vertex 0.0738579024465 0.178308749775 0.140675
   vertex 0.0499520757048 0.186423684474 0.1614625
   vertex 0.0738579024465 0.178308749775 0.1614625
  endloop
 endfacet
 facet normal 0.195090322016 0.980785280403 0
  outer loop
   vertex 0.0499520757048 0.186423684474 0.140675
   vertex 0.0251915550985 0.191348858245 0.140675
   vertex 0.0251915550985 0.191348858245 0.1614625
  endloop
 endfacet
 facet normal 0.195090322016 0.980785280403 -0
  outer loop
   vertex 0.0499520757048 0.186423684474 0.140675
   vertex 0.0251915550985 0.191348858245 0.1614625
   vertex 0.0499520757048 0.186423684474 0.1614625
  endloop
 endfacet
 facet normal 0.0654031292301 0.997858923239 0
  outer loop
   vertex 0.0251915550985 0.191348858245 0.140675
   vertex 1.18178416118e-17 0.193 0.140675
   vertex 1.18178416118e-17 0.193 0.1614625
  endloop
 endfacet
 facet normal 0.0654031292301 0.997858923239 -0
  outer loop
   vertex 0.0251915550985 0.191348858245 0.140675
   vertex 1.18178416118e-17 0.193 0.1614625
   vertex 0.0251915550985 0.191348858245 0.1614625
  endloop
 endfacet
 facet normal -0.0654031292301 0.997858923239 0
  outer loop
   vertex 1.18178416118e-17 0.193 0.140675
   vertex -0.0251915550985 0.191348858245 0.140675
   vertex -0.0251915550985 0.191348858245 0.1614625
  endloop
 endfacet
 facet normal -0.0654031292301 0.997858923239 0
  outer loop
   vertex 1.18178416118e-17 0.193 0.140675
   vertex -0.0251915550985 0.191348858245 0.1614625
   vertex 1.18178416118e-17 0.193 0.1614625
  endloop
 endfacet
 facet normal -0.195090322016 0.980785280403 0
  outer loop
   vertex -0.0251915550985 0.191348858245 0.140675
   vertex -0.0499520757048 0.186423684474 0.140675
   vertex -0.0499520757048 0.186423684474 0.1614625
  endloop
 endfacet
 facet normal -0.195090322016 0.980785280403 0
  outer loop
   vertex -0.0251915550985 0.191348858245 0.140675
   vertex -0.0499520757048 0.186423684474 0.1614625
   vertex -0.0251915550985 0.191348858245 0.1614625
  endloop
 endfacet
 facet normal -0.321439465303 0.946930129495 0
  outer loop
   vertex -0.0499520757048 0.186423684474 0.140675
   vertex -0.0738579024465 0.178308749775 0.140675
   vertex -0.0738579024465 0.178308749775 0.1614625
  endloop
 endfacet
 facet normal -0.321439465303 0.946930129495 0
  outer loop
   vertex -0.0499520757048 0.186423684474 0.140675
   vertex -0.0738579024465 0.178308749775 0.1614625
   vertex -0.0499520757048 0.186423684474 0.1614625
  endloop
 endfacet
 facet normal -0.442288690219 0.896872741533 0
  outer loop
   vertex -0.0738579024465 0.178308749775 0.140675
   vertex -0.0965 0.16714290293 0.140675
   vertex -0.0965 0.16714290293 0.1614625
  endloop
 endfacet
 facet normal -0.442288690219 0.896872741533 0
  outer loop
   vertex -0.0738579024465 0.178308749775 0.140675
   vertex -0.0965 0.16714290293 0.1614625
   vertex -0.0738579024465 0.178308749775 0.1614625
  endloop
 endfacet
 facet normal -0.55557023302 0.831469612303 0
  outer loop
   vertex -0.0965 0.16714290293 0.140675
   vertex -0.117490955799 0.153117194676 0.140675
   vertex -0.117490955799 0.153117194676 0.1614625
  endloop
 endfacet
 facet normal -0.55557023302 0.831469612303 0
  outer loop
   vertex -0.0965 0.16714290293 0.140675
   vertex -0.117490955799 0.153117194676 0.1614625
   vertex -0.0965 0.16714290293 0.1614625
  endloop
 endfacet
 facet normal -0.6593458151 0.751839807479 0
  outer loop
   vertex -0.117490955799 0.153117194676 0.140675
   vertex -0.136471608769 0.136471608769 0.140675
   vertex -0.136471608769 0.136471608769 0.1614625
  endloop
 endfacet
 facet normal -0.6593458151 0.751839807479 0
  outer loop
   vertex -0.117490955799 0.153117194676 0.140675
   vertex -0.136471608769 0.136471608769 0.1614625
   vertex -0.117490955799 0.153117194676 0.1614625
  endloop
 endfacet
 facet normal -0.751839807479 0.6593458151 0
  outer loop
   vertex -0.136471608769 0.136471608769 0.140675
   vertex -0.153117194676 0.117490955799 0.140675
   vertex -0.153117194676 0.117490955799 0.1614625
  endloop
 endfacet
 facet normal -0.751839807479 0.6593458151 0
  outer loop
   vertex -0.136471608769 0.136471608769 0.140675
   vertex -0.153117194676 0.117490955799 0.1614625
   vertex -0.136471608769 0.136471608769 0.1614625
  endloop
 endfacet
 facet normal -0.831469612303 0.55557023302 0
  outer loop
   vertex -0.153117194676 0.117490955799 0.140675
   vertex -0.16714290293 0.0965 0.140675
   vertex -0.16714290293 0.0965 0.1614625
  endloop
 endfacet
 facet normal -0.831469612303 0.55557023302 0
  outer loop
   vertex -0.153117194676 0.117490955799 0.140675
   vertex -0.16714290293 0.0965 0.1614625
   vertex -0.153117194676 0.117490955799 0.1614625
  endloop
 endfacet
 facet normal -0.896872741533 0.442288690219 0
  outer loop
   vertex -0.16714290293 0.0965 0.140675
   vertex -0.178308749775 0.0738579024465 0.140675
   vertex -0.178308749775 0.0738579024465 0.1614625
  endloop
 endfacet
 facet normal -0.896872741533 0.442288690219 0
  outer loop
   vertex -0.16714290293 0.0965 0.140675
   vertex -0.178308749775 0.0738579024465 0.1614625
   vertex -0.16714290293 0.0965 0.1614625
  endloop
 endfacet
 facet normal -0.946930129495 0.321439465303 0
  outer loop
   vertex -0.178308749775 0.0738579024465 0.140675
   vertex -0.186423684474 0.0499520757048 0.140675
   vertex -0.186423684474 0.0499520757048 0.1614625
  endloop
 endfacet
 facet normal -0.946930129495 0.321439465303 0
  outer loop
   vertex -0.178308749775 0.0738579024465 0.140675
   vertex -0.186423684474 0.0499520757048 0.1614625
   vertex -0.178308749775 0.0738579024465 0.1614625
  endloop
 endfacet
 facet normal -0.980785280403 0.195090322016 0
  outer loop
   vertex -0.186423684474 0.0499520757048 0.140675
   vertex -0.191348858245 0.0251915550985 0.140675
   vertex -0.191348858245 0.0251915550985 0.1614625
  endloop
 endfacet
 facet normal -0.980785280403 0.195090322016 0
  outer loop
   vertex -0.186423684474 0.0499520757048 0.140675
   vertex -0.191348858245 0.0251915550985 0.1614625
   vertex -0.186423684474 0.0499520757048 0.1614625
  endloop
 endfacet
 facet normal -0.997858923239 0.0654031292301 0
  outer loop
   vertex -0.191348858245 0.0251915550985 0.140675
   vertex -0.193 2.36356832235e-17 0.140675
   vertex -0.193 2.36356832235e-17 0.1614625
  endloop
 endfacet
 facet normal -0.997858923239 0.0654031292301 0
  outer loop
   vertex -0.191348858245 0.0251915550985 0.140675
   vertex -0.193 2.36356832235e-17 0.1614625
   vertex -0.191348858245 0.0251915550985 0.1614625
  endloop
 endfacet
 facet normal -0.997858923239 -0.0654031292301 0
  outer loop
   vertex -0.193 2.36356832235e-17 0.140675
   vertex -0.191348858245 -0.0251915550985 0.140675
   vertex -0.191348858245 -0.0251915550985 0.1614625
  endloop
 endfacet
 facet normal -0.997858923239 -0.0654031292301 0
  outer loop
   vertex -0.193 2.36356832235e-17 0.140675
   vertex -0.191348858245 -0.0251915550985 0.1614625
   vertex -0.193 2.36356832235e-17 0.1614625
  endloop
 endfacet
 facet normal -0.980785280403 -0.195090322016 0
  outer loop
   vertex -0.191348858245 -0.0251915550985 0.140675
   vertex -0.186423684474 -0.0499520757048 0.140675
   vertex -0.186423684474 -0.0499520757048 0.1614625
  endloop
 endfacet
 facet normal -0.980785280403 -0.195090322016 0
  outer loop
   vertex -0.191348858245 -0.0251915550985 0.140675
   vertex -0.186423684474 -0.0499520757048 0.1614625
   vertex -0.191348858245 -0.0251915550985 0.1614625
  endloop
 endfacet
 facet normal -0.946930129495 -0.321439465303 0
  outer loop
   vertex -0.186423684474 -0.0499520757048 0.140675
   vertex -0.178308749775 -0.0738579024465 0.140675
   vertex -0.178308749775 -0.0738579024465 0.1614625
  endloop
 endfacet
 facet normal -0.946930129495 -0.321439465303 0
  outer loop
   vertex -0.186423684474 -0.0499520757048 0.140675
   vertex -0.178308749775 -0.0738579024465 0.1614625
   vertex -0.186423684474 -0.0499520757048 0.1614625
  endloop
 endfacet
 facet normal -0.896872741533 -0.442288690219 0
  outer loop
   vertex -0.178308749775 -0.0738579024465 0.140675
   vertex -0.16714290293 -0.0965 0.140675
   vertex -0.16714290293 -0.0965 0.1614625
  endloop
 endfacet
 facet normal -0.896872741533 -0.442288690219 0
  outer loop
   vertex -0.178308749775 -0.0738579024465 0.140675
   vertex -0.16714290293 -0.0965 0.1614625
   vertex -0.178308749775 -0.0738579024465 0.1614625
  endloop
 endfacet
 facet normal -0.831469612303 -0.55557023302 0
  outer loop
   vertex -0.16714290293 -0.0965 0.140675
   vertex -0.153117194676 -0.117490955799 0.140675
   vertex -0.153117194676 -0.117490955799 0.1614625
  endloop
 endfacet
 facet normal -0.831469612303 -0.55557023302 0
  outer loop
   vertex -0.16714290293 -0.0965 0.140675
   vertex -0.153117194676 -0.117490955799 0.1614625
   vertex -0.16714290293 -0.0965 0.1614625
  endloop
 endfacet
 facet normal -0.751839807479 -0.6593458151 0
  outer loop
   vertex -0.153117194676 -0.117490955799 0.140675
   vertex -0.136471608769 -0.136471608769 0.140675
   vertex -0.136471608769 -0.136471608769 0.1614625
  endloop
 endfacet
 facet normal -0.751839807479 -0.6593458151 0
  outer loop
   vertex -0.153117194676 -0.117490955799 0.140675
   vertex -0.136471608769 -0.136471608769 0.1614625
   vertex -0.153117194676 -0.117490955799 0.1614625
  endloop
 endfacet
 facet normal -0.6593458151 -0.751839807479 0
  outer loop
   vertex -0.136471608769 -0.136471608769 0.140675
   vertex -0.117490955799 -0.153117194676 0.140675
   vertex -0.117490955799 -0.153117194676 0.1614625
  endloop
 endfacet
 facet normal -0.6593458151 -0.751839807479 0
  outer loop
   vertex -0.136471608769 -0.136471608769 0.140675
   vertex -0.117490955799 -0.153117194676 0.1614625
   vertex -0.136471608769 -0.136471608769 0.1614625
  endloop
 endfacet
 facet normal -0.55557023302 -0.831469612303 0
  outer loop
   vertex -0.117490955799 -0.153117194676 0.140675
   vertex -0.0965 -0.16714290293 0.140675
   vertex -0.0965 -0.16714290293 0.1614625
  endloop
 endfacet
 facet normal -0.55557023302 -0.831469612303 0
  outer loop
   vertex -0.117490955799 -0.153117194676 0.140675
   vertex -0.0965 -0.16714290293 0.1614625
   vertex -0.117490955799 -0.153117194676 0.1614625
  endloop
 endfacet
 facet normal -0.442288690219 -0.896872741533 0
  outer loop
   vertex -0.0965 -0.16714290293 0.140675
   vertex -0.0738579024465 -0.178308749775 0.140675
   vertex -0.0738579024465 -0.178308749775 0.1614625
  endloop
 endfacet
 facet normal -0.442288690219 -0.896872741533 0
  outer loop
   vertex -0.0965 -0.16714290293 0.140675
   vertex -0.0738579024465 -0.178308749775 0.1614625
   vertex -0.0965 -0.16714290293 0.1614625
  endloop
 endfacet
 facet normal -0.321439465303 -0.946930129495 0
  outer loop
   vertex -0.0738579024465 -0.178308749775 0.140675
   vertex -0.0499520757048 -0.186423684474 0.140675
   vertex -0.0499520757048 -0.186423684474 0.1614625
  endloop
 endfacet
 facet normal -0.321439465303 -0.946930129495 0
  outer loop
   vertex -0.0738579024465 -0.178308749775 0.140675
   vertex -0.0499520757048 -0.186423684474 0.1614625
   vertex -0.0738579024465 -0.178308749775 0.1614625
  endloop
 endfacet
 facet normal -0.195090322016 -0.980785280403 0
  outer loop
   vertex -0.0499520757048 -0.186423684474 0.140675
   vertex -0.0251915550985 -0.191348858245 0.140675
   vertex -0.0251915550985 -0.191348858245 0.1614625
  endloop
 endfacet
 facet normal -0.195090322016 -0.980785280403 0
  outer loop
   vertex -0.0499520757048 -0.186423684474 0.140675
   vertex -0.0251915550985 -0.191348858245 0.1614625
   vertex -0.0499520757048 -0.186423684474 0.1614625
  endloop
 endfacet
 facet normal -0.0654031292301 -0.997858923239 0
  outer loop
   vertex -0.0251915550985 -0.191348858245 0.140675
   vertex -3.54535248353e-17 -0.193 0.140675
   vertex -3.54535248353e-17 -0.193 0.1614625
  endloop
 endfacet
 facet normal -0.0654031292301 -0.997858923239 0
  outer loop
   vertex -0.0251915550985 -0.191348858245 0.140675
   vertex -3.54535248353e-17 -0.193 0.1614625
   vertex -0.0251915550985 -0.191348858245 0.1614625
  endloop
 endfacet
 facet normal 0.0654031292301 -0.997858923239 0
  outer loop
   vertex -3.54535248353e-17 -0.193 0.140675
   vertex 0.0251915550985 -0.191348858245 0.140675
   vertex 0.0251915550985 -0.191348858245 0.1614625
  endloop
 endfacet
 facet normal 0.0654031292301 -0.997858923239 0
  outer loop
   vertex -3.54535248353e-17 -0.193 0.140675
   vertex 0.0251915550985 -0.191348858245 0.1614625
   vertex -3.54535248353e-17 -0.193 0.1614625
  endloop
 endfacet
 facet normal 0.195090322016 -0.980785280403 0
  outer loop
   vertex 0.0251915550985 -0.191348858245 0.140675
   vertex 0.0499520757048 -0.186423684474 0.140675
   vertex 0.0499520757048 -0.186423684474 0.1614625
  endloop
 endfacet
 facet normal 0.195090322016 -0.980785280403 0
  outer loop
   vertex 0.0251915550985 -0.191348858245 0.140675
   vertex 0.0499520757048 -0.186423684474 0.1614625
   vertex 0.0251915550985 -0.191348858245 0.1614625
  endloop
 endfacet
 facet normal 0.321439465303 -0.946930129495 0
  outer loop
   vertex 0.0499520757048 -0.186423684474 0.140675
   vertex 0.0738579024465 -0.178308749775 0.140675
   vertex 0.0738579024465 -0.178308749775 0.1614625
  endloop
 endfacet
 facet normal 0.321439465303 -0.946930129495 0
  outer loop
   vertex 0.0499520757048 -0.186423684474 0.140675
   vertex 0.0738579024465 -0.178308749775 0.1614625
   vertex 0.0499520757048 -0.186423684474 0.1614625
  endloop
 endfacet
 facet normal 0.442288690219 -0.896872741533 0
  outer loop
   vertex 0.0738579024465 -0.178308749775 0.140675
   vertex 0.0965 -0.16714290293 0.140675
   vertex 0.0965 -0.16714290293 0.1614625
  endloop
 endfacet
 facet normal 0.442288690219 -0.896872741533 0
  outer loop
   vertex 0.0738579024465 -0.178308749775 0.140675
   vertex 0.0965 -0.16714290293 0.1614625
   vertex 0.0738579024465 -0.178308749775 0.1614625
  endloop
 endfacet
 facet normal 0.55557023302 -0.831469612303 0
  outer loop
   vertex 0.0965 -0.16714290293 0.140675
   vertex 0.117490955799 -0.153117194676 0.140675
   vertex 0.117490955799 -0.153117194676 0.1614625
  endloop
 endfacet
 facet normal 0.55557023302 -0.831469612303 0
  outer loop
   vertex 0.0965 -0.16714290293 0.140675
   vertex 0.117490955799 -0.153117194676 0.1614625
   vertex 0.0965 -0.16714290293 0.1614625
  endloop
 endfacet
 facet normal 0.6593458151 -0.751839807479 0
  outer loop
   vertex 0.117490955799 -0.153117194676 0.140675
   vertex 0.136471608769 -0.136471608769 0.140675
   vertex 0.136471608769 -0.136471608769 0.1614625
  endloop
 endfacet
 facet normal 0.6593458151 -0.751839807479 0
  outer loop
   vertex 0.117490955799 -0.153117194676 0.140675
   vertex 0.136471608769 -0.136471608769 0.1614625
   vertex 0.117490955799 -0.153117194676 0.1614625
  endloop
 endfacet
 facet normal 0.751839807479 -0.6593458151 0
  outer loop
   vertex 0.136471608769 -0.136471608769 0.140675
   vertex 0.153117194676 -0.117490955799 0.140675
   vertex 0.153117194676 -0.117490955799 0.1614625
  endloop
 endfacet
 facet normal 0.751839807479 -0.6593458151 0
  outer loop
   vertex 0.136471608769 -0.136471608769 0.140675
   vertex 0.153117194676 -0.117490955799 0.1614625
   vertex 0.136471608769 -0.136471608769 0.1614625
  endloop
 endfacet
 facet normal 0.831469612303 -0.55557023302 0
  outer loop
   vertex 0.153117194676 -0.117490955799 0.140675
   vertex 0.16714290293 -0.0965 0.140675
   vertex 0.16714290293 -0.0965 0.1614625
  endloop
 endfacet
 facet normal 0.831469612303 -0.55557023302 0
  outer loop
   vertex 0.153117194676 -0.117490955799 0.140675
   vertex 0.16714290293 -0.0965 0.1614625
   vertex 0.153117194676 -0.117490955799 0.1614625
  endloop
 endfacet
 facet normal 0.896872741533 -0.442288690219 0
  outer loop
   vertex 0.16714290293 -0.0965 0.140675
   vertex 0.178308749775 -0.0738579024465 0.140675
   vertex 0.178308749775 -0.0738579024465 0.1614625
  endloop
 endfacet
 facet normal 0.896872741533 -0.442288690219 0
  outer loop
   vertex 0.16714290293 -0.0965 0.140675
   vertex 0.178308749775 -0.0738579024465 0.1614625
   vertex 0.16714290293 -0.0965 0.1614625
  endloop
 endfacet
 facet normal 0.946930129495 -0.321439465303 0
  outer loop
   vertex 0.178308749775 -0.0738579024465 0.140675
   vertex 0.186423684474 -0.0499520757048 0.140675
   vertex 0.186423684474 -0.0499520757048 0.1614625
  endloop
 endfacet
 facet normal 0.946930129495 -0.321439465303 0
  outer loop
   vertex 0.178308749775 -0.0738579024465 0.140675
   vertex 0.186423684474 -0.0499520757048 0.1614625
   vertex 0.178308749775 -0.0738579024465 0.1614625
  endloop
 endfacet
 facet normal 0.980785280403 -0.195090322016 0
  outer loop
   vertex 0.186423684474 -0.0499520757048 0.140675
   vertex 0.191348858245 -0.0251915550985 0.140675
   vertex 0.191348858245 -0.0251915550985 0.1614625
  endloop
 endfacet
 facet normal 0.980785280403 -0.195090322016 0
  outer loop
   vertex 0.186423684474 -0.0499520757048 0.140675
   vertex 0.191348858245 -0.0251915550985 0.1614625
   vertex 0.186423684474 -0.0499520757048 0.1614625
  endloop
 endfacet
 facet normal 0.997858923239 -0.0654031292301 0
  outer loop
   vertex 0.191348858245 -0.0251915550985 0.140675
   vertex 0.193 0 0.140675
   vertex 0.193 0 0.1614625
  endloop
 endfacet
 facet normal 0.997858923239 -0.0654031292301 0
  outer loop
   vertex 0.191348858245 -0.0251915550985 0.140675
   vertex 0.193 0 0.1614625
   vertex 0.191348858245 -0.0251915550985 0.1614625
  endloop
 endfacet
 facet normal 0.997858923239 0.0654031292301 0
  outer loop
   vertex 0.193 0 0.1614625
   vertex 0.191348858245 0.0251915550985 0.1614625
   vertex 0.191348858245 0.0251915550985 0.18225
  endloop
 endfacet
 facet normal 0.997858923239 0.0654031292301 -0
  outer loop
   vertex 0.193 0 0.1614625
   vertex 0.191348858245 0.0251915550985 0.18225
   vertex 0.193 0 0.18225
  endloop
 endfacet
 facet normal 0.980785280403 0.195090322016 0
  outer loop
   vertex 0.191348858245 0.0251915550985 0.1614625
   vertex 0.186423684474 0.0499520757048 0.1614625
   vertex 0.186423684474 0.0499520757048 0.18225
  endloop
 endfacet
 facet normal 0.980785280403 0.195090322016 -0
  outer loop
   vertex 0.191348858245 0.0251915550985 0.1614625
   vertex 0.186423684474 0.0499520757048 0.18225
   vertex 0.191348858245 0.0251915550985 0.18225
  endloop
 endfacet
 facet normal 0.946930129495 0.321439465303 0
  outer loop
   vertex 0.186423684474 0.0499520757048 0.1614625
   vertex 0.178308749775 0.0738579024465 0.1614625
   vertex 0.178308749775 0.0738579024465 0.18225
  endloop
 endfacet
 facet normal 0.946930129495 0.321439465303 -0
  outer loop
   vertex 0.186423684474 0.0499520757048 0.1614625
   vertex 0.178308749775 0.0738579024465 0.18225
   vertex 0.186423684474 0.0499520757048 0.18225
  endloop
 endfacet
 facet normal 0.896872741533 0.442288690219 0
  outer loop
   vertex 0.178308749775 0.0738579024465 0.1614625
   vertex 0.16714290293 0.0965 0.1614625
   vertex 0.16714290293 0.0965 0.18225
  endloop
 endfacet
 facet normal 0.896872741533 0.442288690219 -0
  outer loop
   vertex 0.178308749775 0.0738579024465 0.1614625
   vertex 0.16714290293 0.0965 0.18225
   vertex 0.178308749775 0.0738579024465 0.18225
  endloop
 endfacet
 facet normal 0.831469612303 0.55557023302 0
  outer loop
   vertex 0.16714290293 0.0965 0.1614625
   vertex 0.153117194676 0.117490955799 0.1614625
   vertex 0.153117194676 0.117490955799 0.18225
  endloop
 endfacet
 facet normal 0.831469612303 0.55557023302 -0
  outer loop
   vertex 0.16714290293 0.0965 0.1614625
   vertex 0.153117194676 0.117490955799 0.18225
   vertex 0.16714290293 0.0965 0.18225
  endloop
 endfacet
 facet normal 0.751839807479 0.6593458151 0
  outer loop
   vertex 0.153117194676 0.117490955799 0.1614625
   vertex 0.136471608769 0.136471608769 0.1614625
   vertex 0.136471608769 0.136471608769 0.18225
  endloop
 endfacet
 facet normal 0.751839807479 0.6593458151 -0
  outer loop
   vertex 0.153117194676 0.117490955799 0.1614625
   vertex 0.136471608769 0.136471608769 0.18225
   vertex 0.153117194676 0.117490955799 0.18225
  endloop
 endfacet
 facet normal 0.6593458151 0.751839807479 0
  outer loop
   vertex 0.136471608769 0.136471608769 0.1614625
   vertex 0.117490955799 0.153117194676 0.1614625
   vertex 0.117490955799 0.153117194676 0.18225
  endloop
 endfacet
 facet normal 0.6593458151 0.751839807479 -0
  outer loop
   vertex 0.136471608769 0.136471608769 0.1614625
   vertex 0.117490955799 0.153117194676 0.18225
   vertex 0.136471608769 0.136471608769 0.18225
  endloop
 endfacet
 facet normal 0.55557023302 0.831469612303 0
  outer loop
   vertex 0.117490955799 0.153117194676 0.1614625
   vertex 0.0965 0.16714290293 0.1614625
   vertex 0.0965 0.16714290293 0.18225
  endloop
 endfacet
 facet normal 0.55557023302 0.831469612303 -0
  outer loop
   vertex 0.117490955799 0.153117194676 0.1614625
   vertex 0.0965 0.16714290293 0.18225
   vertex 0.117490955799 0.153117194676 0.18225
  endloop
 endfacet
 facet normal 0.442288690219 0.896872741533 0
  outer loop
   vertex 0.0965 0.16714290293 0.1614625
   vertex 0.0738579024465 0.178308749775 0.1614625
   vertex 0.0738579024465 0.178308749775 0.18225
  endloop
 endfacet
 facet normal 0.442288690219 0.896872741533 -0
  outer loop
   vertex 0.0965 0.16714290293 0.1614625
   vertex 0.0738579024465 0.178308749775 0.18225
   vertex 0.0965 0.16714290293 0.18225
  endloop
 endfacet
 facet normal 0.321439465303 0.946930129495 0
  outer loop
   vertex 0.0738579024465 0.178308749775 0.1614625
   vertex 0.0499520757048 0.186423684474 0.1614625
   vertex 0.0499520757048 0.186423684474 0.18225
  endloop
 endfacet
 facet normal 0.321439465303 0.946930129495 -0
  outer loop
   vertex 0.0738579024465 0.178308749775 0.1614625
   vertex 0.0499520757048 0.186423684474 0.18225
   vertex 0.0738579024465 0.178308749775 0.18225
  endloop
 endfacet
 facet normal 0.195090322016 0.980785280403 0
  outer loop
   vertex 0.0499520757048 0.186423684474 0.1614625
   vertex 0.0251915550985 0.191348858245 0.1614625
   vertex 0.0251915550985 0.191348858245 0.18225
  endloop
 endfacet
 facet normal 0.195090322016 0.980785280403 -0
  outer loop
   vertex 0.0499520757048 0.186423684474 0.1614625
   vertex 0.0251915550985 0.191348858245 0.18225
   vertex 0.0499520757048 0.186423684474 0.18225
  endloop
 endfacet
 facet normal 0.0654031292301 0.997858923239 0
  outer loop
   vertex 0.0251915550985 0.191348858245 0.1614625
   vertex 1.18178416118e-17 0.193 0.1614625
   vertex 1.18178416118e-17 0.193 0.18225
  endloop
 endfacet
 facet normal 0.0654031292301 0.997858923239 -0
  outer loop
   vertex 0.0251915550985 0.191348858245 0.1614625
   vertex 1.18178416118e-17 0.193 0.18225
   vertex 0.0251915550985 0.191348858245 0.18225
  endloop
 endfacet
 facet normal -0.0654031292301 0.997858923239 0
  outer loop
   vertex 1.18178416118e-17 0.193 0.1614625
   vertex -0.0251915550985 0.191348858245 0.1614625
   vertex -0.0251915550985 0.191348858245 0.18225
  endloop
 endfacet
 facet normal -0.0654031292301 0.997858923239 0
  outer loop
   vertex 1.18178416118e-17 0.193 0.1614625
   vertex -0.0251915550985 0.191348858245 0.18225
   vertex 1.18178416118e-17 0.193 0.18225
  endloop
 endfacet
 facet normal -0.195090322016 0.980785280403 0
  outer loop
   vertex -0.0251915550985 0.191348858245 0.1614625
   vertex -0.0499520757048 0.186423684474 0.1614625
   vertex -0.0499520757048 0.186423684474 0.18225
  endloop
 endfacet
 facet normal -0.195090322016 0.980785280403 0
  outer loop
   vertex -0.0251915550985 0.191348858245 0.1614625
   vertex -0.0499520757048 0.186423684474 0.18225
   vertex -0.0251915550985 0.191348858245 0.18225
  endloop
 endfacet
 facet normal -0.321439465303 0.946930129495 0
  outer loop
   vertex -0.0499520757048 0.186423684474 0.1614625
   vertex -0.0738579024465 0.178308749775 0.1614625
   vertex -0.0738579024465 0.178308749775 0.18225
  endloop
 endfacet
 facet normal -0.321439465303 0.946930129495 0
  outer loop
   vertex -0.0499520757048 0.186423684474 0.1614625
   vertex -0.0738579024465 0.178308749775 0.18225
   vertex -0.0499520757048 0.186423684474 0.18225
  endloop
 endfacet
 facet normal -0.442288690219 0.896872741533 0
  outer loop
   vertex -0.0738579024465 0.178308749775 0.1614625
   vertex -0.0965 0.16714290293 0.1614625
   vertex -0.0965 0.16714290293 0.18225
  endloop
 endfacet
 facet normal -0.442288690219 0.896872741533 0
  outer loop
   vertex -0.0738579024465 0.178308749775 0.1614625
   vertex -0.0965 0.16714290293 0.18225
   vertex -0.0738579024465 0.178308749775 0.18225
  endloop
 endfacet
 facet normal -0.55557023302 0.831469612303 0
  outer loop
   vertex -0.0965 0.16714290293 0.1614625
   vertex -0.117490955799 0.153117194676 0.1614625
   vertex -0.117490955799 0.153117194676 0.18225
  endloop
 endfacet
 facet normal -0.55557023302 0.831469612303 0
  outer loop
   vertex -0.0965 0.16714290293 0.1614625
   vertex -0.117490955799 0.153117194676 0.18225
   vertex -0.0965 0.16714290293 0.18225
  endloop
 endfacet
 facet normal -0.6593458151 0.751839807479 0
  outer loop
   vertex -0.117490955799 0.153117194676 0.1614625
   vertex -0.136471608769 0.136471608769 0.1614625
   vertex -0.136471608769 0.136471608769 0.18225
  endloop
 endfacet
 facet normal -0.6593458151 0.751839807479 0
  outer loop
   vertex -0.117490955799 0.153117194676 0.1614625
   vertex -0.136471608769 0.136471608769 0.18225
   vertex -0.117490955799 0.153117194676 0.18225
  endloop
 endfacet
 facet normal -0.751839807479 0.6593458151 0
  outer loop
   vertex -0.136471608769 0.136471608769 0.1614625
   vertex -0.153117194676 0.117490955799 0.1614625
   vertex -0.153117194676 0.117490955799 0.18225
  endloop
 endfacet
 facet normal -0.751839807479 0.6593458151 0
  outer loop
   vertex -0.136471608769 0.136471608769 0.1614625
   vertex -0.153117194676 0.117490955799 0.18225
   vertex -0.136471608769 0.136471608769 0.18225
  endloop
 endfacet
 facet normal -0.831469612303 0.55557023302 0
  outer loop
   vertex -0.153117194676 0.117490955799 0.1614625
   vertex -0.16714290293 0.0965 0.1614625
   vertex -0.16714290293 0.0965 0.18225
  endloop
 endfacet
 facet normal -0.831469612303 0.55557023302 0
  outer loop
   vertex -0.153117194676 0.117490955799 0.1614625
   vertex -0.16714290293 0.0965 0.18225
   vertex -0.153117194676 0.117490955799 0.18225
  endloop
 endfacet
 facet normal -0.896872741533 0.442288690219 0
  outer loop
   vertex -0.16714290293 0.0965 0.1614625
   vertex -0.178308749775 0.0738579024465 0.1614625
   vertex -0.178308749775 0.0738579024465 0.18225
  endloop
 endfacet
 facet normal -0.896872741533 0.442288690219 0
  outer loop
   vertex -0.16714290293 0.0965 0.1614625
   vertex -0.178308749775 0.0738579024465 0.18225
   vertex -0.16714290293 0.0965 0.18225
  endloop
 endfacet
 facet normal -0.946930129495 0.321439465303 0
  outer loop
   vertex -0.178308749775 0.0738579024465 0.1614625
   vertex -0.186423684474 0.0499520757048 0.1614625
   vertex -0.186423684474 0.0499520757048 0.18225
  endloop
 endfacet
 facet normal -0.946930129495 0.321439465303 0
  outer loop
   vertex -0.178308749775 0.0738579024465 0.1614625
   vertex -0.186423684474 0.0499520757048 0.18225
   vertex -0.178308749775 0.0738579024465 0.18225
  endloop
 endfacet
 facet normal -0.980785280403 0.195090322016 0
  outer loop
   vertex -0.186423684474 0.0499520757048 0.1614625
   vertex -0.191348858245 0.0251915550985 0.1614625
   vertex -0.191348858245 0.0251915550985 0.18225
  endloop
 endfacet
 facet normal -0.980785280403 0.195090322016 0
  outer loop
   vertex -0.186423684474 0.0499520757048 0.1614625
   vertex -0.191348858245 0.0251915550985 0.18225
   vertex -0.186423684474 0.0499520757048 0.18225
  endloop
 endfacet
 facet normal -0.997858923239 0.0654031292301 0
  outer loop
   vertex -0.191348858245 0.0251915550985 0.1614625
   vertex -0.193 2.36356832235e-17 0.1614625
   vertex -0.193 2.36356832235e-17 0.18225
  endloop
 endfacet
 facet normal -0.997858923239 0.0654031292301 0
  outer loop
   vertex -0.191348858245 0.0251915550985 0.1614625
   vertex -0.193 2.36356832235e-17 0.18225
   vertex -0.191348858245 0.0251915550985 0.18225
  endloop
 endfacet
 facet normal -0.997858923239 -0.0654031292301 0
  outer loop
   vertex -0.193 2.36356832235e-17 0.1614625
   vertex -0.191348858245 -0.0251915550985 0.1614625
   vertex -0.191348858245 -0.0251915550985 0.18225
  endloop
 endfacet
 facet normal -0.997858923239 -0.0654031292301 0
  outer loop
   vertex -0.193 2.36356832235e-17 0.1614625
   vertex -0.191348858245 -0.0251915550985 0.18225
   vertex -0.193 2.36356832235e-17 0.18225
  endloop
 endfacet
 facet normal -0.980785280403 -0.195090322016 0
  outer loop
   vertex -0.191348858245 -0.0251915550985 0.1614625
   vertex -0.186423684474 -0.0499520757048 0.1614625
   vertex -0.186423684474 -0.0499520757048 0.18225
  endloop
 endfacet
 facet normal -0.980785280403 -0.195090322016 0
  outer loop
   vertex -0.191348858245 -0.0251915550985 0.1614625
   vertex -0.186423684474 -0.0499520757048 0.18225
   vertex -0.191348858245 -0.0251915550985 0.18225
  endloop
 endfacet
 facet normal -0.946930129495 -0.321439465303 0
  outer loop
   vertex -0.186423684474 -0.0499520757048 0.1614625
   vertex -0.178308749775 -0.0738579024465 0.1614625
   vertex -0.178308749775 -0.0738579024465 0.18225
  endloop
 endfacet
 facet normal -0.946930129495 -0.321439465303 0
  outer loop
   vertex -0.186423684474 -0.0499520757048 0.1614625
   vertex -0.178308749775 -0.0738579024465 0.18225
   vertex -0.186423684474 -0.0499520757048 0.18225
  endloop
 endfacet
 facet normal -0.896872741533 -0.442288690219 0
  outer loop
   vertex -0.178308749775 -0.0738579024465 0.1614625
   vertex -0.16714290293 -0.0965 0.1614625
   vertex -0.16714290293 -0.0965 0.18225
  endloop
 endfacet
 facet normal -0.896872741533 -0.442288690219 0
  outer loop
   vertex -0.178308749775 -0.0738579024465 0.1614625
   vertex -0.16714290293 -0.0965 0.18225
   vertex -0.178308749775 -0.0738579024465 0.18225
  endloop
 endfacet
 facet normal -0.831469612303 -0.55557023302 0
  outer loop
   vertex -0.16714290293 -0.0965 0.1614625
   vertex -0.153117194676 -0.117490955799 0.1614625
   vertex -0.153117194676 -0.117490955799 0.18225
  endloop
 endfacet
 facet normal -0.831469612303 -0.55557023302 0
  outer loop
   vertex -0.16714290293 -0.0965 0.1614625
   vertex -0.153117194676 -0.117490955799 0.18225
   vertex -0.16714290293 -0.0965 0.18225
  endloop
 endfacet
 facet normal -0.751839807479 -0.6593458151 0
  outer loop
   vertex -0.153117194676 -0.117490955799 0.1614625
   vertex -0.136471608769 -0.136471608769 0.1614625
   vertex -0.136471608769 -0.136471608769 0.18225
  endloop
 endfacet
 facet normal -0.751839807479 -0.6593458151 0
  outer loop
   vertex -0.153117194676 -0.117490955799 0.1614625
   vertex -0.136471608769 -0.136471608769 0.18225
   vertex -0.153117194676 -0.117490955799 0.18225
  endloop
 endfacet
 facet normal -0.6593458151 -0.751839807479 0
  outer loop
   vertex -0.136471608769 -0.136471608769 0.1614625
   vertex -0.117490955799 -0.153117194676 0.1614625
   vertex -0.117490955799 -0.153117194676 0.18225
  endloop
 endfacet
 facet normal -0.6593458151 -0.751839807479 0
  outer loop
   vertex -0.136471608769 -0.136471608769 0.1614625
   vertex -0.117490955799 -0.153117194676 0.18225
   vertex -0.136471608769 -0.136471608769 0.18225
  endloop
 endfacet
 facet normal -0.55557023302 -0.831469612303 0
  outer loop
   vertex -0.117490955799 -0.153117194676 0.1614625
   vertex -0.0965 -0.16714290293 0.1614625
   vertex -0.0965 -0.16714290293 0.18225
  endloop
 endfacet
 facet normal -0.55557023302 -0.831469612303 0
  outer loop
   vertex -0.117490955799 -0.153117194676 0.1614625
   vertex -0.0965 -0.16714290293 0.18225
   vertex -0.117490955799 -0.153117194676 0.18225
  endloop
 endfacet
 facet normal -0.442288690219 -0.896872741533 0
  outer loop
   vertex -0.0965 -0.16714290293 0.1614625
   vertex -0.0738579024465 -0.178308749775 0.1614625
   vertex -0.0738579024465 -0.178308749775 0.18225
  endloop
 endfacet
 facet normal -0.442288690219 -0.896872741533 0
  outer loop
   vertex -0.0965 -0.16714290293 0.1614625
   vertex -0.0738579024465 -0.178308749775 0.18225
   vertex -0.0965 -0.16714290293 0.18225
  endloop
 endfacet
 facet normal -0.321439465303 -0.946930129495 0
  outer loop
   vertex -0.0738579024465 -0.178308749775 0.1614625
   vertex -0.0499520757048 -0.186423684474 0.1614625
   vertex -0.0499520757048 -0.186423684474 0.18225
  endloop
 endfacet
 facet normal -0.321439465303 -0.946930129495 0
  outer loop
   vertex -0.0738579024465 -0.178308749775 0.1614625
   vertex -0.0499520757048 -0.186423684474 0.18225
   vertex -0.0738579024465 -0.178308749775 0.18225
  endloop
 endfacet
 facet normal -0.195090322016 -0.980785280403 0
  outer loop
   vertex -0.0499520757048 -0.186423684474 0.1614625
   vertex -0.0251915550985 -0.191348858245 0.1614625
   vertex -0.0251915550985 -0.191348858245 0.18225
  endloop
 endfacet
 facet normal -0.195090322016 -0.980785280403 0
  outer loop
   vertex -0.0499520757048 -0.186423684474 0.1614625
   vertex -0.0251915550985 -0.191348858245 0.18225
   vertex -0.0499520757048 -0.186423684474 0.18225
  endloop
 endfacet
 facet normal -0.0654031292301 -0.997858923239 0
  outer loop
   vertex -0.0251915550985 -0.191348858245 0.1614625
   vertex -3.54535248353e-17 -0.193 0.1614625
   vertex -3.54535248353e-17 -0.193 0.18225
  endloop
 endfacet
 facet normal -0.0654031292301 -0.997858923239 0
  outer loop
   vertex -0.0251915550985 -0.191348858245 0.1614625
   vertex -3.54535248353e-17 -0.193 0.18225
   vertex -0.0251915550985 -0.191348858245 0.18225
  endloop
 endfacet
 facet normal 0.0654031292301 -0.997858923239 0
  outer loop
   vertex -3.54535248353e-17 -0.193 0.1614625
   vertex 0.0251915550985 -0.191348858245 0.1614625
   vertex 0.0251915550985 -0.191348858245 0.18225
  endloop
 endfacet
 facet normal 0.0654031292301 -0.997858923239 0
  outer loop
   vertex -3.54535248353e-17 -0.193 0.1614625
   vertex 0.0251915550985 -0.191348858245 0.18225
   vertex -3.54535248353e-17 -0.193 0.18225
  endloop
 endfacet
 facet normal 0.195090322016 -0.980785280403 0
  outer loop
   vertex 0.0251915550985 -0.191348858245 0.1614625
   vertex 0.0499520757048 -0.186423684474 0.1614625
   vertex 0.0499520757048 -0.186423684474 0.18225
  endloop
 endfacet
 facet normal 0.195090322016 -0.980785280403 0
  outer loop
   vertex 0.0251915550985 -0.191348858245 0.1614625
   vertex 0.0499520757048 -0.186423684474 0.18225
   vertex 0.0251915550985 -0.191348858245 0.18225
  endloop
 endfacet
 facet normal 0.321439465303 -0.946930129495 0
  outer loop
   vertex 0.0499520757048 -0.186423684474 0.1614625
   vertex 0.0738579024465 -0.178308749775 0.1614625
   vertex 0.0738579024465 -0.178308749775 0.18225
  endloop
 endfacet
 facet normal 0.321439465303 -0.946930129495 0
  outer loop
   vertex 0.0499520757048 -0.186423684474 0.1614625
   vertex 0.0738579024465 -0.178308749775 0.18225
   vertex 0.0499520757048 -0.186423684474 0.18225
  endloop
 endfacet
 facet normal 0.442288690219 -0.896872741533 0
  outer loop
   vertex 0.0738579024465 -0.178308749775 0.1614625
   vertex 0.0965 -0.16714290293 0.1614625
   vertex 0.0965 -0.16714290293 0.18225
  endloop
 endfacet
 facet normal 0.442288690219 -0.896872741533 0
  outer loop
   vertex 0.0738579024465 -0.178308749775 0.1614625
   vertex 0.0965 -0.16714290293 0.18225
   vertex 0.0738579024465 -0.178308749775 0.18225
  endloop
 endfacet
 facet normal 0.55557023302 -0.831469612303 0
  outer loop
   vertex 0.0965 -0.16714290293 0.1614625
   vertex 0.117490955799 -0.153117194676 0.1614625
   vertex 0.117490955799 -0.153117194676 0.18225
  endloop
 endfacet
 facet normal 0.55557023302 -0.831469612303 0
  outer loop
   vertex 0.0965 -0.16714290293 0.1614625
   vertex 0.117490955799 -0.153117194676 0.18225
   vertex 0.0965 -0.16714290293 0.18225
  endloop
 endfacet
 facet normal 0.6593458151 -0.751839807479 0
  outer loop
   vertex 0.117490955799 -0.153117194676 0.1614625
   vertex 0.136471608769 -0.136471608769 0.1614625
   vertex 0.136471608769 -0.136471608769 0.18225
  endloop
 endfacet
 facet normal 0.6593458151 -0.751839807479 0
  outer loop
   vertex 0.117490955799 -0.153117194676 0.1614625
   vertex 0.136471608769 -0.136471608769 0.18225
   vertex 0.117490955799 -0.153117194676 0.18225
  endloop
 endfacet
 facet normal 0.751839807479 -0.6593458151 0
  outer loop
   vertex 0.136471608769 -0.136471608769 0.1614625
   vertex 0.153117194676 -0.117490955799 0.1614625
   vertex 0.153117194676 -0.117490955799 0.18225
  endloop
 endfacet
 facet normal 0.751839807479 -0.6593458151 0
  outer loop
   vertex 0.136471608769 -0.136471608769 0.1614625
   vertex 0.153117194676 -0.117490955799 0.18225
   vertex 0.136471608769 -0.136471608769 0.18225
  endloop
 endfacet
 facet normal 0.831469612303 -0.55557023302 0
  outer loop
   vertex 0.153117194676 -0.117490955799 0.1614625
   vertex 0.16714290293 -0.0965 0.1614625
   vertex 0.16714290293 -0.0965 0.18225
  endloop
 endfacet
 facet normal 0.831469612303 -0.55557023302 0
  outer loop
   vertex 0.153117194676 -0.117490955799 0.1614625
   vertex 0.16714290293 -0.0965 0.18225
   vertex 0.153117194676 -0.117490955799 0.18225
  endloop
 endfacet
 facet normal 0.896872741533 -0.442288690219 0
  outer loop
   vertex 0.16714290293 -0.0965 0.1614625
   vertex 0.178308749775 -0.0738579024465 0.1614625
   vertex 0.178308749775 -0.0738579024465 0.18225
  endloop
 endfacet
 facet normal 0.896872741533 -0.442288690219 0
  outer loop
   vertex 0.16714290293 -0.0965 0.1614625
   vertex 0.178308749775 -0.0738579024465 0.18225
   vertex 0.16714290293 -0.0965 0.18225
  endloop
 endfacet
 facet normal 0.946930129495 -0.321439465303 0
  outer loop
   vertex 0.178308749775 -0.0738579024465 0.1614625
   vertex 0.186423684474 -0.0499520757048 0.1614625
   vertex 0.186423684474 -0.0499520757048 0.18225
  endloop
 endfacet
 facet normal 0.946930129495 -0.321439465303 0
  outer loop
   vertex 0.178308749775 -0.0738579024465 0.1614625
   vertex 0.186423684474 -0.0499520757048 0.18225
   vertex 0.178308749775 -0.0738579024465 0.18225
  endloop
 endfacet
 facet normal 0.980785280403 -0.195090322016 0
  outer loop
   vertex 0.186423684474 -0.0499520757048 0.1614625
   vertex 0.191348858245 -0.0251915550985 0.1614625
   vertex 0.191348858245 -0.0251915550985 0.18225
  endloop
 endfacet
 facet normal 0.980785280403 -0.195090322016 0
  outer loop
   vertex 0.186423684474 -0.0499520757048 0.1614625
   vertex 0.191348858245 -0.0251915550985 0.18225
   vertex 0.186423684474 -0.0499520757048 0.18225
  endloop
 endfacet
 facet normal 0.997858923239 -0.0654031292301 0
  outer loop
   vertex 0.191348858245 -0.0251915550985 0.1614625
   vertex 0.193 0 0.1614625
   vertex 0.193 0 0.18225
  endloop
 endfacet
 facet normal 0.997858923239 -0.0654031292301 0
  outer loop
   vertex 0.191348858245 -0.0251915550985 0.1614625
   vertex 0.193 0 0.18225
   vertex 0.191348858245 -0.0251915550985 0.18225
  endloop
 endfacet
 facet normal 0.997858923239 0.0654031292301 0
  outer loop
   vertex 0.193 0 0.18225
   vertex 0.191348858245 0.0251915550985 0.18225
   vertex 0.191348858245 0.0251915550985 0.2030375
  endloop
 endfacet
 facet normal 0.997858923239 0.0654031292301 -0
  outer loop
   vertex 0.193 0 0.18225
   vertex 0.191348858245 0.0251915550985 0.2030375
   vertex 0.193 0 0.2030375
  endloop
 endfacet
 facet normal 0.980785280403 0.195090322016 0
  outer loop
   vertex 0.191348858245 0.0251915550985 0.18225
   vertex 0.186423684474 0.0499520757048 0.18225
   vertex 0.186423684474 0.0499520757048 0.2030375
  endloop
 endfacet
 facet normal 0.980785280403 0.195090322016 -0
  outer loop
   vertex 0.191348858245 0.0251915550985 0.18225
   vertex 0.186423684474 0.0499520757048 0.2030375
   vertex 0.191348858245 0.0251915550985 0.2030375
  endloop
 endfacet
 facet normal 0.946930129495 0.321439465303 0
  outer loop
   vertex 0.186423684474 0.0499520757048 0.18225
   vertex 0.178308749775 0.0738579024465 0.18225
   vertex 0.178308749775 0.0738579024465 0.2030375
  endloop
 endfacet
 facet normal 0.946930129495 0.321439465303 -0
  outer loop
   vertex 0.186423684474 0.0499520757048 0.18225
   vertex 0.178308749775 0.0738579024465 0.2030375
   vertex 0.186423684474 0.0499520757048 0.2030375
  endloop
 endfacet
 facet normal 0.896872741533 0.442288690219 0
  outer loop
   vertex 0.178308749775 0.0738579024465 0.18225
   vertex 0.16714290293 0.0965 0.18225
   vertex 0.16714290293 0.0965 0.2030375
  endloop
 endfacet
 facet normal 0.896872741533 0.442288690219 -0
  outer loop
   vertex 0.178308749775 0.0738579024465 0.18225
   vertex 0.16714290293 0.0965 0.2030375
   vertex 0.178308749775 0.0738579024465 0.2030375
  endloop
 endfacet
 facet normal 0.831469612303 0.55557023302 0
  outer loop
   vertex 0.16714290293 0.0965 0.18225
   vertex 0.153117194676 0.117490955799 0.18225
   vertex 0.153117194676 0.117490955799 0.2030375
  endloop
 endfacet
 facet normal 0.831469612303 0.55557023302 -0
  outer loop
   vertex 0.16714290293 0.0965 0.18225
   vertex 0.153117194676 0.117490955799 0.2030375
   vertex 0.16714290293 0.0965 0.2030375
  endloop
 endfacet
 facet normal 0.751839807479 0.6593458151 0
  outer loop
   vertex 0.153117194676 0.117490955799 0.18225
   vertex 0.136471608769 0.136471608769 0.18225
   vertex 0.136471608769 0.136471608769 0.2030375
  endloop
 endfacet
 facet normal 0.751839807479 0.6593458151 -0
  outer loop
   vertex 0.153117194676 0.117490955799 0.18225
   vertex 0.136471608769 0.136471608769 0.2030375
   vertex 0.153117194676 0.117490955799 0.2030375
  endloop
 endfacet
 facet normal 0.6593458151 0.751839807479 0
  outer loop
   vertex 0.136471608769 0.136471608769 0.18225
   vertex 0.117490955799 0.153117194676 0.18225
   vertex 0.117490955799 0.153117194676 0.2030375
  endloop
 endfacet
 facet normal 0.6593458151 0.751839807479 -0
  outer loop
   vertex 0.136471608769 0.136471608769 0.18225
   vertex 0.117490955799 0.153117194676 0.2030375
   vertex 0.136471608769 0.136471608769 0.2030375
  endloop
 endfacet
 facet normal 0.55557023302 0.831469612303 0
  outer loop
   vertex 0.117490955799 0.153117194676 0.18225
   vertex 0.0965 0.16714290293 0.18225
   vertex 0.0965 0.16714290293 0.2030375
  endloop
 endfacet
 facet normal 0.55557023302 0.831469612303 -0
  outer loop
   vertex 0.117490955799 0.153117194676 0.18225
   vertex 0.0965 0.16714290293 0.2030375
   vertex 0.117490955799 0.153117194676 0.2030375
  endloop
 endfacet
 facet normal 0.442288690219 0.896872741533 0
  outer loop
   vertex 0.0965 0.16714290293 0.18225
   vertex 0.0738579024465 0.178308749775 0.18225
   vertex 0.0738579024465 0.178308749775 0.2030375
  endloop
 endfacet
 facet normal 0.442288690219 0.896872741533 -0
  outer loop
   vertex 0.0965 0.16714290293 0.18225
   vertex 0.0738579024465 0.178308749775 0.2030375
   vertex 0.0965 0.16714290293 0.2030375
  endloop
 endfacet
 facet normal 0.321439465303 0.946930129495 0
  outer loop
   vertex 0.0738579024465 0.178308749775 0.18225
   vertex 0.0499520757048 0.186423684474 0.18225
   vertex 0.0499520757048 0.186423684474 0.2030375
  endloop
 endfacet
 facet normal 0.321439465303 0.946930129495 -0
  outer loop
   vertex 0.0738579024465 0.178308749775 0.18225
   vertex 0.0499520757048 0.186423684474 0.2030375
   vertex 0.0738579024465 0.178308749775 0.2030375
  endloop
 endfacet
 facet normal 0.195090322016 0.980785280403 0
  outer loop
   vertex 0.0499520757048 0.186423684474 0.18225
   vertex 0.0251915550985 0.191348858245 0.18225
   vertex 0.0251915550985 0.191348858245 0.2030375
  endloop
 endfacet
 facet normal 0.195090322016 0.980785280403 -0
  outer loop
   vertex 0.0499520757048 0.186423684474 0.18225
   vertex 0.0251915550985 0.191348858245 0.2030375
   vertex 0.0499520757048 0.186423684474 0.2030375
  endloop
 endfacet
 facet normal 0.0654031292301 0.997858923239 0
  outer loop
   vertex 0.0251915550985 0.191348858245 0.18225
   vertex 1.18178416118e-17 0.193 0.18225
   vertex 1.18178416118e-17 0.193 0.2030375
  endloop
 endfacet
 facet normal 0.0654031292301 0.997858923239 -0
  outer loop
   vertex 0.0251915550985 0.191348858245 0.18225
   vertex 1.18178416118e-17 0.193 0.2030375
   vertex 0.0251915550985 0.191348858245 0.2030375
  endloop
 endfacet
 facet normal -0.0654031292301 0.997858923239 0
  outer loop
   vertex 1.18178416118e-17 0.193 0.18225
   vertex -0.0251915550985 0.191348858245 0.18225
   vertex -0.0251915550985 0.191348858245 0.2030375
  endloop
 endfacet
 facet normal -0.0654031292301 0.997858923239 0
  outer loop
   vertex 1.18178416118e-17 0.193 0.18225
   vertex -0.0251915550985 0.191348858245 0.2030375
   vertex 1.18178416118e-17 0.193 0.2030375
  endloop
 endfacet
 facet normal -0.195090322016 0.980785280403 0
  outer loop
   vertex -0.0251915550985 0.191348858245 0.18225
   vertex -0.0499520757048 0.186423684474 0.18225
   vertex -0.0499520757048 0.186423684474 0.2030375
  endloop
 endfacet
 facet normal -0.195090322016 0.980785280403 0
  outer loop
   vertex -0.0251915550985 0.191348858245 0.18225
   vertex -0.0499520757048 0.186423684474 0.2030375
   vertex -0.0251915550985 0.191348858245 0.2030375
  endloop
 endfacet
 facet normal -0.321439465303 0.946930129495 0
  outer loop
   vertex -0.0499520757048 0.186423684474 0.18225
   vertex -0.0738579024465 0.178308749775 0.18225
   vertex -0.0738579024465 0.178308749775 0.2030375
  endloop
 endfacet
 facet normal -0.321439465303 0.946930129495 0
  outer loop
   vertex -0.0499520757048 0.186423684474 0.18225
   vertex -0.0738579024465 0.178308749775 0.2030375
   vertex -0.0499520757048 0.186423684474 0.2030375
  endloop
 endfacet
 facet normal -0.442288690219 0.896872741533 0
  outer loop
   vertex -0.0738579024465 0.178308749775 0.18225
   vertex -0.0965 0.16714290293 0.18225
   vertex -0.0965 0.16714290293 0.2030375
  endloop
 endfacet
 facet normal -0.442288690219 0.896872741533 0
  outer loop
   vertex -0.0738579024465 0.178308749775 0.18225
   vertex -0.0965 0.16714290293 0.2030375
   vertex -0.0738579024465 0.178308749775 0.2030375
  endloop
 endfacet
 facet normal -0.55557023302 0.831469612303 0
  outer loop
   vertex -0.0965 0.16714290293 0.18225
   vertex -0.117490955799 0.153117194676 0.18225
   vertex -0.117490955799 0.153117194676 0.2030375
  endloop
 endfacet
 facet normal -0.55557023302 0.831469612303 0
  outer loop
   vertex -0.0965 0.16714290293 0.18225
   vertex -0.117490955799 0.153117194676 0.2030375
   vertex -0.0965 0.16714290293 0.2030375
  endloop
 endfacet
 facet normal -0.6593458151 0.751839807479 0
  outer loop
   vertex -0.117490955799 0.153117194676 0.18225
   vertex -0.136471608769 0.136471608769 0.18225
   vertex -0.136471608769 0.136471608769 0.2030375
  endloop
 endfacet
 facet normal -0.6593458151 0.751839807479 0
  outer loop
   vertex -0.117490955799 0.153117194676 0.18225
   vertex -0.136471608769 0.136471608769 0.2030375
   vertex -0.117490955799 0.153117194676 0.2030375
  endloop
 endfacet
 facet normal -0.751839807479 0.6593458151 0
  outer loop
   vertex -0.136471608769 0.136471608769 0.18225
   vertex -0.153117194676 0.117490955799 0.18225
   vertex -0.153117194676 0.117490955799 0.2030375
  endloop
 endfacet
 facet normal -0.751839807479 0.6593458151 0
  outer loop
   vertex -0.136471608769 0.136471608769 0.18225
   vertex -0.153117194676 0.117490955799 0.2030375
   vertex -0.136471608769 0.136471608769 0.2030375
  endloop
 endfacet
 facet normal -0.831469612303 0.55557023302 0
  outer loop
   vertex -0.153117194676 0.117490955799 0.18225
   vertex -0.16714290293 0.0965 0.18225
   vertex -0.16714290293 0.0965 0.2030375
  endloop
 endfacet
 facet normal -0.831469612303 0.55557023302 0
  outer loop
   vertex -0.153117194676 0.117490955799 0.18225
   vertex -0.16714290293 0.0965 0.2030375
   vertex -0.153117194676 0.117490955799 0.2030375
  endloop
 endfacet
 facet normal -0.896872741533 0.442288690219 0
  outer loop
   vertex -0.16714290293 0.0965 0.18225
   vertex -0.178308749775 0.0738579024465 0.18225
   vertex -0.178308749775 0.0738579024465 0.2030375
  endloop
 endfacet
 facet normal -0.896872741533 0.442288690219 0
  outer loop
   vertex -0.16714290293 0.0965 0.18225
   vertex -0.178308749775 0.0738579024465 0.2030375
   vertex -0.16714290293 0.0965 0.2030375
  endloop
 endfacet
 facet normal -0.946930129495 0.321439465303 0
  outer loop
   vertex -0.178308749775 0.0738579024465 0.18225
   vertex -0.186423684474 0.0499520757048 0.18225
   vertex -0.186423684474 0.0499520757048 0.2030375
  endloop
 endfacet
 facet normal -0.946930129495 0.321439465303 0
  outer loop
   vertex -0.178308749775 0.0738579024465 0.18225
   vertex -0.186423684474 0.0499520757048 0.2030375
   vertex -0.178308749775 0.0738579024465 0.2030375
  endloop
 endfacet
 facet normal -0.980785280403 0.195090322016 0
  outer loop
   vertex -0.186423684474 0.0499520757048 0.18225
   vertex -0.191348858245 0.0251915550985 0.18225
   vertex -0.191348858245 0.0251915550985 0.2030375
  endloop
 endfacet
 facet normal -0.980785280403 0.195090322016 0
  outer loop
   vertex -0.186423684474 0.0499520757048 0.18225
   vertex -0.191348858245 0.0251915550985 0.2030375
   vertex -0.186423684474 0.0499520757048 0.2030375
  endloop
 endfacet
 facet normal -0.997858923239 0.0654031292301 0
  outer loop
   vertex -0.191348858245 0.0251915550985 0.18225
   vertex -0.193 2.36356832235e-17 0.18225
   vertex -0.193 2.36356832235e-17 0.2030375
  endloop
 endfacet
 facet normal -0.997858923239 0.0654031292301 0
  outer loop
   vertex -0.191348858245 0.0251915550985 0.18225
   vertex -0.193 2.36356832235e-17 0.2030375
   vertex -0.191348858245 0.0251915550985 0.2030375
  endloop
 endfacet
 facet normal -0.997858923239 -0.0654031292301 0
  outer loop
   vertex -0.193 2.36356832235e-17 0.18225
   vertex -0.191348858245 -0.0251915550985 0.18225
   vertex -0.191348858245 -0.0251915550985 0.2030375
  endloop
 endfacet
 facet normal -0.997858923239 -0.0654031292301 0
  outer loop
   vertex -0.193 2.36356832235e-17 0.18225
   vertex -0.191348858245 -0.0251915550985 0.2030375
   vertex -0.193 2.36356832235e-17 0.2030375
  endloop
 endfacet
 facet normal -0.980785280403 -0.195090322016 0
  outer loop
   vertex -0.191348858245 -0.0251915550985 0.18225
   vertex -0.186423684474 -0.0499520757048 0.18225
   vertex -0.186423684474 -0.0499520757048 0.2030375
  endloop
 endfacet
 facet normal -0.980785280403 -0.195090322016 0
  outer loop
   vertex -0.191348858245 -0.0251915550985 0.18225
   vertex -0.186423684474 -0.0499520757048 0.2030375
   vertex -0.191348858245 -0.0251915550985 0.2030375
  endloop
 endfacet
 facet normal -0.946930129495 -0.321439465303 0
  outer loop
   vertex -0.186423684474 -0.0499520757048 0.18225
   vertex -0.178308749775 -0.0738579024465 0.18225
   vertex -0.178308749775 -0.0738579024465 0.2030375
  endloop
 endfacet
 facet normal -0.946930129495 -0.321439465303 0
  outer loop
   vertex -0.186423684474 -0.0499520757048 0.18225
   vertex -0.178308749775 -0.0738579024465 0.2030375
   vertex -0.186423684474 -0.0499520757048 0.2030375
  endloop
 endfacet
 facet normal -0.896872741533 -0.442288690219 0
  outer loop
   vertex -0.178308749775 -0.0738579024465 0.18225
   vertex -0.16714290293 -0.0965 0.18225
   vertex -0.16714290293 -0.0965 0.2030375
  endloop
 endfacet
 facet normal -0.896872741533 -0.442288690219 0
  outer loop
   vertex -0.178308749775 -0.0738579024465 0.18225
   vertex -0.16714290293 -0.0965 0.2030375
   vertex -0.178308749775 -0.0738579024465 0.2030375
  endloop
 endfacet
 facet normal -0.831469612303 -0.55557023302 0
  outer loop
   vertex -0.16714290293 -0.0965 0.18225
   vertex -0.153117194676 -0.117490955799 0.18225
   vertex -0.153117194676 -0.117490955799 0.2030375
  endloop
 endfacet
 facet normal -0.831469612303 -0.55557023302 0
  outer loop
   vertex -0.16714290293 -0.0965 0.18225
   vertex -0.153117194676 -0.117490955799 0.2030375
   vertex -0.16714290293 -0.0965 0.2030375
  endloop
 endfacet
 facet normal -0.751839807479 -0.6593458151 0
  outer loop
   vertex -0.153117194676 -0.117490955799 0.18225
   vertex -0.136471608769 -0.136471608769 0.18225
   vertex -0.136471608769 -0.136471608769 0.2030375
  endloop
 endfacet
 facet normal -0.751839807479 -0.6593458151 0
  outer loop
   vertex -0.153117194676 -0.117490955799 0.18225
   vertex -0.136471608769 -0.136471608769 0.2030375
   vertex -0.153117194676 -0.117490955799 0.2030375
  endloop
 endfacet
 facet normal -0.6593458151 -0.751839807479 0
  outer loop
   vertex -0.136471608769 -0.136471608769 0.18225
   vertex -0.117490955799 -0.153117194676 0.18225
   vertex -0.117490955799 -0.153117194676 0.2030375
  endloop
 endfacet
 facet normal -0.6593458151 -0.751839807479 0
  outer loop
   vertex -0.136471608769 -0.136471608769 0.18225
   vertex -0.117490955799 -0.153117194676 0.2030375
   vertex -0.136471608769 -0.136471608769 0.2030375
  endloop
 endfacet
 facet normal -0.55557023302 -0.831469612303 0
  outer loop
   vertex -0.117490955799 -0.153117194676 0.18225
   vertex -0.0965 -0.16714290293 0.18225
   vertex -0.0965 -0.16714290293 0.2030375
  endloop
 endfacet
 facet normal -0.55557023302 -0.831469612303 0
  outer loop
   vertex -0.117490955799 -0.153117194676 0.18225
   vertex -0.0965 -0.16714290293 0.2030375
   vertex -0.117490955799 -0.153117194676 0.2030375
  endloop
 endfacet
 facet normal -0.442288690219 -0.896872741533 0
  outer loop
   vertex -0.0965 -0.16714290293 0.18225
   vertex -0.0738579024465 -0.178308749775 0.18225
   vertex -0.0738579024465 -0.178308749775 0.2030375
  endloop
 endfacet
 facet normal -0.442288690219 -0.896872741533 0
  outer loop
   vertex -0.0965 -0.16714290293 0.18225
   vertex -0.0738579024465 -0.178308749775 0.2030375
   vertex -0.0965 -0.16714290293 0.2030375
  endloop
 endfacet
 facet normal -0.321439465303 -0.946930129495 0
  outer loop
   vertex -0.0738579024465 -0.178308749775 0.18225
   vertex -0.0499520757048 -0.186423684474 0.18225
   vertex -0.0499520757048 -0.186423684474 0.2030375
  endloop
 endfacet
 facet normal -0.321439465303 -0.946930129495 0
  outer loop
   vertex -0.0738579024465 -0.178308749775 0.18225
   vertex -0.0499520757048 -0.186423684474 0.2030375
   vertex -0.0738579024465 -0.178308749775 0.2030375
  endloop
 endfacet
 facet normal -0.195090322016 -0.980785280403 0
  outer loop
   vertex -0.0499520757048 -0.186423684474 0.18225
   vertex -0.0251915550985 -0.191348858245 0.18225
   vertex -0.0251915550985 -0.191348858245 0.2030375
  endloop
 endfacet
 facet normal -0.195090322016 -0.980785280403 0
  outer loop
   vertex -0.0499520757048 -0.186423684474 0.18225
   vertex -0.0251915550985 -0.191348858245 0.2030375
   vertex -0.0499520757048 -0.186423684474 0.2030375
  endloop
 endfacet
 facet normal -0.0654031292301 -0.997858923239 0
  outer loop
   vertex -0.0251915550985 -0.191348858245 0.18225
   vertex -3.54535248353e-17 -0.193 0.18225
   vertex -3.54535248353e-17 -0.193 0.2030375
  endloop
 endfacet
 facet normal -0.0654031292301 -0.997858923239 0
  outer loop
   vertex -0.0251915550985 -0.191348858245 0.18225
   vertex -3.54535248353e-17 -0.193 0.2030375
   vertex -0.0251915550985 -0.191348858245 0.2030375
  endloop
 endfacet
 facet normal 0.0654031292301 -0.997858923239 0
  outer loop
   vertex -3.54535248353e-17 -0.193 0.18225
   vertex 0.0251915550985 -0.191348858245 0.18225
   vertex 0.0251915550985 -0.191348858245 0.2030375
  endloop
 endfacet
 facet normal 0.0654031292301 -0.997858923239 0
  outer loop
   vertex -3.54535248353e-17 -0.193 0.18225
   vertex 0.0251915550985 -0.191348858245 0.2030375
   vertex -3.54535248353e-17 -0.193 0.2030375
  endloop
 endfacet
 facet normal 0.195090322016 -0.980785280403 0
  outer loop
   vertex 0.0251915550985 -0.191348858245 0.18225
   vertex 0.0499520757048 -0.186423684474 0.18225
   vertex 0.0499520757048 -0.186423684474 0.2030375
  endloop
 endfacet
 facet normal 0.195090322016 -0.980785280403 0
  outer loop
   vertex 0.0251915550985 -0.191348858245 0.18225
   vertex 0.0499520757048 -0.186423684474 0.2030375
   vertex 0.0251915550985 -0.191348858245 0.2030375
  endloop
 endfacet
 facet normal 0.321439465303 -0.946930129495 0
  outer loop
   vertex 0.0499520757048 -0.186423684474 0.18225
   vertex 0.0738579024465 -0.178308749775 0.18225
   vertex 0.0738579024465 -0.178308749775 0.2030375
  endloop
 endfacet
 facet normal 0.321439465303 -0.946930129495 0
  outer loop
   vertex 0.0499520757048 -0.186423684474 0.18225
   vertex 0.0738579024465 -0.178308749775 0.2030375
   vertex 0.0499520757048 -0.186423684474 0.2030375
  endloop
 endfacet
 facet normal 0.442288690219 -0.896872741533 0
  outer loop
   vertex 0.0738579024465 -0.178308749775 0.18225
   vertex 0.0965 -0.16714290293 0.18225
   vertex 0.0965 -0.16714290293 0.2030375
  endloop
 endfacet
 facet normal 0.442288690219 -0.896872741533 0
  outer loop
   vertex 0.0738579024465 -0.178308749775 0.18225
   vertex 0.0965 -0.16714290293 0.2030375
   vertex 0.0738579024465 -0.178308749775 0.2030375
  endloop
 endfacet
 facet normal 0.55557023302 -0.831469612303 0
  outer loop
   vertex 0.0965 -0.16714290293 0.18225
   vertex 0.117490955799 -0.153117194676 0.18225
   vertex 0.117490955799 -0.153117194676 0.2030375
  endloop
 endfacet
 facet normal 0.55557023302 -0.831469612303 0
  outer loop
   vertex 0.0965 -0.16714290293 0.18225
   vertex 0.117490955799 -0.153117194676 0.2030375
   vertex 0.0965 -0.16714290293 0.2030375
  endloop
 endfacet
 facet normal 0.6593458151 -0.751839807479 0
  outer loop
   vertex 0.117490955799 -0.153117194676 0.18225
   vertex 0.136471608769 -0.136471608769 0.18225
   vertex 0.136471608769 -0.136471608769 0.2030375
  endloop
 endfacet
 facet normal 0.6593458151 -0.751839807479 0
  outer loop
   vertex 0.117490955799 -0.153117194676 0.18225
   vertex 0.136471608769 -0.136471608769 0.2030375
   vertex 0.117490955799 -0.153117194676 0.2030375
  endloop
 endfacet
 facet normal 0.751839807479 -0.6593458151 0
  outer loop
   vertex 0.136471608769 -0.136471608769 0.18225
   vertex 0.153117194676 -0.117490955799 0.18225
   vertex 0.153117194676 -0.117490955799 0.2030375
  endloop
 endfacet
 facet normal 0.751839807479 -0.6593458151 0
  outer loop
   vertex 0.136471608769 -0.136471608769 0.18225
   vertex 0.153117194676 -0.117490955799 0.2030375
   vertex 0.136471608769 -0.136471608769 0.2030375
  endloop
 endfacet
 facet normal 0.831469612303 -0.55557023302 0
  outer loop
   vertex 0.153117194676 -0.117490955799 0.18225
   vertex 0.16714290293 -0.0965 0.18225
   vertex 0.16714290293 -0.0965 0.2030375
  endloop
 endfacet
 facet normal 0.831469612303 -0.55557023302 0
  outer loop
   vertex 0.153117194676 -0.117490955799 0.18225
   vertex 0.16714290293 -0.0965 0.2030375
   vertex 0.153117194676 -0.117490955799 0.2030375
  endloop
 endfacet
 facet normal 0.896872741533 -0.442288690219 0
  outer loop
   vertex 0.16714290293 -0.0965 0.18225
   vertex 0.178308749775 -0.0738579024465 0.18225
   vertex 0.178308749775 -0.0738579024465 0.2030375
  endloop
 endfacet
 facet normal 0.896872741533 -0.442288690219 0
  outer loop
   vertex 0.16714290293 -0.0965 0.18225
   vertex 0.178308749775 -0.0738579024465 0.2030375
   vertex 0.16714290293 -0.0965 0.2030375
  endloop
 endfacet
 facet normal 0.946930129495 -0.321439465303 0
  outer loop
   vertex 0.178308749775 -0.0738579024465 0.18225
   vertex 0.186423684474 -0.0499520757048 0.18225
   vertex 0.186423684474 -0.0499520757048 0.2030375
  endloop
 endfacet
 facet normal 0.946930129495 -0.321439465303 0
  outer loop
   vertex 0.178308749775 -0.0738579024465 0.18225
   vertex 0.186423684474 -0.0499520757048 0.2030375
   vertex 0.178308749775 -0.0738579024465 0.2030375
  endloop
 endfacet
 facet normal 0.980785280403 -0.195090322016 0
  outer loop
   vertex 0.186423684474 -0.0499520757048 0.18225
   vertex 0.191348858245 -0.0251915550985 0.18225
   vertex 0.191348858245 -0.0251915550985 0.2030375
  endloop
 endfacet
 facet normal 0.980785280403 -0.195090322016 0
  outer loop
   vertex 0.186423684474 -0.0499520757048 0.18225
   vertex 0.191348858245 -0.0251915550985 0.2030375
   vertex 0.186423684474 -0.0499520757048 0.2030375
  endloop
 endfacet
 facet normal 0.997858923239 -0.0654031292301 0
  outer loop
   vertex 0.191348858245 -0.0251915550985 0.18225
   vertex 0.193 0 0.18225
   vertex 0.193 0 0.2030375
  endloop
 endfacet
 facet normal 0.997858923239 -0.0654031292301 0
  outer loop
   vertex 0.191348858245 -0.0251915550985 0.18225
   vertex 0.193 0 0.2030375
   vertex 0.191348858245 -0.0251915550985 0.2030375
  endloop
 endfacet
 facet normal 0.997858923239 0.0654031292301 0
  outer loop
   vertex 0.193 0 0.2030375
   vertex 0.191348858245 0.0251915550985 0.2030375
   vertex 0.191348858245 0.0251915550985 0.223825
  endloop
 endfacet
 facet normal 0.997858923239 0.0654031292301 -0
  outer loop
   vertex 0.193 0 0.2030375
   vertex 0.191348858245 0.0251915550985 0.223825
   vertex 0.193 0 0.223825
  endloop
 endfacet
 facet normal 0.980785280403 0.195090322016 0
  outer loop
   vertex 0.191348858245 0.0251915550985 0.2030375
   vertex 0.186423684474 0.0499520757048 0.2030375
   vertex 0.186423684474 0.0499520757048 0.223825
  endloop
 endfacet
 facet normal 0.980785280403 0.195090322016 -0
  outer loop
   vertex 0.191348858245 0.0251915550985 0.2030375
   vertex 0.186423684474 0.0499520757048 0.223825
   vertex 0.191348858245 0.0251915550985 0.223825
  endloop
 endfacet
 facet normal 0.946930129495 0.321439465303 0
  outer loop
   vertex 0.186423684474 0.0499520757048 0.2030375
   vertex 0.178308749775 0.0738579024465 0.2030375
   vertex 0.178308749775 0.0738579024465 0.223825
  endloop
 endfacet
 facet normal 0.946930129495 0.321439465303 -0
  outer loop
   vertex 0.186423684474 0.0499520757048 0.2030375
   vertex 0.178308749775 0.0738579024465 0.223825
   vertex 0.186423684474 0.0499520757048 0.223825
  endloop
 endfacet
 facet normal 0.896872741533 0.442288690219 0
  outer loop
   vertex 0.178308749775 0.0738579024465 0.2030375
   vertex 0.16714290293 0.0965 0.2030375
   vertex 0.16714290293 0.0965 0.223825
  endloop
 endfacet
 facet normal 0.896872741533 0.442288690219 -0
  outer loop
   vertex 0.178308749775 0.0738579024465 0.2030375
   vertex 0.16714290293 0.0965 0.223825
   vertex 0.178308749775 0.0738579024465 0.223825
  endloop
 endfacet
 facet normal 0.831469612303 0.55557023302 0
  outer loop
   vertex 0.16714290293 0.0965 0.2030375
   vertex 0.153117194676 0.117490955799 0.2030375
   vertex 0.153117194676 0.117490955799 0.223825
  endloop
 endfacet
 facet normal 0.831469612303 0.55557023302 -0
  outer loop
   vertex 0.16714290293 0.0965 0.2030375
   vertex 0.153117194676 0.117490955799 0.223825
   vertex 0.16714290293 0.0965 0.223825
  endloop
 endfacet
 facet normal 0.751839807479 0.6593458151 0
  outer loop
   vertex 0.153117194676 0.117490955799 0.2030375
   vertex 0.136471608769 0.136471608769 0.2030375
   vertex 0.136471608769 0.136471608769 0.223825
  endloop
 endfacet
 facet normal 0.751839807479 0.6593458151 -0
  outer loop
   vertex 0.153117194676 0.117490955799 0.2030375
   vertex 0.136471608769 0.136471608769 0.223825
   vertex 0.153117194676 0.117490955799 0.223825
  endloop
 endfacet
 facet normal 0.6593458151 0.751839807479 0
  outer loop
   vertex 0.136471608769 0.136471608769 0.2030375
   vertex 0.117490955799 0.153117194676 0.2030375
   vertex 0.117490955799 0.153117194676 0.223825
  endloop
 endfacet
 facet normal 0.6593458151 0.751839807479 -0
  outer loop
   vertex 0.136471608769 0.136471608769 0.2030375
   vertex 0.117490955799 0.153117194676 0.223825
   vertex 0.136471608769 0.136471608769 0.223825
  endloop
 endfacet
 facet normal 0.55557023302 0.831469612303 0
  outer loop
   vertex 0.117490955799 0.153117194676 0.2030375
   vertex 0.0965 0.16714290293 0.2030375
   vertex 0.0965 0.16714290293 0.223825
  endloop
 endfacet
 facet normal 0.55557023302 0.831469612303 -0
  outer loop
   vertex 0.117490955799 0.153117194676 0.2030375
   vertex 0.0965 0.16714290293 0.223825
   vertex 0.117490955799 0.153117194676 0.223825
  endloop
 endfacet
 facet normal 0.442288690219 0.896872741533 0
  outer loop
   vertex 0.0965 0.16714290293 0.2030375
   vertex 0.0738579024465 0.178308749775 0.2030375
   vertex 0.0738579024465 0.178308749775 0.223825
  endloop
 endfacet
 facet normal 0.442288690219 0.896872741533 -0
  outer loop
   vertex 0.0965 0.16714290293 0.2030375
   vertex 0.0738579024465 0.178308749775 0.223825
   vertex 0.0965 0.16714290293 0.223825
  endloop
 endfacet
 facet normal 0.321439465303 0.946930129495 0
  outer loop
   vertex 0.0738579024465 0.178308749775 0.2030375
   vertex 0.0499520757048 0.186423684474 0.2030375
   vertex 0.0499520757048 0.186423684474 0.223825
  endloop
 endfacet
 facet normal 0.321439465303 0.946930129495 -0
  outer loop
   vertex 0.0738579024465 0.178308749775 0.2030375
   vertex 0.0499520757048 0.186423684474 0.223825
   vertex 0.0738579024465 0.178308749775 0.223825
  endloop
 endfacet
 facet normal 0.195090322016 0.980785280403 0
  outer loop
   vertex 0.0499520757048 0.186423684474 0.2030375
   vertex 0.0251915550985 0.191348858245 0.2030375
   vertex 0.0251915550985 0.191348858245 0.223825
  endloop
 endfacet
 facet normal 0.195090322016 0.980785280403 -0
  outer loop
   vertex 0.0499520757048 0.186423684474 0.2030375
   vertex 0.0251915550985 0.191348858245 0.223825
   vertex 0.0499520757048 0.186423684474 0.223825
  endloop
 endfacet
 facet normal 0.0654031292301 0.997858923239 0
  outer loop
   vertex 0.0251915550985 0.191348858245 0.2030375
   vertex 1.18178416118e-17 0.193 0.2030375
   vertex 1.18178416118e-17 0.193 0.223825
  endloop
 endfacet
 facet normal 0.0654031292301 0.997858923239 -0
  outer loop
   vertex 0.0251915550985 0.191348858245 0.2030375
   vertex 1.18178416118e-17 0.193 0.223825
   vertex 0.0251915550985 0.191348858245 0.223825
  endloop
 endfacet
 facet normal -0.0654031292301 0.997858923239 0
  outer loop
   vertex 1.18178416118e-17 0.193 0.2030375
   vertex -0.0251915550985 0.191348858245 0.2030375
   vertex -0.0251915550985 0.191348858245 0.223825
  endloop
 endfacet
 facet normal -0.0654031292301 0.997858923239 0
  outer loop
   vertex 1.18178416118e-17 0.193 0.2030375
   vertex -0.0251915550985 0.191348858245 0.223825
   vertex 1.18178416118e-17 0.193 0.223825
  endloop
 endfacet
 facet normal -0.195090322016 0.980785280403 0
  outer loop
   vertex -0.0251915550985 0.191348858245 0.2030375
   vertex -0.0499520757048 0.186423684474 0.2030375
   vertex -0.0499520757048 0.186423684474 0.223825
  endloop
 endfacet
 facet normal -0.195090322016 0.980785280403 0
  outer loop
   vertex -0.0251915550985 0.191348858245 0.2030375
   vertex -0.0499520757048 0.186423684474 0.223825
   vertex -0.0251915550985 0.191348858245 0.223825
  endloop
 endfacet
 facet normal -0.321439465303 0.946930129495 0
  outer loop
   vertex -0.0499520757048 0.186423684474 0.2030375
   vertex -0.0738579024465 0.178308749775 0.2030375
   vertex -0.0738579024465 0.178308749775 0.223825
  endloop
 endfacet
 facet normal -0.321439465303 0.946930129495 0
  outer loop
   vertex -0.0499520757048 0.186423684474 0.2030375
   vertex -0.0738579024465 0.178308749775 0.223825
   vertex -0.0499520757048 0.186423684474 0.223825
  endloop
 endfacet
 facet normal -0.442288690219 0.896872741533 0
  outer loop
   vertex -0.0738579024465 0.178308749775 0.2030375
   vertex -0.0965 0.16714290293 0.2030375
   vertex -0.0965 0.16714290293 0.223825
  endloop
 endfacet
 facet normal -0.442288690219 0.896872741533 0
  outer loop
   vertex -0.0738579024465 0.178308749775 0.2030375
   vertex -0.0965 0.16714290293 0.223825
   vertex -0.0738579024465 0.178308749775 0.223825
  endloop
 endfacet
 facet normal -0.55557023302 0.831469612303 0
  outer loop
   vertex -0.0965 0.16714290293 0.2030375
   vertex -0.117490955799 0.153117194676 0.2030375
   vertex -0.117490955799 0.153117194676 0.223825
  endloop
 endfacet
 facet normal -0.55557023302 0.831469612303 0
  outer loop
   vertex -0.0965 0.16714290293 0.2030375
   vertex -0.117490955799 0.153117194676 0.223825
   vertex -0.0965 0.16714290293 0.223825
  endloop
 endfacet
 facet normal -0.6593458151 0.751839807479 0
  outer loop
   vertex -0.117490955799 0.153117194676 0.2030375
   vertex -0.136471608769 0.136471608769 0.2030375
   vertex -0.136471608769 0.136471608769 0.223825
  endloop
 endfacet
 facet normal -0.6593458151 0.751839807479 0
  outer loop
   vertex -0.117490955799 0.153117194676 0.2030375
   vertex -0.136471608769 0.136471608769 0.223825
   vertex -0.117490955799 0.153117194676 0.223825
  endloop
 endfacet
 facet normal -0.751839807479 0.6593458151 0
  outer loop
   vertex -0.136471608769 0.136471608769 0.2030375
   vertex -0.153117194676 0.117490955799 0.2030375
   vertex -0.153117194676 0.117490955799 0.223825
  endloop
 endfacet
 facet normal -0.751839807479 0.6593458151 0
  outer loop
   vertex -0.136471608769 0.136471608769 0.2030375
   vertex -0.153117194676 0.117490955799 0.223825
   vertex -0.136471608769 0.136471608769 0.223825
  endloop
 endfacet
 facet normal -0.831469612303 0.55557023302 0
  outer loop
   vertex -0.153117194676 0.117490955799 0.2030375
   vertex -0.16714290293 0.0965 0.2030375
   vertex -0.16714290293 0.0965 0.223825
  endloop
 endfacet
 facet normal -0.831469612303 0.55557023302 0
  outer loop
   vertex -0.153117194676 0.117490955799 0.2030375
   vertex -0.16714290293 0.0965 0.223825
   vertex -0.153117194676 0.117490955799 0.223825
  endloop
 endfacet
 facet normal -0.896872741533 0.442288690219 0
  outer loop
   vertex -0.16714290293 0.0965 0.2030375
   vertex -0.178308749775 0.0738579024465 0.2030375
   vertex -0.178308749775 0.0738579024465 0.223825
  endloop
 endfacet
 facet normal -0.896872741533 0.442288690219 0
  outer loop
   vertex -0.16714290293 0.0965 0.2030375
   vertex -0.178308749775 0.0738579024465 0.223825
   vertex -0.16714290293 0.0965 0.223825
  endloop
 endfacet
 facet normal -0.946930129495 0.321439465303 0
  outer loop
   vertex -0.178308749775 0.0738579024465 0.2030375
   vertex -0.186423684474 0.0499520757048 0.2030375
   vertex -0.186423684474 0.0499520757048 0.223825
  endloop
 endfacet
 facet normal -0.946930129495 0.321439465303 0
  outer loop
   vertex -0.178308749775 0.0738579024465 0.2030375
   vertex -0.186423684474 0.0499520757048 0.223825
   vertex -0.178308749775 0.0738579024465 0.223825
  endloop
 endfacet
 facet normal -0.980785280403 0.195090322016 0
  outer loop
   vertex -0.186423684474 0.0499520757048 0.2030375
   vertex -0.191348858245 0.0251915550985 0.2030375
   vertex -0.191348858245 0.0251915550985 0.223825
  endloop
 endfacet
 facet normal -0.980785280403 0.195090322016 0
  outer loop
   vertex -0.186423684474 0.0499520757048 0.2030375
   vertex -0.191348858245 0.0251915550985 0.223825
   vertex -0.186423684474 0.0499520757048 0.223825
  endloop
 endfacet
 facet normal -0.997858923239 0.0654031292301 0
  outer loop
   vertex -0.191348858245 0.0251915550985 0.2030375
   vertex -0.193 2.36356832235e-17 0.2030375
   vertex -0.193 2.36356832235e-17 0.223825
  endloop
 endfacet
 facet normal -0.997858923239 0.0654031292301 0
  outer loop
   vertex -0.191348858245 0.0251915550985 0.2030375
   vertex -0.193 2.36356832235e-17 0.223825
   vertex -0.191348858245 0.0251915550985 0.223825
  endloop
 endfacet
 facet normal -0.997858923239 -0.0654031292301 0
  outer loop
   vertex -0.193 2.36356832235e-17 0.2030375
   vertex -0.191348858245 -0.0251915550985 0.2030375
   vertex -0.191348858245 -0.0251915550985 0.223825
  endloop
 endfacet
 facet normal -0.997858923239 -0.0654031292301 0
  outer loop
   vertex -0.193 2.36356832235e-17 0.2030375
   vertex -0.191348858245 -0.0251915550985 0.223825
   vertex -0.193 2.36356832235e-17 0.223825
  endloop
 endfacet
 facet normal -0.980785280403 -0.195090322016 0
  outer loop
   vertex -0.191348858245 -0.0251915550985 0.2030375
   vertex -0.186423684474 -0.0499520757048 0.2030375
   vertex -0.186423684474 -0.0499520757048 0.223825
  endloop
 endfacet
 facet normal -0.980785280403 -0.195090322016 0
  outer loop
   vertex -0.191348858245 -0.0251915550985 0.2030375
   vertex -0.186423684474 -0.0499520757048 0.223825
   vertex -0.191348858245 -0.0251915550985 0.223825
  endloop
 endfacet
 facet normal -0.946930129495 -0.321439465303 0
  outer loop
   vertex -0.186423684474 -0.0499520757048 0.2030375
   vertex -0.178308749775 -0.0738579024465 0.2030375
   vertex -0.178308749775 -0.0738579024465 0.223825
  endloop
 endfacet
 facet normal -0.946930129495 -0.321439465303 0
  outer loop
   vertex -0.186423684474 -0.0499520757048 0.2030375
   vertex -0.178308749775 -0.0738579024465 0.223825
   vertex -0.186423684474 -0.0499520757048 0.223825
  endloop
 endfacet
 facet normal -0.896872741533 -0.442288690219 0
  outer loop
   vertex -0.178308749775 -0.0738579024465 0.2030375
   vertex -0.16714290293 -0.0965 0.2030375
   vertex -0.16714290293 -0.0965 0.223825
  endloop
 endfacet
 facet normal -0.896872741533 -0.442288690219 0
  outer loop
   vertex -0.178308749775 -0.0738579024465 0.2030375
   vertex -0.16714290293 -0.0965 0.223825
   vertex -0.178308749775 -0.0738579024465 0.223825
  endloop
 endfacet
 facet normal -0.831469612303 -0.55557023302 0
  outer loop
   vertex -0.16714290293 -0.0965 0.2030375
   vertex -0.153117194676 -0.117490955799 0.2030375
   vertex -0.153117194676 -0.117490955799 0.223825
  endloop
 endfacet
 facet normal -0.831469612303 -0.55557023302 0
  outer loop
   vertex -0.16714290293 -0.0965 0.2030375
   vertex -0.153117194676 -0.117490955799 0.223825
   vertex -0.16714290293 -0.0965 0.223825
  endloop
 endfacet
 facet normal -0.751839807479 -0.6593458151 0
  outer loop
   vertex -0.153117194676 -0.117490955799 0.2030375
   vertex -0.136471608769 -0.136471608769 0.2030375
   vertex -0.136471608769 -0.136471608769 0.223825
  endloop
 endfacet
 facet normal -0.751839807479 -0.6593458151 0
  outer loop
   vertex -0.153117194676 -0.117490955799 0.2030375
   vertex -0.136471608769 -0.136471608769 0.223825
   vertex -0.153117194676 -0.117490955799 0.223825
  endloop
 endfacet
 facet normal -0.6593458151 -0.751839807479 0
  outer loop
   vertex -0.136471608769 -0.136471608769 0.2030375
   vertex -0.117490955799 -0.153117194676 0.2030375
   vertex -0.117490955799 -0.153117194676 0.223825
  endloop
 endfacet
 facet normal -0.6593458151 -0.751839807479 0
  outer loop
   vertex -0.136471608769 -0.136471608769 0.2030375
   vertex -0.117490955799 -0.153117194676 0.223825
   vertex -0.136471608769 -0.136471608769 0.223825
  endloop
 endfacet
 facet normal -0.55557023302 -0.831469612303 0
  outer loop
   vertex -0.117490955799 -0.153117194676 0.2030375
   vertex -0.0965 -0.16714290293 0.2030375
   vertex -0.0965 -0.16714290293 0.223825
  endloop
 endfacet
 facet normal -0.55557023302 -0.831469612303 0
  outer loop
   vertex -0.117490955799 -0.153117194676 0.2030375
   vertex -0.0965 -0.16714290293 0.223825
   vertex -0.117490955799 -0.153117194676 0.223825
  endloop
 endfacet
 facet normal -0.442288690219 -0.896872741533 0
  outer loop
   vertex -0.0965 -0.16714290293 0.2030375
   vertex -0.0738579024465 -0.178308749775 0.2030375
   vertex -0.0738579024465 -0.178308749775 0.223825
  endloop
 endfacet
 facet normal -0.442288690219 -0.896872741533 0
  outer loop
   vertex -0.0965 -0.16714290293 0.2030375
   vertex -0.0738579024465 -0.178308749775 0.223825
   vertex -0.0965 -0.16714290293 0.223825
  endloop
 endfacet
 facet normal -0.321439465303 -0.946930129495 0
  outer loop
   vertex -0.0738579024465 -0.178308749775 0.2030375
   vertex -0.0499520757048 -0.186423684474 0.2030375
   vertex -0.0499520757048 -0.186423684474 0.223825
  endloop
 endfacet
 facet normal -0.321439465303 -0.946930129495 0
  outer loop
   vertex -0.0738579024465 -0.178308749775 0.2030375
   vertex -0.0499520757048 -0.186423684474 0.223825
   vertex -0.0738579024465 -0.178308749775 0.223825
  endloop
 endfacet
 facet normal -0.195090322016 -0.980785280403 0
  outer loop
   vertex -0.0499520757048 -0.186423684474 0.2030375
   vertex -0.0251915550985 -0.191348858245 0.2030375
   vertex -0.0251915550985 -0.191348858245 0.223825
  endloop
 endfacet
 facet normal -0.195090322016 -0.980785280403 0
  outer loop
   vertex -0.0499520757048 -0.186423684474 0.2030375
   vertex -0.0251915550985 -0.191348858245 0.223825
   vertex -0.0499520757048 -0.186423684474 0.223825
  endloop
 endfacet
 facet normal -0.0654031292301 -0.997858923239 0
  outer loop
   vertex -0.0251915550985 -0.191348858245 0.2030375
   vertex -3.54535248353e-17 -0.193 0.2030375
   vertex -3.54535248353e-17 -0.193 0.223825
  endloop
 endfacet
 facet normal -0.0654031292301 -0.997858923239 0
  outer loop
   vertex -0.0251915550985 -0.191348858245 0.2030375
   vertex -3.54535248353e-17 -0.193 0.223825
   vertex -0.0251915550985 -0.191348858245 0.223825
  endloop
 endfacet
 facet normal 0.0654031292301 -0.997858923239 0
  outer loop
   vertex -3.54535248353e-17 -0.193 0.2030375
   vertex 0.0251915550985 -0.191348858245 0.2030375
   vertex 0.0251915550985 -0.191348858245 0.223825
  endloop
 endfacet
 facet normal 0.0654031292301 -0.997858923239 0
  outer loop
   vertex -3.54535248353e-17 -0.193 0.2030375
   vertex 0.0251915550985 -0.191348858245 0.223825
   vertex -3.54535248353e-17 -0.193 0.223825
  endloop
 endfacet
 facet normal 0.195090322016 -0.980785280403 0
  outer loop
   vertex 0.0251915550985 -0.191348858245 0.2030375
   vertex 0.0499520757048 -0.186423684474 0.2030375
   vertex 0.0499520757048 -0.186423684474 0.223825
  endloop
 endfacet
 facet normal 0.195090322016 -0.980785280403 0
  outer loop
   vertex 0.0251915550985 -0.191348858245 0.2030375
   vertex 0.0499520757048 -0.186423684474 0.223825
   vertex 0.0251915550985 -0.191348858245 0.223825
  endloop
 endfacet
 facet normal 0.321439465303 -0.946930129495 0
  outer loop
   vertex 0.0499520757048 -0.186423684474 0.2030375
   vertex 0.0738579024465 -0.178308749775 0.2030375
   vertex 0.0738579024465 -0.178308749775 0.223825
  endloop
 endfacet
 facet normal 0.321439465303 -0.946930129495 0
  outer loop
   vertex 0.0499520757048 -0.186423684474 0.2030375
   vertex 0.0738579024465 -0.178308749775 0.223825
   vertex 0.0499520757048 -0.186423684474 0.223825
  endloop
 endfacet
 facet normal 0.442288690219 -0.896872741533 0
  outer loop
   vertex 0.0738579024465 -0.178308749775 0.2030375
   vertex 0.0965 -0.16714290293 0.2030375
   vertex 0.0965 -0.16714290293 0.223825
  endloop
 endfacet
 facet normal 0.442288690219 -0.896872741533 0
  outer loop
   vertex 0.0738579024465 -0.178308749775 0.2030375
   vertex 0.0965 -0.16714290293 0.223825
   vertex 0.0738579024465 -0.178308749775 0.223825
  endloop
 endfacet
 facet normal 0.55557023302 -0.831469612303 0
  outer loop
   vertex 0.0965 -0.16714290293 0.2030375
   vertex 0.117490955799 -0.153117194676 0.2030375
   vertex 0.117490955799 -0.153117194676 0.223825
  endloop
 endfacet
 facet normal 0.55557023302 -0.831469612303 0
  outer loop
   vertex 0.0965 -0.16714290293 0.2030375
   vertex 0.117490955799 -0.153117194676 0.223825
   vertex 0.0965 -0.16714290293 0.223825
  endloop
 endfacet
 facet normal 0.6593458151 -0.751839807479 0
  outer loop
   vertex 0.117490955799 -0.153117194676 0.2030375
   vertex 0.136471608769 -0.136471608769 0.2030375
   vertex 0.136471608769 -0.136471608769 0.223825
  endloop
 endfacet
 facet normal 0.6593458151 -0.751839807479 0
  outer loop
   vertex 0.117490955799 -0.153117194676 0.2030375
   vertex 0.136471608769 -0.136471608769 0.223825
   vertex 0.117490955799 -0.153117194676 0.223825
  endloop
 endfacet
 facet normal 0.751839807479 -0.6593458151 0
  outer loop
   vertex 0.136471608769 -0.136471608769 0.2030375
   vertex 0.153117194676 -0.117490955799 0.2030375
   vertex 0.153117194676 -0.117490955799 0.223825
  endloop
 endfacet
 facet normal 0.751839807479 -0.6593458151 0
  outer loop
   vertex 0.136471608769 -0.136471608769 0.2030375
   vertex 0.153117194676 -0.117490955799 0.223825
   vertex 0.136471608769 -0.136471608769 0.223825
  endloop
 endfacet
 facet normal 0.831469612303 -0.55557023302 0
  outer loop
   vertex 0.153117194676 -0.117490955799 0.2030375
   vertex 0.16714290293 -0.0965 0.2030375
   vertex 0.16714290293 -0.0965 0.223825
  endloop
 endfacet
 facet normal 0.831469612303 -0.55557023302 0
  outer loop
   vertex 0.153117194676 -0.117490955799 0.2030375
   vertex 0.16714290293 -0.0965 0.223825
   vertex 0.153117194676 -0.117490955799 0.223825
  endloop
 endfacet
 facet normal 0.896872741533 -0.442288690219 0
  outer loop
   vertex 0.16714290293 -0.0965 0.2030375
   vertex 0.178308749775 -0.0738579024465 0.2030375
   vertex 0.178308749775 -0.0738579024465 0.223825
  endloop
 endfacet
 facet normal 0.896872741533 -0.442288690219 0
  outer loop
   vertex 0.16714290293 -0.0965 0.2030375
   vertex 0.178308749775 -0.0738579024465 0.223825
   vertex 0.16714290293 -0.0965 0.223825
  endloop
 endfacet
 facet normal 0.946930129495 -0.321439465303 0
  outer loop
   vertex 0.178308749775 -0.0738579024465 0.2030375
   vertex 0.186423684474 -0.0499520757048 0.2030375
   vertex 0.186423684474 -0.0499520757048 0.223825
  endloop
 endfacet
 facet normal 0.946930129495 -0.321439465303 0
  outer loop
   vertex 0.178308749775 -0.0738579024465 0.2030375
   vertex 0.186423684474 -0.0499520757048 0.223825
   vertex 0.178308749775 -0.0738579024465 0.223825
  endloop
 endfacet
 facet normal 0.980785280403 -0.195090322016 0
  outer loop
   vertex 0.186423684474 -0.0499520757048 0.2030375
   vertex 0.191348858245 -0.0251915550985 0.2030375
   vertex 0.191348858245 -0.0251915550985 0.223825
  endloop
 endfacet
 facet normal 0.980785280403 -0.195090322016 0
  outer loop
   vertex 0.186423684474 -0.0499520757048 0.2030375
   vertex 0.191348858245 -0.0251915550985 0.223825
   vertex 0.186423684474 -0.0499520757048 0.223825
  endloop
 endfacet
 facet normal 0.997858923239 -0.0654031292301 0
  outer loop
   vertex 0.191348858245 -0.0251915550985 0.2030375
   vertex 0.193 0 0.2030375
   vertex 0.193 0 0.223825
  endloop
 endfacet
 facet normal 0.997858923239 -0.0654031292301 0
  outer loop
   vertex 0.191348858245 -0.0251915550985 0.2030375
   vertex 0.193 0 0.223825
   vertex 0.191348858245 -0.0251915550985 0.223825
  endloop
 endfacet
 facet normal 0.997858923239 0.0654031292301 0
  outer loop
   vertex 0.193 0 0.223825
   vertex 0.191348858245 0.0251915550985 0.223825
   vertex 0.191348858245 0.0251915550985 0.2446125
  endloop
 endfacet
 facet normal 0.997858923239 0.0654031292301 -0
  outer loop
   vertex 0.193 0 0.223825
   vertex 0.191348858245 0.0251915550985 0.2446125
   vertex 0.193 0 0.2446125
  endloop
 endfacet
 facet normal 0.980785280403 0.195090322016 0
  outer loop
   vertex 0.191348858245 0.0251915550985 0.223825
   vertex 0.186423684474 0.0499520757048 0.223825
   vertex 0.186423684474 0.0499520757048 0.2446125
  endloop
 endfacet
 facet normal 0.980785280403 0.195090322016 -0
  outer loop
   vertex 0.191348858245 0.0251915550985 0.223825
   vertex 0.186423684474 0.0499520757048 0.2446125
   vertex 0.191348858245 0.0251915550985 0.2446125
  endloop
 endfacet
 facet normal 0.946930129495 0.321439465303 0
  outer loop
   vertex 0.186423684474 0.0499520757048 0.223825
   vertex 0.178308749775 0.0738579024465 0.223825
   vertex 0.178308749775 0.0738579024465 0.2446125
  endloop
 endfacet
 facet normal 0.946930129495 0.321439465303 -0
  outer loop
   vertex 0.186423684474 0.0499520757048 0.223825
   vertex 0.178308749775 0.0738579024465 0.2446125
   vertex 0.186423684474 0.0499520757048 0.2446125
  endloop
 endfacet
 facet normal 0.896872741533 0.442288690219 0
  outer loop
   vertex 0.178308749775 0.0738579024465 0.223825
   vertex 0.16714290293 0.0965 0.223825
   vertex 0.16714290293 0.0965 0.2446125
  endloop
 endfacet
 facet normal 0.896872741533 0.442288690219 -0
  outer loop
   vertex 0.178308749775 0.0738579024465 0.223825
   vertex 0.16714290293 0.0965 0.2446125
   vertex 0.178308749775 0.0738579024465 0.2446125
  endloop
 endfacet
 facet normal 0.831469612303 0.55557023302 0
  outer loop
   vertex 0.16714290293 0.0965 0.223825
   vertex 0.153117194676 0.117490955799 0.223825
   vertex 0.153117194676 0.117490955799 0.2446125
  endloop
 endfacet
 facet normal 0.831469612303 0.55557023302 -0
  outer loop
   vertex 0.16714290293 0.0965 0.223825
   vertex 0.153117194676 0.117490955799 0.2446125
   vertex 0.16714290293 0.0965 0.2446125
  endloop
 endfacet
 facet normal 0.751839807479 0.6593458151 0
  outer loop
   vertex 0.153117194676 0.117490955799 0.223825
   vertex 0.136471608769 0.136471608769 0.223825
   vertex 0.136471608769 0.136471608769 0.2446125
  endloop
 endfacet
 facet normal 0.751839807479 0.6593458151 -0
  outer loop
   vertex 0.153117194676 0.117490955799 0.223825
   vertex 0.136471608769 0.136471608769 0.2446125
   vertex 0.153117194676 0.117490955799 0.2446125
  endloop
 endfacet
 facet normal 0.6593458151 0.751839807479 0
  outer loop
   vertex 0.136471608769 0.136471608769 0.223825
   vertex 0.117490955799 0.153117194676 0.223825
   vertex 0.117490955799 0.153117194676 0.2446125
  endloop
 endfacet
 facet normal 0.6593458151 0.751839807479 -0
  outer loop
   vertex 0.136471608769 0.136471608769 0.223825
   vertex 0.117490955799 0.153117194676 0.2446125
   vertex 0.136471608769 0.136471608769 0.2446125
  endloop
 endfacet
 facet normal 0.55557023302 0.831469612303 0
  outer loop
   vertex 0.117490955799 0.153117194676 0.223825
   vertex 0.0965 0.16714290293 0.223825
   vertex 0.0965 0.16714290293 0.2446125
  endloop
 endfacet
 facet normal 0.55557023302 0.831469612303 -0
  outer loop
   vertex 0.117490955799 0.153117194676 0.223825
   vertex 0.0965 0.16714290293 0.2446125
   vertex 0.117490955799 0.153117194676 0.2446125
  endloop
 endfacet
 facet normal 0.442288690219 0.896872741533 0
  outer loop
   vertex 0.0965 0.16714290293 0.223825
   vertex 0.0738579024465 0.178308749775 0.223825
   vertex 0.0738579024465 0.178308749775 0.2446125
  endloop
 endfacet
 facet normal 0.442288690219 0.896872741533 -0
  outer loop
   vertex 0.0965 0.16714290293 0.223825
   vertex 0.0738579024465 0.178308749775 0.2446125
   vertex 0.0965 0.16714290293 0.2446125
  endloop
 endfacet
 facet normal 0.321439465303 0.946930129495 0
  outer loop
   vertex 0.0738579024465 0.178308749775 0.223825
   vertex 0.0499520757048 0.186423684474 0.223825
   vertex 0.0499520757048 0.186423684474 0.2446125
  endloop
 endfacet
 facet normal 0.321439465303 0.946930129495 -0
  outer loop
   vertex 0.0738579024465 0.178308749775 0.223825
   vertex 0.0499520757048 0.186423684474 0.2446125
   vertex 0.0738579024465 0.178308749775 0.2446125
  endloop
 endfacet
 facet normal 0.195090322016 0.980785280403 0
  outer loop
   vertex 0.0499520757048 0.186423684474 0.223825
   vertex 0.0251915550985 0.191348858245 0.223825
   vertex 0.0251915550985 0.191348858245 0.2446125
  endloop
 endfacet
 facet normal 0.195090322016 0.980785280403 -0
  outer loop
   vertex 0.0499520757048 0.186423684474 0.223825
   vertex 0.0251915550985 0.191348858245 0.2446125
   vertex 0.0499520757048 0.186423684474 0.2446125
  endloop
 endfacet
 facet normal 0.0654031292301 0.997858923239 0
  outer loop
   vertex 0.0251915550985 0.191348858245 0.223825
   vertex 1.18178416118e-17 0.193 0.223825
   vertex 1.18178416118e-17 0.193 0.2446125
  endloop
 endfacet
 facet normal 0.0654031292301 0.997858923239 -0
  outer loop
   vertex 0.0251915550985 0.191348858245 0.223825
   vertex 1.18178416118e-17 0.193 0.2446125
   vertex 0.0251915550985 0.191348858245 0.2446125
  endloop
 endfacet
 facet normal -0.0654031292301 0.997858923239 0
  outer loop
   vertex 1.18178416118e-17 0.193 0.223825
   vertex -0.0251915550985 0.191348858245 0.223825
   vertex -0.0251915550985 0.191348858245 0.2446125
  endloop
 endfacet
 facet normal -0.0654031292301 0.997858923239 0
  outer loop
   vertex 1.18178416118e-17 0.193 0.223825
   vertex -0.0251915550985 0.191348858245 0.2446125
   vertex 1.18178416118e-17 0.193 0.2446125
  endloop
 endfacet
 facet normal -0.195090322016 0.980785280403 0
  outer loop
   vertex -0.0251915550985 0.191348858245 0.223825
   vertex -0.0499520757048 0.186423684474 0.223825
   vertex -0.0499520757048 0.186423684474 0.2446125
  endloop
 endfacet
 facet normal -0.195090322016 0.980785280403 0
  outer loop
   vertex -0.0251915550985 0.191348858245 0.223825
   vertex -0.0499520757048 0.186423684474 0.2446125
   vertex -0.0251915550985 0.191348858245 0.2446125
  endloop
 endfacet
 facet normal -0.321439465303 0.946930129495 0
  outer loop
   vertex -0.0499520757048 0.186423684474 0.223825
   vertex -0.0738579024465 0.178308749775 0.223825
   vertex -0.0738579024465 0.178308749775 0.2446125
  endloop
 endfacet
 facet normal -0.321439465303 0.946930129495 0
  outer loop
   vertex -0.0499520757048 0.186423684474 0.223825
   vertex -0.0738579024465 0.178308749775 0.2446125
   vertex -0.0499520757048 0.186423684474 0.2446125
  endloop
 endfacet
 facet normal -0.442288690219 0.896872741533 0
  outer loop
   vertex -0.0738579024465 0.178308749775 0.223825
   vertex -0.0965 0.16714290293 0.223825
   vertex -0.0965 0.16714290293 0.2446125
  endloop
 endfacet
 facet normal -0.442288690219 0.896872741533 0
  outer loop
   vertex -0.0738579024465 0.178308749775 0.223825
   vertex -0.0965 0.16714290293 0.2446125
   vertex -0.0738579024465 0.178308749775 0.2446125
  endloop
 endfacet
 facet normal -0.55557023302 0.831469612303 0
  outer loop
   vertex -0.0965 0.16714290293 0.223825
   vertex -0.117490955799 0.153117194676 0.223825
   vertex -0.117490955799 0.153117194676 0.2446125
  endloop
 endfacet
 facet normal -0.55557023302 0.831469612303 0
  outer loop
   vertex -0.0965 0.16714290293 0.223825
   vertex -0.117490955799 0.153117194676 0.2446125
   vertex -0.0965 0.16714290293 0.2446125
  endloop
 endfacet
 facet normal -0.6593458151 0.751839807479 0
  outer loop
   vertex -0.117490955799 0.153117194676 0.223825
   vertex -0.136471608769 0.136471608769 0.223825
   vertex -0.136471608769 0.136471608769 0.2446125
  endloop
 endfacet
 facet normal -0.6593458151 0.751839807479 0
  outer loop
   vertex -0.117490955799 0.153117194676 0.223825
   vertex -0.136471608769 0.136471608769 0.2446125
   vertex -0.117490955799 0.153117194676 0.2446125
  endloop
 endfacet
 facet normal -0.751839807479 0.6593458151 0
  outer loop
   vertex -0.136471608769 0.136471608769 0.223825
   vertex -0.153117194676 0.117490955799 0.223825
   vertex -0.153117194676 0.117490955799 0.2446125
  endloop
 endfacet
 facet normal -0.751839807479 0.6593458151 0
  outer loop
   vertex -0.136471608769 0.136471608769 0.223825
   vertex -0.153117194676 0.117490955799 0.2446125
   vertex -0.136471608769 0.136471608769 0.2446125
  endloop
 endfacet
 facet normal -0.831469612303 0.55557023302 0
  outer loop
   vertex -0.153117194676 0.117490955799 0.223825
   vertex -0.16714290293 0.0965 0.223825
   vertex -0.16714290293 0.0965 0.2446125
  endloop
 endfacet
 facet normal -0.831469612303 0.55557023302 0
  outer loop
   vertex -0.153117194676 0.117490955799 0.223825
   vertex -0.16714290293 0.0965 0.2446125
   vertex -0.153117194676 0.117490955799 0.2446125
  endloop
 endfacet
 facet normal -0.896872741533 0.442288690219 0
  outer loop
   vertex -0.16714290293 0.0965 0.223825
   vertex -0.178308749775 0.0738579024465 0.223825
   vertex -0.178308749775 0.0738579024465 0.2446125
  endloop
 endfacet
 facet normal -0.896872741533 0.442288690219 0
  outer loop
   vertex -0.16714290293 0.0965 0.223825
   vertex -0.178308749775 0.0738579024465 0.2446125
   vertex -0.16714290293 0.0965 0.2446125
  endloop
 endfacet
 facet normal -0.946930129495 0.321439465303 0
  outer loop
   vertex -0.178308749775 0.0738579024465 0.223825
   vertex -0.186423684474 0.0499520757048 0.223825
   vertex -0.186423684474 0.0499520757048 0.2446125
  endloop
 endfacet
 facet normal -0.946930129495 0.321439465303 0
  outer loop
   vertex -0.178308749775 0.0738579024465 0.223825
   vertex -0.186423684474 0.0499520757048 0.2446125
   vertex -0.178308749775 0.0738579024465 0.2446125
  endloop
 endfacet
 facet normal -0.980785280403 0.195090322016 0
  outer loop
   vertex -0.186423684474 0.0499520757048 0.223825
   vertex -0.191348858245 0.0251915550985 0.223825
   vertex -0.191348858245 0.0251915550985 0.2446125
  endloop
 endfacet
 facet normal -0.980785280403 0.195090322016 0
  outer loop
   vertex -0.186423684474 0.0499520757048 0.223825
   vertex -0.191348858245 0.0251915550985 0.2446125
   vertex -0.186423684474 0.0499520757048 0.2446125
  endloop
 endfacet
 facet normal -0.997858923239 0.0654031292301 0
  outer loop
   vertex -0.191348858245 0.0251915550985 0.223825
   vertex -0.193 2.36356832235e-17 0.223825
   vertex -0.193 2.36356832235e-17 0.2446125
  endloop
 endfacet
 facet normal -0.997858923239 0.0654031292301 0
  outer loop
   vertex -0.191348858245 0.0251915550985 0.223825
   vertex -0.193 2.36356832235e-17 0.2446125
   vertex -0.191348858245 0.0251915550985 0.2446125
  endloop
 endfacet
 facet normal -0.997858923239 -0.0654031292301 0
  outer loop
   vertex -0.193 2.36356832235e-17 0.223825
   vertex -0.191348858245 -0.0251915550985 0.223825
   vertex -0.191348858245 -0.0251915550985 0.2446125
  endloop
 endfacet
 facet normal -0.997858923239 -0.0654031292301 0
  outer loop
   vertex -0.193 2.36356832235e-17 0.223825
   vertex -0.191348858245 -0.0251915550985 0.2446125
   vertex -0.193 2.36356832235e-17 0.2446125
  endloop
 endfacet
 facet normal -0.980785280403 -0.195090322016 0
  outer loop
   vertex -0.191348858245 -0.0251915550985 0.223825
   vertex -0.186423684474 -0.0499520757048 0.223825
   vertex -0.186423684474 -0.0499520757048 0.2446125
  endloop
 endfacet
 facet normal -0.980785280403 -0.195090322016 0
  outer loop
   vertex -0.191348858245 -0.0251915550985 0.223825
   vertex -0.186423684474 -0.0499520757048 0.2446125
   vertex -0.191348858245 -0.0251915550985 0.2446125
  endloop
 endfacet
 facet normal -0.946930129495 -0.321439465303 0
  outer loop
   vertex -0.186423684474 -0.0499520757048 0.223825
   vertex -0.178308749775 -0.0738579024465 0.223825
   vertex -0.178308749775 -0.0738579024465 0.2446125
  endloop
 endfacet
 facet normal -0.946930129495 -0.321439465303 0
  outer loop
   vertex -0.186423684474 -0.0499520757048 0.223825
   vertex -0.178308749775 -0.0738579024465 0.2446125
   vertex -0.186423684474 -0.0499520757048 0.2446125
  endloop
 endfacet
 facet normal -0.896872741533 -0.442288690219 0
  outer loop
   vertex -0.178308749775 -0.0738579024465 0.223825
   vertex -0.16714290293 -0.0965 0.223825
   vertex -0.16714290293 -0.0965 0.2446125
  endloop
 endfacet
 facet normal -0.896872741533 -0.442288690219 0
  outer loop
   vertex -0.178308749775 -0.0738579024465 0.223825
   vertex -0.16714290293 -0.0965 0.2446125
   vertex -0.178308749775 -0.0738579024465 0.2446125
  endloop
 endfacet
 facet normal -0.831469612303 -0.55557023302 0
  outer loop
   vertex -0.16714290293 -0.0965 0.223825
   vertex -0.153117194676 -0.117490955799 0.223825
   vertex -0.153117194676 -0.117490955799 0.2446125
  endloop
 endfacet
 facet normal -0.831469612303 -0.55557023302 0
  outer loop
   vertex -0.16714290293 -0.0965 0.223825
   vertex -0.153117194676 -0.117490955799 0.2446125
   vertex -0.16714290293 -0.0965 0.2446125
  endloop
 endfacet
 facet normal -0.751839807479 -0.6593458151 0
  outer loop
   vertex -0.153117194676 -0.117490955799 0.223825
   vertex -0.136471608769 -0.136471608769 0.223825
   vertex -0.136471608769 -0.136471608769 0.2446125
  endloop
 endfacet
 facet normal -0.751839807479 -0.6593458151 0
  outer loop
   vertex -0.153117194676 -0.117490955799 0.223825
   vertex -0.136471608769 -0.136471608769 0.2446125
   vertex -0.153117194676 -0.117490955799 0.2446125
  endloop
 endfacet
 facet normal -0.6593458151 -0.751839807479 0
  outer loop
   vertex -0.136471608769 -0.136471608769 0.223825
   vertex -0.117490955799 -0.153117194676 0.223825
   vertex -0.117490955799 -0.153117194676 0.2446125
  endloop
 endfacet
 facet normal -0.6593458151 -0.751839807479 0
  outer loop
   vertex -0.136471608769 -0.136471608769 0.223825
   vertex -0.117490955799 -0.153117194676 0.2446125
   vertex -0.136471608769 -0.136471608769 0.2446125
  endloop
 endfacet
 facet normal -0.55557023302 -0.831469612303 0
  outer loop
   vertex -0.117490955799 -0.153117194676 0.223825
   vertex -0.0965 -0.16714290293 0.223825
   vertex -0.0965 -0.16714290293 0.2446125
  endloop
 endfacet
 facet normal -0.55557023302 -0.831469612303 0
  outer loop
   vertex -0.117490955799 -0.153117194676 0.223825
   vertex -0.0965 -0.16714290293 0.2446125
   vertex -0.117490955799 -0.153117194676 0.2446125
  endloop
 endfacet
 facet normal -0.442288690219 -0.896872741533 0
  outer loop
   vertex -0.0965 -0.16714290293 0.223825
   vertex -0.0738579024465 -0.178308749775 0.223825
   vertex -0.0738579024465 -0.178308749775 0.2446125
  endloop
 endfacet
 facet normal -0.442288690219 -0.896872741533 0
  outer loop
   vertex -0.0965 -0.16714290293 0.223825
   vertex -0.0738579024465 -0.178308749775 0.2446125
   vertex -0.0965 -0.16714290293 0.2446125
  endloop
 endfacet
 facet normal -0.321439465303 -0.946930129495 0
  outer loop
   vertex -0.0738579024465 -0.178308749775 0.223825
   vertex -0.0499520757048 -0.186423684474 0.223825
   vertex -0.0499520757048 -0.186423684474 0.2446125
  endloop
 endfacet
 facet normal -0.321439465303 -0.946930129495 0
  outer loop
   vertex -0.0738579024465 -0.178308749775 0.223825
   vertex -0.0499520757048 -0.186423684474 0.2446125
   vertex -0.0738579024465 -0.178308749775 0.2446125
  endloop
 endfacet
 facet normal -0.195090322016 -0.980785280403 0
  outer loop
   vertex -0.0499520757048 -0.186423684474 0.223825
   vertex -0.0251915550985 -0.191348858245 0.223825
   vertex -0.0251915550985 -0.191348858245 0.2446125
  endloop
 endfacet
 facet normal -0.195090322016 -0.980785280403 0
  outer loop
   vertex -0.0499520757048 -0.186423684474 0.223825
   vertex -0.0251915550985 -0.191348858245 0.2446125
   vertex -0.0499520757048 -0.186423684474 0.2446125
  endloop
 endfacet
 facet normal -0.0654031292301 -0.997858923239 0
  outer loop
   vertex -0.0251915550985 -0.191348858245 0.223825
   vertex -3.54535248353e-17 -0.193 0.223825
   vertex -3.54535248353e-17 -0.193 0.2446125
  endloop
 endfacet
 facet normal -0.0654031292301 -0.997858923239 0
  outer loop
   vertex -0.0251915550985 -0.191348858245 0.223825
   vertex -3.54535248353e-17 -0.193 0.2446125
   vertex -0.0251915550985 -0.191348858245 0.2446125
  endloop
 endfacet
 facet normal 0.0654031292301 -0.997858923239 0
  outer loop
   vertex -3.54535248353e-17 -0.193 0.223825
   vertex 0.0251915550985 -0.191348858245 0.223825
   vertex 0.0251915550985 -0.191348858245 0.2446125
  endloop
 endfacet
 facet normal 0.0654031292301 -0.997858923239 0
  outer loop
   vertex -3.54535248353e-17 -0.193 0.223825
   vertex 0.0251915550985 -0.191348858245 0.2446125
   vertex -3.54535248353e-17 -0.193 0.2446125
  endloop
 endfacet
 facet normal 0.195090322016 -0.980785280403 0
  outer loop
   vertex 0.0251915550985 -0.191348858245 0.223825
   vertex 0.0499520757048 -0.186423684474 0.223825
   vertex 0.0499520757048 -0.186423684474 0.2446125
  endloop
 endfacet
 facet normal 0.195090322016 -0.980785280403 0
  outer loop
   vertex 0.0251915550985 -0.191348858245 0.223825
   vertex 0.0499520757048 -0.186423684474 0.2446125
   vertex 0.0251915550985 -0.191348858245 0.2446125
  endloop
 endfacet
 facet normal 0.321439465303 -0.946930129495 0
  outer loop
   vertex 0.0499520757048 -0.186423684474 0.223825
   vertex 0.0738579024465 -0.178308749775 0.223825
   vertex 0.0738579024465 -0.178308749775 0.2446125
  endloop
 endfacet
 facet normal 0.321439465303 -0.946930129495 0
  outer loop
   vertex 0.0499520757048 -0.186423684474 0.223825
   vertex 0.0738579024465 -0.178308749775 0.2446125
   vertex 0.0499520757048 -0.186423684474 0.2446125
  endloop
 endfacet
 facet normal 0.442288690219 -0.896872741533 0
  outer loop
   vertex 0.0738579024465 -0.178308749775 0.223825
   vertex 0.0965 -0.16714290293 0.223825
   vertex 0.0965 -0.16714290293 0.2446125
  endloop
 endfacet
 facet normal 0.442288690219 -0.896872741533 0
  outer loop
   vertex 0.0738579024465 -0.178308749775 0.223825
   vertex 0.0965 -0.16714290293 0.2446125
   vertex 0.0738579024465 -0.178308749775 0.2446125
  endloop
 endfacet
 facet normal 0.55557023302 -0.831469612303 0
  outer loop
   vertex 0.0965 -0.16714290293 0.223825
   vertex 0.117490955799 -0.153117194676 0.223825
   vertex 0.117490955799 -0.153117194676 0.2446125
  endloop
 endfacet
 facet normal 0.55557023302 -0.831469612303 0
  outer loop
   vertex 0.0965 -0.16714290293 0.223825
   vertex 0.117490955799 -0.153117194676 0.2446125
   vertex 0.0965 -0.16714290293 0.2446125
  endloop
 endfacet
 facet normal 0.6593458151 -0.751839807479 0
  outer loop
   vertex 0.117490955799 -0.153117194676 0.223825
   vertex 0.136471608769 -0.136471608769 0.223825
   vertex 0.136471608769 -0.136471608769 0.2446125
  endloop
 endfacet
 facet normal 0.6593458151 -0.751839807479 0
  outer loop
   vertex 0.117490955799 -0.153117194676 0.223825
   vertex 0.136471608769 -0.136471608769 0.2446125
   vertex 0.117490955799 -0.153117194676 0.2446125
  endloop
 endfacet
 facet normal 0.751839807479 -0.6593458151 0
  outer loop
   vertex 0.136471608769 -0.136471608769 0.223825
   vertex 0.153117194676 -0.117490955799 0.223825
   vertex 0.153117194676 -0.117490955799 0.2446125
  endloop
 endfacet
 facet normal 0.751839807479 -0.6593458151 0
  outer loop
   vertex 0.136471608769 -0.136471608769 0.223825
   vertex 0.153117194676 -0.117490955799 0.2446125
   vertex 0.136471608769 -0.136471608769 0.2446125
  endloop
 endfacet
 facet normal 0.831469612303 -0.55557023302 0
  outer loop
   vertex 0.153117194676 -0.117490955799 0.223825
   vertex 0.16714290293 -0.0965 0.223825
   vertex 0.16714290293 -0.0965 0.2446125
  endloop
 endfacet
 facet normal 0.831469612303 -0.55557023302 0
  outer loop
   vertex 0.153117194676 -0.117490955799 0.223825
   vertex 0.16714290293 -0.0965 0.2446125
   vertex 0.153117194676 -0.117490955799 0.2446125
  endloop
 endfacet
 facet normal 0.896872741533 -0.442288690219 0
  outer loop
   vertex 0.16714290293 -0.0965 0.223825
   vertex 0.178308749775 -0.0738579024465 0.223825
   vertex 0.178308749775 -0.0738579024465 0.2446125
  endloop
 endfacet
 facet normal 0.896872741533 -0.442288690219 0
  outer loop
   vertex 0.16714290293 -0.0965 0.223825
   vertex 0.178308749775 -0.0738579024465 0.2446125
   vertex 0.16714290293 -0.0965 0.2446125
  endloop
 endfacet
 facet normal 0.946930129495 -0.321439465303 0
  outer loop
   vertex 0.178308749775 -0.0738579024465 0.223825
   vertex 0.186423684474 -0.0499520757048 0.223825
   vertex 0.186423684474 -0.0499520757048 0.2446125
  endloop
 endfacet
 facet normal 0.946930129495 -0.321439465303 0
  outer loop
   vertex 0.178308749775 -0.0738579024465 0.223825
   vertex 0.186423684474 -0.0499520757048 0.2446125
   vertex 0.178308749775 -0.0738579024465 0.2446125
  endloop
 endfacet
 facet normal 0.980785280403 -0.195090322016 0
  outer loop
   vertex 0.186423684474 -0.0499520757048 0.223825
   vertex 0.191348858245 -0.0251915550985 0.223825
   vertex 0.191348858245 -0.0251915550985 0.2446125
  endloop
 endfacet
 facet normal 0.980785280403 -0.195090322016 0
  outer loop
   vertex 0.186423684474 -0.0499520757048 0.223825
   vertex 0.191348858245 -0.0251915550985 0.2446125
   vertex 0.186423684474 -0.0499520757048 0.2446125
  endloop
 endfacet
 facet normal 0.997858923239 -0.0654031292301 0
  outer loop
   vertex 0.191348858245 -0.0251915550985 0.223825
   vertex 0.193 0 0.223825
   vertex 0.193 0 0.2446125
  endloop
 endfacet
 facet normal 0.997858923239 -0.0654031292301 0
  outer loop
   vertex 0.191348858245 -0.0251915550985 0.223825
   vertex 0.193 0 0.2446125
   vertex 0.191348858245 -0.0251915550985 0.2446125
  endloop
 endfacet
 facet normal 0.997858923239 0.0654031292301 0
  outer loop
   vertex 0.193 0 0.2446125
   vertex 0.191348858245 0.0251915550985 0.2446125
   vertex 0.191348858245 0.0251915550985 0.2654
  endloop
 endfacet
 facet normal 0.997858923239 0.0654031292301 -0
  outer loop
   vertex 0.193 0 0.2446125
   vertex 0.191348858245 0.0251915550985 0.2654
   vertex 0.193 0 0.2654
  endloop
 endfacet
 facet normal 0.980785280403 0.195090322016 0
  outer loop
   vertex 0.191348858245 0.0251915550985 0.2446125
   vertex 0.186423684474 0.0499520757048 0.2446125
   vertex 0.186423684474 0.0499520757048 0.2654
  endloop
 endfacet
 facet normal 0.980785280403 0.195090322016 -0
  outer loop
   vertex 0.191348858245 0.0251915550985 0.2446125
   vertex 0.186423684474 0.0499520757048 0.2654
   vertex 0.191348858245 0.0251915550985 0.2654
  endloop
 endfacet
 facet normal 0.946930129495 0.321439465303 0
  outer loop
   vertex 0.186423684474 0.0499520757048 0.2446125
   vertex 0.178308749775 0.0738579024465 0.2446125
   vertex 0.178308749775 0.0738579024465 0.2654
  endloop
 endfacet
 facet normal 0.946930129495 0.321439465303 -0
  outer loop
   vertex 0.186423684474 0.0499520757048 0.2446125
   vertex 0.178308749775 0.0738579024465 0.2654
   vertex 0.186423684474 0.0499520757048 0.2654
  endloop
 endfacet
 facet normal 0.896872741533 0.442288690219 0
  outer loop
   vertex 0.178308749775 0.0738579024465 0.2446125
   vertex 0.16714290293 0.0965 0.2446125
   vertex 0.16714290293 0.0965 0.2654
  endloop
 endfacet
 facet normal 0.896872741533 0.442288690219 -0
  outer loop
   vertex 0.178308749775 0.0738579024465 0.2446125
   vertex 0.16714290293 0.0965 0.2654
   vertex 0.178308749775 0.0738579024465 0.2654
  endloop
 endfacet
 facet normal 0.831469612303 0.55557023302 0
  outer loop
   vertex 0.16714290293 0.0965 0.2446125
   vertex 0.153117194676 0.117490955799 0.2446125
   vertex 0.153117194676 0.117490955799 0.2654
  endloop
 endfacet
 facet normal 0.831469612303 0.55557023302 -0
  outer loop
   vertex 0.16714290293 0.0965 0.2446125
   vertex 0.153117194676 0.117490955799 0.2654
   vertex 0.16714290293 0.0965 0.2654
  endloop
 endfacet
 facet normal 0.751839807479 0.6593458151 0
  outer loop
   vertex 0.153117194676 0.117490955799 0.2446125
   vertex 0.136471608769 0.136471608769 0.2446125
   vertex 0.136471608769 0.136471608769 0.2654
  endloop
 endfacet
 facet normal 0.751839807479 0.6593458151 -0
  outer loop
   vertex 0.153117194676 0.117490955799 0.2446125
   vertex 0.136471608769 0.136471608769 0.2654
   vertex 0.153117194676 0.117490955799 0.2654
  endloop
 endfacet
 facet normal 0.6593458151 0.751839807479 0
  outer loop
   vertex 0.136471608769 0.136471608769 0.2446125
   vertex 0.117490955799 0.153117194676 0.2446125
   vertex 0.117490955799 0.153117194676 0.2654
  endloop
 endfacet
 facet normal 0.6593458151 0.751839807479 -0
  outer loop
   vertex 0.136471608769 0.136471608769 0.2446125
   vertex 0.117490955799 0.153117194676 0.2654
   vertex 0.136471608769 0.136471608769 0.2654
  endloop
 endfacet
 facet normal 0.55557023302 0.831469612303 0
  outer loop
   vertex 0.117490955799 0.153117194676 0.2446125
   vertex 0.0965 0.16714290293 0.2446125
   vertex 0.0965 0.16714290293 0.2654
  endloop
 endfacet
 facet normal 0.55557023302 0.831469612303 -0
  outer loop
   vertex 0.117490955799 0.153117194676 0.2446125
   vertex 0.0965 0.16714290293 0.2654
   vertex 0.117490955799 0.153117194676 0.2654
  endloop
 endfacet
 facet normal 0.442288690219 0.896872741533 0
  outer loop
   vertex 0.0965 0.16714290293 0.2446125
   vertex 0.0738579024465 0.178308749775 0.2446125
   vertex 0.0738579024465 0.178308749775 0.2654
  endloop
 endfacet
 facet normal 0.442288690219 0.896872741533 -0
  outer loop
   vertex 0.0965 0.16714290293 0.2446125
   vertex 0.0738579024465 0.178308749775 0.2654
   vertex 0.0965 0.16714290293 0.2654
  endloop
 endfacet
 facet normal 0.321439465303 0.946930129495 0
  outer loop
   vertex 0.0738579024465 0.178308749775 0.2446125
   vertex 0.0499520757048 0.186423684474 0.2446125
   vertex 0.0499520757048 0.186423684474 0.2654
  endloop
 endfacet
 facet normal 0.321439465303 0.946930129495 -0
  outer loop
   vertex 0.0738579024465 0.178308749775 0.2446125
   vertex 0.0499520757048 0.186423684474 0.2654
   vertex 0.0738579024465 0.178308749775 0.2654
  endloop
 endfacet
 facet normal 0.195090322016 0.980785280403 0
  outer loop
   vertex 0.0499520757048 0.186423684474 0.2446125
   vertex 0.0251915550985 0.191348858245 0.2446125
   vertex 0.0251915550985 0.191348858245 0.2654
  endloop
 endfacet
 facet normal 0.195090322016 0.980785280403 -0
  outer loop
   vertex 0.0499520757048 0.186423684474 0.2446125
   vertex 0.0251915550985 0.191348858245 0.2654
   vertex 0.0499520757048 0.186423684474 0.2654
  endloop
 endfacet
 facet normal 0.0654031292301 0.997858923239 0
  outer loop
   vertex 0.0251915550985 0.191348858245 0.2446125
   vertex 1.18178416118e-17 0.193 0.2446125
   vertex 1.18178416118e-17 0.193 0.2654
  endloop
 endfacet
 facet normal 0.0654031292301 0.997858923239 -0
  outer loop
   vertex 0.0251915550985 0.191348858245 0.2446125
   vertex 1.18178416118e-17 0.193 0.2654
   vertex 0.0251915550985 0.191348858245 0.2654
  endloop
 endfacet
 facet normal -0.0654031292301 0.997858923239 0
  outer loop
   vertex 1.18178416118e-17 0.193 0.2446125
   vertex -0.0251915550985 0.191348858245 0.2446125
   vertex -0.0251915550985 0.191348858245 0.2654
  endloop
 endfacet
 facet normal -0.0654031292301 0.997858923239 0
  outer loop
   vertex 1.18178416118e-17 0.193 0.2446125
   vertex -0.0251915550985 0.191348858245 0.2654
   vertex 1.18178416118e-17 0.193 0.2654
  endloop
 endfacet
 facet normal -0.195090322016 0.980785280403 0
  outer loop
   vertex -0.0251915550985 0.191348858245 0.2446125
   vertex -0.0499520757048 0.186423684474 0.2446125
   vertex -0.0499520757048 0.186423684474 0.2654
  endloop
 endfacet
 facet normal -0.195090322016 0.980785280403 0
  outer loop
   vertex -0.0251915550985 0.191348858245 0.2446125
   vertex -0.0499520757048 0.186423684474 0.2654
   vertex -0.0251915550985 0.191348858245 0.2654
  endloop
 endfacet
 facet normal -0.321439465303 0.946930129495 0
  outer loop
   vertex -0.0499520757048 0.186423684474 0.2446125
   vertex -0.0738579024465 0.178308749775 0.2446125
   vertex -0.0738579024465 0.178308749775 0.2654
  endloop
 endfacet
 facet normal -0.321439465303 0.946930129495 0
  outer loop
   vertex -0.0499520757048 0.186423684474 0.2446125
   vertex -0.0738579024465 0.178308749775 0.2654
   vertex -0.0499520757048 0.186423684474 0.2654
  endloop
 endfacet
 facet normal -0.442288690219 0.896872741533 0
  outer loop
   vertex -0.0738579024465 0.178308749775 0.2446125
   vertex -0.0965 0.16714290293 0.2446125
   vertex -0.0965 0.16714290293 0.2654
  endloop
 endfacet
 facet normal -0.442288690219 0.896872741533 0
  outer loop
   vertex -0.0738579024465 0.178308749775 0.2446125
   vertex -0.0965 0.16714290293 0.2654
   vertex -0.0738579024465 0.178308749775 0.2654
  endloop
 endfacet
 facet normal -0.55557023302 0.831469612303 0
  outer loop
   vertex -0.0965 0.16714290293 0.2446125
   vertex -0.117490955799 0.153117194676 0.2446125
   vertex -0.117490955799 0.153117194676 0.2654
  endloop
 endfacet
 facet normal -0.55557023302 0.831469612303 0
  outer loop
   vertex -0.0965 0.16714290293 0.2446125
   vertex -0.117490955799 0.153117194676 0.2654
   vertex -0.0965 0.16714290293 0.2654
  endloop
 endfacet
 facet normal -0.6593458151 0.751839807479 0
  outer loop
   vertex -0.117490955799 0.153117194676 0.2446125
   vertex -0.136471608769 0.136471608769 0.2446125
   vertex -0.136471608769 0.136471608769 0.2654
  endloop
 endfacet
 facet normal -0.6593458151 0.751839807479 0
  outer loop
   vertex -0.117490955799 0.153117194676 0.2446125
   vertex -0.136471608769 0.136471608769 0.2654
   vertex -0.117490955799 0.153117194676 0.2654
  endloop
 endfacet
 facet normal -0.751839807479 0.6593458151 0
  outer loop
   vertex -0.136471608769 0.136471608769 0.2446125
   vertex -0.153117194676 0.117490955799 0.2446125
   vertex -0.153117194676 0.117490955799 0.2654
  endloop
 endfacet
 facet normal -0.751839807479 0.6593458151 0
  outer loop
   vertex -0.136471608769 0.136471608769 0.2446125
   vertex -0.153117194676 0.117490955799 0.2654
   vertex -0.136471608769 0.136471608769 0.2654
  endloop
 endfacet
 facet normal -0.831469612303 0.55557023302 0
  outer loop
   vertex -0.153117194676 0.117490955799 0.2446125
   vertex -0.16714290293 0.0965 0.2446125
   vertex -0.16714290293 0.0965 0.2654
  endloop
 endfacet
 facet normal -0.831469612303 0.55557023302 0
  outer loop
   vertex -0.153117194676 0.117490955799 0.2446125
   vertex -0.16714290293 0.0965 0.2654
   vertex -0.153117194676 0.117490955799 0.2654
  endloop
 endfacet
 facet normal -0.896872741533 0.442288690219 0
  outer loop
   vertex -0.16714290293 0.0965 0.2446125
   vertex -0.178308749775 0.0738579024465 0.2446125
   vertex -0.178308749775 0.0738579024465 0.2654
  endloop
 endfacet
 facet normal -0.896872741533 0.442288690219 0
  outer loop
   vertex -0.16714290293 0.0965 0.2446125
   vertex -0.178308749775 0.0738579024465 0.2654
   vertex -0.16714290293 0.0965 0.2654
  endloop
 endfacet
 facet normal -0.946930129495 0.321439465303 0
  outer loop
   vertex -0.178308749775 0.0738579024465 0.2446125
   vertex -0.186423684474 0.0499520757048 0.2446125
   vertex -0.186423684474 0.0499520757048 0.2654
  endloop
 endfacet
 facet normal -0.946930129495 0.321439465303 0
  outer loop
   vertex -0.178308749775 0.0738579024465 0.2446125
   vertex -0.186423684474 0.0499520757048 0.2654
   vertex -0.178308749775 0.0738579024465 0.2654
  endloop
 endfacet
 facet normal -0.980785280403 0.195090322016 0
  outer loop
   vertex -0.186423684474 0.0499520757048 0.2446125
   vertex -0.191348858245 0.0251915550985 0.2446125
   vertex -0.191348858245 0.0251915550985 0.2654
  endloop
 endfacet
 facet normal -0.980785280403 0.195090322016 0
  outer loop
   vertex -0.186423684474 0.0499520757048 0.2446125
   vertex -0.191348858245 0.0251915550985 0.2654
   vertex -0.186423684474 0.0499520757048 0.2654
  endloop
 endfacet
 facet normal -0.997858923239 0.0654031292301 0
  outer loop
   vertex -0.191348858245 0.0251915550985 0.2446125
   vertex -0.193 2.36356832235e-17 0.2446125
   vertex -0.193 2.36356832235e-17 0.2654
  endloop
 endfacet
 facet normal -0.997858923239 0.0654031292301 0
  outer loop
   vertex -0.191348858245 0.0251915550985 0.2446125
   vertex -0.193 2.36356832235e-17 0.2654
   vertex -0.191348858245 0.0251915550985 0.2654
  endloop
 endfacet
 facet normal -0.997858923239 -0.0654031292301 0
  outer loop
   vertex -0.193 2.36356832235e-17 0.2446125
   vertex -0.191348858245 -0.0251915550985 0.2446125
   vertex -0.191348858245 -0.0251915550985 0.2654
  endloop
 endfacet
 facet normal -0.997858923239 -0.0654031292301 0
  outer loop
   vertex -0.193 2.36356832235e-17 0.2446125
   vertex -0.191348858245 -0.0251915550985 0.2654
   vertex -0.193 2.36356832235e-17 0.2654
  endloop
 endfacet
 facet normal -0.980785280403 -0.195090322016 0
  outer loop
   vertex -0.191348858245 -0.0251915550985 0.2446125
   vertex -0.186423684474 -0.0499520757048 0.2446125
   vertex -0.186423684474 -0.0499520757048 0.2654
  endloop
 endfacet
 facet normal -0.980785280403 -0.195090322016 0
  outer loop
   vertex -0.191348858245 -0.0251915550985 0.2446125
   vertex -0.186423684474 -0.0499520757048 0.2654
   vertex -0.191348858245 -0.0251915550985 0.2654
  endloop
 endfacet
 facet normal -0.946930129495 -0.321439465303 0
  outer loop
   vertex -0.186423684474 -0.0499520757048 0.2446125
   vertex -0.178308749775 -0.0738579024465 0.2446125
   vertex -0.178308749775 -0.0738579024465 0.2654
  endloop
 endfacet
 facet normal -0.946930129495 -0.321439465303 0
  outer loop
   vertex -0.186423684474 -0.0499520757048 0.2446125
   vertex -0.178308749775 -0.0738579024465 0.2654
   vertex -0.186423684474 -0.0499520757048 0.2654
  endloop
 endfacet
 facet normal -0.896872741533 -0.442288690219 0
  outer loop
   vertex -0.178308749775 -0.0738579024465 0.2446125
   vertex -0.16714290293 -0.0965 0.2446125
   vertex -0.16714290293 -0.0965 0.2654
  endloop
 endfacet
 facet normal -0.896872741533 -0.442288690219 0
  outer loop
   vertex -0.178308749775 -0.0738579024465 0.2446125
   vertex -0.16714290293 -0.0965 0.2654
   vertex -0.178308749775 -0.0738579024465 0.2654
  endloop
 endfacet
 facet normal -0.831469612303 -0.55557023302 0
  outer loop
   vertex -0.16714290293 -0.0965 0.2446125
   vertex -0.153117194676 -0.117490955799 0.2446125
   vertex -0.153117194676 -0.117490955799 0.2654
  endloop
 endfacet
 facet normal -0.831469612303 -0.55557023302 0
  outer loop
   vertex -0.16714290293 -0.0965 0.2446125
   vertex -0.153117194676 -0.117490955799 0.2654
   vertex -0.16714290293 -0.0965 0.2654
  endloop
 endfacet
 facet normal -0.751839807479 -0.6593458151 0
  outer loop
   vertex -0.153117194676 -0.117490955799 0.2446125
   vertex -0.136471608769 -0.136471608769 0.2446125
   vertex -0.136471608769 -0.136471608769 0.2654
  endloop
 endfacet
 facet normal -0.751839807479 -0.6593458151 0
  outer loop
   vertex -0.153117194676 -0.117490955799 0.2446125
   vertex -0.136471608769 -0.136471608769 0.2654
   vertex -0.153117194676 -0.117490955799 0.2654
  endloop
 endfacet
 facet normal -0.6593458151 -0.751839807479 0
  outer loop
   vertex -0.136471608769 -0.136471608769 0.2446125
   vertex -0.117490955799 -0.153117194676 0.2446125
   vertex -0.117490955799 -0.153117194676 0.2654
  endloop
 endfacet
 facet normal -0.6593458151 -0.751839807479 0
  outer loop
   vertex -0.136471608769 -0.136471608769 0.2446125
   vertex -0.117490955799 -0.153117194676 0.2654
   vertex -0.136471608769 -0.136471608769 0.2654
  endloop
 endfacet
 facet normal -0.55557023302 -0.831469612303 0
  outer loop
   vertex -0.117490955799 -0.153117194676 0.2446125
   vertex -0.0965 -0.16714290293 0.2446125
   vertex -0.0965 -0.16714290293 0.2654
  endloop
 endfacet
 facet normal -0.55557023302 -0.831469612303 0
  outer loop
   vertex -0.117490955799 -0.153117194676 0.2446125
   vertex -0.0965 -0.16714290293 0.2654
   vertex -0.117490955799 -0.153117194676 0.2654
  endloop
 endfacet
 facet normal -0.442288690219 -0.896872741533 0
  outer loop
   vertex -0.0965 -0.16714290293 0.2446125
   vertex -0.0738579024465 -0.178308749775 0.2446125
   vertex -0.0738579024465 -0.178308749775 0.2654
  endloop
 endfacet
 facet normal -0.442288690219 -0.896872741533 0
  outer loop
   vertex -0.0965 -0.16714290293 0.2446125
   vertex -0.0738579024465 -0.178308749775 0.2654
   vertex -0.0965 -0.16714290293 0.2654
  endloop
 endfacet
 facet normal -0.321439465303 -0.946930129495 0
  outer loop
   vertex -0.0738579024465 -0.178308749775 0.2446125
   vertex -0.0499520757048 -0.186423684474 0.2446125
   vertex -0.0499520757048 -0.186423684474 0.2654
  endloop
 endfacet
 facet normal -0.321439465303 -0.946930129495 0
  outer loop
   vertex -0.0738579024465 -0.178308749775 0.2446125
   vertex -0.0499520757048 -0.186423684474 0.2654
   vertex -0.0738579024465 -0.178308749775 0.2654
  endloop
 endfacet
 facet normal -0.195090322016 -0.980785280403 0
  outer loop
   vertex -0.0499520757048 -0.186423684474 0.2446125
   vertex -0.0251915550985 -0.191348858245 0.2446125
   vertex -0.0251915550985 -0.191348858245 0.2654
  endloop
 endfacet
 facet normal -0.195090322016 -0.980785280403 0
  outer loop
   vertex -0.0499520757048 -0.186423684474 0.2446125
   vertex -0.0251915550985 -0.191348858245 0.2654
   vertex -0.0499520757048 -0.186423684474 0.2654
  endloop
 endfacet
 facet normal -0.0654031292301 -0.997858923239 0
  outer loop
   vertex -0.0251915550985 -0.191348858245 0.2446125
   vertex -3.54535248353e-17 -0.193 0.2446125
   vertex -3.54535248353e-17 -0.193 0.2654
  endloop
 endfacet
 facet normal -0.0654031292301 -0.997858923239 0
  outer loop
   vertex -0.0251915550985 -0.191348858245 0.2446125
   vertex -3.54535248353e-17 -0.193 0.2654
   vertex -0.0251915550985 -0.191348858245 0.2654
  endloop
 endfacet
 facet normal 0.0654031292301 -0.997858923239 0
  outer loop
   vertex -3.54535248353e-17 -0.193 0.2446125
   vertex 0.0251915550985 -0.191348858245 0.2446125
   vertex 0.0251915550985 -0.191348858245 0.2654
  endloop
 endfacet
 facet normal 0.0654031292301 -0.997858923239 0
  outer loop
   vertex -3.54535248353e-17 -0.193 0.2446125
   vertex 0.0251915550985 -0.191348858245 0.2654
   vertex -3.54535248353e-17 -0.193 0.2654
  endloop
 endfacet
 facet normal 0.195090322016 -0.980785280403 0
  outer loop
   vertex 0.0251915550985 -0.191348858245 0.2446125
   vertex 0.0499520757048 -0.186423684474 0.2446125
   vertex 0.0499520757048 -0.186423684474 0.2654
  endloop
 endfacet
 facet normal 0.195090322016 -0.980785280403 0
  outer loop
   vertex 0.0251915550985 -0.191348858245 0.2446125
   vertex 0.0499520757048 -0.186423684474 0.2654
   vertex 0.0251915550985 -0.191348858245 0.2654
  endloop
 endfacet
 facet normal 0.321439465303 -0.946930129495 0
  outer loop
   vertex 0.0499520757048 -0.186423684474 0.2446125
   vertex 0.0738579024465 -0.178308749775 0.2446125
   vertex 0.0738579024465 -0.178308749775 0.2654
  endloop
 endfacet
 facet normal 0.321439465303 -0.946930129495 0
  outer loop
   vertex 0.0499520757048 -0.186423684474 0.2446125
   vertex 0.0738579024465 -0.178308749775 0.2654
   vertex 0.0499520757048 -0.186423684474 0.2654
  endloop
 endfacet
 facet normal 0.442288690219 -0.896872741533 0
  outer loop
   vertex 0.0738579024465 -0.178308749775 0.2446125
   vertex 0.0965 -0.16714290293 0.2446125
   vertex 0.0965 -0.16714290293 0.2654
  endloop
 endfacet
 facet normal 0.442288690219 -0.896872741533 0
  outer loop
   vertex 0.0738579024465 -0.178308749775 0.2446125
   vertex 0.0965 -0.16714290293 0.2654
   vertex 0.0738579024465 -0.178308749775 0.2654
  endloop
 endfacet
 facet normal 0.55557023302 -0.831469612303 0
  outer loop
   vertex 0.0965 -0.16714290293 0.2446125
   vertex 0.117490955799 -0.153117194676 0.2446125
   vertex 0.117490955799 -0.153117194676 0.2654
  endloop
 endfacet
 facet normal 0.55557023302 -0.831469612303 0
  outer loop
   vertex 0.0965 -0.16714290293 0.2446125
   vertex 0.117490955799 -0.153117194676 0.2654
   vertex 0.0965 -0.16714290293 0.2654
  endloop
 endfacet
 facet normal 0.6593458151 -0.751839807479 0
  outer loop
   vertex 0.117490955799 -0.153117194676 0.2446125
   vertex 0.136471608769 -0.136471608769 0.2446125
   vertex 0.136471608769 -0.136471608769 0.2654
  endloop
 endfacet
 facet normal 0.6593458151 -0.751839807479 0
  outer loop
   vertex 0.117490955799 -0.153117194676 0.2446125
   vertex 0.136471608769 -0.136471608769 0.2654
   vertex 0.117490955799 -0.153117194676 0.2654
  endloop
 endfacet
 facet normal 0.751839807479 -0.6593458151 0
  outer loop
   vertex 0.136471608769 -0.136471608769 0.2446125
   vertex 0.153117194676 -0.117490955799 0.2446125
   vertex 0.153117194676 -0.117490955799 0.2654
  endloop
 endfacet
 facet normal 0.751839807479 -0.6593458151 0
  outer loop
   vertex 0.136471608769 -0.136471608769 0.2446125
   vertex 0.153117194676 -0.117490955799 0.2654
   vertex 0.136471608769 -0.136471608769 0.2654
  endloop
 endfacet
 facet normal 0.831469612303 -0.55557023302 0
  outer loop
   vertex 0.153117194676 -0.117490955799 0.2446125
   vertex 0.16714290293 -0.0965 0.2446125
   vertex 0.16714290293 -0.0965 0.2654
  endloop
 endfacet
 facet normal 0.831469612303 -0.55557023302 0
  outer loop
   vertex 0.153117194676 -0.117490955799 0.2446125
   vertex 0.16714290293 -0.0965 0.2654
   vertex 0.153117194676 -0.117490955799 0.2654
  endloop
 endfacet
 facet normal 0.896872741533 -0.442288690219 0
  outer loop
   vertex 0.16714290293 -0.0965 0.2446125
   vertex 0.178308749775 -0.0738579024465 0.2446125
   vertex 0.178308749775 -0.0738579024465 0.2654
  endloop
 endfacet
 facet normal 0.896872741533 -0.442288690219 0
  outer loop
   vertex 0.16714290293 -0.0965 0.2446125
   vertex 0.178308749775 -0.0738579024465 0.2654
   vertex 0.16714290293 -0.0965 0.2654
  endloop
 endfacet
 facet normal 0.946930129495 -0.321439465303 0
  outer loop
   vertex 0.178308749775 -0.0738579024465 0.2446125
   vertex 0.186423684474 -0.0499520757048 0.2446125
   vertex 0.186423684474 -0.0499520757048 0.2654
  endloop
 endfacet
 facet normal 0.946930129495 -0.321439465303 0
  outer loop
   vertex 0.178308749775 -0.0738579024465 0.2446125
   vertex 0.186423684474 -0.0499520757048 0.2654
   vertex 0.178308749775 -0.0738579024465 0.2654
  endloop
 endfacet
 facet normal 0.980785280403 -0.195090322016 0
  outer loop
   vertex 0.186423684474 -0.0499520757048 0.2446125
   vertex 0.191348858245 -0.0251915550985 0.2446125
   vertex 0.191348858245 -0.0251915550985 0.2654
  endloop
 endfacet
 facet normal 0.980785280403 -0.195090322016 0
  outer loop
   vertex 0.186423684474 -0.0499520757048 0.2446125
   vertex 0.191348858245 -0.0251915550985 0.2654
   vertex 0.186423684474 -0.0499520757048 0.2654
  endloop
 endfacet
 facet normal 0.997858923239 -0.0654031292301 0
  outer loop
   vertex 0.191348858245 -0.0251915550985 0.2446125
   vertex 0.193 0 0.2446125
   vertex 0.193 0 0.2654
  endloop
 endfacet
 facet normal 0.997858923239 -0.0654031292301 0
  outer loop
   vertex 0.191348858245 -0.0251915550985 0.2446125
   vertex 0.193 0 0.2654
   vertex 0.191348858245 -0.0251915550985 0.2654
  endloop
 endfacet
 facet normal 0.997858923239 0.0654031292301 0
  outer loop
   vertex 0.193 0 0.2654
   vertex 0.191348858245 0.0251915550985 0.2654
   vertex 0.191348858245 0.0251915550985 0.2861875
  endloop
 endfacet
 facet normal 0.997858923239 0.0654031292301 -0
  outer loop
   vertex 0.193 0 0.2654
   vertex 0.191348858245 0.0251915550985 0.2861875
   vertex 0.193 0 0.2861875
  endloop
 endfacet
 facet normal 0.980785280403 0.195090322016 0
  outer loop
   vertex 0.191348858245 0.0251915550985 0.2654
   vertex 0.186423684474 0.0499520757048 0.2654
   vertex 0.186423684474 0.0499520757048 0.2861875
  endloop
 endfacet
 facet normal 0.980785280403 0.195090322016 -0
  outer loop
   vertex 0.191348858245 0.0251915550985 0.2654
   vertex 0.186423684474 0.0499520757048 0.2861875
   vertex 0.191348858245 0.0251915550985 0.2861875
  endloop
 endfacet
 facet normal 0.946930129495 0.321439465303 0
  outer loop
   vertex 0.186423684474 0.0499520757048 0.2654
   vertex 0.178308749775 0.0738579024465 0.2654
   vertex 0.178308749775 0.0738579024465 0.2861875
  endloop
 endfacet
 facet normal 0.946930129495 0.321439465303 -0
  outer loop
   vertex 0.186423684474 0.0499520757048 0.2654
   vertex 0.178308749775 0.0738579024465 0.2861875
   vertex 0.186423684474 0.0499520757048 0.2861875
  endloop
 endfacet
 facet normal 0.896872741533 0.442288690219 0
  outer loop
   vertex 0.178308749775 0.0738579024465 0.2654
   vertex 0.16714290293 0.0965 0.2654
   vertex 0.16714290293 0.0965 0.2861875
  endloop
 endfacet
 facet normal 0.896872741533 0.442288690219 -0
  outer loop
   vertex 0.178308749775 0.0738579024465 0.2654
   vertex 0.16714290293 0.0965 0.2861875
   vertex 0.178308749775 0.0738579024465 0.2861875
  endloop
 endfacet
 facet normal 0.831469612303 0.55557023302 0
  outer loop
   vertex 0.16714290293 0.0965 0.2654
   vertex 0.153117194676 0.117490955799 0.2654
   vertex 0.153117194676 0.117490955799 0.2861875
  endloop
 endfacet
 facet normal 0.831469612303 0.55557023302 -0
  outer loop
   vertex 0.16714290293 0.0965 0.2654
   vertex 0.153117194676 0.117490955799 0.2861875
   vertex 0.16714290293 0.0965 0.2861875
  endloop
 endfacet
 facet normal 0.751839807479 0.6593458151 0
  outer loop
   vertex 0.153117194676 0.117490955799 0.2654
   vertex 0.136471608769 0.136471608769 0.2654
   vertex 0.136471608769 0.136471608769 0.2861875
  endloop
 endfacet
 facet normal 0.751839807479 0.6593458151 -0
  outer loop
   vertex 0.153117194676 0.117490955799 0.2654
   vertex 0.136471608769 0.136471608769 0.2861875
   vertex 0.153117194676 0.117490955799 0.2861875
  endloop
 endfacet
 facet normal 0.6593458151 0.751839807479 0
  outer loop
   vertex 0.136471608769 0.136471608769 0.2654
   vertex 0.117490955799 0.153117194676 0.2654
   vertex 0.117490955799 0.153117194676 0.2861875
  endloop
 endfacet
 facet normal 0.6593458151 0.751839807479 -0
  outer loop
   vertex 0.136471608769 0.136471608769 0.2654
   vertex 0.117490955799 0.153117194676 0.2861875
   vertex 0.136471608769 0.136471608769 0.2861875
  endloop
 endfacet
 facet normal 0.55557023302 0.831469612303 0
  outer loop
   vertex 0.117490955799 0.153117194676 0.2654
   vertex 0.0965 0.16714290293 0.2654
   vertex 0.0965 0.16714290293 0.2861875
  endloop
 endfacet
 facet normal 0.55557023302 0.831469612303 -0
  outer loop
   vertex 0.117490955799 0.153117194676 0.2654
   vertex 0.0965 0.16714290293 0.2861875
   vertex 0.117490955799 0.153117194676 0.2861875
  endloop
 endfacet
 facet normal 0.442288690219 0.896872741533 0
  outer loop
   vertex 0.0965 0.16714290293 0.2654
   vertex 0.0738579024465 0.178308749775 0.2654
   vertex 0.0738579024465 0.178308749775 0.2861875
  endloop
 endfacet
 facet normal 0.442288690219 0.896872741533 -0
  outer loop
   vertex 0.0965 0.16714290293 0.2654
   vertex 0.0738579024465 0.178308749775 0.2861875
   vertex 0.0965 0.16714290293 0.2861875
  endloop
 endfacet
 facet normal 0.321439465303 0.946930129495 0
  outer loop
   vertex 0.0738579024465 0.178308749775 0.2654
   vertex 0.0499520757048 0.186423684474 0.2654
   vertex 0.0499520757048 0.186423684474 0.2861875
  endloop
 endfacet
 facet normal 0.321439465303 0.946930129495 -0
  outer loop
   vertex 0.0738579024465 0.178308749775 0.2654
   vertex 0.0499520757048 0.186423684474 0.2861875
   vertex 0.0738579024465 0.178308749775 0.2861875
  endloop
 endfacet
 facet normal 0.195090322016 0.980785280403 0
  outer loop
   vertex 0.0499520757048 0.186423684474 0.2654
   vertex 0.0251915550985 0.191348858245 0.2654
   vertex 0.0251915550985 0.191348858245 0.2861875
  endloop
 endfacet
 facet normal 0.195090322016 0.980785280403 -0
  outer loop
   vertex 0.0499520757048 0.186423684474 0.2654
   vertex 0.0251915550985 0.191348858245 0.2861875
   vertex 0.0499520757048 0.186423684474 0.2861875
  endloop
 endfacet
 facet normal 0.0654031292301 0.997858923239 0
  outer loop
   vertex 0.0251915550985 0.191348858245 0.2654
   vertex 1.18178416118e-17 0.193 0.2654
   vertex 1.18178416118e-17 0.193 0.2861875
  endloop
 endfacet
 facet normal 0.0654031292301 0.997858923239 -0
  outer loop
   vertex 0.0251915550985 0.191348858245 0.2654
   vertex 1.18178416118e-17 0.193 0.2861875
   vertex 0.0251915550985 0.191348858245 0.2861875
  endloop
 endfacet
 facet normal -0.0654031292301 0.997858923239 0
  outer loop
   vertex 1.18178416118e-17 0.193 0.2654
   vertex -0.0251915550985 0.191348858245 0.2654
   vertex -0.0251915550985 0.191348858245 0.2861875
  endloop
 endfacet
 facet normal -0.0654031292301 0.997858923239 0
  outer loop
   vertex 1.18178416118e-17 0.193 0.2654
   vertex -0.0251915550985 0.191348858245 0.2861875
   vertex 1.18178416118e-17 0.193 0.2861875
  endloop
 endfacet
 facet normal -0.195090322016 0.980785280403 0
  outer loop
   vertex -0.0251915550985 0.191348858245 0.2654
   vertex -0.0499520757048 0.186423684474 0.2654
   vertex -0.0499520757048 0.186423684474 0.2861875
  endloop
 endfacet
 facet normal -0.195090322016 0.980785280403 0
  outer loop
   vertex -0.0251915550985 0.191348858245 0.2654
   vertex -0.0499520757048 0.186423684474 0.2861875
   vertex -0.0251915550985 0.191348858245 0.2861875
  endloop
 endfacet
 facet normal -0.321439465303 0.946930129495 0
  outer loop
   vertex -0.0499520757048 0.186423684474 0.2654
   vertex -0.0738579024465 0.178308749775 0.2654
   vertex -0.0738579024465 0.178308749775 0.2861875
  endloop
 endfacet
 facet normal -0.321439465303 0.946930129495 0
  outer loop
   vertex -0.0499520757048 0.186423684474 0.2654
   vertex -0.0738579024465 0.178308749775 0.2861875
   vertex -0.0499520757048 0.186423684474 0.2861875
  endloop
 endfacet
 facet normal -0.442288690219 0.896872741533 0
  outer loop
   vertex -0.0738579024465 0.178308749775 0.2654
   vertex -0.0965 0.16714290293 0.2654
   vertex -0.0965 0.16714290293 0.2861875
  endloop
 endfacet
 facet normal -0.442288690219 0.896872741533 0
  outer loop
   vertex -0.0738579024465 0.178308749775 0.2654
   vertex -0.0965 0.16714290293 0.2861875
   vertex -0.0738579024465 0.178308749775 0.2861875
  endloop
 endfacet
 facet normal -0.55557023302 0.831469612303 0
  outer loop
   vertex -0.0965 0.16714290293 0.2654
   vertex -0.117490955799 0.153117194676 0.2654
   vertex -0.117490955799 0.153117194676 0.2861875
  endloop
 endfacet
 facet normal -0.55557023302 0.831469612303 0
  outer loop
   vertex -0.0965 0.16714290293 0.2654
   vertex -0.117490955799 0.153117194676 0.2861875
   vertex -0.0965 0.16714290293 0.2861875
  endloop
 endfacet
 facet normal -0.6593458151 0.751839807479 0
  outer loop
   vertex -0.117490955799 0.153117194676 0.2654
   vertex -0.136471608769 0.136471608769 0.2654
   vertex -0.136471608769 0.136471608769 0.2861875
  endloop
 endfacet
 facet normal -0.6593458151 0.751839807479 0
  outer loop
   vertex -0.117490955799 0.153117194676 0.2654
   vertex -0.136471608769 0.136471608769 0.2861875
   vertex -0.117490955799 0.153117194676 0.2861875
  endloop
 endfacet
 facet normal -0.751839807479 0.6593458151 0
  outer loop
   vertex -0.136471608769 0.136471608769 0.2654
   vertex -0.153117194676 0.117490955799 0.2654
   vertex -0.153117194676 0.117490955799 0.2861875
  endloop
 endfacet
 facet normal -0.751839807479 0.6593458151 0
  outer loop
   vertex -0.136471608769 0.136471608769 0.2654
   vertex -0.153117194676 0.117490955799 0.2861875
   vertex -0.136471608769 0.136471608769 0.2861875
  endloop
 endfacet
 facet normal -0.831469612303 0.55557023302 0
  outer loop
   vertex -0.153117194676 0.117490955799 0.2654
   vertex -0.16714290293 0.0965 0.2654
   vertex -0.16714290293 0.0965 0.2861875
  endloop
 endfacet
 facet normal -0.831469612303 0.55557023302 0
  outer loop
   vertex -0.153117194676 0.117490955799 0.2654
   vertex -0.16714290293 0.0965 0.2861875
   vertex -0.153117194676 0.117490955799 0.2861875
  endloop
 endfacet
 facet normal -0.896872741533 0.442288690219 0
  outer loop
   vertex -0.16714290293 0.0965 0.2654
   vertex -0.178308749775 0.0738579024465 0.2654
   vertex -0.178308749775 0.0738579024465 0.2861875
  endloop
 endfacet
 facet normal -0.896872741533 0.442288690219 0
  outer loop
   vertex -0.16714290293 0.0965 0.2654
   vertex -0.178308749775 0.0738579024465 0.2861875
   vertex -0.16714290293 0.0965 0.2861875
  endloop
 endfacet
 facet normal -0.946930129495 0.321439465303 0
  outer loop
   vertex -0.178308749775 0.0738579024465 0.2654
   vertex -0.186423684474 0.0499520757048 0.2654
   vertex -0.186423684474 0.0499520757048 0.2861875
  endloop
 endfacet
 facet normal -0.946930129495 0.321439465303 0
  outer loop
   vertex -0.178308749775 0.0738579024465 0.2654
   vertex -0.186423684474 0.0499520757048 0.2861875
   vertex -0.178308749775 0.0738579024465 0.2861875
  endloop
 endfacet
 facet normal -0.980785280403 0.195090322016 0
  outer loop
   vertex -0.186423684474 0.0499520757048 0.2654
   vertex -0.191348858245 0.0251915550985 0.2654
   vertex -0.191348858245 0.0251915550985 0.2861875
  endloop
 endfacet
 facet normal -0.980785280403 0.195090322016 0
  outer loop
   vertex -0.186423684474 0.0499520757048 0.2654
   vertex -0.191348858245 0.0251915550985 0.2861875
   vertex -0.186423684474 0.0499520757048 0.2861875
  endloop
 endfacet
 facet normal -0.997858923239 0.0654031292301 0
  outer loop
   vertex -0.191348858245 0.0251915550985 0.2654
   vertex -0.193 2.36356832235e-17 0.2654
   vertex -0.193 2.36356832235e-17 0.2861875
  endloop
 endfacet
 facet normal -0.997858923239 0.0654031292301 0
  outer loop
   vertex -0.191348858245 0.0251915550985 0.2654
   vertex -0.193 2.36356832235e-17 0.2861875
   vertex -0.191348858245 0.0251915550985 0.2861875
  endloop
 endfacet
 facet normal -0.997858923239 -0.0654031292301 0
  outer loop
   vertex -0.193 2.36356832235e-17 0.2654
   vertex -0.191348858245 -0.0251915550985 0.2654
   vertex -0.191348858245 -0.0251915550985 0.2861875
  endloop
 endfacet
 facet normal -0.997858923239 -0.0654031292301 0
  outer loop
   vertex -0.193 2.36356832235e-17 0.2654
   vertex -0.191348858245 -0.0251915550985 0.2861875
   vertex -0.193 2.36356832235e-17 0.2861875
  endloop
 endfacet
 facet normal -0.980785280403 -0.195090322016 0
  outer loop
   vertex -0.191348858245 -0.0251915550985 0.2654
   vertex -0.186423684474 -0.0499520757048 0.2654
   vertex -0.186423684474 -0.0499520757048 0.2861875
  endloop
 endfacet
 facet normal -0.980785280403 -0.195090322016 0
  outer loop
   vertex -0.191348858245 -0.0251915550985 0.2654
   vertex -0.186423684474 -0.0499520757048 0.2861875
   vertex -0.191348858245 -0.0251915550985 0.2861875
  endloop
 endfacet
 facet normal -0.946930129495 -0.321439465303 0
  outer loop
   vertex -0.186423684474 -0.0499520757048 0.2654
   vertex -0.178308749775 -0.0738579024465 0.2654
   vertex -0.178308749775 -0.0738579024465 0.2861875
  endloop
 endfacet
 facet normal -0.946930129495 -0.321439465303 0
  outer loop
   vertex -0.186423684474 -0.0499520757048 0.2654
   vertex -0.178308749775 -0.0738579024465 0.2861875
   vertex -0.186423684474 -0.0499520757048 0.2861875
  endloop
 endfacet
 facet normal -0.896872741533 -0.442288690219 0
  outer loop
   vertex -0.178308749775 -0.0738579024465 0.2654
   vertex -0.16714290293 -0.0965 0.2654
   vertex -0.16714290293 -0.0965 0.2861875
  endloop
 endfacet
 facet normal -0.896872741533 -0.442288690219 0
  outer loop
   vertex -0.178308749775 -0.0738579024465 0.2654
   vertex -0.16714290293 -0.0965 0.2861875
   vertex -0.178308749775 -0.0738579024465 0.2861875
  endloop
 endfacet
 facet normal -0.831469612303 -0.55557023302 0
  outer loop
   vertex -0.16714290293 -0.0965 0.2654
   vertex -0.153117194676 -0.117490955799 0.2654
   vertex -0.153117194676 -0.117490955799 0.2861875
  endloop
 endfacet
 facet normal -0.831469612303 -0.55557023302 0
  outer loop
   vertex -0.16714290293 -0.0965 0.2654
   vertex -0.153117194676 -0.117490955799 0.2861875
   vertex -0.16714290293 -0.0965 0.2861875
  endloop
 endfacet
 facet normal -0.751839807479 -0.6593458151 0
  outer loop
   vertex -0.153117194676 -0.117490955799 0.2654
   vertex -0.136471608769 -0.136471608769 0.2654
   vertex -0.136471608769 -0.136471608769 0.2861875
  endloop
 endfacet
 facet normal -0.751839807479 -0.6593458151 0
  outer loop
   vertex -0.153117194676 -0.117490955799 0.2654
   vertex -0.136471608769 -0.136471608769 0.2861875
   vertex -0.153117194676 -0.117490955799 0.2861875
  endloop
 endfacet
 facet normal -0.6593458151 -0.751839807479 0
  outer loop
   vertex -0.136471608769 -0.136471608769 0.2654
   vertex -0.117490955799 -0.153117194676 0.2654
   vertex -0.117490955799 -0.153117194676 0.2861875
  endloop
 endfacet
 facet normal -0.6593458151 -0.751839807479 0
  outer loop
   vertex -0.136471608769 -0.136471608769 0.2654
   vertex -0.117490955799 -0.153117194676 0.2861875
   vertex -0.136471608769 -0.136471608769 0.2861875
  endloop
 endfacet
 facet normal -0.55557023302 -0.831469612303 0
  outer loop
   vertex -0.117490955799 -0.153117194676 0.2654
   vertex -0.0965 -0.16714290293 0.2654
   vertex -0.0965 -0.16714290293 0.2861875
  endloop
 endfacet
 facet normal -0.55557023302 -0.831469612303 0
  outer loop
   vertex -0.117490955799 -0.153117194676 0.2654
   vertex -0.0965 -0.16714290293 0.2861875
   vertex -0.117490955799 -0.153117194676 0.2861875
  endloop
 endfacet
 facet normal -0.442288690219 -0.896872741533 0
  outer loop
   vertex -0.0965 -0.16714290293 0.2654
   vertex -0.0738579024465 -0.178308749775 0.2654
   vertex -0.0738579024465 -0.178308749775 0.2861875
  endloop
 endfacet
 facet normal -0.442288690219 -0.896872741533 0
  outer loop
   vertex -0.0965 -0.16714290293 0.2654
   vertex -0.0738579024465 -0.178308749775 0.2861875
   vertex -0.0965 -0.16714290293 0.2861875
  endloop
 endfacet
 facet normal -0.321439465303 -0.946930129495 0
  outer loop
   vertex -0.0738579024465 -0.178308749775 0.2654
   vertex -0.0499520757048 -0.186423684474 0.2654
   vertex -0.0499520757048 -0.186423684474 0.2861875
  endloop
 endfacet
 facet normal -0.321439465303 -0.946930129495 0
  outer loop
   vertex -0.0738579024465 -0.178308749775 0.2654
   vertex -0.0499520757048 -0.186423684474 0.2861875
   vertex -0.0738579024465 -0.178308749775 0.2861875
  endloop
 endfacet
 facet normal -0.195090322016 -0.980785280403 0
  outer loop
   vertex -0.0499520757048 -0.186423684474 0.2654
   vertex -0.0251915550985 -0.191348858245 0.2654
   vertex -0.0251915550985 -0.191348858245 0.2861875
  endloop
 endfacet
 facet normal -0.195090322016 -0.980785280403 0
  outer loop
   vertex -0.0499520757048 -0.186423684474 0.2654
   vertex -0.0251915550985 -0.191348858245 0.2861875
   vertex -0.0499520757048 -0.186423684474 0.2861875
  endloop
 endfacet
 facet normal -0.0654031292301 -0.997858923239 0
  outer loop
   vertex -0.0251915550985 -0.191348858245 0.2654
   vertex -3.54535248353e-17 -0.193 0.2654
   vertex -3.54535248353e-17 -0.193 0.2861875
  endloop
 endfacet
 facet normal -0.0654031292301 -0.997858923239 0
  outer loop
   vertex -0.0251915550985 -0.191348858245 0.2654
   vertex -3.54535248353e-17 -0.193 0.2861875
   vertex -0.0251915550985 -0.191348858245 0.2861875
  endloop
 endfacet
 facet normal 0.0654031292301 -0.997858923239 0
  outer loop
   vertex -3.54535248353e-17 -0.193 0.2654
   vertex 0.0251915550985 -0.191348858245 0.2654
   vertex 0.0251915550985 -0.191348858245 0.2861875
  endloop
 endfacet
 facet normal 0.0654031292301 -0.997858923239 0
  outer loop
   vertex -3.54535248353e-17 -0.193 0.2654
   vertex 0.0251915550985 -0.191348858245 0.2861875
   vertex -3.54535248353e-17 -0.193 0.2861875
  endloop
 endfacet
 facet normal 0.195090322016 -0.980785280403 0
  outer loop
   vertex 0.0251915550985 -0.191348858245 0.2654
   vertex 0.0499520757048 -0.186423684474 0.2654
   vertex 0.0499520757048 -0.186423684474 0.2861875
  endloop
 endfacet
 facet normal 0.195090322016 -0.980785280403 0
  outer loop
   vertex 0.0251915550985 -0.191348858245 0.2654
   vertex 0.0499520757048 -0.186423684474 0.2861875
   vertex 0.0251915550985 -0.191348858245 0.2861875
  endloop
 endfacet
 facet normal 0.321439465303 -0.946930129495 0
  outer loop
   vertex 0.0499520757048 -0.186423684474 0.2654
   vertex 0.0738579024465 -0.178308749775 0.2654
   vertex 0.0738579024465 -0.178308749775 0.2861875
  endloop
 endfacet
 facet normal 0.321439465303 -0.946930129495 0
  outer loop
   vertex 0.0499520757048 -0.186423684474 0.2654
   vertex 0.0738579024465 -0.178308749775 0.2861875
   vertex 0.0499520757048 -0.186423684474 0.2861875
  endloop
 endfacet
 facet normal 0.442288690219 -0.896872741533 0
  outer loop
   vertex 0.0738579024465 -0.178308749775 0.2654
   vertex 0.0965 -0.16714290293 0.2654
   vertex 0.0965 -0.16714290293 0.2861875
  endloop
 endfacet
 facet normal 0.442288690219 -0.896872741533 0
  outer loop
   vertex 0.0738579024465 -0.178308749775 0.2654
   vertex 0.0965 -0.16714290293 0.2861875
   vertex 0.0738579024465 -0.178308749775 0.2861875
  endloop
 endfacet
 facet normal 0.55557023302 -0.831469612303 0
  outer loop
   vertex 0.0965 -0.16714290293 0.2654
   vertex 0.117490955799 -0.153117194676 0.2654
   vertex 0.117490955799 -0.153117194676 0.2861875
  endloop
 endfacet
 facet normal 0.55557023302 -0.831469612303 0
  outer loop
   vertex 0.0965 -0.16714290293 0.2654
   vertex 0.117490955799 -0.153117194676 0.2861875
   vertex 0.0965 -0.16714290293 0.2861875
  endloop
 endfacet
 facet normal 0.6593458151 -0.751839807479 0
  outer loop
   vertex 0.117490955799 -0.153117194676 0.2654
   vertex 0.136471608769 -0.136471608769 0.2654
   vertex 0.136471608769 -0.136471608769 0.2861875
  endloop
 endfacet
 facet normal 0.6593458151 -0.751839807479 0
  outer loop
   vertex 0.117490955799 -0.153117194676 0.2654
   vertex 0.136471608769 -0.136471608769 0.2861875
   vertex 0.117490955799 -0.153117194676 0.2861875
  endloop
 endfacet
 facet normal 0.751839807479 -0.6593458151 0
  outer loop
   vertex 0.136471608769 -0.136471608769 0.2654
   vertex 0.153117194676 -0.117490955799 0.2654
   vertex 0.153117194676 -0.117490955799 0.2861875
  endloop
 endfacet
 facet normal 0.751839807479 -0.6593458151 0
  outer loop
   vertex 0.136471608769 -0.136471608769 0.2654
   vertex 0.153117194676 -0.117490955799 0.2861875
   vertex 0.136471608769 -0.136471608769 0.2861875
  endloop
 endfacet
 facet normal 0.831469612303 -0.55557023302 0
  outer loop
   vertex 0.153117194676 -0.117490955799 0.2654
   vertex 0.16714290293 -0.0965 0.2654
   vertex 0.16714290293 -0.0965 0.2861875
  endloop
 endfacet
 facet normal 0.831469612303 -0.55557023302 0
  outer loop
   vertex 0.153117194676 -0.117490955799 0.2654
   vertex 0.16714290293 -0.0965 0.2861875
   vertex 0.153117194676 -0.117490955799 0.2861875
  endloop
 endfacet
 facet normal 0.896872741533 -0.442288690219 0
  outer loop
   vertex 0.16714290293 -0.0965 0.2654
   vertex 0.178308749775 -0.0738579024465 0.2654
   vertex 0.178308749775 -0.0738579024465 0.2861875
  endloop
 endfacet
 facet normal 0.896872741533 -0.442288690219 0
  outer loop
   vertex 0.16714290293 -0.0965 0.2654
   vertex 0.178308749775 -0.0738579024465 0.2861875
   vertex 0.16714290293 -0.0965 0.2861875
  endloop
 endfacet
 facet normal 0.946930129495 -0.321439465303 0
  outer loop
   vertex 0.178308749775 -0.0738579024465 0.2654
   vertex 0.186423684474 -0.0499520757048 0.2654
   vertex 0.186423684474 -0.0499520757048 0.2861875
  endloop
 endfacet
 facet normal 0.946930129495 -0.321439465303 0
  outer loop
   vertex 0.178308749775 -0.0738579024465 0.2654
   vertex 0.186423684474 -0.0499520757048 0.2861875
   vertex 0.178308749775 -0.0738579024465 0.2861875
  endloop
 endfacet
 facet normal 0.980785280403 -0.195090322016 0
  outer loop
   vertex 0.186423684474 -0.0499520757048 0.2654
   vertex 0.191348858245 -0.0251915550985 0.2654
   vertex 0.191348858245 -0.0251915550985 0.2861875
  endloop
 endfacet
 facet normal 0.980785280403 -0.195090322016 0
  outer loop
   vertex 0.186423684474 -0.0499520757048 0.2654
   vertex 0.191348858245 -0.0251915550985 0.2861875
   vertex 0.186423684474 -0.0499520757048 0.2861875
  endloop
 endfacet
 facet normal 0.997858923239 -0.0654031292301 0
  outer loop
   vertex 0.191348858245 -0.0251915550985 0.2654
   vertex 0.193 0 0.2654
   vertex 0.193 0 0.2861875
  endloop
 endfacet
 facet normal 0.997858923239 -0.0654031292301 0
  outer loop
   vertex 0.191348858245 -0.0251915550985 0.2654
   vertex 0.193 0 0.2861875
   vertex 0.191348858245 -0.0251915550985 0.2861875
  endloop
 endfacet
 facet normal 0.997858923239 0.0654031292301 0
  outer loop
   vertex 0.193 0 0.2861875
   vertex 0.191348858245 0.0251915550985 0.2861875
   vertex 0.191348858245 0.0251915550985 0.306975
  endloop
 endfacet
 facet normal 0.997858923239 0.0654031292301 -0
  outer loop
   vertex 0.193 0 0.2861875
   vertex 0.191348858245 0.0251915550985 0.306975
   vertex 0.193 0 0.306975
  endloop
 endfacet
 facet normal 0.980785280403 0.195090322016 0
  outer loop
   vertex 0.191348858245 0.0251915550985 0.2861875
   vertex 0.186423684474 0.0499520757048 0.2861875
   vertex 0.186423684474 0.0499520757048 0.306975
  endloop
 endfacet
 facet normal 0.980785280403 0.195090322016 -0
  outer loop
   vertex 0.191348858245 0.0251915550985 0.2861875
   vertex 0.186423684474 0.0499520757048 0.306975
   vertex 0.191348858245 0.0251915550985 0.306975
  endloop
 endfacet
 facet normal 0.946930129495 0.321439465303 0
  outer loop
   vertex 0.186423684474 0.0499520757048 0.2861875
   vertex 0.178308749775 0.0738579024465 0.2861875
   vertex 0.178308749775 0.0738579024465 0.306975
  endloop
 endfacet
 facet normal 0.946930129495 0.321439465303 -0
  outer loop
   vertex 0.186423684474 0.0499520757048 0.2861875
   vertex 0.178308749775 0.0738579024465 0.306975
   vertex 0.186423684474 0.0499520757048 0.306975
  endloop
 endfacet
 facet normal 0.896872741533 0.442288690219 0
  outer loop
   vertex 0.178308749775 0.0738579024465 0.2861875
   vertex 0.16714290293 0.0965 0.2861875
   vertex 0.16714290293 0.0965 0.306975
  endloop
 endfacet
 facet normal 0.896872741533 0.442288690219 -0
  outer loop
   vertex 0.178308749775 0.0738579024465 0.2861875
   vertex 0.16714290293 0.0965 0.306975
   vertex 0.178308749775 0.0738579024465 0.306975
  endloop
 endfacet
 facet normal 0.831469612303 0.55557023302 0
  outer loop
   vertex 0.16714290293 0.0965 0.2861875
   vertex 0.153117194676 0.117490955799 0.2861875
   vertex 0.153117194676 0.117490955799 0.306975
  endloop
 endfacet
 facet normal 0.831469612303 0.55557023302 -0
  outer loop
   vertex 0.16714290293 0.0965 0.2861875
   vertex 0.153117194676 0.117490955799 0.306975
   vertex 0.16714290293 0.0965 0.306975
  endloop
 endfacet
 facet normal 0.751839807479 0.6593458151 0
  outer loop
   vertex 0.153117194676 0.117490955799 0.2861875
   vertex 0.136471608769 0.136471608769 0.2861875
   vertex 0.136471608769 0.136471608769 0.306975
  endloop
 endfacet
 facet normal 0.751839807479 0.6593458151 -0
  outer loop
   vertex 0.153117194676 0.117490955799 0.2861875
   vertex 0.136471608769 0.136471608769 0.306975
   vertex 0.153117194676 0.117490955799 0.306975
  endloop
 endfacet
 facet normal 0.6593458151 0.751839807479 0
  outer loop
   vertex 0.136471608769 0.136471608769 0.2861875
   vertex 0.117490955799 0.153117194676 0.2861875
   vertex 0.117490955799 0.153117194676 0.306975
  endloop
 endfacet
 facet normal 0.6593458151 0.751839807479 -0
  outer loop
   vertex 0.136471608769 0.136471608769 0.2861875
   vertex 0.117490955799 0.153117194676 0.306975
   vertex 0.136471608769 0.136471608769 0.306975
  endloop
 endfacet
 facet normal 0.55557023302 0.831469612303 0
  outer loop
   vertex 0.117490955799 0.153117194676 0.2861875
   vertex 0.0965 0.16714290293 0.2861875
   vertex 0.0965 0.16714290293 0.306975
  endloop
 endfacet
 facet normal 0.55557023302 0.831469612303 -0
  outer loop
   vertex 0.117490955799 0.153117194676 0.2861875
   vertex 0.0965 0.16714290293 0.306975
   vertex 0.117490955799 0.153117194676 0.306975
  endloop
 endfacet
 facet normal 0.442288690219 0.896872741533 0
  outer loop
   vertex 0.0965 0.16714290293 0.2861875
   vertex 0.0738579024465 0.178308749775 0.2861875
   vertex 0.0738579024465 0.178308749775 0.306975
  endloop
 endfacet
 facet normal 0.442288690219 0.896872741533 -0
  outer loop
   vertex 0.0965 0.16714290293 0.2861875
   vertex 0.0738579024465 0.178308749775 0.306975
   vertex 0.0965 0.16714290293 0.306975
  endloop
 endfacet
 facet normal 0.321439465303 0.946930129495 0
  outer loop
   vertex 0.0738579024465 0.178308749775 0.2861875
   vertex 0.0499520757048 0.186423684474 0.2861875
   vertex 0.0499520757048 0.186423684474 0.306975
  endloop
 endfacet
 facet normal 0.321439465303 0.946930129495 -0
  outer loop
   vertex 0.0738579024465 0.178308749775 0.2861875
   vertex 0.0499520757048 0.186423684474 0.306975
   vertex 0.0738579024465 0.178308749775 0.306975
  endloop
 endfacet
 facet normal 0.195090322016 0.980785280403 0
  outer loop
   vertex 0.0499520757048 0.186423684474 0.2861875
   vertex 0.0251915550985 0.191348858245 0.2861875
   vertex 0.0251915550985 0.191348858245 0.306975
  endloop
 endfacet
 facet normal 0.195090322016 0.980785280403 -0
  outer loop
   vertex 0.0499520757048 0.186423684474 0.2861875
   vertex 0.0251915550985 0.191348858245 0.306975
   vertex 0.0499520757048 0.186423684474 0.306975
  endloop
 endfacet
 facet normal 0.0654031292301 0.997858923239 0
  outer loop
   vertex 0.0251915550985 0.191348858245 0.2861875
   vertex 1.18178416118e-17 0.193 0.2861875
   vertex 1.18178416118e-17 0.193 0.306975
  endloop
 endfacet
 facet normal 0.0654031292301 0.997858923239 -0
  outer loop
   vertex 0.0251915550985 0.191348858245 0.2861875
   vertex 1.18178416118e-17 0.193 0.306975
   vertex 0.0251915550985 0.191348858245 0.306975
  endloop
 endfacet
 facet normal -0.0654031292301 0.997858923239 0
  outer loop
   vertex 1.18178416118e-17 0.193 0.2861875
   vertex -0.0251915550985 0.191348858245 0.2861875
   vertex -0.0251915550985 0.191348858245 0.306975
  endloop
 endfacet
 facet normal -0.0654031292301 0.997858923239 0
  outer loop
   vertex 1.18178416118e-17 0.193 0.2861875
   vertex -0.0251915550985 0.191348858245 0.306975
   vertex 1.18178416118e-17 0.193 0.306975
  endloop
 endfacet
 facet normal -0.195090322016 0.980785280403 0
  outer loop
   vertex -0.0251915550985 0.191348858245 0.2861875
   vertex -0.0499520757048 0.186423684474 0.2861875
   vertex -0.0499520757048 0.186423684474 0.306975
  endloop
 endfacet
 facet normal -0.195090322016 0.980785280403 0
  outer loop
   vertex -0.0251915550985 0.191348858245 0.2861875
   vertex -0.0499520757048 0.186423684474 0.306975
   vertex -0.0251915550985 0.191348858245 0.306975
  endloop
 endfacet
 facet normal -0.321439465303 0.946930129495 0
  outer loop
   vertex -0.0499520757048 0.186423684474 0.2861875
   vertex -0.0738579024465 0.178308749775 0.2861875
   vertex -0.0738579024465 0.178308749775 0.306975
  endloop
 endfacet
 facet normal -0.321439465303 0.946930129495 0
  outer loop
   vertex -0.0499520757048 0.186423684474 0.2861875
   vertex -0.0738579024465 0.178308749775 0.306975
   vertex -0.0499520757048 0.186423684474 0.306975
  endloop
 endfacet
 facet normal -0.442288690219 0.896872741533 0
  outer loop
   vertex -0.0738579024465 0.178308749775 0.2861875
   vertex -0.0965 0.16714290293 0.2861875
   vertex -0.0965 0.16714290293 0.306975
  endloop
 endfacet
 facet normal -0.442288690219 0.896872741533 0
  outer loop
   vertex -0.0738579024465 0.178308749775 0.2861875
   vertex -0.0965 0.16714290293 0.306975
   vertex -0.0738579024465 0.178308749775 0.306975
  endloop
 endfacet
 facet normal -0.55557023302 0.831469612303 0
  outer loop
   vertex -0.0965 0.16714290293 0.2861875
   vertex -0.117490955799 0.153117194676 0.2861875
   vertex -0.117490955799 0.153117194676 0.306975
  endloop
 endfacet
 facet normal -0.55557023302 0.831469612303 0
  outer loop
   vertex -0.0965 0.16714290293 0.2861875
   vertex -0.117490955799 0.153117194676 0.306975
   vertex -0.0965 0.16714290293 0.306975
  endloop
 endfacet
 facet normal -0.6593458151 0.751839807479 0
  outer loop
   vertex -0.117490955799 0.153117194676 0.2861875
   vertex -0.136471608769 0.136471608769 0.2861875
   vertex -0.136471608769 0.136471608769 0.306975
  endloop
 endfacet
 facet normal -0.6593458151 0.751839807479 0
  outer loop
   vertex -0.117490955799 0.153117194676 0.2861875
   vertex -0.136471608769 0.136471608769 0.306975
   vertex -0.117490955799 0.153117194676 0.306975
  endloop
 endfacet
 facet normal -0.751839807479 0.6593458151 0
  outer loop
   vertex -0.136471608769 0.136471608769 0.2861875
   vertex -0.153117194676 0.117490955799 0.2861875
   vertex -0.153117194676 0.117490955799 0.306975
  endloop
 endfacet
 facet normal -0.751839807479 0.6593458151 0
  outer loop
   vertex -0.136471608769 0.136471608769 0.2861875
   vertex -0.153117194676 0.117490955799 0.306975
   vertex -0.136471608769 0.136471608769 0.306975
  endloop
 endfacet
 facet normal -0.831469612303 0.55557023302 0
  outer loop
   vertex -0.153117194676 0.117490955799 0.2861875
   vertex -0.16714290293 0.0965 0.2861875
   vertex -0.16714290293 0.0965 0.306975
  endloop
 endfacet
 facet normal -0.831469612303 0.55557023302 0
  outer loop
   vertex -0.153117194676 0.117490955799 0.2861875
   vertex -0.16714290293 0.0965 0.306975
   vertex -0.153117194676 0.117490955799 0.306975
  endloop
 endfacet
 facet normal -0.896872741533 0.442288690219 0
  outer loop
   vertex -0.16714290293 0.0965 0.2861875
   vertex -0.178308749775 0.0738579024465 0.2861875
   vertex -0.178308749775 0.0738579024465 0.306975
  endloop
 endfacet
 facet normal -0.896872741533 0.442288690219 0
  outer loop
   vertex -0.16714290293 0.0965 0.2861875
   vertex -0.178308749775 0.0738579024465 0.306975
   vertex -0.16714290293 0.0965 0.306975
  endloop
 endfacet
 facet normal -0.946930129495 0.321439465303 0
  outer loop
   vertex -0.178308749775 0.0738579024465 0.2861875
   vertex -0.186423684474 0.0499520757048 0.2861875
   vertex -0.186423684474 0.0499520757048 0.306975
  endloop
 endfacet
 facet normal -0.946930129495 0.321439465303 0
  outer loop
   vertex -0.178308749775 0.0738579024465 0.2861875
   vertex -0.186423684474 0.0499520757048 0.306975
   vertex -0.178308749775 0.0738579024465 0.306975
  endloop
 endfacet
 facet normal -0.980785280403 0.195090322016 0
  outer loop
   vertex -0.186423684474 0.0499520757048 0.2861875
   vertex -0.191348858245 0.0251915550985 0.2861875
   vertex -0.191348858245 0.0251915550985 0.306975
  endloop
 endfacet
 facet normal -0.980785280403 0.195090322016 0
  outer loop
   vertex -0.186423684474 0.0499520757048 0.2861875
   vertex -0.191348858245 0.0251915550985 0.306975
   vertex -0.186423684474 0.0499520757048 0.306975
  endloop
 endfacet
 facet normal -0.997858923239 0.0654031292301 0
  outer loop
   vertex -0.191348858245 0.0251915550985 0.2861875
   vertex -0.193 2.36356832235e-17 0.2861875
   vertex -0.193 2.36356832235e-17 0.306975
  endloop
 endfacet
 facet normal -0.997858923239 0.0654031292301 0
  outer loop
   vertex -0.191348858245 0.0251915550985 0.2861875
   vertex -0.193 2.36356832235e-17 0.306975
   vertex -0.191348858245 0.0251915550985 0.306975
  endloop
 endfacet
 facet normal -0.997858923239 -0.0654031292301 0
  outer loop
   vertex -0.193 2.36356832235e-17 0.2861875
   vertex -0.191348858245 -0.0251915550985 0.2861875
   vertex -0.191348858245 -0.0251915550985 0.306975
  endloop
 endfacet
 facet normal -0.997858923239 -0.0654031292301 0
  outer loop
   vertex -0.193 2.36356832235e-17 0.2861875
   vertex -0.191348858245 -0.0251915550985 0.306975
   vertex -0.193 2.36356832235e-17 0.306975
  endloop
 endfacet
 facet normal -0.980785280403 -0.195090322016 0
  outer loop
   vertex -0.191348858245 -0.0251915550985 0.2861875
   vertex -0.186423684474 -0.0499520757048 0.2861875
   vertex -0.186423684474 -0.0499520757048 0.306975
  endloop
 endfacet
 facet normal -0.980785280403 -0.195090322016 0
  outer loop
   vertex -0.191348858245 -0.0251915550985 0.2861875
   vertex -0.186423684474 -0.0499520757048 0.306975
   vertex -0.191348858245 -0.0251915550985 0.306975
  endloop
 endfacet
 facet normal -0.946930129495 -0.321439465303 0
  outer loop
   vertex -0.186423684474 -0.0499520757048 0.2861875
   vertex -0.178308749775 -0.0738579024465 0.2861875
   vertex -0.178308749775 -0.0738579024465 0.306975
  endloop
 endfacet
 facet normal -0.946930129495 -0.321439465303 0
  outer loop
   vertex -0.186423684474 -0.0499520757048 0.2861875
   vertex -0.178308749775 -0.0738579024465 0.306975
   vertex -0.186423684474 -0.0499520757048 0.306975
  endloop
 endfacet
 facet normal -0.896872741533 -0.442288690219 0
  outer loop
   vertex -0.178308749775 -0.0738579024465 0.2861875
   vertex -0.16714290293 -0.0965 0.2861875
   vertex -0.16714290293 -0.0965 0.306975
  endloop
 endfacet
 facet normal -0.896872741533 -0.442288690219 0
  outer loop
   vertex -0.178308749775 -0.0738579024465 0.2861875
   vertex -0.16714290293 -0.0965 0.306975
   vertex -0.178308749775 -0.0738579024465 0.306975
  endloop
 endfacet
 facet normal -0.831469612303 -0.55557023302 0
  outer loop
   vertex -0.16714290293 -0.0965 0.2861875
   vertex -0.153117194676 -0.117490955799 0.2861875
   vertex -0.153117194676 -0.117490955799 0.306975
  endloop
 endfacet
 facet normal -0.831469612303 -0.55557023302 0
  outer loop
   vertex -0.16714290293 -0.0965 0.2861875
   vertex -0.153117194676 -0.117490955799 0.306975
   vertex -0.16714290293 -0.0965 0.306975
  endloop
 endfacet
 facet normal -0.751839807479 -0.6593458151 0
  outer loop
   vertex -0.153117194676 -0.117490955799 0.2861875
   vertex -0.136471608769 -0.136471608769 0.2861875
   vertex -0.136471608769 -0.136471608769 0.306975
  endloop
 endfacet
 facet normal -0.751839807479 -0.6593458151 0
  outer loop
   vertex -0.153117194676 -0.117490955799 0.2861875
   vertex -0.136471608769 -0.136471608769 0.306975
   vertex -0.153117194676 -0.117490955799 0.306975
  endloop
 endfacet
 facet normal -0.6593458151 -0.751839807479 0
  outer loop
   vertex -0.136471608769 -0.136471608769 0.2861875
   vertex -0.117490955799 -0.153117194676 0.2861875
   vertex -0.117490955799 -0.153117194676 0.306975
  endloop
 endfacet
 facet normal -0.6593458151 -0.751839807479 0
  outer loop
   vertex -0.136471608769 -0.136471608769 0.2861875
   vertex -0.117490955799 -0.153117194676 0.306975
   vertex -0.136471608769 -0.136471608769 0.306975
  endloop
 endfacet
 facet normal -0.55557023302 -0.831469612303 0
  outer loop
   vertex -0.117490955799 -0.153117194676 0.2861875
   vertex -0.0965 -0.16714290293 0.2861875
   vertex -0.0965 -0.16714290293 0.306975
  endloop
 endfacet
 facet normal -0.55557023302 -0.831469612303 0
  outer loop
   vertex -0.117490955799 -0.153117194676 0.2861875
   vertex -0.0965 -0.16714290293 0.306975
   vertex -0.117490955799 -0.153117194676 0.306975
  endloop
 endfacet
 facet normal -0.442288690219 -0.896872741533 0
  outer loop
   vertex -0.0965 -0.16714290293 0.2861875
   vertex -0.0738579024465 -0.178308749775 0.2861875
   vertex -0.0738579024465 -0.178308749775 0.306975
  endloop
 endfacet
 facet normal -0.442288690219 -0.896872741533 0
  outer loop
   vertex -0.0965 -0.16714290293 0.2861875
   vertex -0.0738579024465 -0.178308749775 0.306975
   vertex -0.0965 -0.16714290293 0.306975
  endloop
 endfacet
 facet normal -0.321439465303 -0.946930129495 0
  outer loop
   vertex -0.0738579024465 -0.178308749775 0.2861875
   vertex -0.0499520757048 -0.186423684474 0.2861875
   vertex -0.0499520757048 -0.186423684474 0.306975
  endloop
 endfacet
 facet normal -0.321439465303 -0.946930129495 0
  outer loop
   vertex -0.0738579024465 -0.178308749775 0.2861875
   vertex -0.0499520757048 -0.186423684474 0.306975
   vertex -0.0738579024465 -0.178308749775 0.306975
  endloop
 endfacet
 facet normal -0.195090322016 -0.980785280403 0
  outer loop
   vertex -0.0499520757048 -0.186423684474 0.2861875
   vertex -0.0251915550985 -0.191348858245 0.2861875
   vertex -0.0251915550985 -0.191348858245 0.306975
  endloop
 endfacet
 facet normal -0.195090322016 -0.980785280403 0
  outer loop
   vertex -0.0499520757048 -0.186423684474 0.2861875
   vertex -0.0251915550985 -0.191348858245 0.306975
   vertex -0.0499520757048 -0.186423684474 0.306975
  endloop
 endfacet
 facet normal -0.0654031292301 -0.997858923239 0
  outer loop
   vertex -0.0251915550985 -0.191348858245 0.2861875
   vertex -3.54535248353e-17 -0.193 0.2861875
   vertex -3.54535248353e-17 -0.193 0.306975
  endloop
 endfacet
 facet normal -0.0654031292301 -0.997858923239 0
  outer loop
   vertex -0.0251915550985 -0.191348858245 0.2861875
   vertex -3.54535248353e-17 -0.193 0.306975
   vertex -0.0251915550985 -0.191348858245 0.306975
  endloop
 endfacet
 facet normal 0.0654031292301 -0.997858923239 0
  outer loop
   vertex -3.54535248353e-17 -0.193 0.2861875
   vertex 0.0251915550985 -0.191348858245 0.2861875
   vertex 0.0251915550985 -0.191348858245 0.306975
  endloop
 endfacet
 facet normal 0.0654031292301 -0.997858923239 0
  outer loop
   vertex -3.54535248353e-17 -0.193 0.2861875
   vertex 0.0251915550985 -0.191348858245 0.306975
   vertex -3.54535248353e-17 -0.193 0.306975
  endloop
 endfacet
 facet normal 0.195090322016 -0.980785280403 0
  outer loop
   vertex 0.0251915550985 -0.191348858245 0.2861875
   vertex 0.0499520757048 -0.186423684474 0.2861875
   vertex 0.0499520757048 -0.186423684474 0.306975
  endloop
 endfacet
 facet normal 0.195090322016 -0.980785280403 0
  outer loop
   vertex 0.0251915550985 -0.191348858245 0.2861875
   vertex 0.0499520757048 -0.186423684474 0.306975
   vertex 0.0251915550985 -0.191348858245 0.306975
  endloop
 endfacet
 facet normal 0.321439465303 -0.946930129495 0
  outer loop
   vertex 0.0499520757048 -0.186423684474 0.2861875
   vertex 0.0738579024465 -0.178308749775 0.2861875
   vertex 0.0738579024465 -0.178308749775 0.306975
  endloop
 endfacet
 facet normal 0.321439465303 -0.946930129495 0
  outer loop
   vertex 0.0499520757048 -0.186423684474 0.2861875
   vertex 0.0738579024465 -0.178308749775 0.306975
   vertex 0.0499520757048 -0.186423684474 0.306975
  endloop
 endfacet
 facet normal 0.442288690219 -0.896872741533 0
  outer loop
   vertex 0.0738579024465 -0.178308749775 0.2861875
   vertex 0.0965 -0.16714290293 0.2861875
   vertex 0.0965 -0.16714290293 0.306975
  endloop
 endfacet
 facet normal 0.442288690219 -0.896872741533 0
  outer loop
   vertex 0.0738579024465 -0.178308749775 0.2861875
   vertex 0.0965 -0.16714290293 0.306975
   vertex 0.0738579024465 -0.178308749775 0.306975
  endloop
 endfacet
 facet normal 0.55557023302 -0.831469612303 0
  outer loop
   vertex 0.0965 -0.16714290293 0.2861875
   vertex 0.117490955799 -0.153117194676 0.2861875
   vertex 0.117490955799 -0.153117194676 0.306975
  endloop
 endfacet
 facet normal 0.55557023302 -0.831469612303 0
  outer loop
   vertex 0.0965 -0.16714290293 0.2861875
   vertex 0.117490955799 -0.153117194676 0.306975
   vertex 0.0965 -0.16714290293 0.306975
  endloop
 endfacet
 facet normal 0.6593458151 -0.751839807479 0
  outer loop
   vertex 0.117490955799 -0.153117194676 0.2861875
   vertex 0.136471608769 -0.136471608769 0.2861875
   vertex 0.136471608769 -0.136471608769 0.306975
  endloop
 endfacet
 facet normal 0.6593458151 -0.751839807479 0
  outer loop
   vertex 0.117490955799 -0.153117194676 0.2861875
   vertex 0.136471608769 -0.136471608769 0.306975
   vertex 0.117490955799 -0.153117194676 0.306975
  endloop
 endfacet
 facet normal 0.751839807479 -0.6593458151 0
  outer loop
   vertex 0.136471608769 -0.136471608769 0.2861875
   vertex 0.153117194676 -0.117490955799 0.2861875
   vertex 0.153117194676 -0.117490955799 0.306975
  endloop
 endfacet
 facet normal 0.751839807479 -0.6593458151 0
  outer loop
   vertex 0.136471608769 -0.136471608769 0.2861875
   vertex 0.153117194676 -0.117490955799 0.306975
   vertex 0.136471608769 -0.136471608769 0.306975
  endloop
 endfacet
 facet normal 0.831469612303 -0.55557023302 0
  outer loop
   vertex 0.153117194676 -0.117490955799 0.2861875
   vertex 0.16714290293 -0.0965 0.2861875
   vertex 0.16714290293 -0.0965 0.306975
  endloop
 endfacet
 facet normal 0.831469612303 -0.55557023302 0
  outer loop
   vertex 0.153117194676 -0.117490955799 0.2861875
   vertex 0.16714290293 -0.0965 0.306975
   vertex 0.153117194676 -0.117490955799 0.306975
  endloop
 endfacet
 facet normal 0.896872741533 -0.442288690219 0
  outer loop
   vertex 0.16714290293 -0.0965 0.2861875
   vertex 0.178308749775 -0.0738579024465 0.2861875
   vertex 0.178308749775 -0.0738579024465 0.306975
  endloop
 endfacet
 facet normal 0.896872741533 -0.442288690219 0
  outer loop
   vertex 0.16714290293 -0.0965 0.2861875
   vertex 0.178308749775 -0.0738579024465 0.306975
   vertex 0.16714290293 -0.0965 0.306975
  endloop
 endfacet
 facet normal 0.946930129495 -0.321439465303 0
  outer loop
   vertex 0.178308749775 -0.0738579024465 0.2861875
   vertex 0.186423684474 -0.0499520757048 0.2861875
   vertex 0.186423684474 -0.0499520757048 0.306975
  endloop
 endfacet
 facet normal 0.946930129495 -0.321439465303 0
  outer loop
   vertex 0.178308749775 -0.0738579024465 0.2861875
   vertex 0.186423684474 -0.0499520757048 0.306975
   vertex 0.178308749775 -0.0738579024465 0.306975
  endloop
 endfacet
 facet normal 0.980785280403 -0.195090322016 0
  outer loop
   vertex 0.186423684474 -0.0499520757048 0.2861875
   vertex 0.191348858245 -0.0251915550985 0.2861875
   vertex 0.191348858245 -0.0251915550985 0.306975
  endloop
 endfacet
 facet normal 0.980785280403 -0.195090322016 0
  outer loop
   vertex 0.186423684474 -0.0499520757048 0.2861875
   vertex 0.191348858245 -0.0251915550985 0.306975
   vertex 0.186423684474 -0.0499520757048 0.306975
  endloop
 endfacet
 facet normal 0.997858923239 -0.0654031292301 0
  outer loop
   vertex 0.191348858245 -0.0251915550985 0.2861875
   vertex 0.193 0 0.2861875
   vertex 0.193 0 0.306975
  endloop
 endfacet
 facet normal 0.997858923239 -0.0654031292301 0
  outer loop
   vertex 0.191348858245 -0.0251915550985 0.2861875
   vertex 0.193 0 0.306975
   vertex 0.191348858245 -0.0251915550985 0.306975
  endloop
 endfacet
 facet normal 0.997858923239 0.0654031292301 0
  outer loop
   vertex 0.193 0 0.306975
   vertex 0.191348858245 0.0251915550985 0.306975
   vertex 0.191348858245 0.0251915550985 0.3277625
  endloop
 endfacet
 facet normal 0.997858923239 0.0654031292301 -0
  outer loop
   vertex 0.193 0 0.306975
   vertex 0.191348858245 0.0251915550985 0.3277625
   vertex 0.193 0 0.3277625
  endloop
 endfacet
 facet normal 0.980785280403 0.195090322016 0
  outer loop
   vertex 0.191348858245 0.0251915550985 0.306975
   vertex 0.186423684474 0.0499520757048 0.306975
   vertex 0.186423684474 0.0499520757048 0.3277625
  endloop
 endfacet
 facet normal 0.980785280403 0.195090322016 -0
  outer loop
   vertex 0.191348858245 0.0251915550985 0.306975
   vertex 0.186423684474 0.0499520757048 0.3277625
   vertex 0.191348858245 0.0251915550985 0.3277625
  endloop
 endfacet
 facet normal 0.946930129495 0.321439465303 0
  outer loop
   vertex 0.186423684474 0.0499520757048 0.306975
   vertex 0.178308749775 0.0738579024465 0.306975
   vertex 0.178308749775 0.0738579024465 0.3277625
  endloop
 endfacet
 facet normal 0.946930129495 0.321439465303 -0
  outer loop
   vertex 0.186423684474 0.0499520757048 0.306975
   vertex 0.178308749775 0.0738579024465 0.3277625
   vertex 0.186423684474 0.0499520757048 0.3277625
  endloop
 endfacet
 facet normal 0.896872741533 0.442288690219 0
  outer loop
   vertex 0.178308749775 0.0738579024465 0.306975
   vertex 0.16714290293 0.0965 0.306975
   vertex 0.16714290293 0.0965 0.3277625
  endloop
 endfacet
 facet normal 0.896872741533 0.442288690219 -0
  outer loop
   vertex 0.178308749775 0.0738579024465 0.306975
   vertex 0.16714290293 0.0965 0.3277625
   vertex 0.178308749775 0.0738579024465 0.3277625
  endloop
 endfacet
 facet normal 0.831469612303 0.55557023302 0
  outer loop
   vertex 0.16714290293 0.0965 0.306975
   vertex 0.153117194676 0.117490955799 0.306975
   vertex 0.153117194676 0.117490955799 0.3277625
  endloop
 endfacet
 facet normal 0.831469612303 0.55557023302 -0
  outer loop
   vertex 0.16714290293 0.0965 0.306975
   vertex 0.153117194676 0.117490955799 0.3277625
   vertex 0.16714290293 0.0965 0.3277625
  endloop
 endfacet
 facet normal 0.751839807479 0.6593458151 0
  outer loop
   vertex 0.153117194676 0.117490955799 0.306975
   vertex 0.136471608769 0.136471608769 0.306975
   vertex 0.136471608769 0.136471608769 0.3277625
  endloop
 endfacet
 facet normal 0.751839807479 0.6593458151 -0
  outer loop
   vertex 0.153117194676 0.117490955799 0.306975
   vertex 0.136471608769 0.136471608769 0.3277625
   vertex 0.153117194676 0.117490955799 0.3277625
  endloop
 endfacet
 facet normal 0.6593458151 0.751839807479 0
  outer loop
   vertex 0.136471608769 0.136471608769 0.306975
   vertex 0.117490955799 0.153117194676 0.306975
   vertex 0.117490955799 0.153117194676 0.3277625
  endloop
 endfacet
 facet normal 0.6593458151 0.751839807479 -0
  outer loop
   vertex 0.136471608769 0.136471608769 0.306975
   vertex 0.117490955799 0.153117194676 0.3277625
   vertex 0.136471608769 0.136471608769 0.3277625
  endloop
 endfacet
 facet normal 0.55557023302 0.831469612303 0
  outer loop
   vertex 0.117490955799 0.153117194676 0.306975
   vertex 0.0965 0.16714290293 0.306975
   vertex 0.0965 0.16714290293 0.3277625
  endloop
 endfacet
 facet normal 0.55557023302 0.831469612303 -0
  outer loop
   vertex 0.117490955799 0.153117194676 0.306975
   vertex 0.0965 0.16714290293 0.3277625
   vertex 0.117490955799 0.153117194676 0.3277625
  endloop
 endfacet
 facet normal 0.442288690219 0.896872741533 0
  outer loop
   vertex 0.0965 0.16714290293 0.306975
   vertex 0.0738579024465 0.178308749775 0.306975
   vertex 0.0738579024465 0.178308749775 0.3277625
  endloop
 endfacet
 facet normal 0.442288690219 0.896872741533 -0
  outer loop
   vertex 0.0965 0.16714290293 0.306975
   vertex 0.0738579024465 0.178308749775 0.3277625
   vertex 0.0965 0.16714290293 0.3277625
  endloop
 endfacet
 facet normal 0.321439465303 0.946930129495 0
  outer loop
   vertex 0.0738579024465 0.178308749775 0.306975
   vertex 0.0499520757048 0.186423684474 0.306975
   vertex 0.0499520757048 0.186423684474 0.3277625
  endloop
 endfacet
 facet normal 0.321439465303 0.946930129495 -0
  outer loop
   vertex 0.0738579024465 0.178308749775 0.306975
   vertex 0.0499520757048 0.186423684474 0.3277625
   vertex 0.0738579024465 0.178308749775 0.3277625
  endloop
 endfacet
 facet normal 0.195090322016 0.980785280403 0
  outer loop
   vertex 0.0499520757048 0.186423684474 0.306975
   vertex 0.0251915550985 0.191348858245 0.306975
   vertex 0.0251915550985 0.191348858245 0.3277625
  endloop
 endfacet
 facet normal 0.195090322016 0.980785280403 -0
  outer loop
   vertex 0.0499520757048 0.186423684474 0.306975
   vertex 0.0251915550985 0.191348858245 0.3277625
   vertex 0.0499520757048 0.186423684474 0.3277625
  endloop
 endfacet
 facet normal 0.0654031292301 0.997858923239 0
  outer loop
   vertex 0.0251915550985 0.191348858245 0.306975
   vertex 1.18178416118e-17 0.193 0.306975
   vertex 1.18178416118e-17 0.193 0.3277625
  endloop
 endfacet
 facet normal 0.0654031292301 0.997858923239 -0
  outer loop
   vertex 0.0251915550985 0.191348858245 0.306975
   vertex 1.18178416118e-17 0.193 0.3277625
   vertex 0.0251915550985 0.191348858245 0.3277625
  endloop
 endfacet
 facet normal -0.0654031292301 0.997858923239 0
  outer loop
   vertex 1.18178416118e-17 0.193 0.306975
   vertex -0.0251915550985 0.191348858245 0.306975
   vertex -0.0251915550985 0.191348858245 0.3277625
  endloop
 endfacet
 facet normal -0.0654031292301 0.997858923239 0
  outer loop
   vertex 1.18178416118e-17 0.193 0.306975
   vertex -0.0251915550985 0.191348858245 0.3277625
   vertex 1.18178416118e-17 0.193 0.3277625
  endloop
 endfacet
 facet normal -0.195090322016 0.980785280403 0
  outer loop
   vertex -0.0251915550985 0.191348858245 0.306975
   vertex -0.0499520757048 0.186423684474 0.306975
   vertex -0.0499520757048 0.186423684474 0.3277625
  endloop
 endfacet
 facet normal -0.195090322016 0.980785280403 0
  outer loop
   vertex -0.0251915550985 0.191348858245 0.306975
   vertex -0.0499520757048 0.186423684474 0.3277625
   vertex -0.0251915550985 0.191348858245 0.3277625
  endloop
 endfacet
 facet normal -0.321439465303 0.946930129495 0
  outer loop
   vertex -0.0499520757048 0.186423684474 0.306975
   vertex -0.0738579024465 0.178308749775 0.306975
   vertex -0.0738579024465 0.178308749775 0.3277625
  endloop
 endfacet
 facet normal -0.321439465303 0.946930129495 0
  outer loop
   vertex -0.0499520757048 0.186423684474 0.306975
   vertex -0.0738579024465 0.178308749775 0.3277625
   vertex -0.0499520757048 0.186423684474 0.3277625
  endloop
 endfacet
 facet normal -0.442288690219 0.896872741533 0
  outer loop
   vertex -0.0738579024465 0.178308749775 0.306975
   vertex -0.0965 0.16714290293 0.306975
   vertex -0.0965 0.16714290293 0.3277625
  endloop
 endfacet
 facet normal -0.442288690219 0.896872741533 0
  outer loop
   vertex -0.0738579024465 0.178308749775 0.306975
   vertex -0.0965 0.16714290293 0.3277625
   vertex -0.0738579024465 0.178308749775 0.3277625
  endloop
 endfacet
 facet normal -0.55557023302 0.831469612303 0
  outer loop
   vertex -0.0965 0.16714290293 0.306975
   vertex -0.117490955799 0.153117194676 0.306975
   vertex -0.117490955799 0.153117194676 0.3277625
  endloop
 endfacet
 facet normal -0.55557023302 0.831469612303 0
  outer loop
   vertex -0.0965 0.16714290293 0.306975
   vertex -0.117490955799 0.153117194676 0.3277625
   vertex -0.0965 0.16714290293 0.3277625
  endloop
 endfacet
 facet normal -0.6593458151 0.751839807479 0
  outer loop
   vertex -0.117490955799 0.153117194676 0.306975
   vertex -0.136471608769 0.136471608769 0.306975
   vertex -0.136471608769 0.136471608769 0.3277625
  endloop
 endfacet
 facet normal -0.6593458151 0.751839807479 0
  outer loop
   vertex -0.117490955799 0.153117194676 0.306975
   vertex -0.136471608769 0.136471608769 0.3277625
   vertex -0.117490955799 0.153117194676 0.3277625
  endloop
 endfacet
 facet normal -0.751839807479 0.6593458151 0
  outer loop
   vertex -0.136471608769 0.136471608769 0.306975
   vertex -0.153117194676 0.117490955799 0.306975
   vertex -0.153117194676 0.117490955799 0.3277625
  endloop
 endfacet
 facet normal -0.751839807479 0.6593458151 0
  outer loop
   vertex -0.136471608769 0.136471608769 0.306975
   vertex -0.153117194676 0.117490955799 0.3277625
   vertex -0.136471608769 0.136471608769 0.3277625
  endloop
 endfacet
 facet normal -0.831469612303 0.55557023302 0
  outer loop
   vertex -0.153117194676 0.117490955799 0.306975
   vertex -0.16714290293 0.0965 0.306975
   vertex -0.16714290293 0.0965 0.3277625
  endloop
 endfacet
 facet normal -0.831469612303 0.55557023302 0
  outer loop
   vertex -0.153117194676 0.117490955799 0.306975
   vertex -0.16714290293 0.0965 0.3277625
   vertex -0.153117194676 0.117490955799 0.3277625
  endloop
 endfacet
 facet normal -0.896872741533 0.442288690219 0
  outer loop
   vertex -0.16714290293 0.0965 0.306975
   vertex -0.178308749775 0.0738579024465 0.306975
   vertex -0.178308749775 0.0738579024465 0.3277625
  endloop
 endfacet
 facet normal -0.896872741533 0.442288690219 0
  outer loop
   vertex -0.16714290293 0.0965 0.306975
   vertex -0.178308749775 0.0738579024465 0.3277625
   vertex -0.16714290293 0.0965 0.3277625
  endloop
 endfacet
 facet normal -0.946930129495 0.321439465303 0
  outer loop
   vertex -0.178308749775 0.0738579024465 0.306975
   vertex -0.186423684474 0.0499520757048 0.306975
   vertex -0.186423684474 0.0499520757048 0.3277625
  endloop
 endfacet
 facet normal -0.946930129495 0.321439465303 0
  outer loop
   vertex -0.178308749775 0.0738579024465 0.306975
   vertex -0.186423684474 0.0499520757048 0.3277625
   vertex -0.178308749775 0.0738579024465 0.3277625
  endloop
 endfacet
 facet normal -0.980785280403 0.195090322016 0
  outer loop
   vertex -0.186423684474 0.0499520757048 0.306975
   vertex -0.191348858245 0.0251915550985 0.306975
   vertex -0.191348858245 0.0251915550985 0.3277625
  endloop
 endfacet
 facet normal -0.980785280403 0.195090322016 0
  outer loop
   vertex -0.186423684474 0.0499520757048 0.306975
   vertex -0.191348858245 0.0251915550985 0.3277625
   vertex -0.186423684474 0.0499520757048 0.3277625
  endloop
 endfacet
 facet normal -0.997858923239 0.0654031292301 0
  outer loop
   vertex -0.191348858245 0.0251915550985 0.306975
   vertex -0.193 2.36356832235e-17 0.306975
   vertex -0.193 2.36356832235e-17 0.3277625
  endloop
 endfacet
 facet normal -0.997858923239 0.0654031292301 0
  outer loop
   vertex -0.191348858245 0.0251915550985 0.306975
   vertex -0.193 2.36356832235e-17 0.3277625
   vertex -0.191348858245 0.0251915550985 0.3277625
  endloop
 endfacet
 facet normal -0.997858923239 -0.0654031292301 0
  outer loop
   vertex -0.193 2.36356832235e-17 0.306975
   vertex -0.191348858245 -0.0251915550985 0.306975
   vertex -0.191348858245 -0.0251915550985 0.3277625
  endloop
 endfacet
 facet normal -0.997858923239 -0.0654031292301 0
  outer loop
   vertex -0.193 2.36356832235e-17 0.306975
   vertex -0.191348858245 -0.0251915550985 0.3277625
   vertex -0.193 2.36356832235e-17 0.3277625
  endloop
 endfacet
 facet normal -0.980785280403 -0.195090322016 0
  outer loop
   vertex -0.191348858245 -0.0251915550985 0.306975
   vertex -0.186423684474 -0.0499520757048 0.306975
   vertex -0.186423684474 -0.0499520757048 0.3277625
  endloop
 endfacet
 facet normal -0.980785280403 -0.195090322016 0
  outer loop
   vertex -0.191348858245 -0.0251915550985 0.306975
   vertex -0.186423684474 -0.0499520757048 0.3277625
   vertex -0.191348858245 -0.0251915550985 0.3277625
  endloop
 endfacet
 facet normal -0.946930129495 -0.321439465303 0
  outer loop
   vertex -0.186423684474 -0.0499520757048 0.306975
   vertex -0.178308749775 -0.0738579024465 0.306975
   vertex -0.178308749775 -0.0738579024465 0.3277625
  endloop
 endfacet
 facet normal -0.946930129495 -0.321439465303 0
  outer loop
   vertex -0.186423684474 -0.0499520757048 0.306975
   vertex -0.178308749775 -0.0738579024465 0.3277625
   vertex -0.186423684474 -0.0499520757048 0.3277625
  endloop
 endfacet
 facet normal -0.896872741533 -0.442288690219 0
  outer loop
   vertex -0.178308749775 -0.0738579024465 0.306975
   vertex -0.16714290293 -0.0965 0.306975
   vertex -0.16714290293 -0.0965 0.3277625
  endloop
 endfacet
 facet normal -0.896872741533 -0.442288690219 0
  outer loop
   vertex -0.178308749775 -0.0738579024465 0.306975
   vertex -0.16714290293 -0.0965 0.3277625
   vertex -0.178308749775 -0.0738579024465 0.3277625
  endloop
 endfacet
 facet normal -0.831469612303 -0.55557023302 0
  outer loop
   vertex -0.16714290293 -0.0965 0.306975
   vertex -0.153117194676 -0.117490955799 0.306975
   vertex -0.153117194676 -0.117490955799 0.3277625
  endloop
 endfacet
 facet normal -0.831469612303 -0.55557023302 0
  outer loop
   vertex -0.16714290293 -0.0965 0.306975
   vertex -0.153117194676 -0.117490955799 0.3277625
   vertex -0.16714290293 -0.0965 0.3277625
  endloop
 endfacet
 facet normal -0.751839807479 -0.6593458151 0
  outer loop
   vertex -0.153117194676 -0.117490955799 0.306975
   vertex -0.136471608769 -0.136471608769 0.306975
   vertex -0.136471608769 -0.136471608769 0.3277625
  endloop
 endfacet
 facet normal -0.751839807479 -0.6593458151 0
  outer loop
   vertex -0.153117194676 -0.117490955799 0.306975
   vertex -0.136471608769 -0.136471608769 0.3277625
   vertex -0.153117194676 -0.117490955799 0.3277625
  endloop
 endfacet
 facet normal -0.6593458151 -0.751839807479 0
  outer loop
   vertex -0.136471608769 -0.136471608769 0.306975
   vertex -0.117490955799 -0.153117194676 0.306975
   vertex -0.117490955799 -0.153117194676 0.3277625
  endloop
 endfacet
 facet normal -0.6593458151 -0.751839807479 0
  outer loop
   vertex -0.136471608769 -0.136471608769 0.306975
   vertex -0.117490955799 -0.153117194676 0.3277625
   vertex -0.136471608769 -0.136471608769 0.3277625
  endloop
 endfacet
 facet normal -0.55557023302 -0.831469612303 0
  outer loop
   vertex -0.117490955799 -0.153117194676 0.306975
   vertex -0.0965 -0.16714290293 0.306975
   vertex -0.0965 -0.16714290293 0.3277625
  endloop
 endfacet
 facet normal -0.55557023302 -0.831469612303 0
  outer loop
   vertex -0.117490955799 -0.153117194676 0.306975
   vertex -0.0965 -0.16714290293 0.3277625
   vertex -0.117490955799 -0.153117194676 0.3277625
  endloop
 endfacet
 facet normal -0.442288690219 -0.896872741533 0
  outer loop
   vertex -0.0965 -0.16714290293 0.306975
   vertex -0.0738579024465 -0.178308749775 0.306975
   vertex -0.0738579024465 -0.178308749775 0.3277625
  endloop
 endfacet
 facet normal -0.442288690219 -0.896872741533 0
  outer loop
   vertex -0.0965 -0.16714290293 0.306975
   vertex -0.0738579024465 -0.178308749775 0.3277625
   vertex -0.0965 -0.16714290293 0.3277625
  endloop
 endfacet
 facet normal -0.321439465303 -0.946930129495 0
  outer loop
   vertex -0.0738579024465 -0.178308749775 0.306975
   vertex -0.0499520757048 -0.186423684474 0.306975
   vertex -0.0499520757048 -0.186423684474 0.3277625
  endloop
 endfacet
 facet normal -0.321439465303 -0.946930129495 0
  outer loop
   vertex -0.0738579024465 -0.178308749775 0.306975
   vertex -0.0499520757048 -0.186423684474 0.3277625
   vertex -0.0738579024465 -0.178308749775 0.3277625
  endloop
 endfacet
 facet normal -0.195090322016 -0.980785280403 0
  outer loop
   vertex -0.0499520757048 -0.186423684474 0.306975
   vertex -0.0251915550985 -0.191348858245 0.306975
   vertex -0.0251915550985 -0.191348858245 0.3277625
  endloop
 endfacet
 facet normal -0.195090322016 -0.980785280403 0
  outer loop
   vertex -0.0499520757048 -0.186423684474 0.306975
   vertex -0.0251915550985 -0.191348858245 0.3277625
   vertex -0.0499520757048 -0.186423684474 0.3277625
  endloop
 endfacet
 facet normal -0.0654031292301 -0.997858923239 0
  outer loop
   vertex -0.0251915550985 -0.191348858245 0.306975
   vertex -3.54535248353e-17 -0.193 0.306975
   vertex -3.54535248353e-17 -0.193 0.3277625
  endloop
 endfacet
 facet normal -0.0654031292301 -0.997858923239 0
  outer loop
   vertex -0.0251915550985 -0.191348858245 0.306975
   vertex -3.54535248353e-17 -0.193 0.3277625
   vertex -0.0251915550985 -0.191348858245 0.3277625
  endloop
 endfacet
 facet normal 0.0654031292301 -0.997858923239 0
  outer loop
   vertex -3.54535248353e-17 -0.193 0.306975
   vertex 0.0251915550985 -0.191348858245 0.306975
   vertex 0.0251915550985 -0.191348858245 0.3277625
  endloop
 endfacet
 facet normal 0.0654031292301 -0.997858923239 0
  outer loop
   vertex -3.54535248353e-17 -0.193 0.306975
   vertex 0.0251915550985 -0.191348858245 0.3277625
   vertex -3.54535248353e-17 -0.193 0.3277625
  endloop
 endfacet
 facet normal 0.195090322016 -0.980785280403 0
  outer loop
   vertex 0.0251915550985 -0.191348858245 0.306975
   vertex 0.0499520757048 -0.186423684474 0.306975
   vertex 0.0499520757048 -0.186423684474 0.3277625
  endloop
 endfacet
 facet normal 0.195090322016 -0.980785280403 0
  outer loop
   vertex 0.0251915550985 -0.191348858245 0.306975
   vertex 0.0499520757048 -0.186423684474 0.3277625
   vertex 0.0251915550985 -0.191348858245 0.3277625
  endloop
 endfacet
 facet normal 0.321439465303 -0.946930129495 0
  outer loop
   vertex 0.0499520757048 -0.186423684474 0.306975
   vertex 0.0738579024465 -0.178308749775 0.306975
   vertex 0.0738579024465 -0.178308749775 0.3277625
  endloop
 endfacet
 facet normal 0.321439465303 -0.946930129495 0
  outer loop
   vertex 0.0499520757048 -0.186423684474 0.306975
   vertex 0.0738579024465 -0.178308749775 0.3277625
   vertex 0.0499520757048 -0.186423684474 0.3277625
  endloop
 endfacet
 facet normal 0.442288690219 -0.896872741533 0
  outer loop
   vertex 0.0738579024465 -0.178308749775 0.306975
   vertex 0.0965 -0.16714290293 0.306975
   vertex 0.0965 -0.16714290293 0.3277625
  endloop
 endfacet
 facet normal 0.442288690219 -0.896872741533 0
  outer loop
   vertex 0.0738579024465 -0.178308749775 0.306975
   vertex 0.0965 -0.16714290293 0.3277625
   vertex 0.0738579024465 -0.178308749775 0.3277625
  endloop
 endfacet
 facet normal 0.55557023302 -0.831469612303 0
  outer loop
   vertex 0.0965 -0.16714290293 0.306975
   vertex 0.117490955799 -0.153117194676 0.306975
   vertex 0.117490955799 -0.153117194676 0.3277625
  endloop
 endfacet
 facet normal 0.55557023302 -0.831469612303 0
  outer loop
   vertex 0.0965 -0.16714290293 0.306975
   vertex 0.117490955799 -0.153117194676 0.3277625
   vertex 0.0965 -0.16714290293 0.3277625
  endloop
 endfacet
 facet normal 0.6593458151 -0.751839807479 0
  outer loop
   vertex 0.117490955799 -0.153117194676 0.306975
   vertex 0.136471608769 -0.136471608769 0.306975
   vertex 0.136471608769 -0.136471608769 0.3277625
  endloop
 endfacet
 facet normal 0.6593458151 -0.751839807479 0
  outer loop
   vertex 0.117490955799 -0.153117194676 0.306975
   vertex 0.136471608769 -0.136471608769 0.3277625
   vertex 0.117490955799 -0.153117194676 0.3277625
  endloop
 endfacet
 facet normal 0.751839807479 -0.6593458151 0
  outer loop
   vertex 0.136471608769 -0.136471608769 0.306975
   vertex 0.153117194676 -0.117490955799 0.306975
   vertex 0.153117194676 -0.117490955799 0.3277625
  endloop
 endfacet
 facet normal 0.751839807479 -0.6593458151 0
  outer loop
   vertex 0.136471608769 -0.136471608769 0.306975
   vertex 0.153117194676 -0.117490955799 0.3277625
   vertex 0.136471608769 -0.136471608769 0.3277625
  endloop
 endfacet
 facet normal 0.831469612303 -0.55557023302 0
  outer loop
   vertex 0.153117194676 -0.117490955799 0.306975
   vertex 0.16714290293 -0.0965 0.306975
   vertex 0.16714290293 -0.0965 0.3277625
  endloop
 endfacet
 facet normal 0.831469612303 -0.55557023302 0
  outer loop
   vertex 0.153117194676 -0.117490955799 0.306975
   vertex 0.16714290293 -0.0965 0.3277625
   vertex 0.153117194676 -0.117490955799 0.3277625
  endloop
 endfacet
 facet normal 0.896872741533 -0.442288690219 0
  outer loop
   vertex 0.16714290293 -0.0965 0.306975
   vertex 0.178308749775 -0.0738579024465 0.306975
   vertex 0.178308749775 -0.0738579024465 0.3277625
  endloop
 endfacet
 facet normal 0.896872741533 -0.442288690219 0
  outer loop
   vertex 0.16714290293 -0.0965 0.306975
   vertex 0.178308749775 -0.0738579024465 0.3277625
   vertex 0.16714290293 -0.0965 0.3277625
  endloop
 endfacet
 facet normal 0.946930129495 -0.321439465303 0
  outer loop
   vertex 0.178308749775 -0.0738579024465 0.306975
   vertex 0.186423684474 -0.0499520757048 0.306975
   vertex 0.186423684474 -0.0499520757048 0.3277625
  endloop
 endfacet
 facet normal 0.946930129495 -0.321439465303 0
  outer loop
   vertex 0.178308749775 -0.0738579024465 0.306975
   vertex 0.186423684474 -0.0499520757048 0.3277625
   vertex 0.178308749775 -0.0738579024465 0.3277625
  endloop
 endfacet
 facet normal 0.980785280403 -0.195090322016 0
  outer loop
   vertex 0.186423684474 -0.0499520757048 0.306975
   vertex 0.191348858245 -0.0251915550985 0.306975
   vertex 0.191348858245 -0.0251915550985 0.3277625
  endloop
 endfacet
 facet normal 0.980785280403 -0.195090322016 0
  outer loop
   vertex 0.186423684474 -0.0499520757048 0.306975
   vertex 0.191348858245 -0.0251915550985 0.3277625
   vertex 0.186423684474 -0.0499520757048 0.3277625
  endloop
 endfacet
 facet normal 0.997858923239 -0.0654031292301 0
  outer loop
   vertex 0.191348858245 -0.0251915550985 0.306975
   vertex 0.193 0 0.306975
   vertex 0.193 0 0.3277625
  endloop
 endfacet
 facet normal 0.997858923239 -0.0654031292301 0
  outer loop
   vertex 0.191348858245 -0.0251915550985 0.306975
   vertex 0.193 0 0.3277625
   vertex 0.191348858245 -0.0251915550985 0.3277625
  endloop
 endfacet
 facet normal 0.997858923239 0.0654031292301 0
  outer loop
   vertex 0.193 0 0.3277625
   vertex 0.191348858245 0.0251915550985 0.3277625
   vertex 0.191348858245 0.0251915550985 0.34855
  endloop
 endfacet
 facet normal 0.997858923239 0.0654031292301 -0
  outer loop
   vertex 0.193 0 0.3277625
   vertex 0.191348858245 0.0251915550985 0.34855
   vertex 0.193 0 0.34855
  endloop
 endfacet
 facet normal 0.980785280403 0.195090322016 0
  outer loop
   vertex 0.191348858245 0.0251915550985 0.3277625
   vertex 0.186423684474 0.0499520757048 0.3277625
   vertex 0.186423684474 0.0499520757048 0.34855
  endloop
 endfacet
 facet normal 0.980785280403 0.195090322016 -0
  outer loop
   vertex 0.191348858245 0.0251915550985 0.3277625
   vertex 0.186423684474 0.0499520757048 0.34855
   vertex 0.191348858245 0.0251915550985 0.34855
  endloop
 endfacet
 facet normal 0.946930129495 0.321439465303 0
  outer loop
   vertex 0.186423684474 0.0499520757048 0.3277625
   vertex 0.178308749775 0.0738579024465 0.3277625
   vertex 0.178308749775 0.0738579024465 0.34855
  endloop
 endfacet
 facet normal 0.946930129495 0.321439465303 -0
  outer loop
   vertex 0.186423684474 0.0499520757048 0.3277625
   vertex 0.178308749775 0.0738579024465 0.34855
   vertex 0.186423684474 0.0499520757048 0.34855
  endloop
 endfacet
 facet normal 0.896872741533 0.442288690219 0
  outer loop
   vertex 0.178308749775 0.0738579024465 0.3277625
   vertex 0.16714290293 0.0965 0.3277625
   vertex 0.16714290293 0.0965 0.34855
  endloop
 endfacet
 facet normal 0.896872741533 0.442288690219 -0
  outer loop
   vertex 0.178308749775 0.0738579024465 0.3277625
   vertex 0.16714290293 0.0965 0.34855
   vertex 0.178308749775 0.0738579024465 0.34855
  endloop
 endfacet
 facet normal 0.831469612303 0.55557023302 0
  outer loop
   vertex 0.16714290293 0.0965 0.3277625
   vertex 0.153117194676 0.117490955799 0.3277625
   vertex 0.153117194676 0.117490955799 0.34855
  endloop
 endfacet
 facet normal 0.831469612303 0.55557023302 -0
  outer loop
   vertex 0.16714290293 0.0965 0.3277625
   vertex 0.153117194676 0.117490955799 0.34855
   vertex 0.16714290293 0.0965 0.34855
  endloop
 endfacet
 facet normal 0.751839807479 0.6593458151 0
  outer loop
   vertex 0.153117194676 0.117490955799 0.3277625
   vertex 0.136471608769 0.136471608769 0.3277625
   vertex 0.136471608769 0.136471608769 0.34855
  endloop
 endfacet
 facet normal 0.751839807479 0.6593458151 -0
  outer loop
   vertex 0.153117194676 0.117490955799 0.3277625
   vertex 0.136471608769 0.136471608769 0.34855
   vertex 0.153117194676 0.117490955799 0.34855
  endloop
 endfacet
 facet normal 0.6593458151 0.751839807479 0
  outer loop
   vertex 0.136471608769 0.136471608769 0.3277625
   vertex 0.117490955799 0.153117194676 0.3277625
   vertex 0.117490955799 0.153117194676 0.34855
  endloop
 endfacet
 facet normal 0.6593458151 0.751839807479 -0
  outer loop
   vertex 0.136471608769 0.136471608769 0.3277625
   vertex 0.117490955799 0.153117194676 0.34855
   vertex 0.136471608769 0.136471608769 0.34855
  endloop
 endfacet
 facet normal 0.55557023302 0.831469612303 0
  outer loop
   vertex 0.117490955799 0.153117194676 0.3277625
   vertex 0.0965 0.16714290293 0.3277625
   vertex 0.0965 0.16714290293 0.34855
  endloop
 endfacet
 facet normal 0.55557023302 0.831469612303 -0
  outer loop
   vertex 0.117490955799 0.153117194676 0.3277625
   vertex 0.0965 0.16714290293 0.34855
   vertex 0.117490955799 0.153117194676 0.34855
  endloop
 endfacet
 facet normal 0.442288690219 0.896872741533 0
  outer loop
   vertex 0.0965 0.16714290293 0.3277625
   vertex 0.0738579024465 0.178308749775 0.3277625
   vertex 0.0738579024465 0.178308749775 0.34855
  endloop
 endfacet
 facet normal 0.442288690219 0.896872741533 -0
  outer loop
   vertex 0.0965 0.16714290293 0.3277625
   vertex 0.0738579024465 0.178308749775 0.34855
   vertex 0.0965 0.16714290293 0.34855
  endloop
 endfacet
 facet normal 0.321439465303 0.946930129495 0
  outer loop
   vertex 0.0738579024465 0.178308749775 0.3277625
   vertex 0.0499520757048 0.186423684474 0.3277625
   vertex 0.0499520757048 0.186423684474 0.34855
  endloop
 endfacet
 facet normal 0.321439465303 0.946930129495 -0
  outer loop
   vertex 0.0738579024465 0.178308749775 0.3277625
   vertex 0.0499520757048 0.186423684474 0.34855
   vertex 0.0738579024465 0.178308749775 0.34855
  endloop
 endfacet
 facet normal 0.195090322016 0.980785280403 0
  outer loop
   vertex 0.0499520757048 0.186423684474 0.3277625
   vertex 0.0251915550985 0.191348858245 0.3277625
   vertex 0.0251915550985 0.191348858245 0.34855
  endloop
 endfacet
 facet normal 0.195090322016 0.980785280403 -0
  outer loop
   vertex 0.0499520757048 0.186423684474 0.3277625
   vertex 0.0251915550985 0.191348858245 0.34855
   vertex 0.0499520757048 0.186423684474 0.34855
  endloop
 endfacet
 facet normal 0.0654031292301 0.997858923239 0
  outer loop
   vertex 0.0251915550985 0.191348858245 0.3277625
   vertex 1.18178416118e-17 0.193 0.3277625
   vertex 1.18178416118e-17 0.193 0.34855
  endloop
 endfacet
 facet normal 0.0654031292301 0.997858923239 -0
  outer loop
   vertex 0.0251915550985 0.191348858245 0.3277625
   vertex 1.18178416118e-17 0.193 0.34855
   vertex 0.0251915550985 0.191348858245 0.34855
  endloop
 endfacet
 facet normal -0.0654031292301 0.997858923239 0
  outer loop
   vertex 1.18178416118e-17 0.193 0.3277625
   vertex -0.0251915550985 0.191348858245 0.3277625
   vertex -0.0251915550985 0.191348858245 0.34855
  endloop
 endfacet
 facet normal -0.0654031292301 0.997858923239 0
  outer loop
   vertex 1.18178416118e-17 0.193 0.3277625
   vertex -0.0251915550985 0.191348858245 0.34855
   vertex 1.18178416118e-17 0.193 0.34855
  endloop
 endfacet
 facet normal -0.195090322016 0.980785280403 0
  outer loop
   vertex -0.0251915550985 0.191348858245 0.3277625
   vertex -0.0499520757048 0.186423684474 0.3277625
   vertex -0.0499520757048 0.186423684474 0.34855
  endloop
 endfacet
 facet normal -0.195090322016 0.980785280403 0
  outer loop
   vertex -0.0251915550985 0.191348858245 0.3277625
   vertex -0.0499520757048 0.186423684474 0.34855
   vertex -0.0251915550985 0.191348858245 0.34855
  endloop
 endfacet
 facet normal -0.321439465303 0.946930129495 0
  outer loop
   vertex -0.0499520757048 0.186423684474 0.3277625
   vertex -0.0738579024465 0.178308749775 0.3277625
   vertex -0.0738579024465 0.178308749775 0.34855
  endloop
 endfacet
 facet normal -0.321439465303 0.946930129495 0
  outer loop
   vertex -0.0499520757048 0.186423684474 0.3277625
   vertex -0.0738579024465 0.178308749775 0.34855
   vertex -0.0499520757048 0.186423684474 0.34855
  endloop
 endfacet
 facet normal -0.442288690219 0.896872741533 0
  outer loop
   vertex -0.0738579024465 0.178308749775 0.3277625
   vertex -0.0965 0.16714290293 0.3277625
   vertex -0.0965 0.16714290293 0.34855
  endloop
 endfacet
 facet normal -0.442288690219 0.896872741533 0
  outer loop
   vertex -0.0738579024465 0.178308749775 0.3277625
   vertex -0.0965 0.16714290293 0.34855
   vertex -0.0738579024465 0.178308749775 0.34855
  endloop
 endfacet
 facet normal -0.55557023302 0.831469612303 0
  outer loop
   vertex -0.0965 0.16714290293 0.3277625
   vertex -0.117490955799 0.153117194676 0.3277625
   vertex -0.117490955799 0.153117194676 0.34855
  endloop
 endfacet
 facet normal -0.55557023302 0.831469612303 0
  outer loop
   vertex -0.0965 0.16714290293 0.3277625
   vertex -0.117490955799 0.153117194676 0.34855
   vertex -0.0965 0.16714290293 0.34855
  endloop
 endfacet
 facet normal -0.6593458151 0.751839807479 0
  outer loop
   vertex -0.117490955799 0.153117194676 0.3277625
   vertex -0.136471608769 0.136471608769 0.3277625
   vertex -0.136471608769 0.136471608769 0.34855
  endloop
 endfacet
 facet normal -0.6593458151 0.751839807479 0
  outer loop
   vertex -0.117490955799 0.153117194676 0.3277625
   vertex -0.136471608769 0.136471608769 0.34855
   vertex -0.117490955799 0.153117194676 0.34855
  endloop
 endfacet
 facet normal -0.751839807479 0.6593458151 0
  outer loop
   vertex -0.136471608769 0.136471608769 0.3277625
   vertex -0.153117194676 0.117490955799 0.3277625
   vertex -0.153117194676 0.117490955799 0.34855
  endloop
 endfacet
 facet normal -0.751839807479 0.6593458151 0
  outer loop
   vertex -0.136471608769 0.136471608769 0.3277625
   vertex -0.153117194676 0.117490955799 0.34855
   vertex -0.136471608769 0.136471608769 0.34855
  endloop
 endfacet
 facet normal -0.831469612303 0.55557023302 0
  outer loop
   vertex -0.153117194676 0.117490955799 0.3277625
   vertex -0.16714290293 0.0965 0.3277625
   vertex -0.16714290293 0.0965 0.34855
  endloop
 endfacet
 facet normal -0.831469612303 0.55557023302 0
  outer loop
   vertex -0.153117194676 0.117490955799 0.3277625
   vertex -0.16714290293 0.0965 0.34855
   vertex -0.153117194676 0.117490955799 0.34855
  endloop
 endfacet
 facet normal -0.896872741533 0.442288690219 0
  outer loop
   vertex -0.16714290293 0.0965 0.3277625
   vertex -0.178308749775 0.0738579024465 0.3277625
   vertex -0.178308749775 0.0738579024465 0.34855
  endloop
 endfacet
 facet normal -0.896872741533 0.442288690219 0
  outer loop
   vertex -0.16714290293 0.0965 0.3277625
   vertex -0.178308749775 0.0738579024465 0.34855
   vertex -0.16714290293 0.0965 0.34855
  endloop
 endfacet
 facet normal -0.946930129495 0.321439465303 0
  outer loop
   vertex -0.178308749775 0.0738579024465 0.3277625
   vertex -0.186423684474 0.0499520757048 0.3277625
   vertex -0.186423684474 0.0499520757048 0.34855
  endloop
 endfacet
 facet normal -0.946930129495 0.321439465303 0
  outer loop
   vertex -0.178308749775 0.0738579024465 0.3277625
   vertex -0.186423684474 0.0499520757048 0.34855
   vertex -0.178308749775 0.0738579024465 0.34855
  endloop
 endfacet
 facet normal -0.980785280403 0.195090322016 0
  outer loop
   vertex -0.186423684474 0.0499520757048 0.3277625
   vertex -0.191348858245 0.0251915550985 0.3277625
   vertex -0.191348858245 0.0251915550985 0.34855
  endloop
 endfacet
 facet normal -0.980785280403 0.195090322016 0
  outer loop
   vertex -0.186423684474 0.0499520757048 0.3277625
   vertex -0.191348858245 0.0251915550985 0.34855
   vertex -0.186423684474 0.0499520757048 0.34855
  endloop
 endfacet
 facet normal -0.997858923239 0.0654031292301 0
  outer loop
   vertex -0.191348858245 0.0251915550985 0.3277625
   vertex -0.193 2.36356832235e-17 0.3277625
   vertex -0.193 2.36356832235e-17 0.34855
  endloop
 endfacet
 facet normal -0.997858923239 0.0654031292301 0
  outer loop
   vertex -0.191348858245 0.0251915550985 0.3277625
   vertex -0.193 2.36356832235e-17 0.34855
   vertex -0.191348858245 0.0251915550985 0.34855
  endloop
 endfacet
 facet normal -0.997858923239 -0.0654031292301 0
  outer loop
   vertex -0.193 2.36356832235e-17 0.3277625
   vertex -0.191348858245 -0.0251915550985 0.3277625
   vertex -0.191348858245 -0.0251915550985 0.34855
  endloop
 endfacet
 facet normal -0.997858923239 -0.0654031292301 0
  outer loop
   vertex -0.193 2.36356832235e-17 0.3277625
   vertex -0.191348858245 -0.0251915550985 0.34855
   vertex -0.193 2.36356832235e-17 0.34855
  endloop
 endfacet
 facet normal -0.980785280403 -0.195090322016 0
  outer loop
   vertex -0.191348858245 -0.0251915550985 0.3277625
   vertex -0.186423684474 -0.0499520757048 0.3277625
   vertex -0.186423684474 -0.0499520757048 0.34855
  endloop
 endfacet
 facet normal -0.980785280403 -0.195090322016 0
  outer loop
   vertex -0.191348858245 -0.0251915550985 0.3277625
   vertex -0.186423684474 -0.0499520757048 0.34855
   vertex -0.191348858245 -0.0251915550985 0.34855
  endloop
 endfacet
 facet normal -0.946930129495 -0.321439465303 0
  outer loop
   vertex -0.186423684474 -0.0499520757048 0.3277625
   vertex -0.178308749775 -0.0738579024465 0.3277625
   vertex -0.178308749775 -0.0738579024465 0.34855
  endloop
 endfacet
 facet normal -0.946930129495 -0.321439465303 0
  outer loop
   vertex -0.186423684474 -0.0499520757048 0.3277625
   vertex -0.178308749775 -0.0738579024465 0.34855
   vertex -0.186423684474 -0.0499520757048 0.34855
  endloop
 endfacet
 facet normal -0.896872741533 -0.442288690219 0
  outer loop
   vertex -0.178308749775 -0.0738579024465 0.3277625
   vertex -0.16714290293 -0.0965 0.3277625
   vertex -0.16714290293 -0.0965 0.34855
  endloop
 endfacet
 facet normal -0.896872741533 -0.442288690219 0
  outer loop
   vertex -0.178308749775 -0.0738579024465 0.3277625
   vertex -0.16714290293 -0.0965 0.34855
   vertex -0.178308749775 -0.0738579024465 0.34855
  endloop
 endfacet
 facet normal -0.831469612303 -0.55557023302 0
  outer loop
   vertex -0.16714290293 -0.0965 0.3277625
   vertex -0.153117194676 -0.117490955799 0.3277625
   vertex -0.153117194676 -0.117490955799 0.34855
  endloop
 endfacet
 facet normal -0.831469612303 -0.55557023302 0
  outer loop
   vertex -0.16714290293 -0.0965 0.3277625
   vertex -0.153117194676 -0.117490955799 0.34855
   vertex -0.16714290293 -0.0965 0.34855
  endloop
 endfacet
 facet normal -0.751839807479 -0.6593458151 0
  outer loop
   vertex -0.153117194676 -0.117490955799 0.3277625
   vertex -0.136471608769 -0.136471608769 0.3277625
   vertex -0.136471608769 -0.136471608769 0.34855
  endloop
 endfacet
 facet normal -0.751839807479 -0.6593458151 0
  outer loop
   vertex -0.153117194676 -0.117490955799 0.3277625
   vertex -0.136471608769 -0.136471608769 0.34855
   vertex -0.153117194676 -0.117490955799 0.34855
  endloop
 endfacet
 facet normal -0.6593458151 -0.751839807479 0
  outer loop
   vertex -0.136471608769 -0.136471608769 0.3277625
   vertex -0.117490955799 -0.153117194676 0.3277625
   vertex -0.117490955799 -0.153117194676 0.34855
  endloop
 endfacet
 facet normal -0.6593458151 -0.751839807479 0
  outer loop
   vertex -0.136471608769 -0.136471608769 0.3277625
   vertex -0.117490955799 -0.153117194676 0.34855
   vertex -0.136471608769 -0.136471608769 0.34855
  endloop
 endfacet
 facet normal -0.55557023302 -0.831469612303 0
  outer loop
   vertex -0.117490955799 -0.153117194676 0.3277625
   vertex -0.0965 -0.16714290293 0.3277625
   vertex -0.0965 -0.16714290293 0.34855
  endloop
 endfacet
 facet normal -0.55557023302 -0.831469612303 0
  outer loop
   vertex -0.117490955799 -0.153117194676 0.3277625
   vertex -0.0965 -0.16714290293 0.34855
   vertex -0.117490955799 -0.153117194676 0.34855
  endloop
 endfacet
 facet normal -0.442288690219 -0.896872741533 0
  outer loop
   vertex -0.0965 -0.16714290293 0.3277625
   vertex -0.0738579024465 -0.178308749775 0.3277625
   vertex -0.0738579024465 -0.178308749775 0.34855
  endloop
 endfacet
 facet normal -0.442288690219 -0.896872741533 0
  outer loop
   vertex -0.0965 -0.16714290293 0.3277625
   vertex -0.0738579024465 -0.178308749775 0.34855
   vertex -0.0965 -0.16714290293 0.34855
  endloop
 endfacet
 facet normal -0.321439465303 -0.946930129495 0
  outer loop
   vertex -0.0738579024465 -0.178308749775 0.3277625
   vertex -0.0499520757048 -0.186423684474 0.3277625
   vertex -0.0499520757048 -0.186423684474 0.34855
  endloop
 endfacet
 facet normal -0.321439465303 -0.946930129495 0
  outer loop
   vertex -0.0738579024465 -0.178308749775 0.3277625
   vertex -0.0499520757048 -0.186423684474 0.34855
   vertex -0.0738579024465 -0.178308749775 0.34855
  endloop
 endfacet
 facet normal -0.195090322016 -0.980785280403 0
  outer loop
   vertex -0.0499520757048 -0.186423684474 0.3277625
   vertex -0.0251915550985 -0.191348858245 0.3277625
   vertex -0.0251915550985 -0.191348858245 0.34855
  endloop
 endfacet
 facet normal -0.195090322016 -0.980785280403 0
  outer loop
   vertex -0.0499520757048 -0.186423684474 0.3277625
   vertex -0.0251915550985 -0.191348858245 0.34855
   vertex -0.0499520757048 -0.186423684474 0.34855
  endloop
 endfacet
 facet normal -0.0654031292301 -0.997858923239 0
  outer loop
   vertex -0.0251915550985 -0.191348858245 0.3277625
   vertex -3.54535248353e-17 -0.193 0.3277625
   vertex -3.54535248353e-17 -0.193 0.34855
  endloop
 endfacet
 facet normal -0.0654031292301 -0.997858923239 0
  outer loop
   vertex -0.0251915550985 -0.191348858245 0.3277625
   vertex -3.54535248353e-17 -0.193 0.34855
   vertex -0.0251915550985 -0.191348858245 0.34855
  endloop
 endfacet
 facet normal 0.0654031292301 -0.997858923239 0
  outer loop
   vertex -3.54535248353e-17 -0.193 0.3277625
   vertex 0.0251915550985 -0.191348858245 0.3277625
   vertex 0.0251915550985 -0.191348858245 0.34855
  endloop
 endfacet
 facet normal 0.0654031292301 -0.997858923239 0
  outer loop
   vertex -3.54535248353e-17 -0.193 0.3277625
   vertex 0.0251915550985 -0.191348858245 0.34855
   vertex -3.54535248353e-17 -0.193 0.34855
  endloop
 endfacet
 facet normal 0.195090322016 -0.980785280403 0
  outer loop
   vertex 0.0251915550985 -0.191348858245 0.3277625
   vertex 0.0499520757048 -0.186423684474 0.3277625
   vertex 0.0499520757048 -0.186423684474 0.34855
  endloop
 endfacet
 facet normal 0.195090322016 -0.980785280403 0
  outer loop
   vertex 0.0251915550985 -0.191348858245 0.3277625
   vertex 0.0499520757048 -0.186423684474 0.34855
   vertex 0.0251915550985 -0.191348858245 0.34855
  endloop
 endfacet
 facet normal 0.321439465303 -0.946930129495 0
  outer loop
   vertex 0.0499520757048 -0.186423684474 0.3277625
   vertex 0.0738579024465 -0.178308749775 0.3277625
   vertex 0.0738579024465 -0.178308749775 0.34855
  endloop
 endfacet
 facet normal 0.321439465303 -0.946930129495 0
  outer loop
   vertex 0.0499520757048 -0.186423684474 0.3277625
   vertex 0.0738579024465 -0.178308749775 0.34855
   vertex 0.0499520757048 -0.186423684474 0.34855
  endloop
 endfacet
 facet normal 0.442288690219 -0.896872741533 0
  outer loop
   vertex 0.0738579024465 -0.178308749775 0.3277625
   vertex 0.0965 -0.16714290293 0.3277625
   vertex 0.0965 -0.16714290293 0.34855
  endloop
 endfacet
 facet normal 0.442288690219 -0.896872741533 0
  outer loop
   vertex 0.0738579024465 -0.178308749775 0.3277625
   vertex 0.0965 -0.16714290293 0.34855
   vertex 0.0738579024465 -0.178308749775 0.34855
  endloop
 endfacet
 facet normal 0.55557023302 -0.831469612303 0
  outer loop
   vertex 0.0965 -0.16714290293 0.3277625
   vertex 0.117490955799 -0.153117194676 0.3277625
   vertex 0.117490955799 -0.153117194676 0.34855
  endloop
 endfacet
 facet normal 0.55557023302 -0.831469612303 0
  outer loop
   vertex 0.0965 -0.16714290293 0.3277625
   vertex 0.117490955799 -0.153117194676 0.34855
   vertex 0.0965 -0.16714290293 0.34855
  endloop
 endfacet
 facet normal 0.6593458151 -0.751839807479 0
  outer loop
   vertex 0.117490955799 -0.153117194676 0.3277625
   vertex 0.136471608769 -0.136471608769 0.3277625
   vertex 0.136471608769 -0.136471608769 0.34855
  endloop
 endfacet
 facet normal 0.6593458151 -0.751839807479 0
  outer loop
   vertex 0.117490955799 -0.153117194676 0.3277625
   vertex 0.136471608769 -0.136471608769 0.34855
   vertex 0.117490955799 -0.153117194676 0.34855
  endloop
 endfacet
 facet normal 0.751839807479 -0.6593458151 0
  outer loop
   vertex 0.136471608769 -0.136471608769 0.3277625
   vertex 0.153117194676 -0.117490955799 0.3277625
   vertex 0.153117194676 -0.117490955799 0.34855
  endloop
 endfacet
 facet normal 0.751839807479 -0.6593458151 0
  outer loop
   vertex 0.136471608769 -0.136471608769 0.3277625
   vertex 0.153117194676 -0.117490955799 0.34855
   vertex 0.136471608769 -0.136471608769 0.34855
  endloop
 endfacet
 facet normal 0.831469612303 -0.55557023302 0
  outer loop
   vertex 0.153117194676 -0.117490955799 0.3277625
   vertex 0.16714290293 -0.0965 0.3277625
   vertex 0.16714290293 -0.0965 0.34855
  endloop
 endfacet
 facet normal 0.831469612303 -0.55557023302 0
  outer loop
   vertex 0.153117194676 -0.117490955799 0.3277625
   vertex 0.16714290293 -0.0965 0.34855
   vertex 0.153117194676 -0.117490955799 0.34855
  endloop
 endfacet
 facet normal 0.896872741533 -0.442288690219 0
  outer loop
   vertex 0.16714290293 -0.0965 0.3277625
   vertex 0.178308749775 -0.0738579024465 0.3277625
   vertex 0.178308749775 -0.0738579024465 0.34855
  endloop
 endfacet
 facet normal 0.896872741533 -0.442288690219 0
  outer loop
   vertex 0.16714290293 -0.0965 0.3277625
   vertex 0.178308749775 -0.0738579024465 0.34855
   vertex 0.16714290293 -0.0965 0.34855
  endloop
 endfacet
 facet normal 0.946930129495 -0.321439465303 0
  outer loop
   vertex 0.178308749775 -0.0738579024465 0.3277625
   vertex 0.186423684474 -0.0499520757048 0.3277625
   vertex 0.186423684474 -0.0499520757048 0.34855
  endloop
 endfacet
 facet normal 0.946930129495 -0.321439465303 0
  outer loop
   vertex 0.178308749775 -0.0738579024465 0.3277625
   vertex 0.186423684474 -0.0499520757048 0.34855
   vertex 0.178308749775 -0.0738579024465 0.34855
  endloop
 endfacet
 facet normal 0.980785280403 -0.195090322016 0
  outer loop
   vertex 0.186423684474 -0.0499520757048 0.3277625
   vertex 0.191348858245 -0.0251915550985 0.3277625
   vertex 0.191348858245 -0.0251915550985 0.34855
  endloop
 endfacet
 facet normal 0.980785280403 -0.195090322016 0
  outer loop
   vertex 0.186423684474 -0.0499520757048 0.3277625
   vertex 0.191348858245 -0.0251915550985 0.34855
   vertex 0.186423684474 -0.0499520757048 0.34855
  endloop
 endfacet
 facet normal 0.997858923239 -0.0654031292301 0
  outer loop
   vertex 0.191348858245 -0.0251915550985 0.3277625
   vertex 0.193 0 0.3277625
   vertex 0.193 0 0.34855
  endloop
 endfacet
 facet normal 0.997858923239 -0.0654031292301 0
  outer loop
   vertex 0.191348858245 -0.0251915550985 0.3277625
   vertex 0.193 0 0.34855
   vertex 0.191348858245 -0.0251915550985 0.34855
  endloop
 endfacet
 facet normal 0.990223386555 0.0649026697155 0.123471811287
  outer loop
   vertex 0.193 0 0.34855
   vertex 0.191348858245 0.0251915550985 0.34855
   vertex 0.189711842237 0.0249760378524 0.361791882201
  endloop
 endfacet
 facet normal 0.990223386555 0.0649026697155 0.123471811287
  outer loop
   vertex 0.193 0 0.34855
   vertex 0.189711842237 0.0249760378524 0.361791882201
   vertex 0.191348858245 0 0.361791882201
  endloop
 endfacet
 facet normal 0.97328038987 0.193597506473 0.123471811287
  outer loop
   vertex 0.191348858245 0.0251915550985 0.34855
   vertex 0.186423684474 0.0499520757048 0.34855
   vertex 0.18482880401 0.0495247287725 0.361791882201
  endloop
 endfacet
 facet normal 0.97328038987 0.193597506473 0.123471811287
  outer loop
   vertex 0.191348858245 0.0251915550985 0.34855
   vertex 0.18482880401 0.0495247287725 0.361791882201
   vertex 0.189711842237 0.0249760378524 0.361791882201
  endloop
 endfacet
 facet normal 0.939684295869 0.31897983622 0.123471811287
  outer loop
   vertex 0.186423684474 0.0499520757048 0.34855
   vertex 0.178308749775 0.0738579024465 0.34855
   vertex 0.176783293702 0.0732260378524 0.361791882201
  endloop
 endfacet
 facet normal 0.939684295869 0.31897983622 0.123471811287
  outer loop
   vertex 0.186423684474 0.0499520757048 0.34855
   vertex 0.176783293702 0.0732260378524 0.361791882201
   vertex 0.18482880401 0.0495247287725 0.361791882201
  endloop
 endfacet
 facet normal 0.890009943036 0.438904332531 0.123471811287
  outer loop
   vertex 0.178308749775 0.0738579024465 0.34855
   vertex 0.16714290293 0.0965 0.34855
   vertex 0.165712972225 0.0956744291226 0.361791882201
  endloop
 endfacet
 facet normal 0.890009943036 0.438904332531 0.123471811287
  outer loop
   vertex 0.178308749775 0.0738579024465 0.34855
   vertex 0.165712972225 0.0956744291226 0.361791882201
   vertex 0.176783293702 0.0732260378524 0.361791882201
  endloop
 endfacet
 facet normal 0.825107273321 0.551319054025 0.123471811287
  outer loop
   vertex 0.16714290293 0.0965 0.34855
   vertex 0.153117194676 0.117490955799 0.34855
   vertex 0.15180725585 0.116485804385 0.361791882201
  endloop
 endfacet
 facet normal 0.825107273321 0.551319054025 0.123471811287
  outer loop
   vertex 0.16714290293 0.0965 0.34855
   vertex 0.15180725585 0.116485804385 0.361791882201
   vertex 0.165712972225 0.0956744291226 0.361791882201
  endloop
 endfacet
 facet normal 0.746086789396 0.65430055365 0.123471811287
  outer loop
   vertex 0.153117194676 0.117490955799 0.34855
   vertex 0.136471608769 0.136471608769 0.34855
   vertex 0.135304075237 0.135304075237 0.361791882201
  endloop
 endfacet
 facet normal 0.746086789396 0.65430055365 0.123471811287
  outer loop
   vertex 0.153117194676 0.117490955799 0.34855
   vertex 0.135304075237 0.135304075237 0.361791882201
   vertex 0.15180725585 0.116485804385 0.361791882201
  endloop
 endfacet
 facet normal 0.65430055365 0.746086789396 0.123471811287
  outer loop
   vertex 0.136471608769 0.136471608769 0.34855
   vertex 0.117490955799 0.153117194676 0.34855
   vertex 0.116485804385 0.15180725585 0.361791882201
  endloop
 endfacet
 facet normal 0.65430055365 0.746086789396 0.123471811287
  outer loop
   vertex 0.136471608769 0.136471608769 0.34855
   vertex 0.116485804385 0.15180725585 0.361791882201
   vertex 0.135304075237 0.135304075237 0.361791882201
  endloop
 endfacet
 facet normal 0.551319054025 0.825107273321 0.123471811287
  outer loop
   vertex 0.117490955799 0.153117194676 0.34855
   vertex 0.0965 0.16714290293 0.34855
   vertex 0.0956744291226 0.165712972225 0.361791882201
  endloop
 endfacet
 facet normal 0.551319054025 0.825107273321 0.123471811287
  outer loop
   vertex 0.117490955799 0.153117194676 0.34855
   vertex 0.0956744291226 0.165712972225 0.361791882201
   vertex 0.116485804385 0.15180725585 0.361791882201
  endloop
 endfacet
 facet normal 0.438904332531 0.890009943036 0.123471811287
  outer loop
   vertex 0.0965 0.16714290293 0.34855
   vertex 0.0738579024465 0.178308749775 0.34855
   vertex 0.0732260378524 0.176783293702 0.361791882201
  endloop
 endfacet
 facet normal 0.438904332531 0.890009943036 0.123471811287
  outer loop
   vertex 0.0965 0.16714290293 0.34855
   vertex 0.0732260378524 0.176783293702 0.361791882201
   vertex 0.0956744291226 0.165712972225 0.361791882201
  endloop
 endfacet
 facet normal 0.31897983622 0.939684295869 0.123471811287
  outer loop
   vertex 0.0738579024465 0.178308749775 0.34855
   vertex 0.0499520757048 0.186423684474 0.34855
   vertex 0.0495247287725 0.18482880401 0.361791882201
  endloop
 endfacet
 facet normal 0.31897983622 0.939684295869 0.123471811287
  outer loop
   vertex 0.0738579024465 0.178308749775 0.34855
   vertex 0.0495247287725 0.18482880401 0.361791882201
   vertex 0.0732260378524 0.176783293702 0.361791882201
  endloop
 endfacet
 facet normal 0.193597506473 0.97328038987 0.123471811287
  outer loop
   vertex 0.0499520757048 0.186423684474 0.34855
   vertex 0.0251915550985 0.191348858245 0.34855
   vertex 0.0249760378524 0.189711842237 0.361791882201
  endloop
 endfacet
 facet normal 0.193597506473 0.97328038987 0.123471811287
  outer loop
   vertex 0.0499520757048 0.186423684474 0.34855
   vertex 0.0249760378524 0.189711842237 0.361791882201
   vertex 0.0495247287725 0.18482880401 0.361791882201
  endloop
 endfacet
 facet normal 0.0649026697155 0.990223386555 0.123471811287
  outer loop
   vertex 0.0251915550985 0.191348858245 0.34855
   vertex 1.18178416118e-17 0.193 0.34855
   vertex 1.17167383385e-17 0.191348858245 0.361791882201
  endloop
 endfacet
 facet normal 0.0649026697155 0.990223386555 0.123471811287
  outer loop
   vertex 0.0251915550985 0.191348858245 0.34855
   vertex 1.17167383385e-17 0.191348858245 0.361791882201
   vertex 0.0249760378524 0.189711842237 0.361791882201
  endloop
 endfacet
 facet normal -0.0649026697155 0.990223386555 0.123471811287
  outer loop
   vertex 1.18178416118e-17 0.193 0.34855
   vertex -0.0251915550985 0.191348858245 0.34855
   vertex -0.0249760378524 0.189711842237 0.361791882201
  endloop
 endfacet
 facet normal -0.0649026697155 0.990223386555 0.123471811287
  outer loop
   vertex 1.18178416118e-17 0.193 0.34855
   vertex -0.0249760378524 0.189711842237 0.361791882201
   vertex 1.17167383385e-17 0.191348858245 0.361791882201
  endloop
 endfacet
 facet normal -0.193597506473 0.97328038987 0.123471811287
  outer loop
   vertex -0.0251915550985 0.191348858245 0.34855
   vertex -0.0499520757048 0.186423684474 0.34855
   vertex -0.0495247287725 0.18482880401 0.361791882201
  endloop
 endfacet
 facet normal -0.193597506473 0.97328038987 0.123471811287
  outer loop
   vertex -0.0251915550985 0.191348858245 0.34855
   vertex -0.0495247287725 0.18482880401 0.361791882201
   vertex -0.0249760378524 0.189711842237 0.361791882201
  endloop
 endfacet
 facet normal -0.31897983622 0.939684295869 0.123471811287
  outer loop
   vertex -0.0499520757048 0.186423684474 0.34855
   vertex -0.0738579024465 0.178308749775 0.34855
   vertex -0.0732260378524 0.176783293702 0.361791882201
  endloop
 endfacet
 facet normal -0.31897983622 0.939684295869 0.123471811287
  outer loop
   vertex -0.0499520757048 0.186423684474 0.34855
   vertex -0.0732260378524 0.176783293702 0.361791882201
   vertex -0.0495247287725 0.18482880401 0.361791882201
  endloop
 endfacet
 facet normal -0.438904332531 0.890009943036 0.123471811287
  outer loop
   vertex -0.0738579024465 0.178308749775 0.34855
   vertex -0.0965 0.16714290293 0.34855
   vertex -0.0956744291226 0.165712972225 0.361791882201
  endloop
 endfacet
 facet normal -0.438904332531 0.890009943036 0.123471811287
  outer loop
   vertex -0.0738579024465 0.178308749775 0.34855
   vertex -0.0956744291226 0.165712972225 0.361791882201
   vertex -0.0732260378524 0.176783293702 0.361791882201
  endloop
 endfacet
 facet normal -0.551319054025 0.825107273321 0.123471811287
  outer loop
   vertex -0.0965 0.16714290293 0.34855
   vertex -0.117490955799 0.153117194676 0.34855
   vertex -0.116485804385 0.15180725585 0.361791882201
  endloop
 endfacet
 facet normal -0.551319054025 0.825107273321 0.123471811287
  outer loop
   vertex -0.0965 0.16714290293 0.34855
   vertex -0.116485804385 0.15180725585 0.361791882201
   vertex -0.0956744291226 0.165712972225 0.361791882201
  endloop
 endfacet
 facet normal -0.65430055365 0.746086789396 0.123471811287
  outer loop
   vertex -0.117490955799 0.153117194676 0.34855
   vertex -0.136471608769 0.136471608769 0.34855
   vertex -0.135304075237 0.135304075237 0.361791882201
  endloop
 endfacet
 facet normal -0.65430055365 0.746086789396 0.123471811287
  outer loop
   vertex -0.117490955799 0.153117194676 0.34855
   vertex -0.135304075237 0.135304075237 0.361791882201
   vertex -0.116485804385 0.15180725585 0.361791882201
  endloop
 endfacet
 facet normal -0.746086789396 0.65430055365 0.123471811287
  outer loop
   vertex -0.136471608769 0.136471608769 0.34855
   vertex -0.153117194676 0.117490955799 0.34855
   vertex -0.15180725585 0.116485804385 0.361791882201
  endloop
 endfacet
 facet normal -0.746086789396 0.65430055365 0.123471811287
  outer loop
   vertex -0.136471608769 0.136471608769 0.34855
   vertex -0.15180725585 0.116485804385 0.361791882201
   vertex -0.135304075237 0.135304075237 0.361791882201
  endloop
 endfacet
 facet normal -0.825107273321 0.551319054025 0.123471811287
  outer loop
   vertex -0.153117194676 0.117490955799 0.34855
   vertex -0.16714290293 0.0965 0.34855
   vertex -0.165712972225 0.0956744291226 0.361791882201
  endloop
 endfacet
 facet normal -0.825107273321 0.551319054025 0.123471811287
  outer loop
   vertex -0.153117194676 0.117490955799 0.34855
   vertex -0.165712972225 0.0956744291226 0.361791882201
   vertex -0.15180725585 0.116485804385 0.361791882201
  endloop
 endfacet
 facet normal -0.890009943036 0.438904332531 0.123471811287
  outer loop
   vertex -0.16714290293 0.0965 0.34855
   vertex -0.178308749775 0.0738579024465 0.34855
   vertex -0.176783293702 0.0732260378524 0.361791882201
  endloop
 endfacet
 facet normal -0.890009943036 0.438904332531 0.123471811287
  outer loop
   vertex -0.16714290293 0.0965 0.34855
   vertex -0.176783293702 0.0732260378524 0.361791882201
   vertex -0.165712972225 0.0956744291226 0.361791882201
  endloop
 endfacet
 facet normal -0.939684295869 0.31897983622 0.123471811287
  outer loop
   vertex -0.178308749775 0.0738579024465 0.34855
   vertex -0.186423684474 0.0499520757048 0.34855
   vertex -0.18482880401 0.0495247287725 0.361791882201
  endloop
 endfacet
 facet normal -0.939684295869 0.31897983622 0.123471811287
  outer loop
   vertex -0.178308749775 0.0738579024465 0.34855
   vertex -0.18482880401 0.0495247287725 0.361791882201
   vertex -0.176783293702 0.0732260378524 0.361791882201
  endloop
 endfacet
 facet normal -0.97328038987 0.193597506473 0.123471811287
  outer loop
   vertex -0.186423684474 0.0499520757048 0.34855
   vertex -0.191348858245 0.0251915550985 0.34855
   vertex -0.189711842237 0.0249760378524 0.361791882201
  endloop
 endfacet
 facet normal -0.97328038987 0.193597506473 0.123471811287
  outer loop
   vertex -0.186423684474 0.0499520757048 0.34855
   vertex -0.189711842237 0.0249760378524 0.361791882201
   vertex -0.18482880401 0.0495247287725 0.361791882201
  endloop
 endfacet
 facet normal -0.990223386555 0.0649026697155 0.123471811287
  outer loop
   vertex -0.191348858245 0.0251915550985 0.34855
   vertex -0.193 2.36356832235e-17 0.34855
   vertex -0.191348858245 2.3433476677e-17 0.361791882201
  endloop
 endfacet
 facet normal -0.990223386555 0.0649026697155 0.123471811287
  outer loop
   vertex -0.191348858245 0.0251915550985 0.34855
   vertex -0.191348858245 2.3433476677e-17 0.361791882201
   vertex -0.189711842237 0.0249760378524 0.361791882201
  endloop
 endfacet
 facet normal -0.990223386555 -0.0649026697155 0.123471811287
  outer loop
   vertex -0.193 2.36356832235e-17 0.34855
   vertex -0.191348858245 -0.0251915550985 0.34855
   vertex -0.189711842237 -0.0249760378524 0.361791882201
  endloop
 endfacet
 facet normal -0.990223386555 -0.0649026697155 0.123471811287
  outer loop
   vertex -0.193 2.36356832235e-17 0.34855
   vertex -0.189711842237 -0.0249760378524 0.361791882201
   vertex -0.191348858245 2.3433476677e-17 0.361791882201
  endloop
 endfacet
 facet normal -0.97328038987 -0.193597506473 0.123471811287
  outer loop
   vertex -0.191348858245 -0.0251915550985 0.34855
   vertex -0.186423684474 -0.0499520757048 0.34855
   vertex -0.18482880401 -0.0495247287725 0.361791882201
  endloop
 endfacet
 facet normal -0.97328038987 -0.193597506473 0.123471811287
  outer loop
   vertex -0.191348858245 -0.0251915550985 0.34855
   vertex -0.18482880401 -0.0495247287725 0.361791882201
   vertex -0.189711842237 -0.0249760378524 0.361791882201
  endloop
 endfacet
 facet normal -0.939684295869 -0.31897983622 0.123471811287
  outer loop
   vertex -0.186423684474 -0.0499520757048 0.34855
   vertex -0.178308749775 -0.0738579024465 0.34855
   vertex -0.176783293702 -0.0732260378524 0.361791882201
  endloop
 endfacet
 facet normal -0.939684295869 -0.31897983622 0.123471811287
  outer loop
   vertex -0.186423684474 -0.0499520757048 0.34855
   vertex -0.176783293702 -0.0732260378524 0.361791882201
   vertex -0.18482880401 -0.0495247287725 0.361791882201
  endloop
 endfacet
 facet normal -0.890009943036 -0.438904332531 0.123471811287
  outer loop
   vertex -0.178308749775 -0.0738579024465 0.34855
   vertex -0.16714290293 -0.0965 0.34855
   vertex -0.165712972225 -0.0956744291226 0.361791882201
  endloop
 endfacet
 facet normal -0.890009943036 -0.438904332531 0.123471811287
  outer loop
   vertex -0.178308749775 -0.0738579024465 0.34855
   vertex -0.165712972225 -0.0956744291226 0.361791882201
   vertex -0.176783293702 -0.0732260378524 0.361791882201
  endloop
 endfacet
 facet normal -0.825107273321 -0.551319054025 0.123471811287
  outer loop
   vertex -0.16714290293 -0.0965 0.34855
   vertex -0.153117194676 -0.117490955799 0.34855
   vertex -0.15180725585 -0.116485804385 0.361791882201
  endloop
 endfacet
 facet normal -0.825107273321 -0.551319054025 0.123471811287
  outer loop
   vertex -0.16714290293 -0.0965 0.34855
   vertex -0.15180725585 -0.116485804385 0.361791882201
   vertex -0.165712972225 -0.0956744291226 0.361791882201
  endloop
 endfacet
 facet normal -0.746086789396 -0.65430055365 0.123471811287
  outer loop
   vertex -0.153117194676 -0.117490955799 0.34855
   vertex -0.136471608769 -0.136471608769 0.34855
   vertex -0.135304075237 -0.135304075237 0.361791882201
  endloop
 endfacet
 facet normal -0.746086789396 -0.65430055365 0.123471811287
  outer loop
   vertex -0.153117194676 -0.117490955799 0.34855
   vertex -0.135304075237 -0.135304075237 0.361791882201
   vertex -0.15180725585 -0.116485804385 0.361791882201
  endloop
 endfacet
 facet normal -0.65430055365 -0.746086789396 0.123471811287
  outer loop
   vertex -0.136471608769 -0.136471608769 0.34855
   vertex -0.117490955799 -0.153117194676 0.34855
   vertex -0.116485804385 -0.15180725585 0.361791882201
  endloop
 endfacet
 facet normal -0.65430055365 -0.746086789396 0.123471811287
  outer loop
   vertex -0.136471608769 -0.136471608769 0.34855
   vertex -0.116485804385 -0.15180725585 0.361791882201
   vertex -0.135304075237 -0.135304075237 0.361791882201
  endloop
 endfacet
 facet normal -0.551319054025 -0.825107273321 0.123471811287
  outer loop
   vertex -0.117490955799 -0.153117194676 0.34855
   vertex -0.0965 -0.16714290293 0.34855
   vertex -0.0956744291226 -0.165712972225 0.361791882201
  endloop
 endfacet
 facet normal -0.551319054025 -0.825107273321 0.123471811287
  outer loop
   vertex -0.117490955799 -0.153117194676 0.34855
   vertex -0.0956744291226 -0.165712972225 0.361791882201
   vertex -0.116485804385 -0.15180725585 0.361791882201
  endloop
 endfacet
 facet normal -0.438904332531 -0.890009943036 0.123471811287
  outer loop
   vertex -0.0965 -0.16714290293 0.34855
   vertex -0.0738579024465 -0.178308749775 0.34855
   vertex -0.0732260378524 -0.176783293702 0.361791882201
  endloop
 endfacet
 facet normal -0.438904332531 -0.890009943036 0.123471811287
  outer loop
   vertex -0.0965 -0.16714290293 0.34855
   vertex -0.0732260378524 -0.176783293702 0.361791882201
   vertex -0.0956744291226 -0.165712972225 0.361791882201
  endloop
 endfacet
 facet normal -0.31897983622 -0.939684295869 0.123471811287
  outer loop
   vertex -0.0738579024465 -0.178308749775 0.34855
   vertex -0.0499520757048 -0.186423684474 0.34855
   vertex -0.0495247287725 -0.18482880401 0.361791882201
  endloop
 endfacet
 facet normal -0.31897983622 -0.939684295869 0.123471811287
  outer loop
   vertex -0.0738579024465 -0.178308749775 0.34855
   vertex -0.0495247287725 -0.18482880401 0.361791882201
   vertex -0.0732260378524 -0.176783293702 0.361791882201
  endloop
 endfacet
 facet normal -0.193597506473 -0.97328038987 0.123471811287
  outer loop
   vertex -0.0499520757048 -0.186423684474 0.34855
   vertex -0.0251915550985 -0.191348858245 0.34855
   vertex -0.0249760378524 -0.189711842237 0.361791882201
  endloop
 endfacet
 facet normal -0.193597506473 -0.97328038987 0.123471811287
  outer loop
   vertex -0.0499520757048 -0.186423684474 0.34855
   vertex -0.0249760378524 -0.189711842237 0.361791882201
   vertex -0.0495247287725 -0.18482880401 0.361791882201
  endloop
 endfacet
 facet normal -0.0649026697155 -0.990223386555 0.123471811287
  outer loop
   vertex -0.0251915550985 -0.191348858245 0.34855
   vertex -3.54535248353e-17 -0.193 0.34855
   vertex -3.51502150156e-17 -0.191348858245 0.361791882201
  endloop
 endfacet
 facet normal -0.0649026697155 -0.990223386555 0.123471811287
  outer loop
   vertex -0.0251915550985 -0.191348858245 0.34855
   vertex -3.51502150156e-17 -0.191348858245 0.361791882201
   vertex -0.0249760378524 -0.189711842237 0.361791882201
  endloop
 endfacet
 facet normal 0.0649026697155 -0.990223386555 0.123471811287
  outer loop
   vertex -3.54535248353e-17 -0.193 0.34855
   vertex 0.0251915550985 -0.191348858245 0.34855
   vertex 0.0249760378524 -0.189711842237 0.361791882201
  endloop
 endfacet
 facet normal 0.0649026697155 -0.990223386555 0.123471811287
  outer loop
   vertex -3.54535248353e-17 -0.193 0.34855
   vertex 0.0249760378524 -0.189711842237 0.361791882201
   vertex -3.51502150156e-17 -0.191348858245 0.361791882201
  endloop
 endfacet
 facet normal 0.193597506473 -0.97328038987 0.123471811287
  outer loop
   vertex 0.0251915550985 -0.191348858245 0.34855
   vertex 0.0499520757048 -0.186423684474 0.34855
   vertex 0.0495247287725 -0.18482880401 0.361791882201
  endloop
 endfacet
 facet normal 0.193597506473 -0.97328038987 0.123471811287
  outer loop
   vertex 0.0251915550985 -0.191348858245 0.34855
   vertex 0.0495247287725 -0.18482880401 0.361791882201
   vertex 0.0249760378524 -0.189711842237 0.361791882201
  endloop
 endfacet
 facet normal 0.31897983622 -0.939684295869 0.123471811287
  outer loop
   vertex 0.0499520757048 -0.186423684474 0.34855
   vertex 0.0738579024465 -0.178308749775 0.34855
   vertex 0.0732260378524 -0.176783293702 0.361791882201
  endloop
 endfacet
 facet normal 0.31897983622 -0.939684295869 0.123471811287
  outer loop
   vertex 0.0499520757048 -0.186423684474 0.34855
   vertex 0.0732260378524 -0.176783293702 0.361791882201
   vertex 0.0495247287725 -0.18482880401 0.361791882201
  endloop
 endfacet
 facet normal 0.438904332531 -0.890009943036 0.123471811287
  outer loop
   vertex 0.0738579024465 -0.178308749775 0.34855
   vertex 0.0965 -0.16714290293 0.34855
   vertex 0.0956744291226 -0.165712972225 0.361791882201
  endloop
 endfacet
 facet normal 0.438904332531 -0.890009943036 0.123471811287
  outer loop
   vertex 0.0738579024465 -0.178308749775 0.34855
   vertex 0.0956744291226 -0.165712972225 0.361791882201
   vertex 0.0732260378524 -0.176783293702 0.361791882201
  endloop
 endfacet
 facet normal 0.551319054025 -0.825107273321 0.123471811287
  outer loop
   vertex 0.0965 -0.16714290293 0.34855
   vertex 0.117490955799 -0.153117194676 0.34855
   vertex 0.116485804385 -0.15180725585 0.361791882201
  endloop
 endfacet
 facet normal 0.551319054025 -0.825107273321 0.123471811287
  outer loop
   vertex 0.0965 -0.16714290293 0.34855
   vertex 0.116485804385 -0.15180725585 0.361791882201
   vertex 0.0956744291226 -0.165712972225 0.361791882201
  endloop
 endfacet
 facet normal 0.65430055365 -0.746086789396 0.123471811287
  outer loop
   vertex 0.117490955799 -0.153117194676 0.34855
   vertex 0.136471608769 -0.136471608769 0.34855
   vertex 0.135304075237 -0.135304075237 0.361791882201
  endloop
 endfacet
 facet normal 0.65430055365 -0.746086789396 0.123471811287
  outer loop
   vertex 0.117490955799 -0.153117194676 0.34855
   vertex 0.135304075237 -0.135304075237 0.361791882201
   vertex 0.116485804385 -0.15180725585 0.361791882201
  endloop
 endfacet
 facet normal 0.746086789396 -0.65430055365 0.123471811287
  outer loop
   vertex 0.136471608769 -0.136471608769 0.34855
   vertex 0.153117194676 -0.117490955799 0.34855
   vertex 0.15180725585 -0.116485804385 0.361791882201
  endloop
 endfacet
 facet normal 0.746086789396 -0.65430055365 0.123471811287
  outer loop
   vertex 0.136471608769 -0.136471608769 0.34855
   vertex 0.15180725585 -0.116485804385 0.361791882201
   vertex 0.135304075237 -0.135304075237 0.361791882201
  endloop
 endfacet
 facet normal 0.825107273321 -0.551319054025 0.123471811287
  outer loop
   vertex 0.153117194676 -0.117490955799 0.34855
   vertex 0.16714290293 -0.0965 0.34855
   vertex 0.165712972225 -0.0956744291226 0.361791882201
  endloop
 endfacet
 facet normal 0.825107273321 -0.551319054025 0.123471811287
  outer loop
   vertex 0.153117194676 -0.117490955799 0.34855
   vertex 0.165712972225 -0.0956744291226 0.361791882201
   vertex 0.15180725585 -0.116485804385 0.361791882201
  endloop
 endfacet
 facet normal 0.890009943036 -0.438904332531 0.123471811287
  outer loop
   vertex 0.16714290293 -0.0965 0.34855
   vertex 0.178308749775 -0.0738579024465 0.34855
   vertex 0.176783293702 -0.0732260378524 0.361791882201
  endloop
 endfacet
 facet normal 0.890009943036 -0.438904332531 0.123471811287
  outer loop
   vertex 0.16714290293 -0.0965 0.34855
   vertex 0.176783293702 -0.0732260378524 0.361791882201
   vertex 0.165712972225 -0.0956744291226 0.361791882201
  endloop
 endfacet
 facet normal 0.939684295869 -0.31897983622 0.123471811287
  outer loop
   vertex 0.178308749775 -0.0738579024465 0.34855
   vertex 0.186423684474 -0.0499520757048 0.34855
   vertex 0.18482880401 -0.0495247287725 0.361791882201
  endloop
 endfacet
 facet normal 0.939684295869 -0.31897983622 0.123471811287
  outer loop
   vertex 0.178308749775 -0.0738579024465 0.34855
   vertex 0.18482880401 -0.0495247287725 0.361791882201
   vertex 0.176783293702 -0.0732260378524 0.361791882201
  endloop
 endfacet
 facet normal 0.97328038987 -0.193597506473 0.123471811287
  outer loop
   vertex 0.186423684474 -0.0499520757048 0.34855
   vertex 0.191348858245 -0.0251915550985 0.34855
   vertex 0.189711842237 -0.0249760378524 0.361791882201
  endloop
 endfacet
 facet normal 0.97328038987 -0.193597506473 0.123471811287
  outer loop
   vertex 0.186423684474 -0.0499520757048 0.34855
   vertex 0.189711842237 -0.0249760378524 0.361791882201
   vertex 0.18482880401 -0.0495247287725 0.361791882201
  endloop
 endfacet
 facet normal 0.990223386555 -0.0649026697155 0.123471811287
  outer loop
   vertex 0.191348858245 -0.0251915550985 0.34855
   vertex 0.193 0 0.34855
   vertex 0.191348858245 0 0.361791882201
  endloop
 endfacet
 facet normal 0.990223386555 -0.0649026697155 0.123471811287
  outer loop
   vertex 0.191348858245 -0.0251915550985 0.34855
   vertex 0.191348858245 0 0.361791882201
   vertex 0.189711842237 -0.0249760378524 0.361791882201
  endloop
 endfacet
 facet normal 0.933522902971 0.061186323678 0.35325801254
  outer loop
   vertex 0.191348858245 0 0.361791882201
   vertex 0.189711842237 0.0249760378524 0.361791882201
   vertex 0.18482880401 0.024333173674 0.374807192126
  endloop
 endfacet
 facet normal 0.933522902971 0.061186323678 0.35325801254
  outer loop
   vertex 0.191348858245 0 0.361791882201
   vertex 0.18482880401 0.024333173674 0.374807192126
   vertex 0.186423684474 0 0.374807192126
  endloop
 endfacet
 facet normal 0.91755006728 0.182512056072 0.35325801254
  outer loop
   vertex 0.189711842237 0.0249760378524 0.361791882201
   vertex 0.18482880401 0.0495247287725 0.361791882201
   vertex 0.180071451465 0.04825 0.374807192126
  endloop
 endfacet
 facet normal 0.91755006728 0.182512056072 0.35325801254
  outer loop
   vertex 0.189711842237 0.0249760378524 0.361791882201
   vertex 0.180071451465 0.04825 0.374807192126
   vertex 0.18482880401 0.024333173674 0.374807192126
  endloop
 endfacet
 facet normal 0.885877695544 0.300714956585 0.35325801254
  outer loop
   vertex 0.18482880401 0.0495247287725 0.361791882201
   vertex 0.176783293702 0.0732260378524 0.361791882201
   vertex 0.172233026461 0.0713412554486 0.374807192126
  endloop
 endfacet
 facet normal 0.885877695544 0.300714956585 0.35325801254
  outer loop
   vertex 0.18482880401 0.0495247287725 0.361791882201
   vertex 0.172233026461 0.0713412554486 0.374807192126
   vertex 0.180071451465 0.04825 0.374807192126
  endloop
 endfacet
 facet normal 0.839047710826 0.413772540816 0.35325801254
  outer loop
   vertex 0.176783293702 0.0732260378524 0.361791882201
   vertex 0.165712972225 0.0956744291226 0.361791882201
   vertex 0.161447646621 0.0932118422369 0.374807192126
  endloop
 endfacet
 facet normal 0.839047710826 0.413772540816 0.35325801254
  outer loop
   vertex 0.176783293702 0.0732260378524 0.361791882201
   vertex 0.161447646621 0.0932118422369 0.374807192126
   vertex 0.172233026461 0.0713412554486 0.374807192126
  endloop
 endfacet
 facet normal 0.777861387148 0.519750362155 0.35325801254
  outer loop
   vertex 0.165712972225 0.0956744291226 0.361791882201
   vertex 0.15180725585 0.116485804385 0.361791882201
   vertex 0.147899852787 0.113487548561 0.374807192126
  endloop
 endfacet
 facet normal 0.777861387148 0.519750362155 0.35325801254
  outer loop
   vertex 0.165712972225 0.0956744291226 0.361791882201
   vertex 0.147899852787 0.113487548561 0.374807192126
   vertex 0.161447646621 0.0932118422369 0.374807192126
  endloop
 endfacet
 facet normal 0.703365639472 0.616835110695 0.35325801254
  outer loop
   vertex 0.15180725585 0.116485804385 0.361791882201
   vertex 0.135304075237 0.135304075237 0.361791882201
   vertex 0.131821451465 0.131821451465 0.374807192126
  endloop
 endfacet
 facet normal 0.703365639472 0.616835110695 0.35325801254
  outer loop
   vertex 0.15180725585 0.116485804385 0.361791882201
   vertex 0.131821451465 0.131821451465 0.374807192126
   vertex 0.147899852787 0.113487548561 0.374807192126
  endloop
 endfacet
 facet normal 0.616835110695 0.703365639472 0.35325801254
  outer loop
   vertex 0.135304075237 0.135304075237 0.361791882201
   vertex 0.116485804385 0.15180725585 0.361791882201
   vertex 0.113487548561 0.147899852787 0.374807192126
  endloop
 endfacet
 facet normal 0.616835110695 0.703365639472 0.35325801254
  outer loop
   vertex 0.135304075237 0.135304075237 0.361791882201
   vertex 0.113487548561 0.147899852787 0.374807192126
   vertex 0.131821451465 0.131821451465 0.374807192126
  endloop
 endfacet
 facet normal 0.519750362155 0.777861387148 0.35325801254
  outer loop
   vertex 0.116485804385 0.15180725585 0.361791882201
   vertex 0.0956744291226 0.165712972225 0.361791882201
   vertex 0.0932118422369 0.161447646621 0.374807192126
  endloop
 endfacet
 facet normal 0.519750362155 0.777861387148 0.35325801254
  outer loop
   vertex 0.116485804385 0.15180725585 0.361791882201
   vertex 0.0932118422369 0.161447646621 0.374807192126
   vertex 0.113487548561 0.147899852787 0.374807192126
  endloop
 endfacet
 facet normal 0.413772540816 0.839047710826 0.35325801254
  outer loop
   vertex 0.0956744291226 0.165712972225 0.361791882201
   vertex 0.0732260378524 0.176783293702 0.361791882201
   vertex 0.0713412554486 0.172233026461 0.374807192126
  endloop
 endfacet
 facet normal 0.413772540816 0.839047710826 0.35325801254
  outer loop
   vertex 0.0956744291226 0.165712972225 0.361791882201
   vertex 0.0713412554486 0.172233026461 0.374807192126
   vertex 0.0932118422369 0.161447646621 0.374807192126
  endloop
 endfacet
 facet normal 0.300714956585 0.885877695544 0.35325801254
  outer loop
   vertex 0.0732260378524 0.176783293702 0.361791882201
   vertex 0.0495247287725 0.18482880401 0.361791882201
   vertex 0.04825 0.180071451465 0.374807192126
  endloop
 endfacet
 facet normal 0.300714956585 0.885877695544 0.35325801254
  outer loop
   vertex 0.0732260378524 0.176783293702 0.361791882201
   vertex 0.04825 0.180071451465 0.374807192126
   vertex 0.0713412554486 0.172233026461 0.374807192126
  endloop
 endfacet
 facet normal 0.182512056072 0.91755006728 0.35325801254
  outer loop
   vertex 0.0495247287725 0.18482880401 0.361791882201
   vertex 0.0249760378524 0.189711842237 0.361791882201
   vertex 0.024333173674 0.18482880401 0.374807192126
  endloop
 endfacet
 facet normal 0.182512056072 0.91755006728 0.35325801254
  outer loop
   vertex 0.0495247287725 0.18482880401 0.361791882201
   vertex 0.024333173674 0.18482880401 0.374807192126
   vertex 0.04825 0.180071451465 0.374807192126
  endloop
 endfacet
 facet normal 0.061186323678 0.933522902971 0.35325801254
  outer loop
   vertex 0.0249760378524 0.189711842237 0.361791882201
   vertex 1.17167383385e-17 0.191348858245 0.361791882201
   vertex 1.14151584238e-17 0.186423684474 0.374807192126
  endloop
 endfacet
 facet normal 0.061186323678 0.933522902971 0.35325801254
  outer loop
   vertex 0.0249760378524 0.189711842237 0.361791882201
   vertex 1.14151584238e-17 0.186423684474 0.374807192126
   vertex 0.024333173674 0.18482880401 0.374807192126
  endloop
 endfacet
 facet normal -0.061186323678 0.933522902971 0.35325801254
  outer loop
   vertex 1.17167383385e-17 0.191348858245 0.361791882201
   vertex -0.0249760378524 0.189711842237 0.361791882201
   vertex -0.024333173674 0.18482880401 0.374807192126
  endloop
 endfacet
 facet normal -0.061186323678 0.933522902971 0.35325801254
  outer loop
   vertex 1.17167383385e-17 0.191348858245 0.361791882201
   vertex -0.024333173674 0.18482880401 0.374807192126
   vertex 1.14151584238e-17 0.186423684474 0.374807192126
  endloop
 endfacet
 facet normal -0.182512056072 0.91755006728 0.35325801254
  outer loop
   vertex -0.0249760378524 0.189711842237 0.361791882201
   vertex -0.0495247287725 0.18482880401 0.361791882201
   vertex -0.04825 0.180071451465 0.374807192126
  endloop
 endfacet
 facet normal -0.182512056072 0.91755006728 0.35325801254
  outer loop
   vertex -0.0249760378524 0.189711842237 0.361791882201
   vertex -0.04825 0.180071451465 0.374807192126
   vertex -0.024333173674 0.18482880401 0.374807192126
  endloop
 endfacet
 facet normal -0.300714956585 0.885877695544 0.35325801254
  outer loop
   vertex -0.0495247287725 0.18482880401 0.361791882201
   vertex -0.0732260378524 0.176783293702 0.361791882201
   vertex -0.0713412554486 0.172233026461 0.374807192126
  endloop
 endfacet
 facet normal -0.300714956585 0.885877695544 0.35325801254
  outer loop
   vertex -0.0495247287725 0.18482880401 0.361791882201
   vertex -0.0713412554486 0.172233026461 0.374807192126
   vertex -0.04825 0.180071451465 0.374807192126
  endloop
 endfacet
 facet normal -0.413772540816 0.839047710826 0.35325801254
  outer loop
   vertex -0.0732260378524 0.176783293702 0.361791882201
   vertex -0.0956744291226 0.165712972225 0.361791882201
   vertex -0.0932118422369 0.161447646621 0.374807192126
  endloop
 endfacet
 facet normal -0.413772540816 0.839047710826 0.35325801254
  outer loop
   vertex -0.0732260378524 0.176783293702 0.361791882201
   vertex -0.0932118422369 0.161447646621 0.374807192126
   vertex -0.0713412554486 0.172233026461 0.374807192126
  endloop
 endfacet
 facet normal -0.519750362155 0.777861387148 0.35325801254
  outer loop
   vertex -0.0956744291226 0.165712972225 0.361791882201
   vertex -0.116485804385 0.15180725585 0.361791882201
   vertex -0.113487548561 0.147899852787 0.374807192126
  endloop
 endfacet
 facet normal -0.519750362155 0.777861387148 0.35325801254
  outer loop
   vertex -0.0956744291226 0.165712972225 0.361791882201
   vertex -0.113487548561 0.147899852787 0.374807192126
   vertex -0.0932118422369 0.161447646621 0.374807192126
  endloop
 endfacet
 facet normal -0.616835110695 0.703365639472 0.35325801254
  outer loop
   vertex -0.116485804385 0.15180725585 0.361791882201
   vertex -0.135304075237 0.135304075237 0.361791882201
   vertex -0.131821451465 0.131821451465 0.374807192126
  endloop
 endfacet
 facet normal -0.616835110695 0.703365639472 0.35325801254
  outer loop
   vertex -0.116485804385 0.15180725585 0.361791882201
   vertex -0.131821451465 0.131821451465 0.374807192126
   vertex -0.113487548561 0.147899852787 0.374807192126
  endloop
 endfacet
 facet normal -0.703365639472 0.616835110695 0.35325801254
  outer loop
   vertex -0.135304075237 0.135304075237 0.361791882201
   vertex -0.15180725585 0.116485804385 0.361791882201
   vertex -0.147899852787 0.113487548561 0.374807192126
  endloop
 endfacet
 facet normal -0.703365639472 0.616835110695 0.35325801254
  outer loop
   vertex -0.135304075237 0.135304075237 0.361791882201
   vertex -0.147899852787 0.113487548561 0.374807192126
   vertex -0.131821451465 0.131821451465 0.374807192126
  endloop
 endfacet
 facet normal -0.777861387148 0.519750362155 0.35325801254
  outer loop
   vertex -0.15180725585 0.116485804385 0.361791882201
   vertex -0.165712972225 0.0956744291226 0.361791882201
   vertex -0.161447646621 0.0932118422369 0.374807192126
  endloop
 endfacet
 facet normal -0.777861387148 0.519750362155 0.35325801254
  outer loop
   vertex -0.15180725585 0.116485804385 0.361791882201
   vertex -0.161447646621 0.0932118422369 0.374807192126
   vertex -0.147899852787 0.113487548561 0.374807192126
  endloop
 endfacet
 facet normal -0.839047710826 0.413772540816 0.35325801254
  outer loop
   vertex -0.165712972225 0.0956744291226 0.361791882201
   vertex -0.176783293702 0.0732260378524 0.361791882201
   vertex -0.172233026461 0.0713412554486 0.374807192126
  endloop
 endfacet
 facet normal -0.839047710826 0.413772540816 0.35325801254
  outer loop
   vertex -0.165712972225 0.0956744291226 0.361791882201
   vertex -0.172233026461 0.0713412554486 0.374807192126
   vertex -0.161447646621 0.0932118422369 0.374807192126
  endloop
 endfacet
 facet normal -0.885877695544 0.300714956585 0.35325801254
  outer loop
   vertex -0.176783293702 0.0732260378524 0.361791882201
   vertex -0.18482880401 0.0495247287725 0.361791882201
   vertex -0.180071451465 0.04825 0.374807192126
  endloop
 endfacet
 facet normal -0.885877695544 0.300714956585 0.35325801254
  outer loop
   vertex -0.176783293702 0.0732260378524 0.361791882201
   vertex -0.180071451465 0.04825 0.374807192126
   vertex -0.172233026461 0.0713412554486 0.374807192126
  endloop
 endfacet
 facet normal -0.91755006728 0.182512056072 0.35325801254
  outer loop
   vertex -0.18482880401 0.0495247287725 0.361791882201
   vertex -0.189711842237 0.0249760378524 0.361791882201
   vertex -0.18482880401 0.024333173674 0.374807192126
  endloop
 endfacet
 facet normal -0.91755006728 0.182512056072 0.35325801254
  outer loop
   vertex -0.18482880401 0.0495247287725 0.361791882201
   vertex -0.18482880401 0.024333173674 0.374807192126
   vertex -0.180071451465 0.04825 0.374807192126
  endloop
 endfacet
 facet normal -0.933522902971 0.061186323678 0.35325801254
  outer loop
   vertex -0.189711842237 0.0249760378524 0.361791882201
   vertex -0.191348858245 2.3433476677e-17 0.361791882201
   vertex -0.186423684474 2.28303168476e-17 0.374807192126
  endloop
 endfacet
 facet normal -0.933522902971 0.061186323678 0.35325801254
  outer loop
   vertex -0.189711842237 0.0249760378524 0.361791882201
   vertex -0.186423684474 2.28303168476e-17 0.374807192126
   vertex -0.18482880401 0.024333173674 0.374807192126
  endloop
 endfacet
 facet normal -0.933522902971 -0.061186323678 0.35325801254
  outer loop
   vertex -0.191348858245 2.3433476677e-17 0.361791882201
   vertex -0.189711842237 -0.0249760378524 0.361791882201
   vertex -0.18482880401 -0.024333173674 0.374807192126
  endloop
 endfacet
 facet normal -0.933522902971 -0.061186323678 0.35325801254
  outer loop
   vertex -0.191348858245 2.3433476677e-17 0.361791882201
   vertex -0.18482880401 -0.024333173674 0.374807192126
   vertex -0.186423684474 2.28303168476e-17 0.374807192126
  endloop
 endfacet
 facet normal -0.91755006728 -0.182512056072 0.35325801254
  outer loop
   vertex -0.189711842237 -0.0249760378524 0.361791882201
   vertex -0.18482880401 -0.0495247287725 0.361791882201
   vertex -0.180071451465 -0.04825 0.374807192126
  endloop
 endfacet
 facet normal -0.91755006728 -0.182512056072 0.35325801254
  outer loop
   vertex -0.189711842237 -0.0249760378524 0.361791882201
   vertex -0.180071451465 -0.04825 0.374807192126
   vertex -0.18482880401 -0.024333173674 0.374807192126
  endloop
 endfacet
 facet normal -0.885877695544 -0.300714956585 0.35325801254
  outer loop
   vertex -0.18482880401 -0.0495247287725 0.361791882201
   vertex -0.176783293702 -0.0732260378524 0.361791882201
   vertex -0.172233026461 -0.0713412554486 0.374807192126
  endloop
 endfacet
 facet normal -0.885877695544 -0.300714956585 0.35325801254
  outer loop
   vertex -0.18482880401 -0.0495247287725 0.361791882201
   vertex -0.172233026461 -0.0713412554486 0.374807192126
   vertex -0.180071451465 -0.04825 0.374807192126
  endloop
 endfacet
 facet normal -0.839047710826 -0.413772540816 0.35325801254
  outer loop
   vertex -0.176783293702 -0.0732260378524 0.361791882201
   vertex -0.165712972225 -0.0956744291226 0.361791882201
   vertex -0.161447646621 -0.0932118422369 0.374807192126
  endloop
 endfacet
 facet normal -0.839047710826 -0.413772540816 0.35325801254
  outer loop
   vertex -0.176783293702 -0.0732260378524 0.361791882201
   vertex -0.161447646621 -0.0932118422369 0.374807192126
   vertex -0.172233026461 -0.0713412554486 0.374807192126
  endloop
 endfacet
 facet normal -0.777861387148 -0.519750362155 0.35325801254
  outer loop
   vertex -0.165712972225 -0.0956744291226 0.361791882201
   vertex -0.15180725585 -0.116485804385 0.361791882201
   vertex -0.147899852787 -0.113487548561 0.374807192126
  endloop
 endfacet
 facet normal -0.777861387148 -0.519750362155 0.35325801254
  outer loop
   vertex -0.165712972225 -0.0956744291226 0.361791882201
   vertex -0.147899852787 -0.113487548561 0.374807192126
   vertex -0.161447646621 -0.0932118422369 0.374807192126
  endloop
 endfacet
 facet normal -0.703365639472 -0.616835110695 0.35325801254
  outer loop
   vertex -0.15180725585 -0.116485804385 0.361791882201
   vertex -0.135304075237 -0.135304075237 0.361791882201
   vertex -0.131821451465 -0.131821451465 0.374807192126
  endloop
 endfacet
 facet normal -0.703365639472 -0.616835110695 0.35325801254
  outer loop
   vertex -0.15180725585 -0.116485804385 0.361791882201
   vertex -0.131821451465 -0.131821451465 0.374807192126
   vertex -0.147899852787 -0.113487548561 0.374807192126
  endloop
 endfacet
 facet normal -0.616835110695 -0.703365639472 0.35325801254
  outer loop
   vertex -0.135304075237 -0.135304075237 0.361791882201
   vertex -0.116485804385 -0.15180725585 0.361791882201
   vertex -0.113487548561 -0.147899852787 0.374807192126
  endloop
 endfacet
 facet normal -0.616835110695 -0.703365639472 0.35325801254
  outer loop
   vertex -0.135304075237 -0.135304075237 0.361791882201
   vertex -0.113487548561 -0.147899852787 0.374807192126
   vertex -0.131821451465 -0.131821451465 0.374807192126
  endloop
 endfacet
 facet normal -0.519750362155 -0.777861387148 0.35325801254
  outer loop
   vertex -0.116485804385 -0.15180725585 0.361791882201
   vertex -0.0956744291226 -0.165712972225 0.361791882201
   vertex -0.0932118422369 -0.161447646621 0.374807192126
  endloop
 endfacet
 facet normal -0.519750362155 -0.777861387148 0.35325801254
  outer loop
   vertex -0.116485804385 -0.15180725585 0.361791882201
   vertex -0.0932118422369 -0.161447646621 0.374807192126
   vertex -0.113487548561 -0.147899852787 0.374807192126
  endloop
 endfacet
 facet normal -0.413772540816 -0.839047710826 0.35325801254
  outer loop
   vertex -0.0956744291226 -0.165712972225 0.361791882201
   vertex -0.0732260378524 -0.176783293702 0.361791882201
   vertex -0.0713412554486 -0.172233026461 0.374807192126
  endloop
 endfacet
 facet normal -0.413772540816 -0.839047710826 0.35325801254
  outer loop
   vertex -0.0956744291226 -0.165712972225 0.361791882201
   vertex -0.0713412554486 -0.172233026461 0.374807192126
   vertex -0.0932118422369 -0.161447646621 0.374807192126
  endloop
 endfacet
 facet normal -0.300714956585 -0.885877695544 0.35325801254
  outer loop
   vertex -0.0732260378524 -0.176783293702 0.361791882201
   vertex -0.0495247287725 -0.18482880401 0.361791882201
   vertex -0.04825 -0.180071451465 0.374807192126
  endloop
 endfacet
 facet normal -0.300714956585 -0.885877695544 0.35325801254
  outer loop
   vertex -0.0732260378524 -0.176783293702 0.361791882201
   vertex -0.04825 -0.180071451465 0.374807192126
   vertex -0.0713412554486 -0.172233026461 0.374807192126
  endloop
 endfacet
 facet normal -0.182512056072 -0.91755006728 0.35325801254
  outer loop
   vertex -0.0495247287725 -0.18482880401 0.361791882201
   vertex -0.0249760378524 -0.189711842237 0.361791882201
   vertex -0.024333173674 -0.18482880401 0.374807192126
  endloop
 endfacet
 facet normal -0.182512056072 -0.91755006728 0.35325801254
  outer loop
   vertex -0.0495247287725 -0.18482880401 0.361791882201
   vertex -0.024333173674 -0.18482880401 0.374807192126
   vertex -0.04825 -0.180071451465 0.374807192126
  endloop
 endfacet
 facet normal -0.061186323678 -0.933522902971 0.35325801254
  outer loop
   vertex -0.0249760378524 -0.189711842237 0.361791882201
   vertex -3.51502150156e-17 -0.191348858245 0.361791882201
   vertex -3.42454752714e-17 -0.186423684474 0.374807192126
  endloop
 endfacet
 facet normal -0.061186323678 -0.933522902971 0.35325801254
  outer loop
   vertex -0.0249760378524 -0.189711842237 0.361791882201
   vertex -3.42454752714e-17 -0.186423684474 0.374807192126
   vertex -0.024333173674 -0.18482880401 0.374807192126
  endloop
 endfacet
 facet normal 0.061186323678 -0.933522902971 0.35325801254
  outer loop
   vertex -3.51502150156e-17 -0.191348858245 0.361791882201
   vertex 0.0249760378524 -0.189711842237 0.361791882201
   vertex 0.024333173674 -0.18482880401 0.374807192126
  endloop
 endfacet
 facet normal 0.061186323678 -0.933522902971 0.35325801254
  outer loop
   vertex -3.51502150156e-17 -0.191348858245 0.361791882201
   vertex 0.024333173674 -0.18482880401 0.374807192126
   vertex -3.42454752714e-17 -0.186423684474 0.374807192126
  endloop
 endfacet
 facet normal 0.182512056072 -0.91755006728 0.35325801254
  outer loop
   vertex 0.0249760378524 -0.189711842237 0.361791882201
   vertex 0.0495247287725 -0.18482880401 0.361791882201
   vertex 0.04825 -0.180071451465 0.374807192126
  endloop
 endfacet
 facet normal 0.182512056072 -0.91755006728 0.35325801254
  outer loop
   vertex 0.0249760378524 -0.189711842237 0.361791882201
   vertex 0.04825 -0.180071451465 0.374807192126
   vertex 0.024333173674 -0.18482880401 0.374807192126
  endloop
 endfacet
 facet normal 0.300714956585 -0.885877695544 0.35325801254
  outer loop
   vertex 0.0495247287725 -0.18482880401 0.361791882201
   vertex 0.0732260378524 -0.176783293702 0.361791882201
   vertex 0.0713412554486 -0.172233026461 0.374807192126
  endloop
 endfacet
 facet normal 0.300714956585 -0.885877695544 0.35325801254
  outer loop
   vertex 0.0495247287725 -0.18482880401 0.361791882201
   vertex 0.0713412554486 -0.172233026461 0.374807192126
   vertex 0.04825 -0.180071451465 0.374807192126
  endloop
 endfacet
 facet normal 0.413772540816 -0.839047710826 0.35325801254
  outer loop
   vertex 0.0732260378524 -0.176783293702 0.361791882201
   vertex 0.0956744291226 -0.165712972225 0.361791882201
   vertex 0.0932118422369 -0.161447646621 0.374807192126
  endloop
 endfacet
 facet normal 0.413772540816 -0.839047710826 0.35325801254
  outer loop
   vertex 0.0732260378524 -0.176783293702 0.361791882201
   vertex 0.0932118422369 -0.161447646621 0.374807192126
   vertex 0.0713412554486 -0.172233026461 0.374807192126
  endloop
 endfacet
 facet normal 0.519750362155 -0.777861387148 0.35325801254
  outer loop
   vertex 0.0956744291226 -0.165712972225 0.361791882201
   vertex 0.116485804385 -0.15180725585 0.361791882201
   vertex 0.113487548561 -0.147899852787 0.374807192126
  endloop
 endfacet
 facet normal 0.519750362155 -0.777861387148 0.35325801254
  outer loop
   vertex 0.0956744291226 -0.165712972225 0.361791882201
   vertex 0.113487548561 -0.147899852787 0.374807192126
   vertex 0.0932118422369 -0.161447646621 0.374807192126
  endloop
 endfacet
 facet normal 0.616835110695 -0.703365639472 0.35325801254
  outer loop
   vertex 0.116485804385 -0.15180725585 0.361791882201
   vertex 0.135304075237 -0.135304075237 0.361791882201
   vertex 0.131821451465 -0.131821451465 0.374807192126
  endloop
 endfacet
 facet normal 0.616835110695 -0.703365639472 0.35325801254
  outer loop
   vertex 0.116485804385 -0.15180725585 0.361791882201
   vertex 0.131821451465 -0.131821451465 0.374807192126
   vertex 0.113487548561 -0.147899852787 0.374807192126
  endloop
 endfacet
 facet normal 0.703365639472 -0.616835110695 0.35325801254
  outer loop
   vertex 0.135304075237 -0.135304075237 0.361791882201
   vertex 0.15180725585 -0.116485804385 0.361791882201
   vertex 0.147899852787 -0.113487548561 0.374807192126
  endloop
 endfacet
 facet normal 0.703365639472 -0.616835110695 0.35325801254
  outer loop
   vertex 0.135304075237 -0.135304075237 0.361791882201
   vertex 0.147899852787 -0.113487548561 0.374807192126
   vertex 0.131821451465 -0.131821451465 0.374807192126
  endloop
 endfacet
 facet normal 0.777861387148 -0.519750362155 0.35325801254
  outer loop
   vertex 0.15180725585 -0.116485804385 0.361791882201
   vertex 0.165712972225 -0.0956744291226 0.361791882201
   vertex 0.161447646621 -0.0932118422369 0.374807192126
  endloop
 endfacet
 facet normal 0.777861387148 -0.519750362155 0.35325801254
  outer loop
   vertex 0.15180725585 -0.116485804385 0.361791882201
   vertex 0.161447646621 -0.0932118422369 0.374807192126
   vertex 0.147899852787 -0.113487548561 0.374807192126
  endloop
 endfacet
 facet normal 0.839047710826 -0.413772540816 0.35325801254
  outer loop
   vertex 0.165712972225 -0.0956744291226 0.361791882201
   vertex 0.176783293702 -0.0732260378524 0.361791882201
   vertex 0.172233026461 -0.0713412554486 0.374807192126
  endloop
 endfacet
 facet normal 0.839047710826 -0.413772540816 0.35325801254
  outer loop
   vertex 0.165712972225 -0.0956744291226 0.361791882201
   vertex 0.172233026461 -0.0713412554486 0.374807192126
   vertex 0.161447646621 -0.0932118422369 0.374807192126
  endloop
 endfacet
 facet normal 0.885877695544 -0.300714956585 0.35325801254
  outer loop
   vertex 0.176783293702 -0.0732260378524 0.361791882201
   vertex 0.18482880401 -0.0495247287725 0.361791882201
   vertex 0.180071451465 -0.04825 0.374807192126
  endloop
 endfacet
 facet normal 0.885877695544 -0.300714956585 0.35325801254
  outer loop
   vertex 0.176783293702 -0.0732260378524 0.361791882201
   vertex 0.180071451465 -0.04825 0.374807192126
   vertex 0.172233026461 -0.0713412554486 0.374807192126
  endloop
 endfacet
 facet normal 0.91755006728 -0.182512056072 0.35325801254
  outer loop
   vertex 0.18482880401 -0.0495247287725 0.361791882201
   vertex 0.189711842237 -0.0249760378524 0.361791882201
   vertex 0.18482880401 -0.024333173674 0.374807192126
  endloop
 endfacet
 facet normal 0.91755006728 -0.182512056072 0.35325801254
  outer loop
   vertex 0.18482880401 -0.0495247287725 0.361791882201
   vertex 0.18482880401 -0.024333173674 0.374807192126
   vertex 0.180071451465 -0.04825 0.374807192126
  endloop
 endfacet
 facet normal 0.933522902971 -0.061186323678 0.35325801254
  outer loop
   vertex 0.189711842237 -0.0249760378524 0.361791882201
   vertex 0.191348858245 0 0.361791882201
   vertex 0.186423684474 0 0.374807192126
  endloop
 endfacet
 facet normal 0.933522902971 -0.061186323678 0.35325801254
  outer loop
   vertex 0.189711842237 -0.0249760378524 0.361791882201
   vertex 0.186423684474 0 0.374807192126
   vertex 0.18482880401 -0.024333173674 0.374807192126
  endloop
 endfacet
 facet normal 0.838788206987 0.0549770836545 0.541675053969
  outer loop
   vertex 0.186423684474 0 0.374807192126
   vertex 0.18482880401 0.024333173674 0.374807192126
   vertex 0.176783293702 0.0232739621476 0.387373234213
  endloop
 endfacet
 facet normal 0.838788206987 0.0549770836545 0.541675053969
  outer loop
   vertex 0.186423684474 0 0.374807192126
   vertex 0.176783293702 0.0232739621476 0.387373234213
   vertex 0.178308749775 0 0.387373234213
  endloop
 endfacet
 facet normal 0.824436308209 0.16399057782 0.541675053969
  outer loop
   vertex 0.18482880401 0.024333173674 0.374807192126
   vertex 0.180071451465 0.04825 0.374807192126
   vertex 0.172233026461 0.0461497003501 0.387373234213
  endloop
 endfacet
 facet normal 0.824436308209 0.16399057782 0.541675053969
  outer loop
   vertex 0.18482880401 0.024333173674 0.374807192126
   vertex 0.172233026461 0.0461497003501 0.387373234213
   vertex 0.176783293702 0.0232739621476 0.387373234213
  endloop
 endfacet
 facet normal 0.795978075621 0.270198147732 0.541675053969
  outer loop
   vertex 0.180071451465 0.04825 0.374807192126
   vertex 0.172233026461 0.0713412554486 0.374807192126
   vertex 0.164735804385 0.0682358043845 0.387373234213
  endloop
 endfacet
 facet normal 0.795978075621 0.270198147732 0.541675053969
  outer loop
   vertex 0.180071451465 0.04825 0.374807192126
   vertex 0.164735804385 0.0682358043845 0.387373234213
   vertex 0.172233026461 0.0461497003501 0.387373234213
  endloop
 endfacet
 facet normal 0.753900437473 0.371782552423 0.541675053969
  outer loop
   vertex 0.172233026461 0.0713412554486 0.374807192126
   vertex 0.161447646621 0.0932118422369 0.374807192126
   vertex 0.154419907022 0.0891543748873 0.387373234213
  endloop
 endfacet
 facet normal 0.753900437473 0.371782552423 0.541675053969
  outer loop
   vertex 0.172233026461 0.0713412554486 0.374807192126
   vertex 0.154419907022 0.0891543748873 0.387373234213
   vertex 0.164735804385 0.0682358043845 0.387373234213
  endloop
 endfacet
 facet normal 0.698923353818 0.467005654564 0.541675053969
  outer loop
   vertex 0.161447646621 0.0932118422369 0.374807192126
   vertex 0.147899852787 0.113487548561 0.374807192126
   vertex 0.141461842237 0.108547489318 0.387373234213
  endloop
 endfacet
 facet normal 0.698923353818 0.467005654564 0.541675053969
  outer loop
   vertex 0.161447646621 0.0932118422369 0.374807192126
   vertex 0.141461842237 0.108547489318 0.387373234213
   vertex 0.154419907022 0.0891543748873 0.387373234213
  endloop
 endfacet
 facet normal 0.631987497802 0.554238160478 0.541675053969
  outer loop
   vertex 0.147899852787 0.113487548561 0.374807192126
   vertex 0.131821451465 0.131821451465 0.374807192126
   vertex 0.126083326111 0.126083326111 0.387373234213
  endloop
 endfacet
 facet normal 0.631987497802 0.554238160478 0.541675053969
  outer loop
   vertex 0.147899852787 0.113487548561 0.374807192126
   vertex 0.126083326111 0.126083326111 0.387373234213
   vertex 0.141461842237 0.108547489318 0.387373234213
  endloop
 endfacet
 facet normal 0.554238160478 0.631987497802 0.541675053969
  outer loop
   vertex 0.131821451465 0.131821451465 0.374807192126
   vertex 0.113487548561 0.147899852787 0.374807192126
   vertex 0.108547489318 0.141461842237 0.387373234213
  endloop
 endfacet
 facet normal 0.554238160478 0.631987497802 0.541675053969
  outer loop
   vertex 0.131821451465 0.131821451465 0.374807192126
   vertex 0.108547489318 0.141461842237 0.387373234213
   vertex 0.126083326111 0.126083326111 0.387373234213
  endloop
 endfacet
 facet normal 0.467005654564 0.698923353818 0.541675053969
  outer loop
   vertex 0.113487548561 0.147899852787 0.374807192126
   vertex 0.0932118422369 0.161447646621 0.374807192126
   vertex 0.0891543748873 0.154419907022 0.387373234213
  endloop
 endfacet
 facet normal 0.467005654564 0.698923353818 0.541675053969
  outer loop
   vertex 0.113487548561 0.147899852787 0.374807192126
   vertex 0.0891543748873 0.154419907022 0.387373234213
   vertex 0.108547489318 0.141461842237 0.387373234213
  endloop
 endfacet
 facet normal 0.371782552423 0.753900437473 0.541675053969
  outer loop
   vertex 0.0932118422369 0.161447646621 0.374807192126
   vertex 0.0713412554486 0.172233026461 0.374807192126
   vertex 0.0682358043845 0.164735804385 0.387373234213
  endloop
 endfacet
 facet normal 0.371782552423 0.753900437473 0.541675053969
  outer loop
   vertex 0.0932118422369 0.161447646621 0.374807192126
   vertex 0.0682358043845 0.164735804385 0.387373234213
   vertex 0.0891543748873 0.154419907022 0.387373234213
  endloop
 endfacet
 facet normal 0.270198147732 0.795978075621 0.541675053969
  outer loop
   vertex 0.0713412554486 0.172233026461 0.374807192126
   vertex 0.04825 0.180071451465 0.374807192126
   vertex 0.0461497003501 0.172233026461 0.387373234213
  endloop
 endfacet
 facet normal 0.270198147732 0.795978075621 0.541675053969
  outer loop
   vertex 0.0713412554486 0.172233026461 0.374807192126
   vertex 0.0461497003501 0.172233026461 0.387373234213
   vertex 0.0682358043845 0.164735804385 0.387373234213
  endloop
 endfacet
 facet normal 0.16399057782 0.824436308209 0.541675053969
  outer loop
   vertex 0.04825 0.180071451465 0.374807192126
   vertex 0.024333173674 0.18482880401 0.374807192126
   vertex 0.0232739621476 0.176783293702 0.387373234213
  endloop
 endfacet
 facet normal 0.16399057782 0.824436308209 0.541675053969
  outer loop
   vertex 0.04825 0.180071451465 0.374807192126
   vertex 0.0232739621476 0.176783293702 0.387373234213
   vertex 0.0461497003501 0.172233026461 0.387373234213
  endloop
 endfacet
 facet normal 0.0549770836545 0.838788206987 0.541675053969
  outer loop
   vertex 0.024333173674 0.18482880401 0.374807192126
   vertex 1.14151584238e-17 0.186423684474 0.374807192126
   vertex 1.09182619836e-17 0.178308749775 0.387373234213
  endloop
 endfacet
 facet normal 0.0549770836545 0.838788206987 0.541675053969
  outer loop
   vertex 0.024333173674 0.18482880401 0.374807192126
   vertex 1.09182619836e-17 0.178308749775 0.387373234213
   vertex 0.0232739621476 0.176783293702 0.387373234213
  endloop
 endfacet
 facet normal -0.0549770836545 0.838788206987 0.541675053969
  outer loop
   vertex 1.14151584238e-17 0.186423684474 0.374807192126
   vertex -0.024333173674 0.18482880401 0.374807192126
   vertex -0.0232739621476 0.176783293702 0.387373234213
  endloop
 endfacet
 facet normal -0.0549770836545 0.838788206987 0.541675053969
  outer loop
   vertex 1.14151584238e-17 0.186423684474 0.374807192126
   vertex -0.0232739621476 0.176783293702 0.387373234213
   vertex 1.09182619836e-17 0.178308749775 0.387373234213
  endloop
 endfacet
 facet normal -0.16399057782 0.824436308209 0.541675053969
  outer loop
   vertex -0.024333173674 0.18482880401 0.374807192126
   vertex -0.04825 0.180071451465 0.374807192126
   vertex -0.0461497003501 0.172233026461 0.387373234213
  endloop
 endfacet
 facet normal -0.16399057782 0.824436308209 0.541675053969
  outer loop
   vertex -0.024333173674 0.18482880401 0.374807192126
   vertex -0.0461497003501 0.172233026461 0.387373234213
   vertex -0.0232739621476 0.176783293702 0.387373234213
  endloop
 endfacet
 facet normal -0.270198147732 0.795978075621 0.541675053969
  outer loop
   vertex -0.04825 0.180071451465 0.374807192126
   vertex -0.0713412554486 0.172233026461 0.374807192126
   vertex -0.0682358043845 0.164735804385 0.387373234213
  endloop
 endfacet
 facet normal -0.270198147732 0.795978075621 0.541675053969
  outer loop
   vertex -0.04825 0.180071451465 0.374807192126
   vertex -0.0682358043845 0.164735804385 0.387373234213
   vertex -0.0461497003501 0.172233026461 0.387373234213
  endloop
 endfacet
 facet normal -0.371782552423 0.753900437473 0.541675053969
  outer loop
   vertex -0.0713412554486 0.172233026461 0.374807192126
   vertex -0.0932118422369 0.161447646621 0.374807192126
   vertex -0.0891543748873 0.154419907022 0.387373234213
  endloop
 endfacet
 facet normal -0.371782552423 0.753900437473 0.541675053969
  outer loop
   vertex -0.0713412554486 0.172233026461 0.374807192126
   vertex -0.0891543748873 0.154419907022 0.387373234213
   vertex -0.0682358043845 0.164735804385 0.387373234213
  endloop
 endfacet
 facet normal -0.467005654564 0.698923353818 0.541675053969
  outer loop
   vertex -0.0932118422369 0.161447646621 0.374807192126
   vertex -0.113487548561 0.147899852787 0.374807192126
   vertex -0.108547489318 0.141461842237 0.387373234213
  endloop
 endfacet
 facet normal -0.467005654564 0.698923353818 0.541675053969
  outer loop
   vertex -0.0932118422369 0.161447646621 0.374807192126
   vertex -0.108547489318 0.141461842237 0.387373234213
   vertex -0.0891543748873 0.154419907022 0.387373234213
  endloop
 endfacet
 facet normal -0.554238160478 0.631987497802 0.541675053969
  outer loop
   vertex -0.113487548561 0.147899852787 0.374807192126
   vertex -0.131821451465 0.131821451465 0.374807192126
   vertex -0.126083326111 0.126083326111 0.387373234213
  endloop
 endfacet
 facet normal -0.554238160478 0.631987497802 0.541675053969
  outer loop
   vertex -0.113487548561 0.147899852787 0.374807192126
   vertex -0.126083326111 0.126083326111 0.387373234213
   vertex -0.108547489318 0.141461842237 0.387373234213
  endloop
 endfacet
 facet normal -0.631987497802 0.554238160478 0.541675053969
  outer loop
   vertex -0.131821451465 0.131821451465 0.374807192126
   vertex -0.147899852787 0.113487548561 0.374807192126
   vertex -0.141461842237 0.108547489318 0.387373234213
  endloop
 endfacet
 facet normal -0.631987497802 0.554238160478 0.541675053969
  outer loop
   vertex -0.131821451465 0.131821451465 0.374807192126
   vertex -0.141461842237 0.108547489318 0.387373234213
   vertex -0.126083326111 0.126083326111 0.387373234213
  endloop
 endfacet
 facet normal -0.698923353818 0.467005654564 0.541675053969
  outer loop
   vertex -0.147899852787 0.113487548561 0.374807192126
   vertex -0.161447646621 0.0932118422369 0.374807192126
   vertex -0.154419907022 0.0891543748873 0.387373234213
  endloop
 endfacet
 facet normal -0.698923353818 0.467005654564 0.541675053969
  outer loop
   vertex -0.147899852787 0.113487548561 0.374807192126
   vertex -0.154419907022 0.0891543748873 0.387373234213
   vertex -0.141461842237 0.108547489318 0.387373234213
  endloop
 endfacet
 facet normal -0.753900437473 0.371782552423 0.541675053969
  outer loop
   vertex -0.161447646621 0.0932118422369 0.374807192126
   vertex -0.172233026461 0.0713412554486 0.374807192126
   vertex -0.164735804385 0.0682358043845 0.387373234213
  endloop
 endfacet
 facet normal -0.753900437473 0.371782552423 0.541675053969
  outer loop
   vertex -0.161447646621 0.0932118422369 0.374807192126
   vertex -0.164735804385 0.0682358043845 0.387373234213
   vertex -0.154419907022 0.0891543748873 0.387373234213
  endloop
 endfacet
 facet normal -0.795978075621 0.270198147732 0.541675053969
  outer loop
   vertex -0.172233026461 0.0713412554486 0.374807192126
   vertex -0.180071451465 0.04825 0.374807192126
   vertex -0.172233026461 0.0461497003501 0.387373234213
  endloop
 endfacet
 facet normal -0.795978075621 0.270198147732 0.541675053969
  outer loop
   vertex -0.172233026461 0.0713412554486 0.374807192126
   vertex -0.172233026461 0.0461497003501 0.387373234213
   vertex -0.164735804385 0.0682358043845 0.387373234213
  endloop
 endfacet
 facet normal -0.824436308209 0.16399057782 0.541675053969
  outer loop
   vertex -0.180071451465 0.04825 0.374807192126
   vertex -0.18482880401 0.024333173674 0.374807192126
   vertex -0.176783293702 0.0232739621476 0.387373234213
  endloop
 endfacet
 facet normal -0.824436308209 0.16399057782 0.541675053969
  outer loop
   vertex -0.180071451465 0.04825 0.374807192126
   vertex -0.176783293702 0.0232739621476 0.387373234213
   vertex -0.172233026461 0.0461497003501 0.387373234213
  endloop
 endfacet
 facet normal -0.838788206987 0.0549770836545 0.541675053969
  outer loop
   vertex -0.18482880401 0.024333173674 0.374807192126
   vertex -0.186423684474 2.28303168476e-17 0.374807192126
   vertex -0.178308749775 2.18365239672e-17 0.387373234213
  endloop
 endfacet
 facet normal -0.838788206987 0.0549770836545 0.541675053969
  outer loop
   vertex -0.18482880401 0.024333173674 0.374807192126
   vertex -0.178308749775 2.18365239672e-17 0.387373234213
   vertex -0.176783293702 0.0232739621476 0.387373234213
  endloop
 endfacet
 facet normal -0.838788206987 -0.0549770836545 0.541675053969
  outer loop
   vertex -0.186423684474 2.28303168476e-17 0.374807192126
   vertex -0.18482880401 -0.024333173674 0.374807192126
   vertex -0.176783293702 -0.0232739621476 0.387373234213
  endloop
 endfacet
 facet normal -0.838788206987 -0.0549770836545 0.541675053969
  outer loop
   vertex -0.186423684474 2.28303168476e-17 0.374807192126
   vertex -0.176783293702 -0.0232739621476 0.387373234213
   vertex -0.178308749775 2.18365239672e-17 0.387373234213
  endloop
 endfacet
 facet normal -0.824436308209 -0.16399057782 0.541675053969
  outer loop
   vertex -0.18482880401 -0.024333173674 0.374807192126
   vertex -0.180071451465 -0.04825 0.374807192126
   vertex -0.172233026461 -0.0461497003501 0.387373234213
  endloop
 endfacet
 facet normal -0.824436308209 -0.16399057782 0.541675053969
  outer loop
   vertex -0.18482880401 -0.024333173674 0.374807192126
   vertex -0.172233026461 -0.0461497003501 0.387373234213
   vertex -0.176783293702 -0.0232739621476 0.387373234213
  endloop
 endfacet
 facet normal -0.795978075621 -0.270198147732 0.541675053969
  outer loop
   vertex -0.180071451465 -0.04825 0.374807192126
   vertex -0.172233026461 -0.0713412554486 0.374807192126
   vertex -0.164735804385 -0.0682358043845 0.387373234213
  endloop
 endfacet
 facet normal -0.795978075621 -0.270198147732 0.541675053969
  outer loop
   vertex -0.180071451465 -0.04825 0.374807192126
   vertex -0.164735804385 -0.0682358043845 0.387373234213
   vertex -0.172233026461 -0.0461497003501 0.387373234213
  endloop
 endfacet
 facet normal -0.753900437473 -0.371782552423 0.541675053969
  outer loop
   vertex -0.172233026461 -0.0713412554486 0.374807192126
   vertex -0.161447646621 -0.0932118422369 0.374807192126
   vertex -0.154419907022 -0.0891543748873 0.387373234213
  endloop
 endfacet
 facet normal -0.753900437473 -0.371782552423 0.541675053969
  outer loop
   vertex -0.172233026461 -0.0713412554486 0.374807192126
   vertex -0.154419907022 -0.0891543748873 0.387373234213
   vertex -0.164735804385 -0.0682358043845 0.387373234213
  endloop
 endfacet
 facet normal -0.698923353818 -0.467005654564 0.541675053969
  outer loop
   vertex -0.161447646621 -0.0932118422369 0.374807192126
   vertex -0.147899852787 -0.113487548561 0.374807192126
   vertex -0.141461842237 -0.108547489318 0.387373234213
  endloop
 endfacet
 facet normal -0.698923353818 -0.467005654564 0.541675053969
  outer loop
   vertex -0.161447646621 -0.0932118422369 0.374807192126
   vertex -0.141461842237 -0.108547489318 0.387373234213
   vertex -0.154419907022 -0.0891543748873 0.387373234213
  endloop
 endfacet
 facet normal -0.631987497802 -0.554238160478 0.541675053969
  outer loop
   vertex -0.147899852787 -0.113487548561 0.374807192126
   vertex -0.131821451465 -0.131821451465 0.374807192126
   vertex -0.126083326111 -0.126083326111 0.387373234213
  endloop
 endfacet
 facet normal -0.631987497802 -0.554238160478 0.541675053969
  outer loop
   vertex -0.147899852787 -0.113487548561 0.374807192126
   vertex -0.126083326111 -0.126083326111 0.387373234213
   vertex -0.141461842237 -0.108547489318 0.387373234213
  endloop
 endfacet
 facet normal -0.554238160478 -0.631987497802 0.541675053969
  outer loop
   vertex -0.131821451465 -0.131821451465 0.374807192126
   vertex -0.113487548561 -0.147899852787 0.374807192126
   vertex -0.108547489318 -0.141461842237 0.387373234213
  endloop
 endfacet
 facet normal -0.554238160478 -0.631987497802 0.541675053969
  outer loop
   vertex -0.131821451465 -0.131821451465 0.374807192126
   vertex -0.108547489318 -0.141461842237 0.387373234213
   vertex -0.126083326111 -0.126083326111 0.387373234213
  endloop
 endfacet
 facet normal -0.467005654564 -0.698923353818 0.541675053969
  outer loop
   vertex -0.113487548561 -0.147899852787 0.374807192126
   vertex -0.0932118422369 -0.161447646621 0.374807192126
   vertex -0.0891543748873 -0.154419907022 0.387373234213
  endloop
 endfacet
 facet normal -0.467005654564 -0.698923353818 0.541675053969
  outer loop
   vertex -0.113487548561 -0.147899852787 0.374807192126
   vertex -0.0891543748873 -0.154419907022 0.387373234213
   vertex -0.108547489318 -0.141461842237 0.387373234213
  endloop
 endfacet
 facet normal -0.371782552423 -0.753900437473 0.541675053969
  outer loop
   vertex -0.0932118422369 -0.161447646621 0.374807192126
   vertex -0.0713412554486 -0.172233026461 0.374807192126
   vertex -0.0682358043845 -0.164735804385 0.387373234213
  endloop
 endfacet
 facet normal -0.371782552423 -0.753900437473 0.541675053969
  outer loop
   vertex -0.0932118422369 -0.161447646621 0.374807192126
   vertex -0.0682358043845 -0.164735804385 0.387373234213
   vertex -0.0891543748873 -0.154419907022 0.387373234213
  endloop
 endfacet
 facet normal -0.270198147732 -0.795978075621 0.541675053969
  outer loop
   vertex -0.0713412554486 -0.172233026461 0.374807192126
   vertex -0.04825 -0.180071451465 0.374807192126
   vertex -0.0461497003501 -0.172233026461 0.387373234213
  endloop
 endfacet
 facet normal -0.270198147732 -0.795978075621 0.541675053969
  outer loop
   vertex -0.0713412554486 -0.172233026461 0.374807192126
   vertex -0.0461497003501 -0.172233026461 0.387373234213
   vertex -0.0682358043845 -0.164735804385 0.387373234213
  endloop
 endfacet
 facet normal -0.16399057782 -0.824436308209 0.541675053969
  outer loop
   vertex -0.04825 -0.180071451465 0.374807192126
   vertex -0.024333173674 -0.18482880401 0.374807192126
   vertex -0.0232739621476 -0.176783293702 0.387373234213
  endloop
 endfacet
 facet normal -0.16399057782 -0.824436308209 0.541675053969
  outer loop
   vertex -0.04825 -0.180071451465 0.374807192126
   vertex -0.0232739621476 -0.176783293702 0.387373234213
   vertex -0.0461497003501 -0.172233026461 0.387373234213
  endloop
 endfacet
 facet normal -0.0549770836545 -0.838788206987 0.541675053969
  outer loop
   vertex -0.024333173674 -0.18482880401 0.374807192126
   vertex -3.42454752714e-17 -0.186423684474 0.374807192126
   vertex -3.27547859507e-17 -0.178308749775 0.387373234213
  endloop
 endfacet
 facet normal -0.0549770836545 -0.838788206987 0.541675053969
  outer loop
   vertex -0.024333173674 -0.18482880401 0.374807192126
   vertex -3.27547859507e-17 -0.178308749775 0.387373234213
   vertex -0.0232739621476 -0.176783293702 0.387373234213
  endloop
 endfacet
 facet normal 0.0549770836545 -0.838788206987 0.541675053969
  outer loop
   vertex -3.42454752714e-17 -0.186423684474 0.374807192126
   vertex 0.024333173674 -0.18482880401 0.374807192126
   vertex 0.0232739621476 -0.176783293702 0.387373234213
  endloop
 endfacet
 facet normal 0.0549770836545 -0.838788206987 0.541675053969
  outer loop
   vertex -3.42454752714e-17 -0.186423684474 0.374807192126
   vertex 0.0232739621476 -0.176783293702 0.387373234213
   vertex -3.27547859507e-17 -0.178308749775 0.387373234213
  endloop
 endfacet
 facet normal 0.16399057782 -0.824436308209 0.541675053969
  outer loop
   vertex 0.024333173674 -0.18482880401 0.374807192126
   vertex 0.04825 -0.180071451465 0.374807192126
   vertex 0.0461497003501 -0.172233026461 0.387373234213
  endloop
 endfacet
 facet normal 0.16399057782 -0.824436308209 0.541675053969
  outer loop
   vertex 0.024333173674 -0.18482880401 0.374807192126
   vertex 0.0461497003501 -0.172233026461 0.387373234213
   vertex 0.0232739621476 -0.176783293702 0.387373234213
  endloop
 endfacet
 facet normal 0.270198147732 -0.795978075621 0.541675053969
  outer loop
   vertex 0.04825 -0.180071451465 0.374807192126
   vertex 0.0713412554486 -0.172233026461 0.374807192126
   vertex 0.0682358043845 -0.164735804385 0.387373234213
  endloop
 endfacet
 facet normal 0.270198147732 -0.795978075621 0.541675053969
  outer loop
   vertex 0.04825 -0.180071451465 0.374807192126
   vertex 0.0682358043845 -0.164735804385 0.387373234213
   vertex 0.0461497003501 -0.172233026461 0.387373234213
  endloop
 endfacet
 facet normal 0.371782552423 -0.753900437473 0.541675053969
  outer loop
   vertex 0.0713412554486 -0.172233026461 0.374807192126
   vertex 0.0932118422369 -0.161447646621 0.374807192126
   vertex 0.0891543748873 -0.154419907022 0.387373234213
  endloop
 endfacet
 facet normal 0.371782552423 -0.753900437473 0.541675053969
  outer loop
   vertex 0.0713412554486 -0.172233026461 0.374807192126
   vertex 0.0891543748873 -0.154419907022 0.387373234213
   vertex 0.0682358043845 -0.164735804385 0.387373234213
  endloop
 endfacet
 facet normal 0.467005654564 -0.698923353818 0.541675053969
  outer loop
   vertex 0.0932118422369 -0.161447646621 0.374807192126
   vertex 0.113487548561 -0.147899852787 0.374807192126
   vertex 0.108547489318 -0.141461842237 0.387373234213
  endloop
 endfacet
 facet normal 0.467005654564 -0.698923353818 0.541675053969
  outer loop
   vertex 0.0932118422369 -0.161447646621 0.374807192126
   vertex 0.108547489318 -0.141461842237 0.387373234213
   vertex 0.0891543748873 -0.154419907022 0.387373234213
  endloop
 endfacet
 facet normal 0.554238160478 -0.631987497802 0.541675053969
  outer loop
   vertex 0.113487548561 -0.147899852787 0.374807192126
   vertex 0.131821451465 -0.131821451465 0.374807192126
   vertex 0.126083326111 -0.126083326111 0.387373234213
  endloop
 endfacet
 facet normal 0.554238160478 -0.631987497802 0.541675053969
  outer loop
   vertex 0.113487548561 -0.147899852787 0.374807192126
   vertex 0.126083326111 -0.126083326111 0.387373234213
   vertex 0.108547489318 -0.141461842237 0.387373234213
  endloop
 endfacet
 facet normal 0.631987497802 -0.554238160478 0.541675053969
  outer loop
   vertex 0.131821451465 -0.131821451465 0.374807192126
   vertex 0.147899852787 -0.113487548561 0.374807192126
   vertex 0.141461842237 -0.108547489318 0.387373234213
  endloop
 endfacet
 facet normal 0.631987497802 -0.554238160478 0.541675053969
  outer loop
   vertex 0.131821451465 -0.131821451465 0.374807192126
   vertex 0.141461842237 -0.108547489318 0.387373234213
   vertex 0.126083326111 -0.126083326111 0.387373234213
  endloop
 endfacet
 facet normal 0.698923353818 -0.467005654564 0.541675053969
  outer loop
   vertex 0.147899852787 -0.113487548561 0.374807192126
   vertex 0.161447646621 -0.0932118422369 0.374807192126
   vertex 0.154419907022 -0.0891543748873 0.387373234213
  endloop
 endfacet
 facet normal 0.698923353818 -0.467005654564 0.541675053969
  outer loop
   vertex 0.147899852787 -0.113487548561 0.374807192126
   vertex 0.154419907022 -0.0891543748873 0.387373234213
   vertex 0.141461842237 -0.108547489318 0.387373234213
  endloop
 endfacet
 facet normal 0.753900437473 -0.371782552423 0.541675053969
  outer loop
   vertex 0.161447646621 -0.0932118422369 0.374807192126
   vertex 0.172233026461 -0.0713412554486 0.374807192126
   vertex 0.164735804385 -0.0682358043845 0.387373234213
  endloop
 endfacet
 facet normal 0.753900437473 -0.371782552423 0.541675053969
  outer loop
   vertex 0.161447646621 -0.0932118422369 0.374807192126
   vertex 0.164735804385 -0.0682358043845 0.387373234213
   vertex 0.154419907022 -0.0891543748873 0.387373234213
  endloop
 endfacet
 facet normal 0.795978075621 -0.270198147732 0.541675053969
  outer loop
   vertex 0.172233026461 -0.0713412554486 0.374807192126
   vertex 0.180071451465 -0.04825 0.374807192126
   vertex 0.172233026461 -0.0461497003501 0.387373234213
  endloop
 endfacet
 facet normal 0.795978075621 -0.270198147732 0.541675053969
  outer loop
   vertex 0.172233026461 -0.0713412554486 0.374807192126
   vertex 0.172233026461 -0.0461497003501 0.387373234213
   vertex 0.164735804385 -0.0682358043845 0.387373234213
  endloop
 endfacet
 facet normal 0.824436308209 -0.16399057782 0.541675053969
  outer loop
   vertex 0.180071451465 -0.04825 0.374807192126
   vertex 0.18482880401 -0.024333173674 0.374807192126
   vertex 0.176783293702 -0.0232739621476 0.387373234213
  endloop
 endfacet
 facet normal 0.824436308209 -0.16399057782 0.541675053969
  outer loop
   vertex 0.180071451465 -0.04825 0.374807192126
   vertex 0.176783293702 -0.0232739621476 0.387373234213
   vertex 0.172233026461 -0.0461497003501 0.387373234213
  endloop
 endfacet
 facet normal 0.838788206987 -0.0549770836545 0.541675053969
  outer loop
   vertex 0.18482880401 -0.024333173674 0.374807192126
   vertex 0.186423684474 0 0.374807192126
   vertex 0.178308749775 0 0.387373234213
  endloop
 endfacet
 facet normal 0.838788206987 -0.0549770836545 0.541675053969
  outer loop
   vertex 0.18482880401 -0.024333173674 0.374807192126
   vertex 0.178308749775 0 0.387373234213
   vertex 0.176783293702 -0.0232739621476 0.387373234213
  endloop
 endfacet
 facet normal 0.728462602192 0.0477459614791 0.683419754155
  outer loop
   vertex 0.178308749775 0 0.387373234213
   vertex 0.176783293702 0.0232739621476 0.387373234213
   vertex 0.165712972225 0.0218165266761 0.399275
  endloop
 endfacet
 facet normal 0.728462602192 0.0477459614791 0.683419754155
  outer loop
   vertex 0.178308749775 0 0.387373234213
   vertex 0.165712972225 0.0218165266761 0.399275
   vertex 0.16714290293 0 0.399275
  endloop
 endfacet
 facet normal 0.715998405101 0.142420937799 0.683419754155
  outer loop
   vertex 0.176783293702 0.0232739621476 0.387373234213
   vertex 0.172233026461 0.0461497003501 0.387373234213
   vertex 0.161447646621 0.0432597665321 0.399275
  endloop
 endfacet
 facet normal 0.715998405101 0.142420937799 0.683419754155
  outer loop
   vertex 0.176783293702 0.0232739621476 0.387373234213
   vertex 0.161447646621 0.0432597665321 0.399275
   vertex 0.165712972225 0.0218165266761 0.399275
  endloop
 endfacet
 facet normal 0.691283276786 0.234659052386 0.683419754155
  outer loop
   vertex 0.172233026461 0.0461497003501 0.387373234213
   vertex 0.164735804385 0.0682358043845 0.387373234213
   vertex 0.154419907022 0.0639628197889 0.399275
  endloop
 endfacet
 facet normal 0.691283276786 0.234659052386 0.683419754155
  outer loop
   vertex 0.172233026461 0.0461497003501 0.387373234213
   vertex 0.154419907022 0.0639628197889 0.399275
   vertex 0.161447646621 0.0432597665321 0.399275
  endloop
 endfacet
 facet normal 0.654740099945 0.322882085527 0.683419754155
  outer loop
   vertex 0.164735804385 0.0682358043845 0.387373234213
   vertex 0.154419907022 0.0891543748873 0.387373234213
   vertex 0.14475 0.0835714514652 0.399275
  endloop
 endfacet
 facet normal 0.654740099945 0.322882085527 0.683419754155
  outer loop
   vertex 0.164735804385 0.0682358043845 0.387373234213
   vertex 0.14475 0.0835714514652 0.399275
   vertex 0.154419907022 0.0639628197889 0.399275
  endloop
 endfacet
 facet normal 0.606994138466 0.405580516665 0.683419754155
  outer loop
   vertex 0.154419907022 0.0891543748873 0.387373234213
   vertex 0.141461842237 0.108547489318 0.387373234213
   vertex 0.132603380346 0.101750152437 0.399275
  endloop
 endfacet
 facet normal 0.606994138466 0.405580516665 0.683419754155
  outer loop
   vertex 0.154419907022 0.0891543748873 0.387373234213
   vertex 0.132603380346 0.101750152437 0.399275
   vertex 0.14475 0.0835714514652 0.399275
  endloop
 endfacet
 facet normal 0.548862338987 0.481339352715 0.683419754155
  outer loop
   vertex 0.141461842237 0.108547489318 0.387373234213
   vertex 0.126083326111 0.126083326111 0.387373234213
   vertex 0.118187880089 0.118187880089 0.399275
  endloop
 endfacet
 facet normal 0.548862338987 0.481339352715 0.683419754155
  outer loop
   vertex 0.141461842237 0.108547489318 0.387373234213
   vertex 0.118187880089 0.118187880089 0.399275
   vertex 0.132603380346 0.101750152437 0.399275
  endloop
 endfacet
 facet normal 0.481339352715 0.548862338987 0.683419754155
  outer loop
   vertex 0.126083326111 0.126083326111 0.387373234213
   vertex 0.108547489318 0.141461842237 0.387373234213
   vertex 0.101750152437 0.132603380346 0.399275
  endloop
 endfacet
 facet normal 0.481339352715 0.548862338987 0.683419754155
  outer loop
   vertex 0.126083326111 0.126083326111 0.387373234213
   vertex 0.101750152437 0.132603380346 0.399275
   vertex 0.118187880089 0.118187880089 0.399275
  endloop
 endfacet
 facet normal 0.405580516665 0.606994138466 0.683419754155
  outer loop
   vertex 0.108547489318 0.141461842237 0.387373234213
   vertex 0.0891543748873 0.154419907022 0.387373234213
   vertex 0.0835714514652 0.14475 0.399275
  endloop
 endfacet
 facet normal 0.405580516665 0.606994138466 0.683419754155
  outer loop
   vertex 0.108547489318 0.141461842237 0.387373234213
   vertex 0.0835714514652 0.14475 0.399275
   vertex 0.101750152437 0.132603380346 0.399275
  endloop
 endfacet
 facet normal 0.322882085527 0.654740099945 0.683419754155
  outer loop
   vertex 0.0891543748873 0.154419907022 0.387373234213
   vertex 0.0682358043845 0.164735804385 0.387373234213
   vertex 0.0639628197889 0.154419907022 0.399275
  endloop
 endfacet
 facet normal 0.322882085527 0.654740099945 0.683419754155
  outer loop
   vertex 0.0891543748873 0.154419907022 0.387373234213
   vertex 0.0639628197889 0.154419907022 0.399275
   vertex 0.0835714514652 0.14475 0.399275
  endloop
 endfacet
 facet normal 0.234659052386 0.691283276786 0.683419754155
  outer loop
   vertex 0.0682358043845 0.164735804385 0.387373234213
   vertex 0.0461497003501 0.172233026461 0.387373234213
   vertex 0.0432597665321 0.161447646621 0.399275
  endloop
 endfacet
 facet normal 0.234659052386 0.691283276786 0.683419754155
  outer loop
   vertex 0.0682358043845 0.164735804385 0.387373234213
   vertex 0.0432597665321 0.161447646621 0.399275
   vertex 0.0639628197889 0.154419907022 0.399275
  endloop
 endfacet
 facet normal 0.142420937799 0.715998405101 0.683419754155
  outer loop
   vertex 0.0461497003501 0.172233026461 0.387373234213
   vertex 0.0232739621476 0.176783293702 0.387373234213
   vertex 0.0218165266761 0.165712972225 0.399275
  endloop
 endfacet
 facet normal 0.142420937799 0.715998405101 0.683419754155
  outer loop
   vertex 0.0461497003501 0.172233026461 0.387373234213
   vertex 0.0218165266761 0.165712972225 0.399275
   vertex 0.0432597665321 0.161447646621 0.399275
  endloop
 endfacet
 facet normal 0.0477459614791 0.728462602192 0.683419754155
  outer loop
   vertex 0.0232739621476 0.176783293702 0.387373234213
   vertex 1.09182619836e-17 0.178308749775 0.387373234213
   vertex 1.02345510537e-17 0.16714290293 0.399275
  endloop
 endfacet
 facet normal 0.0477459614791 0.728462602192 0.683419754155
  outer loop
   vertex 0.0232739621476 0.176783293702 0.387373234213
   vertex 1.02345510537e-17 0.16714290293 0.399275
   vertex 0.0218165266761 0.165712972225 0.399275
  endloop
 endfacet
 facet normal -0.0477459614791 0.728462602192 0.683419754155
  outer loop
   vertex 1.09182619836e-17 0.178308749775 0.387373234213
   vertex -0.0232739621476 0.176783293702 0.387373234213
   vertex -0.0218165266761 0.165712972225 0.399275
  endloop
 endfacet
 facet normal -0.0477459614791 0.728462602192 0.683419754155
  outer loop
   vertex 1.09182619836e-17 0.178308749775 0.387373234213
   vertex -0.0218165266761 0.165712972225 0.399275
   vertex 1.02345510537e-17 0.16714290293 0.399275
  endloop
 endfacet
 facet normal -0.142420937799 0.715998405101 0.683419754155
  outer loop
   vertex -0.0232739621476 0.176783293702 0.387373234213
   vertex -0.0461497003501 0.172233026461 0.387373234213
   vertex -0.0432597665321 0.161447646621 0.399275
  endloop
 endfacet
 facet normal -0.142420937799 0.715998405101 0.683419754155
  outer loop
   vertex -0.0232739621476 0.176783293702 0.387373234213
   vertex -0.0432597665321 0.161447646621 0.399275
   vertex -0.0218165266761 0.165712972225 0.399275
  endloop
 endfacet
 facet normal -0.234659052386 0.691283276786 0.683419754155
  outer loop
   vertex -0.0461497003501 0.172233026461 0.387373234213
   vertex -0.0682358043845 0.164735804385 0.387373234213
   vertex -0.0639628197889 0.154419907022 0.399275
  endloop
 endfacet
 facet normal -0.234659052386 0.691283276786 0.683419754155
  outer loop
   vertex -0.0461497003501 0.172233026461 0.387373234213
   vertex -0.0639628197889 0.154419907022 0.399275
   vertex -0.0432597665321 0.161447646621 0.399275
  endloop
 endfacet
 facet normal -0.322882085527 0.654740099945 0.683419754155
  outer loop
   vertex -0.0682358043845 0.164735804385 0.387373234213
   vertex -0.0891543748873 0.154419907022 0.387373234213
   vertex -0.0835714514652 0.14475 0.399275
  endloop
 endfacet
 facet normal -0.322882085527 0.654740099945 0.683419754155
  outer loop
   vertex -0.0682358043845 0.164735804385 0.387373234213
   vertex -0.0835714514652 0.14475 0.399275
   vertex -0.0639628197889 0.154419907022 0.399275
  endloop
 endfacet
 facet normal -0.405580516665 0.606994138466 0.683419754155
  outer loop
   vertex -0.0891543748873 0.154419907022 0.387373234213
   vertex -0.108547489318 0.141461842237 0.387373234213
   vertex -0.101750152437 0.132603380346 0.399275
  endloop
 endfacet
 facet normal -0.405580516665 0.606994138466 0.683419754155
  outer loop
   vertex -0.0891543748873 0.154419907022 0.387373234213
   vertex -0.101750152437 0.132603380346 0.399275
   vertex -0.0835714514652 0.14475 0.399275
  endloop
 endfacet
 facet normal -0.481339352715 0.548862338987 0.683419754155
  outer loop
   vertex -0.108547489318 0.141461842237 0.387373234213
   vertex -0.126083326111 0.126083326111 0.387373234213
   vertex -0.118187880089 0.118187880089 0.399275
  endloop
 endfacet
 facet normal -0.481339352715 0.548862338987 0.683419754155
  outer loop
   vertex -0.108547489318 0.141461842237 0.387373234213
   vertex -0.118187880089 0.118187880089 0.399275
   vertex -0.101750152437 0.132603380346 0.399275
  endloop
 endfacet
 facet normal -0.548862338987 0.481339352715 0.683419754155
  outer loop
   vertex -0.126083326111 0.126083326111 0.387373234213
   vertex -0.141461842237 0.108547489318 0.387373234213
   vertex -0.132603380346 0.101750152437 0.399275
  endloop
 endfacet
 facet normal -0.548862338987 0.481339352715 0.683419754155
  outer loop
   vertex -0.126083326111 0.126083326111 0.387373234213
   vertex -0.132603380346 0.101750152437 0.399275
   vertex -0.118187880089 0.118187880089 0.399275
  endloop
 endfacet
 facet normal -0.606994138466 0.405580516665 0.683419754155
  outer loop
   vertex -0.141461842237 0.108547489318 0.387373234213
   vertex -0.154419907022 0.0891543748873 0.387373234213
   vertex -0.14475 0.0835714514652 0.399275
  endloop
 endfacet
 facet normal -0.606994138466 0.405580516665 0.683419754155
  outer loop
   vertex -0.141461842237 0.108547489318 0.387373234213
   vertex -0.14475 0.0835714514652 0.399275
   vertex -0.132603380346 0.101750152437 0.399275
  endloop
 endfacet
 facet normal -0.654740099945 0.322882085527 0.683419754155
  outer loop
   vertex -0.154419907022 0.0891543748873 0.387373234213
   vertex -0.164735804385 0.0682358043845 0.387373234213
   vertex -0.154419907022 0.0639628197889 0.399275
  endloop
 endfacet
 facet normal -0.654740099945 0.322882085527 0.683419754155
  outer loop
   vertex -0.154419907022 0.0891543748873 0.387373234213
   vertex -0.154419907022 0.0639628197889 0.399275
   vertex -0.14475 0.0835714514652 0.399275
  endloop
 endfacet
 facet normal -0.691283276786 0.234659052386 0.683419754155
  outer loop
   vertex -0.164735804385 0.0682358043845 0.387373234213
   vertex -0.172233026461 0.0461497003501 0.387373234213
   vertex -0.161447646621 0.0432597665321 0.399275
  endloop
 endfacet
 facet normal -0.691283276786 0.234659052386 0.683419754155
  outer loop
   vertex -0.164735804385 0.0682358043845 0.387373234213
   vertex -0.161447646621 0.0432597665321 0.399275
   vertex -0.154419907022 0.0639628197889 0.399275
  endloop
 endfacet
 facet normal -0.715998405101 0.142420937799 0.683419754155
  outer loop
   vertex -0.172233026461 0.0461497003501 0.387373234213
   vertex -0.176783293702 0.0232739621476 0.387373234213
   vertex -0.165712972225 0.0218165266761 0.399275
  endloop
 endfacet
 facet normal -0.715998405101 0.142420937799 0.683419754155
  outer loop
   vertex -0.172233026461 0.0461497003501 0.387373234213
   vertex -0.165712972225 0.0218165266761 0.399275
   vertex -0.161447646621 0.0432597665321 0.399275
  endloop
 endfacet
 facet normal -0.728462602192 0.0477459614791 0.683419754155
  outer loop
   vertex -0.176783293702 0.0232739621476 0.387373234213
   vertex -0.178308749775 2.18365239672e-17 0.387373234213
   vertex -0.16714290293 2.04691021074e-17 0.399275
  endloop
 endfacet
 facet normal -0.728462602192 0.0477459614791 0.683419754155
  outer loop
   vertex -0.176783293702 0.0232739621476 0.387373234213
   vertex -0.16714290293 2.04691021074e-17 0.399275
   vertex -0.165712972225 0.0218165266761 0.399275
  endloop
 endfacet
 facet normal -0.728462602192 -0.0477459614791 0.683419754155
  outer loop
   vertex -0.178308749775 2.18365239672e-17 0.387373234213
   vertex -0.176783293702 -0.0232739621476 0.387373234213
   vertex -0.165712972225 -0.0218165266761 0.399275
  endloop
 endfacet
 facet normal -0.728462602192 -0.0477459614791 0.683419754155
  outer loop
   vertex -0.178308749775 2.18365239672e-17 0.387373234213
   vertex -0.165712972225 -0.0218165266761 0.399275
   vertex -0.16714290293 2.04691021074e-17 0.399275
  endloop
 endfacet
 facet normal -0.715998405101 -0.142420937799 0.683419754155
  outer loop
   vertex -0.176783293702 -0.0232739621476 0.387373234213
   vertex -0.172233026461 -0.0461497003501 0.387373234213
   vertex -0.161447646621 -0.0432597665321 0.399275
  endloop
 endfacet
 facet normal -0.715998405101 -0.142420937799 0.683419754155
  outer loop
   vertex -0.176783293702 -0.0232739621476 0.387373234213
   vertex -0.161447646621 -0.0432597665321 0.399275
   vertex -0.165712972225 -0.0218165266761 0.399275
  endloop
 endfacet
 facet normal -0.691283276786 -0.234659052386 0.683419754155
  outer loop
   vertex -0.172233026461 -0.0461497003501 0.387373234213
   vertex -0.164735804385 -0.0682358043845 0.387373234213
   vertex -0.154419907022 -0.0639628197889 0.399275
  endloop
 endfacet
 facet normal -0.691283276786 -0.234659052386 0.683419754155
  outer loop
   vertex -0.172233026461 -0.0461497003501 0.387373234213
   vertex -0.154419907022 -0.0639628197889 0.399275
   vertex -0.161447646621 -0.0432597665321 0.399275
  endloop
 endfacet
 facet normal -0.654740099945 -0.322882085527 0.683419754155
  outer loop
   vertex -0.164735804385 -0.0682358043845 0.387373234213
   vertex -0.154419907022 -0.0891543748873 0.387373234213
   vertex -0.14475 -0.0835714514652 0.399275
  endloop
 endfacet
 facet normal -0.654740099945 -0.322882085527 0.683419754155
  outer loop
   vertex -0.164735804385 -0.0682358043845 0.387373234213
   vertex -0.14475 -0.0835714514652 0.399275
   vertex -0.154419907022 -0.0639628197889 0.399275
  endloop
 endfacet
 facet normal -0.606994138466 -0.405580516665 0.683419754155
  outer loop
   vertex -0.154419907022 -0.0891543748873 0.387373234213
   vertex -0.141461842237 -0.108547489318 0.387373234213
   vertex -0.132603380346 -0.101750152437 0.399275
  endloop
 endfacet
 facet normal -0.606994138466 -0.405580516665 0.683419754155
  outer loop
   vertex -0.154419907022 -0.0891543748873 0.387373234213
   vertex -0.132603380346 -0.101750152437 0.399275
   vertex -0.14475 -0.0835714514652 0.399275
  endloop
 endfacet
 facet normal -0.548862338987 -0.481339352715 0.683419754155
  outer loop
   vertex -0.141461842237 -0.108547489318 0.387373234213
   vertex -0.126083326111 -0.126083326111 0.387373234213
   vertex -0.118187880089 -0.118187880089 0.399275
  endloop
 endfacet
 facet normal -0.548862338987 -0.481339352715 0.683419754155
  outer loop
   vertex -0.141461842237 -0.108547489318 0.387373234213
   vertex -0.118187880089 -0.118187880089 0.399275
   vertex -0.132603380346 -0.101750152437 0.399275
  endloop
 endfacet
 facet normal -0.481339352715 -0.548862338987 0.683419754155
  outer loop
   vertex -0.126083326111 -0.126083326111 0.387373234213
   vertex -0.108547489318 -0.141461842237 0.387373234213
   vertex -0.101750152437 -0.132603380346 0.399275
  endloop
 endfacet
 facet normal -0.481339352715 -0.548862338987 0.683419754155
  outer loop
   vertex -0.126083326111 -0.126083326111 0.387373234213
   vertex -0.101750152437 -0.132603380346 0.399275
   vertex -0.118187880089 -0.118187880089 0.399275
  endloop
 endfacet
 facet normal -0.405580516665 -0.606994138466 0.683419754155
  outer loop
   vertex -0.108547489318 -0.141461842237 0.387373234213
   vertex -0.0891543748873 -0.154419907022 0.387373234213
   vertex -0.0835714514652 -0.14475 0.399275
  endloop
 endfacet
 facet normal -0.405580516665 -0.606994138466 0.683419754155
  outer loop
   vertex -0.108547489318 -0.141461842237 0.387373234213
   vertex -0.0835714514652 -0.14475 0.399275
   vertex -0.101750152437 -0.132603380346 0.399275
  endloop
 endfacet
 facet normal -0.322882085527 -0.654740099945 0.683419754155
  outer loop
   vertex -0.0891543748873 -0.154419907022 0.387373234213
   vertex -0.0682358043845 -0.164735804385 0.387373234213
   vertex -0.0639628197889 -0.154419907022 0.399275
  endloop
 endfacet
 facet normal -0.322882085527 -0.654740099945 0.683419754155
  outer loop
   vertex -0.0891543748873 -0.154419907022 0.387373234213
   vertex -0.0639628197889 -0.154419907022 0.399275
   vertex -0.0835714514652 -0.14475 0.399275
  endloop
 endfacet
 facet normal -0.234659052386 -0.691283276786 0.683419754155
  outer loop
   vertex -0.0682358043845 -0.164735804385 0.387373234213
   vertex -0.0461497003501 -0.172233026461 0.387373234213
   vertex -0.0432597665321 -0.161447646621 0.399275
  endloop
 endfacet
 facet normal -0.234659052386 -0.691283276786 0.683419754155
  outer loop
   vertex -0.0682358043845 -0.164735804385 0.387373234213
   vertex -0.0432597665321 -0.161447646621 0.399275
   vertex -0.0639628197889 -0.154419907022 0.399275
  endloop
 endfacet
 facet normal -0.142420937799 -0.715998405101 0.683419754155
  outer loop
   vertex -0.0461497003501 -0.172233026461 0.387373234213
   vertex -0.0232739621476 -0.176783293702 0.387373234213
   vertex -0.0218165266761 -0.165712972225 0.399275
  endloop
 endfacet
 facet normal -0.142420937799 -0.715998405101 0.683419754155
  outer loop
   vertex -0.0461497003501 -0.172233026461 0.387373234213
   vertex -0.0218165266761 -0.165712972225 0.399275
   vertex -0.0432597665321 -0.161447646621 0.399275
  endloop
 endfacet
 facet normal -0.0477459614791 -0.728462602192 0.683419754155
  outer loop
   vertex -0.0232739621476 -0.176783293702 0.387373234213
   vertex -3.27547859507e-17 -0.178308749775 0.387373234213
   vertex -3.07036531611e-17 -0.16714290293 0.399275
  endloop
 endfacet
 facet normal -0.0477459614791 -0.728462602192 0.683419754155
  outer loop
   vertex -0.0232739621476 -0.176783293702 0.387373234213
   vertex -3.07036531611e-17 -0.16714290293 0.399275
   vertex -0.0218165266761 -0.165712972225 0.399275
  endloop
 endfacet
 facet normal 0.0477459614791 -0.728462602192 0.683419754155
  outer loop
   vertex -3.27547859507e-17 -0.178308749775 0.387373234213
   vertex 0.0232739621476 -0.176783293702 0.387373234213
   vertex 0.0218165266761 -0.165712972225 0.399275
  endloop
 endfacet
 facet normal 0.0477459614791 -0.728462602192 0.683419754155
  outer loop
   vertex -3.27547859507e-17 -0.178308749775 0.387373234213
   vertex 0.0218165266761 -0.165712972225 0.399275
   vertex -3.07036531611e-17 -0.16714290293 0.399275
  endloop
 endfacet
 facet normal 0.142420937799 -0.715998405101 0.683419754155
  outer loop
   vertex 0.0232739621476 -0.176783293702 0.387373234213
   vertex 0.0461497003501 -0.172233026461 0.387373234213
   vertex 0.0432597665321 -0.161447646621 0.399275
  endloop
 endfacet
 facet normal 0.142420937799 -0.715998405101 0.683419754155
  outer loop
   vertex 0.0232739621476 -0.176783293702 0.387373234213
   vertex 0.0432597665321 -0.161447646621 0.399275
   vertex 0.0218165266761 -0.165712972225 0.399275
  endloop
 endfacet
 facet normal 0.234659052386 -0.691283276786 0.683419754155
  outer loop
   vertex 0.0461497003501 -0.172233026461 0.387373234213
   vertex 0.0682358043845 -0.164735804385 0.387373234213
   vertex 0.0639628197889 -0.154419907022 0.399275
  endloop
 endfacet
 facet normal 0.234659052386 -0.691283276786 0.683419754155
  outer loop
   vertex 0.0461497003501 -0.172233026461 0.387373234213
   vertex 0.0639628197889 -0.154419907022 0.399275
   vertex 0.0432597665321 -0.161447646621 0.399275
  endloop
 endfacet
 facet normal 0.322882085527 -0.654740099945 0.683419754155
  outer loop
   vertex 0.0682358043845 -0.164735804385 0.387373234213
   vertex 0.0891543748873 -0.154419907022 0.387373234213
   vertex 0.0835714514652 -0.14475 0.399275
  endloop
 endfacet
 facet normal 0.322882085527 -0.654740099945 0.683419754155
  outer loop
   vertex 0.0682358043845 -0.164735804385 0.387373234213
   vertex 0.0835714514652 -0.14475 0.399275
   vertex 0.0639628197889 -0.154419907022 0.399275
  endloop
 endfacet
 facet normal 0.405580516665 -0.606994138466 0.683419754155
  outer loop
   vertex 0.0891543748873 -0.154419907022 0.387373234213
   vertex 0.108547489318 -0.141461842237 0.387373234213
   vertex 0.101750152437 -0.132603380346 0.399275
  endloop
 endfacet
 facet normal 0.405580516665 -0.606994138466 0.683419754155
  outer loop
   vertex 0.0891543748873 -0.154419907022 0.387373234213
   vertex 0.101750152437 -0.132603380346 0.399275
   vertex 0.0835714514652 -0.14475 0.399275
  endloop
 endfacet
 facet normal 0.481339352715 -0.548862338987 0.683419754155
  outer loop
   vertex 0.108547489318 -0.141461842237 0.387373234213
   vertex 0.126083326111 -0.126083326111 0.387373234213
   vertex 0.118187880089 -0.118187880089 0.399275
  endloop
 endfacet
 facet normal 0.481339352715 -0.548862338987 0.683419754155
  outer loop
   vertex 0.108547489318 -0.141461842237 0.387373234213
   vertex 0.118187880089 -0.118187880089 0.399275
   vertex 0.101750152437 -0.132603380346 0.399275
  endloop
 endfacet
 facet normal 0.548862338987 -0.481339352715 0.683419754155
  outer loop
   vertex 0.126083326111 -0.126083326111 0.387373234213
   vertex 0.141461842237 -0.108547489318 0.387373234213
   vertex 0.132603380346 -0.101750152437 0.399275
  endloop
 endfacet
 facet normal 0.548862338987 -0.481339352715 0.683419754155
  outer loop
   vertex 0.126083326111 -0.126083326111 0.387373234213
   vertex 0.132603380346 -0.101750152437 0.399275
   vertex 0.118187880089 -0.118187880089 0.399275
  endloop
 endfacet
 facet normal 0.606994138466 -0.405580516665 0.683419754155
  outer loop
   vertex 0.141461842237 -0.108547489318 0.387373234213
   vertex 0.154419907022 -0.0891543748873 0.387373234213
   vertex 0.14475 -0.0835714514652 0.399275
  endloop
 endfacet
 facet normal 0.606994138466 -0.405580516665 0.683419754155
  outer loop
   vertex 0.141461842237 -0.108547489318 0.387373234213
   vertex 0.14475 -0.0835714514652 0.399275
   vertex 0.132603380346 -0.101750152437 0.399275
  endloop
 endfacet
 facet normal 0.654740099945 -0.322882085527 0.683419754155
  outer loop
   vertex 0.154419907022 -0.0891543748873 0.387373234213
   vertex 0.164735804385 -0.0682358043845 0.387373234213
   vertex 0.154419907022 -0.0639628197889 0.399275
  endloop
 endfacet
 facet normal 0.654740099945 -0.322882085527 0.683419754155
  outer loop
   vertex 0.154419907022 -0.0891543748873 0.387373234213
   vertex 0.154419907022 -0.0639628197889 0.399275
   vertex 0.14475 -0.0835714514652 0.399275
  endloop
 endfacet
 facet normal 0.691283276786 -0.234659052386 0.683419754155
  outer loop
   vertex 0.164735804385 -0.0682358043845 0.387373234213
   vertex 0.172233026461 -0.0461497003501 0.387373234213
   vertex 0.161447646621 -0.0432597665321 0.399275
  endloop
 endfacet
 facet normal 0.691283276786 -0.234659052386 0.683419754155
  outer loop
   vertex 0.164735804385 -0.0682358043845 0.387373234213
   vertex 0.161447646621 -0.0432597665321 0.399275
   vertex 0.154419907022 -0.0639628197889 0.399275
  endloop
 endfacet
 facet normal 0.715998405101 -0.142420937799 0.683419754155
  outer loop
   vertex 0.172233026461 -0.0461497003501 0.387373234213
   vertex 0.176783293702 -0.0232739621476 0.387373234213
   vertex 0.165712972225 -0.0218165266761 0.399275
  endloop
 endfacet
 facet normal 0.715998405101 -0.142420937799 0.683419754155
  outer loop
   vertex 0.172233026461 -0.0461497003501 0.387373234213
   vertex 0.165712972225 -0.0218165266761 0.399275
   vertex 0.161447646621 -0.0432597665321 0.399275
  endloop
 endfacet
 facet normal 0.728462602192 -0.0477459614791 0.683419754155
  outer loop
   vertex 0.176783293702 -0.0232739621476 0.387373234213
   vertex 0.178308749775 0 0.387373234213
   vertex 0.16714290293 0 0.399275
  endloop
 endfacet
 facet normal 0.728462602192 -0.0477459614791 0.683419754155
  outer loop
   vertex 0.176783293702 -0.0232739621476 0.387373234213
   vertex 0.16714290293 0 0.399275
   vertex 0.165712972225 -0.0218165266761 0.399275
  endloop
 endfacet
 facet normal 0.617787205028 0.0404919127005 0.785302091115
  outer loop
   vertex 0.16714290293 0 0.399275
   vertex 0.165712972225 0.0218165266761 0.399275
   vertex 0.15180725585 0.0199858043845 0.410308846973
  endloop
 endfacet
 facet normal 0.617787205028 0.0404919127005 0.785302091115
  outer loop
   vertex 0.16714290293 0 0.399275
   vertex 0.15180725585 0.0199858043845 0.410308846973
   vertex 0.153117194676 0 0.410308846973
  endloop
 endfacet
 facet normal 0.607216694667 0.120782910249 0.785302091115
  outer loop
   vertex 0.165712972225 0.0218165266761 0.399275
   vertex 0.161447646621 0.0432597665321 0.399275
   vertex 0.147899852787 0.0396296461149 0.410308846973
  endloop
 endfacet
 facet normal 0.607216694667 0.120782910249 0.785302091115
  outer loop
   vertex 0.165712972225 0.0218165266761 0.399275
   vertex 0.147899852787 0.0396296461149 0.410308846973
   vertex 0.15180725585 0.0199858043845 0.410308846973
  endloop
 endfacet
 facet normal 0.586256538308 0.199007278715 0.785302091115
  outer loop
   vertex 0.161447646621 0.0432597665321 0.399275
   vertex 0.154419907022 0.0639628197889 0.399275
   vertex 0.141461842237 0.0585954136128 0.410308846973
  endloop
 endfacet
 facet normal 0.586256538308 0.199007278715 0.785302091115
  outer loop
   vertex 0.161447646621 0.0432597665321 0.399275
   vertex 0.141461842237 0.0585954136128 0.410308846973
   vertex 0.147899852787 0.0396296461149 0.410308846973
  endloop
 endfacet
 facet normal 0.555265370037 0.273826577467 0.785302091115
  outer loop
   vertex 0.154419907022 0.0639628197889 0.399275
   vertex 0.14475 0.0835714514652 0.399275
   vertex 0.132603380346 0.0765585973381 0.410308846973
  endloop
 endfacet
 facet normal 0.555265370037 0.273826577467 0.785302091115
  outer loop
   vertex 0.154419907022 0.0639628197889 0.399275
   vertex 0.132603380346 0.0765585973381 0.410308846973
   vertex 0.141461842237 0.0585954136128 0.410308846973
  endloop
 endfacet
 facet normal 0.514773457337 0.34396062756 0.785302091115
  outer loop
   vertex 0.14475 0.0835714514652 0.399275
   vertex 0.132603380346 0.101750152437 0.399275
   vertex 0.121476037852 0.0932118422369 0.410308846973
  endloop
 endfacet
 facet normal 0.514773457337 0.34396062756 0.785302091115
  outer loop
   vertex 0.14475 0.0835714514652 0.399275
   vertex 0.121476037852 0.0932118422369 0.410308846973
   vertex 0.132603380346 0.0765585973381 0.410308846973
  endloop
 endfacet
 facet normal 0.465473628059 0.408209415952 0.785302091115
  outer loop
   vertex 0.132603380346 0.101750152437 0.399275
   vertex 0.118187880089 0.118187880089 0.399275
   vertex 0.108270206672 0.108270206672 0.410308846973
  endloop
 endfacet
 facet normal 0.465473628059 0.408209415952 0.785302091115
  outer loop
   vertex 0.132603380346 0.101750152437 0.399275
   vertex 0.108270206672 0.108270206672 0.410308846973
   vertex 0.121476037852 0.0932118422369 0.410308846973
  endloop
 endfacet
 facet normal 0.408209415952 0.465473628059 0.785302091115
  outer loop
   vertex 0.118187880089 0.118187880089 0.399275
   vertex 0.101750152437 0.132603380346 0.399275
   vertex 0.0932118422369 0.121476037852 0.410308846973
  endloop
 endfacet
 facet normal 0.408209415952 0.465473628059 0.785302091115
  outer loop
   vertex 0.118187880089 0.118187880089 0.399275
   vertex 0.0932118422369 0.121476037852 0.410308846973
   vertex 0.108270206672 0.108270206672 0.410308846973
  endloop
 endfacet
 facet normal 0.34396062756 0.514773457337 0.785302091115
  outer loop
   vertex 0.101750152437 0.132603380346 0.399275
   vertex 0.0835714514652 0.14475 0.399275
   vertex 0.0765585973381 0.132603380346 0.410308846973
  endloop
 endfacet
 facet normal 0.34396062756 0.514773457337 0.785302091115
  outer loop
   vertex 0.101750152437 0.132603380346 0.399275
   vertex 0.0765585973381 0.132603380346 0.410308846973
   vertex 0.0932118422369 0.121476037852 0.410308846973
  endloop
 endfacet
 facet normal 0.273826577467 0.555265370037 0.785302091115
  outer loop
   vertex 0.0835714514652 0.14475 0.399275
   vertex 0.0639628197889 0.154419907022 0.399275
   vertex 0.0585954136128 0.141461842237 0.410308846973
  endloop
 endfacet
 facet normal 0.273826577467 0.555265370037 0.785302091115
  outer loop
   vertex 0.0835714514652 0.14475 0.399275
   vertex 0.0585954136128 0.141461842237 0.410308846973
   vertex 0.0765585973381 0.132603380346 0.410308846973
  endloop
 endfacet
 facet normal 0.199007278715 0.586256538308 0.785302091115
  outer loop
   vertex 0.0639628197889 0.154419907022 0.399275
   vertex 0.0432597665321 0.161447646621 0.399275
   vertex 0.0396296461149 0.147899852787 0.410308846973
  endloop
 endfacet
 facet normal 0.199007278715 0.586256538308 0.785302091115
  outer loop
   vertex 0.0639628197889 0.154419907022 0.399275
   vertex 0.0396296461149 0.147899852787 0.410308846973
   vertex 0.0585954136128 0.141461842237 0.410308846973
  endloop
 endfacet
 facet normal 0.120782910249 0.607216694667 0.785302091115
  outer loop
   vertex 0.0432597665321 0.161447646621 0.399275
   vertex 0.0218165266761 0.165712972225 0.399275
   vertex 0.0199858043845 0.15180725585 0.410308846973
  endloop
 endfacet
 facet normal 0.120782910249 0.607216694667 0.785302091115
  outer loop
   vertex 0.0432597665321 0.161447646621 0.399275
   vertex 0.0199858043845 0.15180725585 0.410308846973
   vertex 0.0396296461149 0.147899852787 0.410308846973
  endloop
 endfacet
 facet normal 0.0404919127005 0.617787205028 0.785302091115
  outer loop
   vertex 0.0218165266761 0.165712972225 0.399275
   vertex 1.02345510537e-17 0.16714290293 0.399275
   vertex 9.37572411773e-18 0.153117194676 0.410308846973
  endloop
 endfacet
 facet normal 0.0404919127005 0.617787205028 0.785302091115
  outer loop
   vertex 0.0218165266761 0.165712972225 0.399275
   vertex 9.37572411773e-18 0.153117194676 0.410308846973
   vertex 0.0199858043845 0.15180725585 0.410308846973
  endloop
 endfacet
 facet normal -0.0404919127005 0.617787205028 0.785302091115
  outer loop
   vertex 1.02345510537e-17 0.16714290293 0.399275
   vertex -0.0218165266761 0.165712972225 0.399275
   vertex -0.0199858043845 0.15180725585 0.410308846973
  endloop
 endfacet
 facet normal -0.0404919127005 0.617787205028 0.785302091115
  outer loop
   vertex 1.02345510537e-17 0.16714290293 0.399275
   vertex -0.0199858043845 0.15180725585 0.410308846973
   vertex 9.37572411773e-18 0.153117194676 0.410308846973
  endloop
 endfacet
 facet normal -0.120782910249 0.607216694667 0.785302091115
  outer loop
   vertex -0.0218165266761 0.165712972225 0.399275
   vertex -0.0432597665321 0.161447646621 0.399275
   vertex -0.0396296461149 0.147899852787 0.410308846973
  endloop
 endfacet
 facet normal -0.120782910249 0.607216694667 0.785302091115
  outer loop
   vertex -0.0218165266761 0.165712972225 0.399275
   vertex -0.0396296461149 0.147899852787 0.410308846973
   vertex -0.0199858043845 0.15180725585 0.410308846973
  endloop
 endfacet
 facet normal -0.199007278715 0.586256538308 0.785302091115
  outer loop
   vertex -0.0432597665321 0.161447646621 0.399275
   vertex -0.0639628197889 0.154419907022 0.399275
   vertex -0.0585954136128 0.141461842237 0.410308846973
  endloop
 endfacet
 facet normal -0.199007278715 0.586256538308 0.785302091115
  outer loop
   vertex -0.0432597665321 0.161447646621 0.399275
   vertex -0.0585954136128 0.141461842237 0.410308846973
   vertex -0.0396296461149 0.147899852787 0.410308846973
  endloop
 endfacet
 facet normal -0.273826577467 0.555265370037 0.785302091115
  outer loop
   vertex -0.0639628197889 0.154419907022 0.399275
   vertex -0.0835714514652 0.14475 0.399275
   vertex -0.0765585973381 0.132603380346 0.410308846973
  endloop
 endfacet
 facet normal -0.273826577467 0.555265370037 0.785302091115
  outer loop
   vertex -0.0639628197889 0.154419907022 0.399275
   vertex -0.0765585973381 0.132603380346 0.410308846973
   vertex -0.0585954136128 0.141461842237 0.410308846973
  endloop
 endfacet
 facet normal -0.34396062756 0.514773457337 0.785302091115
  outer loop
   vertex -0.0835714514652 0.14475 0.399275
   vertex -0.101750152437 0.132603380346 0.399275
   vertex -0.0932118422369 0.121476037852 0.410308846973
  endloop
 endfacet
 facet normal -0.34396062756 0.514773457337 0.785302091115
  outer loop
   vertex -0.0835714514652 0.14475 0.399275
   vertex -0.0932118422369 0.121476037852 0.410308846973
   vertex -0.0765585973381 0.132603380346 0.410308846973
  endloop
 endfacet
 facet normal -0.408209415952 0.465473628059 0.785302091115
  outer loop
   vertex -0.101750152437 0.132603380346 0.399275
   vertex -0.118187880089 0.118187880089 0.399275
   vertex -0.108270206672 0.108270206672 0.410308846973
  endloop
 endfacet
 facet normal -0.408209415952 0.465473628059 0.785302091115
  outer loop
   vertex -0.101750152437 0.132603380346 0.399275
   vertex -0.108270206672 0.108270206672 0.410308846973
   vertex -0.0932118422369 0.121476037852 0.410308846973
  endloop
 endfacet
 facet normal -0.465473628059 0.408209415952 0.785302091115
  outer loop
   vertex -0.118187880089 0.118187880089 0.399275
   vertex -0.132603380346 0.101750152437 0.399275
   vertex -0.121476037852 0.0932118422369 0.410308846973
  endloop
 endfacet
 facet normal -0.465473628059 0.408209415952 0.785302091115
  outer loop
   vertex -0.118187880089 0.118187880089 0.399275
   vertex -0.121476037852 0.0932118422369 0.410308846973
   vertex -0.108270206672 0.108270206672 0.410308846973
  endloop
 endfacet
 facet normal -0.514773457337 0.34396062756 0.785302091115
  outer loop
   vertex -0.132603380346 0.101750152437 0.399275
   vertex -0.14475 0.0835714514652 0.399275
   vertex -0.132603380346 0.0765585973381 0.410308846973
  endloop
 endfacet
 facet normal -0.514773457337 0.34396062756 0.785302091115
  outer loop
   vertex -0.132603380346 0.101750152437 0.399275
   vertex -0.132603380346 0.0765585973381 0.410308846973
   vertex -0.121476037852 0.0932118422369 0.410308846973
  endloop
 endfacet
 facet normal -0.555265370037 0.273826577467 0.785302091115
  outer loop
   vertex -0.14475 0.0835714514652 0.399275
   vertex -0.154419907022 0.0639628197889 0.399275
   vertex -0.141461842237 0.0585954136128 0.410308846973
  endloop
 endfacet
 facet normal -0.555265370037 0.273826577467 0.785302091115
  outer loop
   vertex -0.14475 0.0835714514652 0.399275
   vertex -0.141461842237 0.0585954136128 0.410308846973
   vertex -0.132603380346 0.0765585973381 0.410308846973
  endloop
 endfacet
 facet normal -0.586256538308 0.199007278715 0.785302091115
  outer loop
   vertex -0.154419907022 0.0639628197889 0.399275
   vertex -0.161447646621 0.0432597665321 0.399275
   vertex -0.147899852787 0.0396296461149 0.410308846973
  endloop
 endfacet
 facet normal -0.586256538308 0.199007278715 0.785302091115
  outer loop
   vertex -0.154419907022 0.0639628197889 0.399275
   vertex -0.147899852787 0.0396296461149 0.410308846973
   vertex -0.141461842237 0.0585954136128 0.410308846973
  endloop
 endfacet
 facet normal -0.607216694667 0.120782910249 0.785302091115
  outer loop
   vertex -0.161447646621 0.0432597665321 0.399275
   vertex -0.165712972225 0.0218165266761 0.399275
   vertex -0.15180725585 0.0199858043845 0.410308846973
  endloop
 endfacet
 facet normal -0.607216694667 0.120782910249 0.785302091115
  outer loop
   vertex -0.161447646621 0.0432597665321 0.399275
   vertex -0.15180725585 0.0199858043845 0.410308846973
   vertex -0.147899852787 0.0396296461149 0.410308846973
  endloop
 endfacet
 facet normal -0.617787205028 0.0404919127005 0.785302091115
  outer loop
   vertex -0.165712972225 0.0218165266761 0.399275
   vertex -0.16714290293 2.04691021074e-17 0.399275
   vertex -0.153117194676 1.87514482355e-17 0.410308846973
  endloop
 endfacet
 facet normal -0.617787205028 0.0404919127005 0.785302091115
  outer loop
   vertex -0.165712972225 0.0218165266761 0.399275
   vertex -0.153117194676 1.87514482355e-17 0.410308846973
   vertex -0.15180725585 0.0199858043845 0.410308846973
  endloop
 endfacet
 facet normal -0.617787205028 -0.0404919127005 0.785302091115
  outer loop
   vertex -0.16714290293 2.04691021074e-17 0.399275
   vertex -0.165712972225 -0.0218165266761 0.399275
   vertex -0.15180725585 -0.0199858043845 0.410308846973
  endloop
 endfacet
 facet normal -0.617787205028 -0.0404919127005 0.785302091115
  outer loop
   vertex -0.16714290293 2.04691021074e-17 0.399275
   vertex -0.15180725585 -0.0199858043845 0.410308846973
   vertex -0.153117194676 1.87514482355e-17 0.410308846973
  endloop
 endfacet
 facet normal -0.607216694667 -0.120782910249 0.785302091115
  outer loop
   vertex -0.165712972225 -0.0218165266761 0.399275
   vertex -0.161447646621 -0.0432597665321 0.399275
   vertex -0.147899852787 -0.0396296461149 0.410308846973
  endloop
 endfacet
 facet normal -0.607216694667 -0.120782910249 0.785302091115
  outer loop
   vertex -0.165712972225 -0.0218165266761 0.399275
   vertex -0.147899852787 -0.0396296461149 0.410308846973
   vertex -0.15180725585 -0.0199858043845 0.410308846973
  endloop
 endfacet
 facet normal -0.586256538308 -0.199007278715 0.785302091115
  outer loop
   vertex -0.161447646621 -0.0432597665321 0.399275
   vertex -0.154419907022 -0.0639628197889 0.399275
   vertex -0.141461842237 -0.0585954136128 0.410308846973
  endloop
 endfacet
 facet normal -0.586256538308 -0.199007278715 0.785302091115
  outer loop
   vertex -0.161447646621 -0.0432597665321 0.399275
   vertex -0.141461842237 -0.0585954136128 0.410308846973
   vertex -0.147899852787 -0.0396296461149 0.410308846973
  endloop
 endfacet
 facet normal -0.555265370037 -0.273826577467 0.785302091115
  outer loop
   vertex -0.154419907022 -0.0639628197889 0.399275
   vertex -0.14475 -0.0835714514652 0.399275
   vertex -0.132603380346 -0.0765585973381 0.410308846973
  endloop
 endfacet
 facet normal -0.555265370037 -0.273826577467 0.785302091115
  outer loop
   vertex -0.154419907022 -0.0639628197889 0.399275
   vertex -0.132603380346 -0.0765585973381 0.410308846973
   vertex -0.141461842237 -0.0585954136128 0.410308846973
  endloop
 endfacet
 facet normal -0.514773457337 -0.34396062756 0.785302091115
  outer loop
   vertex -0.14475 -0.0835714514652 0.399275
   vertex -0.132603380346 -0.101750152437 0.399275
   vertex -0.121476037852 -0.0932118422369 0.410308846973
  endloop
 endfacet
 facet normal -0.514773457337 -0.34396062756 0.785302091115
  outer loop
   vertex -0.14475 -0.0835714514652 0.399275
   vertex -0.121476037852 -0.0932118422369 0.410308846973
   vertex -0.132603380346 -0.0765585973381 0.410308846973
  endloop
 endfacet
 facet normal -0.465473628059 -0.408209415952 0.785302091115
  outer loop
   vertex -0.132603380346 -0.101750152437 0.399275
   vertex -0.118187880089 -0.118187880089 0.399275
   vertex -0.108270206672 -0.108270206672 0.410308846973
  endloop
 endfacet
 facet normal -0.465473628059 -0.408209415952 0.785302091115
  outer loop
   vertex -0.132603380346 -0.101750152437 0.399275
   vertex -0.108270206672 -0.108270206672 0.410308846973
   vertex -0.121476037852 -0.0932118422369 0.410308846973
  endloop
 endfacet
 facet normal -0.408209415952 -0.465473628059 0.785302091115
  outer loop
   vertex -0.118187880089 -0.118187880089 0.399275
   vertex -0.101750152437 -0.132603380346 0.399275
   vertex -0.0932118422369 -0.121476037852 0.410308846973
  endloop
 endfacet
 facet normal -0.408209415952 -0.465473628059 0.785302091115
  outer loop
   vertex -0.118187880089 -0.118187880089 0.399275
   vertex -0.0932118422369 -0.121476037852 0.410308846973
   vertex -0.108270206672 -0.108270206672 0.410308846973
  endloop
 endfacet
 facet normal -0.34396062756 -0.514773457337 0.785302091115
  outer loop
   vertex -0.101750152437 -0.132603380346 0.399275
   vertex -0.0835714514652 -0.14475 0.399275
   vertex -0.0765585973381 -0.132603380346 0.410308846973
  endloop
 endfacet
 facet normal -0.34396062756 -0.514773457337 0.785302091115
  outer loop
   vertex -0.101750152437 -0.132603380346 0.399275
   vertex -0.0765585973381 -0.132603380346 0.410308846973
   vertex -0.0932118422369 -0.121476037852 0.410308846973
  endloop
 endfacet
 facet normal -0.273826577467 -0.555265370037 0.785302091115
  outer loop
   vertex -0.0835714514652 -0.14475 0.399275
   vertex -0.0639628197889 -0.154419907022 0.399275
   vertex -0.0585954136128 -0.141461842237 0.410308846973
  endloop
 endfacet
 facet normal -0.273826577467 -0.555265370037 0.785302091115
  outer loop
   vertex -0.0835714514652 -0.14475 0.399275
   vertex -0.0585954136128 -0.141461842237 0.410308846973
   vertex -0.0765585973381 -0.132603380346 0.410308846973
  endloop
 endfacet
 facet normal -0.199007278715 -0.586256538308 0.785302091115
  outer loop
   vertex -0.0639628197889 -0.154419907022 0.399275
   vertex -0.0432597665321 -0.161447646621 0.399275
   vertex -0.0396296461149 -0.147899852787 0.410308846973
  endloop
 endfacet
 facet normal -0.199007278715 -0.586256538308 0.785302091115
  outer loop
   vertex -0.0639628197889 -0.154419907022 0.399275
   vertex -0.0396296461149 -0.147899852787 0.410308846973
   vertex -0.0585954136128 -0.141461842237 0.410308846973
  endloop
 endfacet
 facet normal -0.120782910249 -0.607216694667 0.785302091115
  outer loop
   vertex -0.0432597665321 -0.161447646621 0.399275
   vertex -0.0218165266761 -0.165712972225 0.399275
   vertex -0.0199858043845 -0.15180725585 0.410308846973
  endloop
 endfacet
 facet normal -0.120782910249 -0.607216694667 0.785302091115
  outer loop
   vertex -0.0432597665321 -0.161447646621 0.399275
   vertex -0.0199858043845 -0.15180725585 0.410308846973
   vertex -0.0396296461149 -0.147899852787 0.410308846973
  endloop
 endfacet
 facet normal -0.0404919127005 -0.617787205028 0.785302091115
  outer loop
   vertex -0.0218165266761 -0.165712972225 0.399275
   vertex -3.07036531611e-17 -0.16714290293 0.399275
   vertex -2.81271723532e-17 -0.153117194676 0.410308846973
  endloop
 endfacet
 facet normal -0.0404919127005 -0.617787205028 0.785302091115
  outer loop
   vertex -0.0218165266761 -0.165712972225 0.399275
   vertex -2.81271723532e-17 -0.153117194676 0.410308846973
   vertex -0.0199858043845 -0.15180725585 0.410308846973
  endloop
 endfacet
 facet normal 0.0404919127005 -0.617787205028 0.785302091115
  outer loop
   vertex -3.07036531611e-17 -0.16714290293 0.399275
   vertex 0.0218165266761 -0.165712972225 0.399275
   vertex 0.0199858043845 -0.15180725585 0.410308846973
  endloop
 endfacet
 facet normal 0.0404919127005 -0.617787205028 0.785302091115
  outer loop
   vertex -3.07036531611e-17 -0.16714290293 0.399275
   vertex 0.0199858043845 -0.15180725585 0.410308846973
   vertex -2.81271723532e-17 -0.153117194676 0.410308846973
  endloop
 endfacet
 facet normal 0.120782910249 -0.607216694667 0.785302091115
  outer loop
   vertex 0.0218165266761 -0.165712972225 0.399275
   vertex 0.0432597665321 -0.161447646621 0.399275
   vertex 0.0396296461149 -0.147899852787 0.410308846973
  endloop
 endfacet
 facet normal 0.120782910249 -0.607216694667 0.785302091115
  outer loop
   vertex 0.0218165266761 -0.165712972225 0.399275
   vertex 0.0396296461149 -0.147899852787 0.410308846973
   vertex 0.0199858043845 -0.15180725585 0.410308846973
  endloop
 endfacet
 facet normal 0.199007278715 -0.586256538308 0.785302091115
  outer loop
   vertex 0.0432597665321 -0.161447646621 0.399275
   vertex 0.0639628197889 -0.154419907022 0.399275
   vertex 0.0585954136128 -0.141461842237 0.410308846973
  endloop
 endfacet
 facet normal 0.199007278715 -0.586256538308 0.785302091115
  outer loop
   vertex 0.0432597665321 -0.161447646621 0.399275
   vertex 0.0585954136128 -0.141461842237 0.410308846973
   vertex 0.0396296461149 -0.147899852787 0.410308846973
  endloop
 endfacet
 facet normal 0.273826577467 -0.555265370037 0.785302091115
  outer loop
   vertex 0.0639628197889 -0.154419907022 0.399275
   vertex 0.0835714514652 -0.14475 0.399275
   vertex 0.0765585973381 -0.132603380346 0.410308846973
  endloop
 endfacet
 facet normal 0.273826577467 -0.555265370037 0.785302091115
  outer loop
   vertex 0.0639628197889 -0.154419907022 0.399275
   vertex 0.0765585973381 -0.132603380346 0.410308846973
   vertex 0.0585954136128 -0.141461842237 0.410308846973
  endloop
 endfacet
 facet normal 0.34396062756 -0.514773457337 0.785302091115
  outer loop
   vertex 0.0835714514652 -0.14475 0.399275
   vertex 0.101750152437 -0.132603380346 0.399275
   vertex 0.0932118422369 -0.121476037852 0.410308846973
  endloop
 endfacet
 facet normal 0.34396062756 -0.514773457337 0.785302091115
  outer loop
   vertex 0.0835714514652 -0.14475 0.399275
   vertex 0.0932118422369 -0.121476037852 0.410308846973
   vertex 0.0765585973381 -0.132603380346 0.410308846973
  endloop
 endfacet
 facet normal 0.408209415952 -0.465473628059 0.785302091115
  outer loop
   vertex 0.101750152437 -0.132603380346 0.399275
   vertex 0.118187880089 -0.118187880089 0.399275
   vertex 0.108270206672 -0.108270206672 0.410308846973
  endloop
 endfacet
 facet normal 0.408209415952 -0.465473628059 0.785302091115
  outer loop
   vertex 0.101750152437 -0.132603380346 0.399275
   vertex 0.108270206672 -0.108270206672 0.410308846973
   vertex 0.0932118422369 -0.121476037852 0.410308846973
  endloop
 endfacet
 facet normal 0.465473628059 -0.408209415952 0.785302091115
  outer loop
   vertex 0.118187880089 -0.118187880089 0.399275
   vertex 0.132603380346 -0.101750152437 0.399275
   vertex 0.121476037852 -0.0932118422369 0.410308846973
  endloop
 endfacet
 facet normal 0.465473628059 -0.408209415952 0.785302091115
  outer loop
   vertex 0.118187880089 -0.118187880089 0.399275
   vertex 0.121476037852 -0.0932118422369 0.410308846973
   vertex 0.108270206672 -0.108270206672 0.410308846973
  endloop
 endfacet
 facet normal 0.514773457337 -0.34396062756 0.785302091115
  outer loop
   vertex 0.132603380346 -0.101750152437 0.399275
   vertex 0.14475 -0.0835714514652 0.399275
   vertex 0.132603380346 -0.0765585973381 0.410308846973
  endloop
 endfacet
 facet normal 0.514773457337 -0.34396062756 0.785302091115
  outer loop
   vertex 0.132603380346 -0.101750152437 0.399275
   vertex 0.132603380346 -0.0765585973381 0.410308846973
   vertex 0.121476037852 -0.0932118422369 0.410308846973
  endloop
 endfacet
 facet normal 0.555265370037 -0.273826577467 0.785302091115
  outer loop
   vertex 0.14475 -0.0835714514652 0.399275
   vertex 0.154419907022 -0.0639628197889 0.399275
   vertex 0.141461842237 -0.0585954136128 0.410308846973
  endloop
 endfacet
 facet normal 0.555265370037 -0.273826577467 0.785302091115
  outer loop
   vertex 0.14475 -0.0835714514652 0.399275
   vertex 0.141461842237 -0.0585954136128 0.410308846973
   vertex 0.132603380346 -0.0765585973381 0.410308846973
  endloop
 endfacet
 facet normal 0.586256538308 -0.199007278715 0.785302091115
  outer loop
   vertex 0.154419907022 -0.0639628197889 0.399275
   vertex 0.161447646621 -0.0432597665321 0.399275
   vertex 0.147899852787 -0.0396296461149 0.410308846973
  endloop
 endfacet
 facet normal 0.586256538308 -0.199007278715 0.785302091115
  outer loop
   vertex 0.154419907022 -0.0639628197889 0.399275
   vertex 0.147899852787 -0.0396296461149 0.410308846973
   vertex 0.141461842237 -0.0585954136128 0.410308846973
  endloop
 endfacet
 facet normal 0.607216694667 -0.120782910249 0.785302091115
  outer loop
   vertex 0.161447646621 -0.0432597665321 0.399275
   vertex 0.165712972225 -0.0218165266761 0.399275
   vertex 0.15180725585 -0.0199858043845 0.410308846973
  endloop
 endfacet
 facet normal 0.607216694667 -0.120782910249 0.785302091115
  outer loop
   vertex 0.161447646621 -0.0432597665321 0.399275
   vertex 0.15180725585 -0.0199858043845 0.410308846973
   vertex 0.147899852787 -0.0396296461149 0.410308846973
  endloop
 endfacet
 facet normal 0.617787205028 -0.0404919127005 0.785302091115
  outer loop
   vertex 0.165712972225 -0.0218165266761 0.399275
   vertex 0.16714290293 0 0.399275
   vertex 0.153117194676 0 0.410308846973
  endloop
 endfacet
 facet normal 0.617787205028 -0.0404919127005 0.785302091115
  outer loop
   vertex 0.165712972225 -0.0218165266761 0.399275
   vertex 0.153117194676 0 0.410308846973
   vertex 0.15180725585 -0.0199858043845 0.410308846973
  endloop
 endfacet
 facet normal 0.513817023748 0.0336773469899 0.857238532969
  outer loop
   vertex 0.153117194676 0 0.410308846973
   vertex 0.15180725585 0.0199858043845 0.410308846973
   vertex 0.135304075237 0.0178131194388 0.420285982951
  endloop
 endfacet
 facet normal 0.513817023748 0.0336773469899 0.857238532969
  outer loop
   vertex 0.153117194676 0 0.410308846973
   vertex 0.135304075237 0.0178131194388 0.420285982951
   vertex 0.136471608769 0 0.420285982951
  endloop
 endfacet
 facet normal 0.505025472015 0.100455812226 0.857238532969
  outer loop
   vertex 0.15180725585 0.0199858043845 0.410308846973
   vertex 0.147899852787 0.0396296461149 0.410308846973
   vertex 0.131821451465 0.0353214514652 0.420285982951
  endloop
 endfacet
 facet normal 0.505025472015 0.100455812226 0.857238532969
  outer loop
   vertex 0.15180725585 0.0199858043845 0.410308846973
   vertex 0.131821451465 0.0353214514652 0.420285982951
   vertex 0.135304075237 0.0178131194388 0.420285982951
  endloop
 endfacet
 facet normal 0.487592794436 0.165515450662 0.857238532969
  outer loop
   vertex 0.147899852787 0.0396296461149 0.410308846973
   vertex 0.141461842237 0.0585954136128 0.410308846973
   vertex 0.126083326111 0.0522254236641 0.420285982951
  endloop
 endfacet
 facet normal 0.487592794436 0.165515450662 0.857238532969
  outer loop
   vertex 0.147899852787 0.0396296461149 0.410308846973
   vertex 0.126083326111 0.0522254236641 0.420285982951
   vertex 0.131821451465 0.0353214514652 0.420285982951
  endloop
 endfacet
 facet normal 0.461817268958 0.227743073849 0.857238532969
  outer loop
   vertex 0.141461842237 0.0585954136128 0.410308846973
   vertex 0.132603380346 0.0765585973381 0.410308846973
   vertex 0.118187880089 0.0682358043845 0.420285982951
  endloop
 endfacet
 facet normal 0.461817268958 0.227743073849 0.857238532969
  outer loop
   vertex 0.141461842237 0.0585954136128 0.410308846973
   vertex 0.118187880089 0.0682358043845 0.420285982951
   vertex 0.126083326111 0.0522254236641 0.420285982951
  endloop
 endfacet
 facet normal 0.428139921968 0.286073949899 0.857238532969
  outer loop
   vertex 0.132603380346 0.0765585973381 0.410308846973
   vertex 0.121476037852 0.0932118422369 0.410308846973
   vertex 0.108270206672 0.0830786515733 0.420285982951
  endloop
 endfacet
 facet normal 0.428139921968 0.286073949899 0.857238532969
  outer loop
   vertex 0.132603380346 0.0765585973381 0.410308846973
   vertex 0.108270206672 0.0830786515733 0.420285982951
   vertex 0.118187880089 0.0682358043845 0.420285982951
  endloop
 endfacet
 facet normal 0.38713698221 0.339510021353 0.857238532969
  outer loop
   vertex 0.121476037852 0.0932118422369 0.410308846973
   vertex 0.108270206672 0.108270206672 0.410308846973
   vertex 0.0965 0.0965 0.420285982951
  endloop
 endfacet
 facet normal 0.38713698221 0.339510021353 0.857238532969
  outer loop
   vertex 0.121476037852 0.0932118422369 0.410308846973
   vertex 0.0965 0.0965 0.420285982951
   vertex 0.108270206672 0.0830786515733 0.420285982951
  endloop
 endfacet
 facet normal 0.339510021353 0.38713698221 0.857238532969
  outer loop
   vertex 0.108270206672 0.108270206672 0.410308846973
   vertex 0.0932118422369 0.121476037852 0.410308846973
   vertex 0.0830786515733 0.108270206672 0.420285982951
  endloop
 endfacet
 facet normal 0.339510021353 0.38713698221 0.857238532969
  outer loop
   vertex 0.108270206672 0.108270206672 0.410308846973
   vertex 0.0830786515733 0.108270206672 0.420285982951
   vertex 0.0965 0.0965 0.420285982951
  endloop
 endfacet
 facet normal 0.286073949899 0.428139921968 0.857238532969
  outer loop
   vertex 0.0932118422369 0.121476037852 0.410308846973
   vertex 0.0765585973381 0.132603380346 0.410308846973
   vertex 0.0682358043845 0.118187880089 0.420285982951
  endloop
 endfacet
 facet normal 0.286073949899 0.428139921968 0.857238532969
  outer loop
   vertex 0.0932118422369 0.121476037852 0.410308846973
   vertex 0.0682358043845 0.118187880089 0.420285982951
   vertex 0.0830786515733 0.108270206672 0.420285982951
  endloop
 endfacet
 facet normal 0.227743073849 0.461817268958 0.857238532969
  outer loop
   vertex 0.0765585973381 0.132603380346 0.410308846973
   vertex 0.0585954136128 0.141461842237 0.410308846973
   vertex 0.0522254236641 0.126083326111 0.420285982951
  endloop
 endfacet
 facet normal 0.227743073849 0.461817268958 0.857238532969
  outer loop
   vertex 0.0765585973381 0.132603380346 0.410308846973
   vertex 0.0522254236641 0.126083326111 0.420285982951
   vertex 0.0682358043845 0.118187880089 0.420285982951
  endloop
 endfacet
 facet normal 0.165515450662 0.487592794436 0.857238532969
  outer loop
   vertex 0.0585954136128 0.141461842237 0.410308846973
   vertex 0.0396296461149 0.147899852787 0.410308846973
   vertex 0.0353214514652 0.131821451465 0.420285982951
  endloop
 endfacet
 facet normal 0.165515450662 0.487592794436 0.857238532969
  outer loop
   vertex 0.0585954136128 0.141461842237 0.410308846973
   vertex 0.0353214514652 0.131821451465 0.420285982951
   vertex 0.0522254236641 0.126083326111 0.420285982951
  endloop
 endfacet
 facet normal 0.100455812226 0.505025472015 0.857238532969
  outer loop
   vertex 0.0396296461149 0.147899852787 0.410308846973
   vertex 0.0199858043845 0.15180725585 0.410308846973
   vertex 0.0178131194388 0.135304075237 0.420285982951
  endloop
 endfacet
 facet normal 0.100455812226 0.505025472015 0.857238532969
  outer loop
   vertex 0.0396296461149 0.147899852787 0.410308846973
   vertex 0.0178131194388 0.135304075237 0.420285982951
   vertex 0.0353214514652 0.131821451465 0.420285982951
  endloop
 endfacet
 facet normal 0.0336773469899 0.513817023748 0.857238532969
  outer loop
   vertex 0.0199858043845 0.15180725585 0.410308846973
   vertex 9.37572411773e-18 0.153117194676 0.410308846973
   vertex 8.35647594267e-18 0.136471608769 0.420285982951
  endloop
 endfacet
 facet normal 0.0336773469899 0.513817023748 0.857238532969
  outer loop
   vertex 0.0199858043845 0.15180725585 0.410308846973
   vertex 8.35647594267e-18 0.136471608769 0.420285982951
   vertex 0.0178131194388 0.135304075237 0.420285982951
  endloop
 endfacet
 facet normal -0.0336773469899 0.513817023748 0.857238532969
  outer loop
   vertex 9.37572411773e-18 0.153117194676 0.410308846973
   vertex -0.0199858043845 0.15180725585 0.410308846973
   vertex -0.0178131194388 0.135304075237 0.420285982951
  endloop
 endfacet
 facet normal -0.0336773469899 0.513817023748 0.857238532969
  outer loop
   vertex 9.37572411773e-18 0.153117194676 0.410308846973
   vertex -0.0178131194388 0.135304075237 0.420285982951
   vertex 8.35647594267e-18 0.136471608769 0.420285982951
  endloop
 endfacet
 facet normal -0.100455812226 0.505025472015 0.857238532969
  outer loop
   vertex -0.0199858043845 0.15180725585 0.410308846973
   vertex -0.0396296461149 0.147899852787 0.410308846973
   vertex -0.0353214514652 0.131821451465 0.420285982951
  endloop
 endfacet
 facet normal -0.100455812226 0.505025472015 0.857238532969
  outer loop
   vertex -0.0199858043845 0.15180725585 0.410308846973
   vertex -0.0353214514652 0.131821451465 0.420285982951
   vertex -0.0178131194388 0.135304075237 0.420285982951
  endloop
 endfacet
 facet normal -0.165515450662 0.487592794436 0.857238532969
  outer loop
   vertex -0.0396296461149 0.147899852787 0.410308846973
   vertex -0.0585954136128 0.141461842237 0.410308846973
   vertex -0.0522254236641 0.126083326111 0.420285982951
  endloop
 endfacet
 facet normal -0.165515450662 0.487592794436 0.857238532969
  outer loop
   vertex -0.0396296461149 0.147899852787 0.410308846973
   vertex -0.0522254236641 0.126083326111 0.420285982951
   vertex -0.0353214514652 0.131821451465 0.420285982951
  endloop
 endfacet
 facet normal -0.227743073849 0.461817268958 0.857238532969
  outer loop
   vertex -0.0585954136128 0.141461842237 0.410308846973
   vertex -0.0765585973381 0.132603380346 0.410308846973
   vertex -0.0682358043845 0.118187880089 0.420285982951
  endloop
 endfacet
 facet normal -0.227743073849 0.461817268958 0.857238532969
  outer loop
   vertex -0.0585954136128 0.141461842237 0.410308846973
   vertex -0.0682358043845 0.118187880089 0.420285982951
   vertex -0.0522254236641 0.126083326111 0.420285982951
  endloop
 endfacet
 facet normal -0.286073949899 0.428139921968 0.857238532969
  outer loop
   vertex -0.0765585973381 0.132603380346 0.410308846973
   vertex -0.0932118422369 0.121476037852 0.410308846973
   vertex -0.0830786515733 0.108270206672 0.420285982951
  endloop
 endfacet
 facet normal -0.286073949899 0.428139921968 0.857238532969
  outer loop
   vertex -0.0765585973381 0.132603380346 0.410308846973
   vertex -0.0830786515733 0.108270206672 0.420285982951
   vertex -0.0682358043845 0.118187880089 0.420285982951
  endloop
 endfacet
 facet normal -0.339510021353 0.38713698221 0.857238532969
  outer loop
   vertex -0.0932118422369 0.121476037852 0.410308846973
   vertex -0.108270206672 0.108270206672 0.410308846973
   vertex -0.0965 0.0965 0.420285982951
  endloop
 endfacet
 facet normal -0.339510021353 0.38713698221 0.857238532969
  outer loop
   vertex -0.0932118422369 0.121476037852 0.410308846973
   vertex -0.0965 0.0965 0.420285982951
   vertex -0.0830786515733 0.108270206672 0.420285982951
  endloop
 endfacet
 facet normal -0.38713698221 0.339510021353 0.857238532969
  outer loop
   vertex -0.108270206672 0.108270206672 0.410308846973
   vertex -0.121476037852 0.0932118422369 0.410308846973
   vertex -0.108270206672 0.0830786515733 0.420285982951
  endloop
 endfacet
 facet normal -0.38713698221 0.339510021353 0.857238532969
  outer loop
   vertex -0.108270206672 0.108270206672 0.410308846973
   vertex -0.108270206672 0.0830786515733 0.420285982951
   vertex -0.0965 0.0965 0.420285982951
  endloop
 endfacet
 facet normal -0.428139921968 0.286073949899 0.857238532969
  outer loop
   vertex -0.121476037852 0.0932118422369 0.410308846973
   vertex -0.132603380346 0.0765585973381 0.410308846973
   vertex -0.118187880089 0.0682358043845 0.420285982951
  endloop
 endfacet
 facet normal -0.428139921968 0.286073949899 0.857238532969
  outer loop
   vertex -0.121476037852 0.0932118422369 0.410308846973
   vertex -0.118187880089 0.0682358043845 0.420285982951
   vertex -0.108270206672 0.0830786515733 0.420285982951
  endloop
 endfacet
 facet normal -0.461817268958 0.227743073849 0.857238532969
  outer loop
   vertex -0.132603380346 0.0765585973381 0.410308846973
   vertex -0.141461842237 0.0585954136128 0.410308846973
   vertex -0.126083326111 0.0522254236641 0.420285982951
  endloop
 endfacet
 facet normal -0.461817268958 0.227743073849 0.857238532969
  outer loop
   vertex -0.132603380346 0.0765585973381 0.410308846973
   vertex -0.126083326111 0.0522254236641 0.420285982951
   vertex -0.118187880089 0.0682358043845 0.420285982951
  endloop
 endfacet
 facet normal -0.487592794436 0.165515450662 0.857238532969
  outer loop
   vertex -0.141461842237 0.0585954136128 0.410308846973
   vertex -0.147899852787 0.0396296461149 0.410308846973
   vertex -0.131821451465 0.0353214514652 0.420285982951
  endloop
 endfacet
 facet normal -0.487592794436 0.165515450662 0.857238532969
  outer loop
   vertex -0.141461842237 0.0585954136128 0.410308846973
   vertex -0.131821451465 0.0353214514652 0.420285982951
   vertex -0.126083326111 0.0522254236641 0.420285982951
  endloop
 endfacet
 facet normal -0.505025472015 0.100455812226 0.857238532969
  outer loop
   vertex -0.147899852787 0.0396296461149 0.410308846973
   vertex -0.15180725585 0.0199858043845 0.410308846973
   vertex -0.135304075237 0.0178131194388 0.420285982951
  endloop
 endfacet
 facet normal -0.505025472015 0.100455812226 0.857238532969
  outer loop
   vertex -0.147899852787 0.0396296461149 0.410308846973
   vertex -0.135304075237 0.0178131194388 0.420285982951
   vertex -0.131821451465 0.0353214514652 0.420285982951
  endloop
 endfacet
 facet normal -0.513817023748 0.0336773469899 0.857238532969
  outer loop
   vertex -0.15180725585 0.0199858043845 0.410308846973
   vertex -0.153117194676 1.87514482355e-17 0.410308846973
   vertex -0.136471608769 1.67129518853e-17 0.420285982951
  endloop
 endfacet
 facet normal -0.513817023748 0.0336773469899 0.857238532969
  outer loop
   vertex -0.15180725585 0.0199858043845 0.410308846973
   vertex -0.136471608769 1.67129518853e-17 0.420285982951
   vertex -0.135304075237 0.0178131194388 0.420285982951
  endloop
 endfacet
 facet normal -0.513817023748 -0.0336773469899 0.857238532969
  outer loop
   vertex -0.153117194676 1.87514482355e-17 0.410308846973
   vertex -0.15180725585 -0.0199858043845 0.410308846973
   vertex -0.135304075237 -0.0178131194388 0.420285982951
  endloop
 endfacet
 facet normal -0.513817023748 -0.0336773469899 0.857238532969
  outer loop
   vertex -0.153117194676 1.87514482355e-17 0.410308846973
   vertex -0.135304075237 -0.0178131194388 0.420285982951
   vertex -0.136471608769 1.67129518853e-17 0.420285982951
  endloop
 endfacet
 facet normal -0.505025472015 -0.100455812226 0.857238532969
  outer loop
   vertex -0.15180725585 -0.0199858043845 0.410308846973
   vertex -0.147899852787 -0.0396296461149 0.410308846973
   vertex -0.131821451465 -0.0353214514652 0.420285982951
  endloop
 endfacet
 facet normal -0.505025472015 -0.100455812226 0.857238532969
  outer loop
   vertex -0.15180725585 -0.0199858043845 0.410308846973
   vertex -0.131821451465 -0.0353214514652 0.420285982951
   vertex -0.135304075237 -0.0178131194388 0.420285982951
  endloop
 endfacet
 facet normal -0.487592794436 -0.165515450662 0.857238532969
  outer loop
   vertex -0.147899852787 -0.0396296461149 0.410308846973
   vertex -0.141461842237 -0.0585954136128 0.410308846973
   vertex -0.126083326111 -0.0522254236641 0.420285982951
  endloop
 endfacet
 facet normal -0.487592794436 -0.165515450662 0.857238532969
  outer loop
   vertex -0.147899852787 -0.0396296461149 0.410308846973
   vertex -0.126083326111 -0.0522254236641 0.420285982951
   vertex -0.131821451465 -0.0353214514652 0.420285982951
  endloop
 endfacet
 facet normal -0.461817268958 -0.227743073849 0.857238532969
  outer loop
   vertex -0.141461842237 -0.0585954136128 0.410308846973
   vertex -0.132603380346 -0.0765585973381 0.410308846973
   vertex -0.118187880089 -0.0682358043845 0.420285982951
  endloop
 endfacet
 facet normal -0.461817268958 -0.227743073849 0.857238532969
  outer loop
   vertex -0.141461842237 -0.0585954136128 0.410308846973
   vertex -0.118187880089 -0.0682358043845 0.420285982951
   vertex -0.126083326111 -0.0522254236641 0.420285982951
  endloop
 endfacet
 facet normal -0.428139921968 -0.286073949899 0.857238532969
  outer loop
   vertex -0.132603380346 -0.0765585973381 0.410308846973
   vertex -0.121476037852 -0.0932118422369 0.410308846973
   vertex -0.108270206672 -0.0830786515733 0.420285982951
  endloop
 endfacet
 facet normal -0.428139921968 -0.286073949899 0.857238532969
  outer loop
   vertex -0.132603380346 -0.0765585973381 0.410308846973
   vertex -0.108270206672 -0.0830786515733 0.420285982951
   vertex -0.118187880089 -0.0682358043845 0.420285982951
  endloop
 endfacet
 facet normal -0.38713698221 -0.339510021353 0.857238532969
  outer loop
   vertex -0.121476037852 -0.0932118422369 0.410308846973
   vertex -0.108270206672 -0.108270206672 0.410308846973
   vertex -0.0965 -0.0965 0.420285982951
  endloop
 endfacet
 facet normal -0.38713698221 -0.339510021353 0.857238532969
  outer loop
   vertex -0.121476037852 -0.0932118422369 0.410308846973
   vertex -0.0965 -0.0965 0.420285982951
   vertex -0.108270206672 -0.0830786515733 0.420285982951
  endloop
 endfacet
 facet normal -0.339510021353 -0.38713698221 0.857238532969
  outer loop
   vertex -0.108270206672 -0.108270206672 0.410308846973
   vertex -0.0932118422369 -0.121476037852 0.410308846973
   vertex -0.0830786515733 -0.108270206672 0.420285982951
  endloop
 endfacet
 facet normal -0.339510021353 -0.38713698221 0.857238532969
  outer loop
   vertex -0.108270206672 -0.108270206672 0.410308846973
   vertex -0.0830786515733 -0.108270206672 0.420285982951
   vertex -0.0965 -0.0965 0.420285982951
  endloop
 endfacet
 facet normal -0.286073949899 -0.428139921968 0.857238532969
  outer loop
   vertex -0.0932118422369 -0.121476037852 0.410308846973
   vertex -0.0765585973381 -0.132603380346 0.410308846973
   vertex -0.0682358043845 -0.118187880089 0.420285982951
  endloop
 endfacet
 facet normal -0.286073949899 -0.428139921968 0.857238532969
  outer loop
   vertex -0.0932118422369 -0.121476037852 0.410308846973
   vertex -0.0682358043845 -0.118187880089 0.420285982951
   vertex -0.0830786515733 -0.108270206672 0.420285982951
  endloop
 endfacet
 facet normal -0.227743073849 -0.461817268958 0.857238532969
  outer loop
   vertex -0.0765585973381 -0.132603380346 0.410308846973
   vertex -0.0585954136128 -0.141461842237 0.410308846973
   vertex -0.0522254236641 -0.126083326111 0.420285982951
  endloop
 endfacet
 facet normal -0.227743073849 -0.461817268958 0.857238532969
  outer loop
   vertex -0.0765585973381 -0.132603380346 0.410308846973
   vertex -0.0522254236641 -0.126083326111 0.420285982951
   vertex -0.0682358043845 -0.118187880089 0.420285982951
  endloop
 endfacet
 facet normal -0.165515450662 -0.487592794436 0.857238532969
  outer loop
   vertex -0.0585954136128 -0.141461842237 0.410308846973
   vertex -0.0396296461149 -0.147899852787 0.410308846973
   vertex -0.0353214514652 -0.131821451465 0.420285982951
  endloop
 endfacet
 facet normal -0.165515450662 -0.487592794436 0.857238532969
  outer loop
   vertex -0.0585954136128 -0.141461842237 0.410308846973
   vertex -0.0353214514652 -0.131821451465 0.420285982951
   vertex -0.0522254236641 -0.126083326111 0.420285982951
  endloop
 endfacet
 facet normal -0.100455812226 -0.505025472015 0.857238532969
  outer loop
   vertex -0.0396296461149 -0.147899852787 0.410308846973
   vertex -0.0199858043845 -0.15180725585 0.410308846973
   vertex -0.0178131194388 -0.135304075237 0.420285982951
  endloop
 endfacet
 facet normal -0.100455812226 -0.505025472015 0.857238532969
  outer loop
   vertex -0.0396296461149 -0.147899852787 0.410308846973
   vertex -0.0178131194388 -0.135304075237 0.420285982951
   vertex -0.0353214514652 -0.131821451465 0.420285982951
  endloop
 endfacet
 facet normal -0.0336773469899 -0.513817023748 0.857238532969
  outer loop
   vertex -0.0199858043845 -0.15180725585 0.410308846973
   vertex -2.81271723532e-17 -0.153117194676 0.410308846973
   vertex -2.5069427828e-17 -0.136471608769 0.420285982951
  endloop
 endfacet
 facet normal -0.0336773469899 -0.513817023748 0.857238532969
  outer loop
   vertex -0.0199858043845 -0.15180725585 0.410308846973
   vertex -2.5069427828e-17 -0.136471608769 0.420285982951
   vertex -0.0178131194388 -0.135304075237 0.420285982951
  endloop
 endfacet
 facet normal 0.0336773469899 -0.513817023748 0.857238532969
  outer loop
   vertex -2.81271723532e-17 -0.153117194676 0.410308846973
   vertex 0.0199858043845 -0.15180725585 0.410308846973
   vertex 0.0178131194388 -0.135304075237 0.420285982951
  endloop
 endfacet
 facet normal 0.0336773469899 -0.513817023748 0.857238532969
  outer loop
   vertex -2.81271723532e-17 -0.153117194676 0.410308846973
   vertex 0.0178131194388 -0.135304075237 0.420285982951
   vertex -2.5069427828e-17 -0.136471608769 0.420285982951
  endloop
 endfacet
 facet normal 0.100455812226 -0.505025472015 0.857238532969
  outer loop
   vertex 0.0199858043845 -0.15180725585 0.410308846973
   vertex 0.0396296461149 -0.147899852787 0.410308846973
   vertex 0.0353214514652 -0.131821451465 0.420285982951
  endloop
 endfacet
 facet normal 0.100455812226 -0.505025472015 0.857238532969
  outer loop
   vertex 0.0199858043845 -0.15180725585 0.410308846973
   vertex 0.0353214514652 -0.131821451465 0.420285982951
   vertex 0.0178131194388 -0.135304075237 0.420285982951
  endloop
 endfacet
 facet normal 0.165515450662 -0.487592794436 0.857238532969
  outer loop
   vertex 0.0396296461149 -0.147899852787 0.410308846973
   vertex 0.0585954136128 -0.141461842237 0.410308846973
   vertex 0.0522254236641 -0.126083326111 0.420285982951
  endloop
 endfacet
 facet normal 0.165515450662 -0.487592794436 0.857238532969
  outer loop
   vertex 0.0396296461149 -0.147899852787 0.410308846973
   vertex 0.0522254236641 -0.126083326111 0.420285982951
   vertex 0.0353214514652 -0.131821451465 0.420285982951
  endloop
 endfacet
 facet normal 0.227743073849 -0.461817268958 0.857238532969
  outer loop
   vertex 0.0585954136128 -0.141461842237 0.410308846973
   vertex 0.0765585973381 -0.132603380346 0.410308846973
   vertex 0.0682358043845 -0.118187880089 0.420285982951
  endloop
 endfacet
 facet normal 0.227743073849 -0.461817268958 0.857238532969
  outer loop
   vertex 0.0585954136128 -0.141461842237 0.410308846973
   vertex 0.0682358043845 -0.118187880089 0.420285982951
   vertex 0.0522254236641 -0.126083326111 0.420285982951
  endloop
 endfacet
 facet normal 0.286073949899 -0.428139921968 0.857238532969
  outer loop
   vertex 0.0765585973381 -0.132603380346 0.410308846973
   vertex 0.0932118422369 -0.121476037852 0.410308846973
   vertex 0.0830786515733 -0.108270206672 0.420285982951
  endloop
 endfacet
 facet normal 0.286073949899 -0.428139921968 0.857238532969
  outer loop
   vertex 0.0765585973381 -0.132603380346 0.410308846973
   vertex 0.0830786515733 -0.108270206672 0.420285982951
   vertex 0.0682358043845 -0.118187880089 0.420285982951
  endloop
 endfacet
 facet normal 0.339510021353 -0.38713698221 0.857238532969
  outer loop
   vertex 0.0932118422369 -0.121476037852 0.410308846973
   vertex 0.108270206672 -0.108270206672 0.410308846973
   vertex 0.0965 -0.0965 0.420285982951
  endloop
 endfacet
 facet normal 0.339510021353 -0.38713698221 0.857238532969
  outer loop
   vertex 0.0932118422369 -0.121476037852 0.410308846973
   vertex 0.0965 -0.0965 0.420285982951
   vertex 0.0830786515733 -0.108270206672 0.420285982951
  endloop
 endfacet
 facet normal 0.38713698221 -0.339510021353 0.857238532969
  outer loop
   vertex 0.108270206672 -0.108270206672 0.410308846973
   vertex 0.121476037852 -0.0932118422369 0.410308846973
   vertex 0.108270206672 -0.0830786515733 0.420285982951
  endloop
 endfacet
 facet normal 0.38713698221 -0.339510021353 0.857238532969
  outer loop
   vertex 0.108270206672 -0.108270206672 0.410308846973
   vertex 0.108270206672 -0.0830786515733 0.420285982951
   vertex 0.0965 -0.0965 0.420285982951
  endloop
 endfacet
 facet normal 0.428139921968 -0.286073949899 0.857238532969
  outer loop
   vertex 0.121476037852 -0.0932118422369 0.410308846973
   vertex 0.132603380346 -0.0765585973381 0.410308846973
   vertex 0.118187880089 -0.0682358043845 0.420285982951
  endloop
 endfacet
 facet normal 0.428139921968 -0.286073949899 0.857238532969
  outer loop
   vertex 0.121476037852 -0.0932118422369 0.410308846973
   vertex 0.118187880089 -0.0682358043845 0.420285982951
   vertex 0.108270206672 -0.0830786515733 0.420285982951
  endloop
 endfacet
 facet normal 0.461817268958 -0.227743073849 0.857238532969
  outer loop
   vertex 0.132603380346 -0.0765585973381 0.410308846973
   vertex 0.141461842237 -0.0585954136128 0.410308846973
   vertex 0.126083326111 -0.0522254236641 0.420285982951
  endloop
 endfacet
 facet normal 0.461817268958 -0.227743073849 0.857238532969
  outer loop
   vertex 0.132603380346 -0.0765585973381 0.410308846973
   vertex 0.126083326111 -0.0522254236641 0.420285982951
   vertex 0.118187880089 -0.0682358043845 0.420285982951
  endloop
 endfacet
 facet normal 0.487592794436 -0.165515450662 0.857238532969
  outer loop
   vertex 0.141461842237 -0.0585954136128 0.410308846973
   vertex 0.147899852787 -0.0396296461149 0.410308846973
   vertex 0.131821451465 -0.0353214514652 0.420285982951
  endloop
 endfacet
 facet normal 0.487592794436 -0.165515450662 0.857238532969
  outer loop
   vertex 0.141461842237 -0.0585954136128 0.410308846973
   vertex 0.131821451465 -0.0353214514652 0.420285982951
   vertex 0.126083326111 -0.0522254236641 0.420285982951
  endloop
 endfacet
 facet normal 0.505025472015 -0.100455812226 0.857238532969
  outer loop
   vertex 0.147899852787 -0.0396296461149 0.410308846973
   vertex 0.15180725585 -0.0199858043845 0.410308846973
   vertex 0.135304075237 -0.0178131194388 0.420285982951
  endloop
 endfacet
 facet normal 0.505025472015 -0.100455812226 0.857238532969
  outer loop
   vertex 0.147899852787 -0.0396296461149 0.410308846973
   vertex 0.135304075237 -0.0178131194388 0.420285982951
   vertex 0.131821451465 -0.0353214514652 0.420285982951
  endloop
 endfacet
 facet normal 0.513817023748 -0.0336773469899 0.857238532969
  outer loop
   vertex 0.15180725585 -0.0199858043845 0.410308846973
   vertex 0.153117194676 0 0.410308846973
   vertex 0.136471608769 0 0.420285982951
  endloop
 endfacet
 facet normal 0.513817023748 -0.0336773469899 0.857238532969
  outer loop
   vertex 0.15180725585 -0.0199858043845 0.410308846973
   vertex 0.136471608769 0 0.420285982951
   vertex 0.135304075237 -0.0178131194388 0.420285982951
  endloop
 endfacet
 facet normal 0.418482992993 0.02742882449 0.907810356938
  outer loop
   vertex 0.136471608769 0 0.420285982951
   vertex 0.135304075237 0.0178131194388 0.420285982951
   vertex 0.116485804385 0.0153356470807 0.429035696373
  endloop
 endfacet
 facet normal 0.418482992993 0.02742882449 0.907810356938
  outer loop
   vertex 0.136471608769 0 0.420285982951
   vertex 0.116485804385 0.0153356470807 0.429035696373
   vertex 0.117490955799 0 0.429035696373
  endloop
 endfacet
 facet normal 0.411322632957 0.0818171586783 0.907810356938
  outer loop
   vertex 0.135304075237 0.0178131194388 0.420285982951
   vertex 0.131821451465 0.0353214514652 0.420285982951
   vertex 0.113487548561 0.030408896988 0.429035696373
  endloop
 endfacet
 facet normal 0.411322632957 0.0818171586783 0.907810356938
  outer loop
   vertex 0.135304075237 0.0178131194388 0.420285982951
   vertex 0.113487548561 0.030408896988 0.429035696373
   vertex 0.116485804385 0.0153356470807 0.429035696373
  endloop
 endfacet
 facet normal 0.397124428632 0.134805578598 0.907810356938
  outer loop
   vertex 0.131821451465 0.0353214514652 0.420285982951
   vertex 0.126083326111 0.0522254236641 0.420285982951
   vertex 0.108547489318 0.0449618422369 0.429035696373
  endloop
 endfacet
 facet normal 0.397124428632 0.134805578598 0.907810356938
  outer loop
   vertex 0.131821451465 0.0353214514652 0.420285982951
   vertex 0.108547489318 0.0449618422369 0.429035696373
   vertex 0.113487548561 0.030408896988 0.429035696373
  endloop
 endfacet
 facet normal 0.376131315228 0.185487437692 0.907810356938
  outer loop
   vertex 0.126083326111 0.0522254236641 0.420285982951
   vertex 0.118187880089 0.0682358043845 0.420285982951
   vertex 0.101750152437 0.0587454778993 0.429035696373
  endloop
 endfacet
 facet normal 0.376131315228 0.185487437692 0.907810356938
  outer loop
   vertex 0.126083326111 0.0522254236641 0.420285982951
   vertex 0.101750152437 0.0587454778993 0.429035696373
   vertex 0.108547489318 0.0449618422369 0.429035696373
  endloop
 endfacet
 facet normal 0.348702490738 0.232995555301 0.907810356938
  outer loop
   vertex 0.118187880089 0.0682358043845 0.420285982951
   vertex 0.108270206672 0.0830786515733 0.420285982951
   vertex 0.0932118422369 0.0715239621476 0.429035696373
  endloop
 endfacet
 facet normal 0.348702490738 0.232995555301 0.907810356938
  outer loop
   vertex 0.118187880089 0.0682358043845 0.420285982951
   vertex 0.0932118422369 0.0715239621476 0.429035696373
   vertex 0.101750152437 0.0587454778993 0.429035696373
  endloop
 endfacet
 facet normal 0.315307269953 0.276517054359 0.907810356938
  outer loop
   vertex 0.108270206672 0.0830786515733 0.420285982951
   vertex 0.0965 0.0965 0.420285982951
   vertex 0.0830786515733 0.0830786515733 0.429035696373
  endloop
 endfacet
 facet normal 0.315307269953 0.276517054359 0.907810356938
  outer loop
   vertex 0.108270206672 0.0830786515733 0.420285982951
   vertex 0.0830786515733 0.0830786515733 0.429035696373
   vertex 0.0932118422369 0.0715239621476 0.429035696373
  endloop
 endfacet
 facet normal 0.276517054359 0.315307269953 0.907810356938
  outer loop
   vertex 0.0965 0.0965 0.420285982951
   vertex 0.0830786515733 0.108270206672 0.420285982951
   vertex 0.0715239621476 0.0932118422369 0.429035696373
  endloop
 endfacet
 facet normal 0.276517054359 0.315307269953 0.907810356938
  outer loop
   vertex 0.0965 0.0965 0.420285982951
   vertex 0.0715239621476 0.0932118422369 0.429035696373
   vertex 0.0830786515733 0.0830786515733 0.429035696373
  endloop
 endfacet
 facet normal 0.232995555301 0.348702490738 0.907810356938
  outer loop
   vertex 0.0830786515733 0.108270206672 0.420285982951
   vertex 0.0682358043845 0.118187880089 0.420285982951
   vertex 0.0587454778993 0.101750152437 0.429035696373
  endloop
 endfacet
 facet normal 0.232995555301 0.348702490738 0.907810356938
  outer loop
   vertex 0.0830786515733 0.108270206672 0.420285982951
   vertex 0.0587454778993 0.101750152437 0.429035696373
   vertex 0.0715239621476 0.0932118422369 0.429035696373
  endloop
 endfacet
 facet normal 0.185487437692 0.376131315228 0.907810356938
  outer loop
   vertex 0.0682358043845 0.118187880089 0.420285982951
   vertex 0.0522254236641 0.126083326111 0.420285982951
   vertex 0.0449618422369 0.108547489318 0.429035696373
  endloop
 endfacet
 facet normal 0.185487437692 0.376131315228 0.907810356938
  outer loop
   vertex 0.0682358043845 0.118187880089 0.420285982951
   vertex 0.0449618422369 0.108547489318 0.429035696373
   vertex 0.0587454778993 0.101750152437 0.429035696373
  endloop
 endfacet
 facet normal 0.134805578598 0.397124428632 0.907810356938
  outer loop
   vertex 0.0522254236641 0.126083326111 0.420285982951
   vertex 0.0353214514652 0.131821451465 0.420285982951
   vertex 0.030408896988 0.113487548561 0.429035696373
  endloop
 endfacet
 facet normal 0.134805578598 0.397124428632 0.907810356938
  outer loop
   vertex 0.0522254236641 0.126083326111 0.420285982951
   vertex 0.030408896988 0.113487548561 0.429035696373
   vertex 0.0449618422369 0.108547489318 0.429035696373
  endloop
 endfacet
 facet normal 0.0818171586783 0.411322632957 0.907810356938
  outer loop
   vertex 0.0353214514652 0.131821451465 0.420285982951
   vertex 0.0178131194388 0.135304075237 0.420285982951
   vertex 0.0153356470807 0.116485804385 0.429035696373
  endloop
 endfacet
 facet normal 0.0818171586783 0.411322632957 0.907810356938
  outer loop
   vertex 0.0353214514652 0.131821451465 0.420285982951
   vertex 0.0153356470807 0.116485804385 0.429035696373
   vertex 0.030408896988 0.113487548561 0.429035696373
  endloop
 endfacet
 facet normal 0.02742882449 0.418482992993 0.907810356938
  outer loop
   vertex 0.0178131194388 0.135304075237 0.420285982951
   vertex 8.35647594267e-18 0.136471608769 0.420285982951
   vertex 7.19424614738e-18 0.117490955799 0.429035696373
  endloop
 endfacet
 facet normal 0.02742882449 0.418482992993 0.907810356938
  outer loop
   vertex 0.0178131194388 0.135304075237 0.420285982951
   vertex 7.19424614738e-18 0.117490955799 0.429035696373
   vertex 0.0153356470807 0.116485804385 0.429035696373
  endloop
 endfacet
 facet normal -0.02742882449 0.418482992993 0.907810356938
  outer loop
   vertex 8.35647594267e-18 0.136471608769 0.420285982951
   vertex -0.0178131194388 0.135304075237 0.420285982951
   vertex -0.0153356470807 0.116485804385 0.429035696373
  endloop
 endfacet
 facet normal -0.02742882449 0.418482992993 0.907810356938
  outer loop
   vertex 8.35647594267e-18 0.136471608769 0.420285982951
   vertex -0.0153356470807 0.116485804385 0.429035696373
   vertex 7.19424614738e-18 0.117490955799 0.429035696373
  endloop
 endfacet
 facet normal -0.0818171586783 0.411322632957 0.907810356938
  outer loop
   vertex -0.0178131194388 0.135304075237 0.420285982951
   vertex -0.0353214514652 0.131821451465 0.420285982951
   vertex -0.030408896988 0.113487548561 0.429035696373
  endloop
 endfacet
 facet normal -0.0818171586783 0.411322632957 0.907810356938
  outer loop
   vertex -0.0178131194388 0.135304075237 0.420285982951
   vertex -0.030408896988 0.113487548561 0.429035696373
   vertex -0.0153356470807 0.116485804385 0.429035696373
  endloop
 endfacet
 facet normal -0.134805578598 0.397124428632 0.907810356938
  outer loop
   vertex -0.0353214514652 0.131821451465 0.420285982951
   vertex -0.0522254236641 0.126083326111 0.420285982951
   vertex -0.0449618422369 0.108547489318 0.429035696373
  endloop
 endfacet
 facet normal -0.134805578598 0.397124428632 0.907810356938
  outer loop
   vertex -0.0353214514652 0.131821451465 0.420285982951
   vertex -0.0449618422369 0.108547489318 0.429035696373
   vertex -0.030408896988 0.113487548561 0.429035696373
  endloop
 endfacet
 facet normal -0.185487437692 0.376131315228 0.907810356938
  outer loop
   vertex -0.0522254236641 0.126083326111 0.420285982951
   vertex -0.0682358043845 0.118187880089 0.420285982951
   vertex -0.0587454778993 0.101750152437 0.429035696373
  endloop
 endfacet
 facet normal -0.185487437692 0.376131315228 0.907810356938
  outer loop
   vertex -0.0522254236641 0.126083326111 0.420285982951
   vertex -0.0587454778993 0.101750152437 0.429035696373
   vertex -0.0449618422369 0.108547489318 0.429035696373
  endloop
 endfacet
 facet normal -0.232995555301 0.348702490738 0.907810356938
  outer loop
   vertex -0.0682358043845 0.118187880089 0.420285982951
   vertex -0.0830786515733 0.108270206672 0.420285982951
   vertex -0.0715239621476 0.0932118422369 0.429035696373
  endloop
 endfacet
 facet normal -0.232995555301 0.348702490738 0.907810356938
  outer loop
   vertex -0.0682358043845 0.118187880089 0.420285982951
   vertex -0.0715239621476 0.0932118422369 0.429035696373
   vertex -0.0587454778993 0.101750152437 0.429035696373
  endloop
 endfacet
 facet normal -0.276517054359 0.315307269953 0.907810356938
  outer loop
   vertex -0.0830786515733 0.108270206672 0.420285982951
   vertex -0.0965 0.0965 0.420285982951
   vertex -0.0830786515733 0.0830786515733 0.429035696373
  endloop
 endfacet
 facet normal -0.276517054359 0.315307269953 0.907810356938
  outer loop
   vertex -0.0830786515733 0.108270206672 0.420285982951
   vertex -0.0830786515733 0.0830786515733 0.429035696373
   vertex -0.0715239621476 0.0932118422369 0.429035696373
  endloop
 endfacet
 facet normal -0.315307269953 0.276517054359 0.907810356938
  outer loop
   vertex -0.0965 0.0965 0.420285982951
   vertex -0.108270206672 0.0830786515733 0.420285982951
   vertex -0.0932118422369 0.0715239621476 0.429035696373
  endloop
 endfacet
 facet normal -0.315307269953 0.276517054359 0.907810356938
  outer loop
   vertex -0.0965 0.0965 0.420285982951
   vertex -0.0932118422369 0.0715239621476 0.429035696373
   vertex -0.0830786515733 0.0830786515733 0.429035696373
  endloop
 endfacet
 facet normal -0.348702490738 0.232995555301 0.907810356938
  outer loop
   vertex -0.108270206672 0.0830786515733 0.420285982951
   vertex -0.118187880089 0.0682358043845 0.420285982951
   vertex -0.101750152437 0.0587454778993 0.429035696373
  endloop
 endfacet
 facet normal -0.348702490738 0.232995555301 0.907810356938
  outer loop
   vertex -0.108270206672 0.0830786515733 0.420285982951
   vertex -0.101750152437 0.0587454778993 0.429035696373
   vertex -0.0932118422369 0.0715239621476 0.429035696373
  endloop
 endfacet
 facet normal -0.376131315228 0.185487437692 0.907810356938
  outer loop
   vertex -0.118187880089 0.0682358043845 0.420285982951
   vertex -0.126083326111 0.0522254236641 0.420285982951
   vertex -0.108547489318 0.0449618422369 0.429035696373
  endloop
 endfacet
 facet normal -0.376131315228 0.185487437692 0.907810356938
  outer loop
   vertex -0.118187880089 0.0682358043845 0.420285982951
   vertex -0.108547489318 0.0449618422369 0.429035696373
   vertex -0.101750152437 0.0587454778993 0.429035696373
  endloop
 endfacet
 facet normal -0.397124428632 0.134805578598 0.907810356938
  outer loop
   vertex -0.126083326111 0.0522254236641 0.420285982951
   vertex -0.131821451465 0.0353214514652 0.420285982951
   vertex -0.113487548561 0.030408896988 0.429035696373
  endloop
 endfacet
 facet normal -0.397124428632 0.134805578598 0.907810356938
  outer loop
   vertex -0.126083326111 0.0522254236641 0.420285982951
   vertex -0.113487548561 0.030408896988 0.429035696373
   vertex -0.108547489318 0.0449618422369 0.429035696373
  endloop
 endfacet
 facet normal -0.411322632957 0.0818171586783 0.907810356938
  outer loop
   vertex -0.131821451465 0.0353214514652 0.420285982951
   vertex -0.135304075237 0.0178131194388 0.420285982951
   vertex -0.116485804385 0.0153356470807 0.429035696373
  endloop
 endfacet
 facet normal -0.411322632957 0.0818171586783 0.907810356938
  outer loop
   vertex -0.131821451465 0.0353214514652 0.420285982951
   vertex -0.116485804385 0.0153356470807 0.429035696373
   vertex -0.113487548561 0.030408896988 0.429035696373
  endloop
 endfacet
 facet normal -0.418482992993 0.02742882449 0.907810356938
  outer loop
   vertex -0.135304075237 0.0178131194388 0.420285982951
   vertex -0.136471608769 1.67129518853e-17 0.420285982951
   vertex -0.117490955799 1.43884922948e-17 0.429035696373
  endloop
 endfacet
 facet normal -0.418482992993 0.02742882449 0.907810356938
  outer loop
   vertex -0.135304075237 0.0178131194388 0.420285982951
   vertex -0.117490955799 1.43884922948e-17 0.429035696373
   vertex -0.116485804385 0.0153356470807 0.429035696373
  endloop
 endfacet
 facet normal -0.418482992993 -0.02742882449 0.907810356938
  outer loop
   vertex -0.136471608769 1.67129518853e-17 0.420285982951
   vertex -0.135304075237 -0.0178131194388 0.420285982951
   vertex -0.116485804385 -0.0153356470807 0.429035696373
  endloop
 endfacet
 facet normal -0.418482992993 -0.02742882449 0.907810356938
  outer loop
   vertex -0.136471608769 1.67129518853e-17 0.420285982951
   vertex -0.116485804385 -0.0153356470807 0.429035696373
   vertex -0.117490955799 1.43884922948e-17 0.429035696373
  endloop
 endfacet
 facet normal -0.411322632957 -0.0818171586783 0.907810356938
  outer loop
   vertex -0.135304075237 -0.0178131194388 0.420285982951
   vertex -0.131821451465 -0.0353214514652 0.420285982951
   vertex -0.113487548561 -0.030408896988 0.429035696373
  endloop
 endfacet
 facet normal -0.411322632957 -0.0818171586783 0.907810356938
  outer loop
   vertex -0.135304075237 -0.0178131194388 0.420285982951
   vertex -0.113487548561 -0.030408896988 0.429035696373
   vertex -0.116485804385 -0.0153356470807 0.429035696373
  endloop
 endfacet
 facet normal -0.397124428632 -0.134805578598 0.907810356938
  outer loop
   vertex -0.131821451465 -0.0353214514652 0.420285982951
   vertex -0.126083326111 -0.0522254236641 0.420285982951
   vertex -0.108547489318 -0.0449618422369 0.429035696373
  endloop
 endfacet
 facet normal -0.397124428632 -0.134805578598 0.907810356938
  outer loop
   vertex -0.131821451465 -0.0353214514652 0.420285982951
   vertex -0.108547489318 -0.0449618422369 0.429035696373
   vertex -0.113487548561 -0.030408896988 0.429035696373
  endloop
 endfacet
 facet normal -0.376131315228 -0.185487437692 0.907810356938
  outer loop
   vertex -0.126083326111 -0.0522254236641 0.420285982951
   vertex -0.118187880089 -0.0682358043845 0.420285982951
   vertex -0.101750152437 -0.0587454778993 0.429035696373
  endloop
 endfacet
 facet normal -0.376131315228 -0.185487437692 0.907810356938
  outer loop
   vertex -0.126083326111 -0.0522254236641 0.420285982951
   vertex -0.101750152437 -0.0587454778993 0.429035696373
   vertex -0.108547489318 -0.0449618422369 0.429035696373
  endloop
 endfacet
 facet normal -0.348702490738 -0.232995555301 0.907810356938
  outer loop
   vertex -0.118187880089 -0.0682358043845 0.420285982951
   vertex -0.108270206672 -0.0830786515733 0.420285982951
   vertex -0.0932118422369 -0.0715239621476 0.429035696373
  endloop
 endfacet
 facet normal -0.348702490738 -0.232995555301 0.907810356938
  outer loop
   vertex -0.118187880089 -0.0682358043845 0.420285982951
   vertex -0.0932118422369 -0.0715239621476 0.429035696373
   vertex -0.101750152437 -0.0587454778993 0.429035696373
  endloop
 endfacet
 facet normal -0.315307269953 -0.276517054359 0.907810356938
  outer loop
   vertex -0.108270206672 -0.0830786515733 0.420285982951
   vertex -0.0965 -0.0965 0.420285982951
   vertex -0.0830786515733 -0.0830786515733 0.429035696373
  endloop
 endfacet
 facet normal -0.315307269953 -0.276517054359 0.907810356938
  outer loop
   vertex -0.108270206672 -0.0830786515733 0.420285982951
   vertex -0.0830786515733 -0.0830786515733 0.429035696373
   vertex -0.0932118422369 -0.0715239621476 0.429035696373
  endloop
 endfacet
 facet normal -0.276517054359 -0.315307269953 0.907810356938
  outer loop
   vertex -0.0965 -0.0965 0.420285982951
   vertex -0.0830786515733 -0.108270206672 0.420285982951
   vertex -0.0715239621476 -0.0932118422369 0.429035696373
  endloop
 endfacet
 facet normal -0.276517054359 -0.315307269953 0.907810356938
  outer loop
   vertex -0.0965 -0.0965 0.420285982951
   vertex -0.0715239621476 -0.0932118422369 0.429035696373
   vertex -0.0830786515733 -0.0830786515733 0.429035696373
  endloop
 endfacet
 facet normal -0.232995555301 -0.348702490738 0.907810356938
  outer loop
   vertex -0.0830786515733 -0.108270206672 0.420285982951
   vertex -0.0682358043845 -0.118187880089 0.420285982951
   vertex -0.0587454778993 -0.101750152437 0.429035696373
  endloop
 endfacet
 facet normal -0.232995555301 -0.348702490738 0.907810356938
  outer loop
   vertex -0.0830786515733 -0.108270206672 0.420285982951
   vertex -0.0587454778993 -0.101750152437 0.429035696373
   vertex -0.0715239621476 -0.0932118422369 0.429035696373
  endloop
 endfacet
 facet normal -0.185487437692 -0.376131315228 0.907810356938
  outer loop
   vertex -0.0682358043845 -0.118187880089 0.420285982951
   vertex -0.0522254236641 -0.126083326111 0.420285982951
   vertex -0.0449618422369 -0.108547489318 0.429035696373
  endloop
 endfacet
 facet normal -0.185487437692 -0.376131315228 0.907810356938
  outer loop
   vertex -0.0682358043845 -0.118187880089 0.420285982951
   vertex -0.0449618422369 -0.108547489318 0.429035696373
   vertex -0.0587454778993 -0.101750152437 0.429035696373
  endloop
 endfacet
 facet normal -0.134805578598 -0.397124428632 0.907810356938
  outer loop
   vertex -0.0522254236641 -0.126083326111 0.420285982951
   vertex -0.0353214514652 -0.131821451465 0.420285982951
   vertex -0.030408896988 -0.113487548561 0.429035696373
  endloop
 endfacet
 facet normal -0.134805578598 -0.397124428632 0.907810356938
  outer loop
   vertex -0.0522254236641 -0.126083326111 0.420285982951
   vertex -0.030408896988 -0.113487548561 0.429035696373
   vertex -0.0449618422369 -0.108547489318 0.429035696373
  endloop
 endfacet
 facet normal -0.0818171586783 -0.411322632957 0.907810356938
  outer loop
   vertex -0.0353214514652 -0.131821451465 0.420285982951
   vertex -0.0178131194388 -0.135304075237 0.420285982951
   vertex -0.0153356470807 -0.116485804385 0.429035696373
  endloop
 endfacet
 facet normal -0.0818171586783 -0.411322632957 0.907810356938
  outer loop
   vertex -0.0353214514652 -0.131821451465 0.420285982951
   vertex -0.0153356470807 -0.116485804385 0.429035696373
   vertex -0.030408896988 -0.113487548561 0.429035696373
  endloop
 endfacet
 facet normal -0.02742882449 -0.418482992993 0.907810356938
  outer loop
   vertex -0.0178131194388 -0.135304075237 0.420285982951
   vertex -2.5069427828e-17 -0.136471608769 0.420285982951
   vertex -2.15827384421e-17 -0.117490955799 0.429035696373
  endloop
 endfacet
 facet normal -0.02742882449 -0.418482992993 0.907810356938
  outer loop
   vertex -0.0178131194388 -0.135304075237 0.420285982951
   vertex -2.15827384421e-17 -0.117490955799 0.429035696373
   vertex -0.0153356470807 -0.116485804385 0.429035696373
  endloop
 endfacet
 facet normal 0.02742882449 -0.418482992993 0.907810356938
  outer loop
   vertex -2.5069427828e-17 -0.136471608769 0.420285982951
   vertex 0.0178131194388 -0.135304075237 0.420285982951
   vertex 0.0153356470807 -0.116485804385 0.429035696373
  endloop
 endfacet
 facet normal 0.02742882449 -0.418482992993 0.907810356938
  outer loop
   vertex -2.5069427828e-17 -0.136471608769 0.420285982951
   vertex 0.0153356470807 -0.116485804385 0.429035696373
   vertex -2.15827384421e-17 -0.117490955799 0.429035696373
  endloop
 endfacet
 facet normal 0.0818171586783 -0.411322632957 0.907810356938
  outer loop
   vertex 0.0178131194388 -0.135304075237 0.420285982951
   vertex 0.0353214514652 -0.131821451465 0.420285982951
   vertex 0.030408896988 -0.113487548561 0.429035696373
  endloop
 endfacet
 facet normal 0.0818171586783 -0.411322632957 0.907810356938
  outer loop
   vertex 0.0178131194388 -0.135304075237 0.420285982951
   vertex 0.030408896988 -0.113487548561 0.429035696373
   vertex 0.0153356470807 -0.116485804385 0.429035696373
  endloop
 endfacet
 facet normal 0.134805578598 -0.397124428632 0.907810356938
  outer loop
   vertex 0.0353214514652 -0.131821451465 0.420285982951
   vertex 0.0522254236641 -0.126083326111 0.420285982951
   vertex 0.0449618422369 -0.108547489318 0.429035696373
  endloop
 endfacet
 facet normal 0.134805578598 -0.397124428632 0.907810356938
  outer loop
   vertex 0.0353214514652 -0.131821451465 0.420285982951
   vertex 0.0449618422369 -0.108547489318 0.429035696373
   vertex 0.030408896988 -0.113487548561 0.429035696373
  endloop
 endfacet
 facet normal 0.185487437692 -0.376131315228 0.907810356938
  outer loop
   vertex 0.0522254236641 -0.126083326111 0.420285982951
   vertex 0.0682358043845 -0.118187880089 0.420285982951
   vertex 0.0587454778993 -0.101750152437 0.429035696373
  endloop
 endfacet
 facet normal 0.185487437692 -0.376131315228 0.907810356938
  outer loop
   vertex 0.0522254236641 -0.126083326111 0.420285982951
   vertex 0.0587454778993 -0.101750152437 0.429035696373
   vertex 0.0449618422369 -0.108547489318 0.429035696373
  endloop
 endfacet
 facet normal 0.232995555301 -0.348702490738 0.907810356938
  outer loop
   vertex 0.0682358043845 -0.118187880089 0.420285982951
   vertex 0.0830786515733 -0.108270206672 0.420285982951
   vertex 0.0715239621476 -0.0932118422369 0.429035696373
  endloop
 endfacet
 facet normal 0.232995555301 -0.348702490738 0.907810356938
  outer loop
   vertex 0.0682358043845 -0.118187880089 0.420285982951
   vertex 0.0715239621476 -0.0932118422369 0.429035696373
   vertex 0.0587454778993 -0.101750152437 0.429035696373
  endloop
 endfacet
 facet normal 0.276517054359 -0.315307269953 0.907810356938
  outer loop
   vertex 0.0830786515733 -0.108270206672 0.420285982951
   vertex 0.0965 -0.0965 0.420285982951
   vertex 0.0830786515733 -0.0830786515733 0.429035696373
  endloop
 endfacet
 facet normal 0.276517054359 -0.315307269953 0.907810356938
  outer loop
   vertex 0.0830786515733 -0.108270206672 0.420285982951
   vertex 0.0830786515733 -0.0830786515733 0.429035696373
   vertex 0.0715239621476 -0.0932118422369 0.429035696373
  endloop
 endfacet
 facet normal 0.315307269953 -0.276517054359 0.907810356938
  outer loop
   vertex 0.0965 -0.0965 0.420285982951
   vertex 0.108270206672 -0.0830786515733 0.420285982951
   vertex 0.0932118422369 -0.0715239621476 0.429035696373
  endloop
 endfacet
 facet normal 0.315307269953 -0.276517054359 0.907810356938
  outer loop
   vertex 0.0965 -0.0965 0.420285982951
   vertex 0.0932118422369 -0.0715239621476 0.429035696373
   vertex 0.0830786515733 -0.0830786515733 0.429035696373
  endloop
 endfacet
 facet normal 0.348702490738 -0.232995555301 0.907810356938
  outer loop
   vertex 0.108270206672 -0.0830786515733 0.420285982951
   vertex 0.118187880089 -0.0682358043845 0.420285982951
   vertex 0.101750152437 -0.0587454778993 0.429035696373
  endloop
 endfacet
 facet normal 0.348702490738 -0.232995555301 0.907810356938
  outer loop
   vertex 0.108270206672 -0.0830786515733 0.420285982951
   vertex 0.101750152437 -0.0587454778993 0.429035696373
   vertex 0.0932118422369 -0.0715239621476 0.429035696373
  endloop
 endfacet
 facet normal 0.376131315228 -0.185487437692 0.907810356938
  outer loop
   vertex 0.118187880089 -0.0682358043845 0.420285982951
   vertex 0.126083326111 -0.0522254236641 0.420285982951
   vertex 0.108547489318 -0.0449618422369 0.429035696373
  endloop
 endfacet
 facet normal 0.376131315228 -0.185487437692 0.907810356938
  outer loop
   vertex 0.118187880089 -0.0682358043845 0.420285982951
   vertex 0.108547489318 -0.0449618422369 0.429035696373
   vertex 0.101750152437 -0.0587454778993 0.429035696373
  endloop
 endfacet
 facet normal 0.397124428632 -0.134805578598 0.907810356938
  outer loop
   vertex 0.126083326111 -0.0522254236641 0.420285982951
   vertex 0.131821451465 -0.0353214514652 0.420285982951
   vertex 0.113487548561 -0.030408896988 0.429035696373
  endloop
 endfacet
 facet normal 0.397124428632 -0.134805578598 0.907810356938
  outer loop
   vertex 0.126083326111 -0.0522254236641 0.420285982951
   vertex 0.113487548561 -0.030408896988 0.429035696373
   vertex 0.108547489318 -0.0449618422369 0.429035696373
  endloop
 endfacet
 facet normal 0.411322632957 -0.0818171586783 0.907810356938
  outer loop
   vertex 0.131821451465 -0.0353214514652 0.420285982951
   vertex 0.135304075237 -0.0178131194388 0.420285982951
   vertex 0.116485804385 -0.0153356470807 0.429035696373
  endloop
 endfacet
 facet normal 0.411322632957 -0.0818171586783 0.907810356938
  outer loop
   vertex 0.131821451465 -0.0353214514652 0.420285982951
   vertex 0.116485804385 -0.0153356470807 0.429035696373
   vertex 0.113487548561 -0.030408896988 0.429035696373
  endloop
 endfacet
 facet normal 0.418482992993 -0.02742882449 0.907810356938
  outer loop
   vertex 0.135304075237 -0.0178131194388 0.420285982951
   vertex 0.136471608769 0 0.420285982951
   vertex 0.117490955799 0 0.429035696373
  endloop
 endfacet
 facet normal 0.418482992993 -0.02742882449 0.907810356938
  outer loop
   vertex 0.135304075237 -0.0178131194388 0.420285982951
   vertex 0.117490955799 0 0.429035696373
   vertex 0.116485804385 -0.0153356470807 0.429035696373
  endloop
 endfacet
 facet normal 0.331303038811 0.0217147484049 0.943274491427
  outer loop
   vertex 0.117490955799 0 0.429035696373
   vertex 0.116485804385 0.0153356470807 0.429035696373
   vertex 0.0956744291226 0.0125957775492 0.436408277214
  endloop
 endfacet
 facet normal 0.331303038811 0.0217147484049 0.943274491427
  outer loop
   vertex 0.117490955799 0 0.429035696373
   vertex 0.0956744291226 0.0125957775492 0.436408277214
   vertex 0.0965 0 0.436408277214
  endloop
 endfacet
 facet normal 0.325634351963 0.0647726998491 0.943274491427
  outer loop
   vertex 0.116485804385 0.0153356470807 0.429035696373
   vertex 0.113487548561 0.030408896988 0.429035696373
   vertex 0.0932118422369 0.0249760378524 0.436408277214
  endloop
 endfacet
 facet normal 0.325634351963 0.0647726998491 0.943274491427
  outer loop
   vertex 0.116485804385 0.0153356470807 0.429035696373
   vertex 0.0932118422369 0.0249760378524 0.436408277214
   vertex 0.0956744291226 0.0125957775492 0.436408277214
  endloop
 endfacet
 facet normal 0.314393971069 0.10672237244 0.943274491427
  outer loop
   vertex 0.113487548561 0.030408896988 0.429035696373
   vertex 0.108547489318 0.0449618422369 0.429035696373
   vertex 0.0891543748873 0.0369289512232 0.436408277214
  endloop
 endfacet
 facet normal 0.314393971069 0.10672237244 0.943274491427
  outer loop
   vertex 0.113487548561 0.030408896988 0.429035696373
   vertex 0.0891543748873 0.0369289512232 0.436408277214
   vertex 0.0932118422369 0.0249760378524 0.436408277214
  endloop
 endfacet
 facet normal 0.297774222164 0.14684599565 0.943274491427
  outer loop
   vertex 0.108547489318 0.0449618422369 0.429035696373
   vertex 0.101750152437 0.0587454778993 0.429035696373
   vertex 0.0835714514652 0.04825 0.436408277214
  endloop
 endfacet
 facet normal 0.297774222164 0.14684599565 0.943274491427
  outer loop
   vertex 0.108547489318 0.0449618422369 0.429035696373
   vertex 0.0835714514652 0.04825 0.436408277214
   vertex 0.0891543748873 0.0369289512232 0.436408277214
  endloop
 endfacet
 facet normal 0.276059473759 0.184457043161 0.943274491427
  outer loop
   vertex 0.101750152437 0.0587454778993 0.429035696373
   vertex 0.0932118422369 0.0715239621476 0.429035696373
   vertex 0.0765585973381 0.0587454778993 0.436408277214
  endloop
 endfacet
 facet normal 0.276059473759 0.184457043161 0.943274491427
  outer loop
   vertex 0.101750152437 0.0587454778993 0.429035696373
   vertex 0.0765585973381 0.0587454778993 0.436408277214
   vertex 0.0835714514652 0.04825 0.436408277214
  endloop
 endfacet
 facet normal 0.24962127122 0.218911979522 0.943274491427
  outer loop
   vertex 0.0932118422369 0.0715239621476 0.429035696373
   vertex 0.0830786515733 0.0830786515733 0.429035696373
   vertex 0.0682358043845 0.0682358043845 0.436408277214
  endloop
 endfacet
 facet normal 0.24962127122 0.218911979522 0.943274491427
  outer loop
   vertex 0.0932118422369 0.0715239621476 0.429035696373
   vertex 0.0682358043845 0.0682358043845 0.436408277214
   vertex 0.0765585973381 0.0587454778993 0.436408277214
  endloop
 endfacet
 facet normal 0.218911979522 0.24962127122 0.943274491427
  outer loop
   vertex 0.0830786515733 0.0830786515733 0.429035696373
   vertex 0.0715239621476 0.0932118422369 0.429035696373
   vertex 0.0587454778993 0.0765585973381 0.436408277214
  endloop
 endfacet
 facet normal 0.218911979522 0.24962127122 0.943274491427
  outer loop
   vertex 0.0830786515733 0.0830786515733 0.429035696373
   vertex 0.0587454778993 0.0765585973381 0.436408277214
   vertex 0.0682358043845 0.0682358043845 0.436408277214
  endloop
 endfacet
 facet normal 0.184457043161 0.276059473759 0.943274491427
  outer loop
   vertex 0.0715239621476 0.0932118422369 0.429035696373
   vertex 0.0587454778993 0.101750152437 0.429035696373
   vertex 0.04825 0.0835714514652 0.436408277214
  endloop
 endfacet
 facet normal 0.184457043161 0.276059473759 0.943274491427
  outer loop
   vertex 0.0715239621476 0.0932118422369 0.429035696373
   vertex 0.04825 0.0835714514652 0.436408277214
   vertex 0.0587454778993 0.0765585973381 0.436408277214
  endloop
 endfacet
 facet normal 0.14684599565 0.297774222164 0.943274491427
  outer loop
   vertex 0.0587454778993 0.101750152437 0.429035696373
   vertex 0.0449618422369 0.108547489318 0.429035696373
   vertex 0.0369289512232 0.0891543748873 0.436408277214
  endloop
 endfacet
 facet normal 0.14684599565 0.297774222164 0.943274491427
  outer loop
   vertex 0.0587454778993 0.101750152437 0.429035696373
   vertex 0.0369289512232 0.0891543748873 0.436408277214
   vertex 0.04825 0.0835714514652 0.436408277214
  endloop
 endfacet
 facet normal 0.10672237244 0.314393971069 0.943274491427
  outer loop
   vertex 0.0449618422369 0.108547489318 0.429035696373
   vertex 0.030408896988 0.113487548561 0.429035696373
   vertex 0.0249760378524 0.0932118422369 0.436408277214
  endloop
 endfacet
 facet normal 0.10672237244 0.314393971069 0.943274491427
  outer loop
   vertex 0.0449618422369 0.108547489318 0.429035696373
   vertex 0.0249760378524 0.0932118422369 0.436408277214
   vertex 0.0369289512232 0.0891543748873 0.436408277214
  endloop
 endfacet
 facet normal 0.0647726998491 0.325634351963 0.943274491427
  outer loop
   vertex 0.030408896988 0.113487548561 0.429035696373
   vertex 0.0153356470807 0.116485804385 0.429035696373
   vertex 0.0125957775492 0.0956744291226 0.436408277214
  endloop
 endfacet
 facet normal 0.0647726998491 0.325634351963 0.943274491427
  outer loop
   vertex 0.030408896988 0.113487548561 0.429035696373
   vertex 0.0125957775492 0.0956744291226 0.436408277214
   vertex 0.0249760378524 0.0932118422369 0.436408277214
  endloop
 endfacet
 facet normal 0.0217147484049 0.331303038811 0.943274491427
  outer loop
   vertex 0.0153356470807 0.116485804385 0.429035696373
   vertex 7.19424614738e-18 0.117490955799 0.429035696373
   vertex 5.90892080589e-18 0.0965 0.436408277214
  endloop
 endfacet
 facet normal 0.0217147484049 0.331303038811 0.943274491427
  outer loop
   vertex 0.0153356470807 0.116485804385 0.429035696373
   vertex 5.90892080589e-18 0.0965 0.436408277214
   vertex 0.0125957775492 0.0956744291226 0.436408277214
  endloop
 endfacet
 facet normal -0.0217147484049 0.331303038811 0.943274491427
  outer loop
   vertex 7.19424614738e-18 0.117490955799 0.429035696373
   vertex -0.0153356470807 0.116485804385 0.429035696373
   vertex -0.0125957775492 0.0956744291226 0.436408277214
  endloop
 endfacet
 facet normal -0.0217147484049 0.331303038811 0.943274491427
  outer loop
   vertex 7.19424614738e-18 0.117490955799 0.429035696373
   vertex -0.0125957775492 0.0956744291226 0.436408277214
   vertex 5.90892080589e-18 0.0965 0.436408277214
  endloop
 endfacet
 facet normal -0.0647726998491 0.325634351963 0.943274491427
  outer loop
   vertex -0.0153356470807 0.116485804385 0.429035696373
   vertex -0.030408896988 0.113487548561 0.429035696373
   vertex -0.0249760378524 0.0932118422369 0.436408277214
  endloop
 endfacet
 facet normal -0.0647726998491 0.325634351963 0.943274491427
  outer loop
   vertex -0.0153356470807 0.116485804385 0.429035696373
   vertex -0.0249760378524 0.0932118422369 0.436408277214
   vertex -0.0125957775492 0.0956744291226 0.436408277214
  endloop
 endfacet
 facet normal -0.10672237244 0.314393971069 0.943274491427
  outer loop
   vertex -0.030408896988 0.113487548561 0.429035696373
   vertex -0.0449618422369 0.108547489318 0.429035696373
   vertex -0.0369289512232 0.0891543748873 0.436408277214
  endloop
 endfacet
 facet normal -0.10672237244 0.314393971069 0.943274491427
  outer loop
   vertex -0.030408896988 0.113487548561 0.429035696373
   vertex -0.0369289512232 0.0891543748873 0.436408277214
   vertex -0.0249760378524 0.0932118422369 0.436408277214
  endloop
 endfacet
 facet normal -0.14684599565 0.297774222164 0.943274491427
  outer loop
   vertex -0.0449618422369 0.108547489318 0.429035696373
   vertex -0.0587454778993 0.101750152437 0.429035696373
   vertex -0.04825 0.0835714514652 0.436408277214
  endloop
 endfacet
 facet normal -0.14684599565 0.297774222164 0.943274491427
  outer loop
   vertex -0.0449618422369 0.108547489318 0.429035696373
   vertex -0.04825 0.0835714514652 0.436408277214
   vertex -0.0369289512232 0.0891543748873 0.436408277214
  endloop
 endfacet
 facet normal -0.184457043161 0.276059473759 0.943274491427
  outer loop
   vertex -0.0587454778993 0.101750152437 0.429035696373
   vertex -0.0715239621476 0.0932118422369 0.429035696373
   vertex -0.0587454778993 0.0765585973381 0.436408277214
  endloop
 endfacet
 facet normal -0.184457043161 0.276059473759 0.943274491427
  outer loop
   vertex -0.0587454778993 0.101750152437 0.429035696373
   vertex -0.0587454778993 0.0765585973381 0.436408277214
   vertex -0.04825 0.0835714514652 0.436408277214
  endloop
 endfacet
 facet normal -0.218911979522 0.24962127122 0.943274491427
  outer loop
   vertex -0.0715239621476 0.0932118422369 0.429035696373
   vertex -0.0830786515733 0.0830786515733 0.429035696373
   vertex -0.0682358043845 0.0682358043845 0.436408277214
  endloop
 endfacet
 facet normal -0.218911979522 0.24962127122 0.943274491427
  outer loop
   vertex -0.0715239621476 0.0932118422369 0.429035696373
   vertex -0.0682358043845 0.0682358043845 0.436408277214
   vertex -0.0587454778993 0.0765585973381 0.436408277214
  endloop
 endfacet
 facet normal -0.24962127122 0.218911979522 0.943274491427
  outer loop
   vertex -0.0830786515733 0.0830786515733 0.429035696373
   vertex -0.0932118422369 0.0715239621476 0.429035696373
   vertex -0.0765585973381 0.0587454778993 0.436408277214
  endloop
 endfacet
 facet normal -0.24962127122 0.218911979522 0.943274491427
  outer loop
   vertex -0.0830786515733 0.0830786515733 0.429035696373
   vertex -0.0765585973381 0.0587454778993 0.436408277214
   vertex -0.0682358043845 0.0682358043845 0.436408277214
  endloop
 endfacet
 facet normal -0.276059473759 0.184457043161 0.943274491427
  outer loop
   vertex -0.0932118422369 0.0715239621476 0.429035696373
   vertex -0.101750152437 0.0587454778993 0.429035696373
   vertex -0.0835714514652 0.04825 0.436408277214
  endloop
 endfacet
 facet normal -0.276059473759 0.184457043161 0.943274491427
  outer loop
   vertex -0.0932118422369 0.0715239621476 0.429035696373
   vertex -0.0835714514652 0.04825 0.436408277214
   vertex -0.0765585973381 0.0587454778993 0.436408277214
  endloop
 endfacet
 facet normal -0.297774222164 0.14684599565 0.943274491427
  outer loop
   vertex -0.101750152437 0.0587454778993 0.429035696373
   vertex -0.108547489318 0.0449618422369 0.429035696373
   vertex -0.0891543748873 0.0369289512232 0.436408277214
  endloop
 endfacet
 facet normal -0.297774222164 0.14684599565 0.943274491427
  outer loop
   vertex -0.101750152437 0.0587454778993 0.429035696373
   vertex -0.0891543748873 0.0369289512232 0.436408277214
   vertex -0.0835714514652 0.04825 0.436408277214
  endloop
 endfacet
 facet normal -0.314393971069 0.10672237244 0.943274491427
  outer loop
   vertex -0.108547489318 0.0449618422369 0.429035696373
   vertex -0.113487548561 0.030408896988 0.429035696373
   vertex -0.0932118422369 0.0249760378524 0.436408277214
  endloop
 endfacet
 facet normal -0.314393971069 0.10672237244 0.943274491427
  outer loop
   vertex -0.108547489318 0.0449618422369 0.429035696373
   vertex -0.0932118422369 0.0249760378524 0.436408277214
   vertex -0.0891543748873 0.0369289512232 0.436408277214
  endloop
 endfacet
 facet normal -0.325634351963 0.0647726998491 0.943274491427
  outer loop
   vertex -0.113487548561 0.030408896988 0.429035696373
   vertex -0.116485804385 0.0153356470807 0.429035696373
   vertex -0.0956744291226 0.0125957775492 0.436408277214
  endloop
 endfacet
 facet normal -0.325634351963 0.0647726998491 0.943274491427
  outer loop
   vertex -0.113487548561 0.030408896988 0.429035696373
   vertex -0.0956744291226 0.0125957775492 0.436408277214
   vertex -0.0932118422369 0.0249760378524 0.436408277214
  endloop
 endfacet
 facet normal -0.331303038811 0.0217147484049 0.943274491427
  outer loop
   vertex -0.116485804385 0.0153356470807 0.429035696373
   vertex -0.117490955799 1.43884922948e-17 0.429035696373
   vertex -0.0965 1.18178416118e-17 0.436408277214
  endloop
 endfacet
 facet normal -0.331303038811 0.0217147484049 0.943274491427
  outer loop
   vertex -0.116485804385 0.0153356470807 0.429035696373
   vertex -0.0965 1.18178416118e-17 0.436408277214
   vertex -0.0956744291226 0.0125957775492 0.436408277214
  endloop
 endfacet
 facet normal -0.331303038811 -0.0217147484049 0.943274491427
  outer loop
   vertex -0.117490955799 1.43884922948e-17 0.429035696373
   vertex -0.116485804385 -0.0153356470807 0.429035696373
   vertex -0.0956744291226 -0.0125957775492 0.436408277214
  endloop
 endfacet
 facet normal -0.331303038811 -0.0217147484049 0.943274491427
  outer loop
   vertex -0.117490955799 1.43884922948e-17 0.429035696373
   vertex -0.0956744291226 -0.0125957775492 0.436408277214
   vertex -0.0965 1.18178416118e-17 0.436408277214
  endloop
 endfacet
 facet normal -0.325634351963 -0.0647726998491 0.943274491427
  outer loop
   vertex -0.116485804385 -0.0153356470807 0.429035696373
   vertex -0.113487548561 -0.030408896988 0.429035696373
   vertex -0.0932118422369 -0.0249760378524 0.436408277214
  endloop
 endfacet
 facet normal -0.325634351963 -0.0647726998491 0.943274491427
  outer loop
   vertex -0.116485804385 -0.0153356470807 0.429035696373
   vertex -0.0932118422369 -0.0249760378524 0.436408277214
   vertex -0.0956744291226 -0.0125957775492 0.436408277214
  endloop
 endfacet
 facet normal -0.314393971069 -0.10672237244 0.943274491427
  outer loop
   vertex -0.113487548561 -0.030408896988 0.429035696373
   vertex -0.108547489318 -0.0449618422369 0.429035696373
   vertex -0.0891543748873 -0.0369289512232 0.436408277214
  endloop
 endfacet
 facet normal -0.314393971069 -0.10672237244 0.943274491427
  outer loop
   vertex -0.113487548561 -0.030408896988 0.429035696373
   vertex -0.0891543748873 -0.0369289512232 0.436408277214
   vertex -0.0932118422369 -0.0249760378524 0.436408277214
  endloop
 endfacet
 facet normal -0.297774222164 -0.14684599565 0.943274491427
  outer loop
   vertex -0.108547489318 -0.0449618422369 0.429035696373
   vertex -0.101750152437 -0.0587454778993 0.429035696373
   vertex -0.0835714514652 -0.04825 0.436408277214
  endloop
 endfacet
 facet normal -0.297774222164 -0.14684599565 0.943274491427
  outer loop
   vertex -0.108547489318 -0.0449618422369 0.429035696373
   vertex -0.0835714514652 -0.04825 0.436408277214
   vertex -0.0891543748873 -0.0369289512232 0.436408277214
  endloop
 endfacet
 facet normal -0.276059473759 -0.184457043161 0.943274491427
  outer loop
   vertex -0.101750152437 -0.0587454778993 0.429035696373
   vertex -0.0932118422369 -0.0715239621476 0.429035696373
   vertex -0.0765585973381 -0.0587454778993 0.436408277214
  endloop
 endfacet
 facet normal -0.276059473759 -0.184457043161 0.943274491427
  outer loop
   vertex -0.101750152437 -0.0587454778993 0.429035696373
   vertex -0.0765585973381 -0.0587454778993 0.436408277214
   vertex -0.0835714514652 -0.04825 0.436408277214
  endloop
 endfacet
 facet normal -0.24962127122 -0.218911979522 0.943274491427
  outer loop
   vertex -0.0932118422369 -0.0715239621476 0.429035696373
   vertex -0.0830786515733 -0.0830786515733 0.429035696373
   vertex -0.0682358043845 -0.0682358043845 0.436408277214
  endloop
 endfacet
 facet normal -0.24962127122 -0.218911979522 0.943274491427
  outer loop
   vertex -0.0932118422369 -0.0715239621476 0.429035696373
   vertex -0.0682358043845 -0.0682358043845 0.436408277214
   vertex -0.0765585973381 -0.0587454778993 0.436408277214
  endloop
 endfacet
 facet normal -0.218911979522 -0.24962127122 0.943274491427
  outer loop
   vertex -0.0830786515733 -0.0830786515733 0.429035696373
   vertex -0.0715239621476 -0.0932118422369 0.429035696373
   vertex -0.0587454778993 -0.0765585973381 0.436408277214
  endloop
 endfacet
 facet normal -0.218911979522 -0.24962127122 0.943274491427
  outer loop
   vertex -0.0830786515733 -0.0830786515733 0.429035696373
   vertex -0.0587454778993 -0.0765585973381 0.436408277214
   vertex -0.0682358043845 -0.0682358043845 0.436408277214
  endloop
 endfacet
 facet normal -0.184457043161 -0.276059473759 0.943274491427
  outer loop
   vertex -0.0715239621476 -0.0932118422369 0.429035696373
   vertex -0.0587454778993 -0.101750152437 0.429035696373
   vertex -0.04825 -0.0835714514652 0.436408277214
  endloop
 endfacet
 facet normal -0.184457043161 -0.276059473759 0.943274491427
  outer loop
   vertex -0.0715239621476 -0.0932118422369 0.429035696373
   vertex -0.04825 -0.0835714514652 0.436408277214
   vertex -0.0587454778993 -0.0765585973381 0.436408277214
  endloop
 endfacet
 facet normal -0.14684599565 -0.297774222164 0.943274491427
  outer loop
   vertex -0.0587454778993 -0.101750152437 0.429035696373
   vertex -0.0449618422369 -0.108547489318 0.429035696373
   vertex -0.0369289512232 -0.0891543748873 0.436408277214
  endloop
 endfacet
 facet normal -0.14684599565 -0.297774222164 0.943274491427
  outer loop
   vertex -0.0587454778993 -0.101750152437 0.429035696373
   vertex -0.0369289512232 -0.0891543748873 0.436408277214
   vertex -0.04825 -0.0835714514652 0.436408277214
  endloop
 endfacet
 facet normal -0.10672237244 -0.314393971069 0.943274491427
  outer loop
   vertex -0.0449618422369 -0.108547489318 0.429035696373
   vertex -0.030408896988 -0.113487548561 0.429035696373
   vertex -0.0249760378524 -0.0932118422369 0.436408277214
  endloop
 endfacet
 facet normal -0.10672237244 -0.314393971069 0.943274491427
  outer loop
   vertex -0.0449618422369 -0.108547489318 0.429035696373
   vertex -0.0249760378524 -0.0932118422369 0.436408277214
   vertex -0.0369289512232 -0.0891543748873 0.436408277214
  endloop
 endfacet
 facet normal -0.0647726998491 -0.325634351963 0.943274491427
  outer loop
   vertex -0.030408896988 -0.113487548561 0.429035696373
   vertex -0.0153356470807 -0.116485804385 0.429035696373
   vertex -0.0125957775492 -0.0956744291226 0.436408277214
  endloop
 endfacet
 facet normal -0.0647726998491 -0.325634351963 0.943274491427
  outer loop
   vertex -0.030408896988 -0.113487548561 0.429035696373
   vertex -0.0125957775492 -0.0956744291226 0.436408277214
   vertex -0.0249760378524 -0.0932118422369 0.436408277214
  endloop
 endfacet
 facet normal -0.0217147484049 -0.331303038811 0.943274491427
  outer loop
   vertex -0.0153356470807 -0.116485804385 0.429035696373
   vertex -2.15827384421e-17 -0.117490955799 0.429035696373
   vertex -1.77267624177e-17 -0.0965 0.436408277214
  endloop
 endfacet
 facet normal -0.0217147484049 -0.331303038811 0.943274491427
  outer loop
   vertex -0.0153356470807 -0.116485804385 0.429035696373
   vertex -1.77267624177e-17 -0.0965 0.436408277214
   vertex -0.0125957775492 -0.0956744291226 0.436408277214
  endloop
 endfacet
 facet normal 0.0217147484049 -0.331303038811 0.943274491427
  outer loop
   vertex -2.15827384421e-17 -0.117490955799 0.429035696373
   vertex 0.0153356470807 -0.116485804385 0.429035696373
   vertex 0.0125957775492 -0.0956744291226 0.436408277214
  endloop
 endfacet
 facet normal 0.0217147484049 -0.331303038811 0.943274491427
  outer loop
   vertex -2.15827384421e-17 -0.117490955799 0.429035696373
   vertex 0.0125957775492 -0.0956744291226 0.436408277214
   vertex -1.77267624177e-17 -0.0965 0.436408277214
  endloop
 endfacet
 facet normal 0.0647726998491 -0.325634351963 0.943274491427
  outer loop
   vertex 0.0153356470807 -0.116485804385 0.429035696373
   vertex 0.030408896988 -0.113487548561 0.429035696373
   vertex 0.0249760378524 -0.0932118422369 0.436408277214
  endloop
 endfacet
 facet normal 0.0647726998491 -0.325634351963 0.943274491427
  outer loop
   vertex 0.0153356470807 -0.116485804385 0.429035696373
   vertex 0.0249760378524 -0.0932118422369 0.436408277214
   vertex 0.0125957775492 -0.0956744291226 0.436408277214
  endloop
 endfacet
 facet normal 0.10672237244 -0.314393971069 0.943274491427
  outer loop
   vertex 0.030408896988 -0.113487548561 0.429035696373
   vertex 0.0449618422369 -0.108547489318 0.429035696373
   vertex 0.0369289512232 -0.0891543748873 0.436408277214
  endloop
 endfacet
 facet normal 0.10672237244 -0.314393971069 0.943274491427
  outer loop
   vertex 0.030408896988 -0.113487548561 0.429035696373
   vertex 0.0369289512232 -0.0891543748873 0.436408277214
   vertex 0.0249760378524 -0.0932118422369 0.436408277214
  endloop
 endfacet
 facet normal 0.14684599565 -0.297774222164 0.943274491427
  outer loop
   vertex 0.0449618422369 -0.108547489318 0.429035696373
   vertex 0.0587454778993 -0.101750152437 0.429035696373
   vertex 0.04825 -0.0835714514652 0.436408277214
  endloop
 endfacet
 facet normal 0.14684599565 -0.297774222164 0.943274491427
  outer loop
   vertex 0.0449618422369 -0.108547489318 0.429035696373
   vertex 0.04825 -0.0835714514652 0.436408277214
   vertex 0.0369289512232 -0.0891543748873 0.436408277214
  endloop
 endfacet
 facet normal 0.184457043161 -0.276059473759 0.943274491427
  outer loop
   vertex 0.0587454778993 -0.101750152437 0.429035696373
   vertex 0.0715239621476 -0.0932118422369 0.429035696373
   vertex 0.0587454778993 -0.0765585973381 0.436408277214
  endloop
 endfacet
 facet normal 0.184457043161 -0.276059473759 0.943274491427
  outer loop
   vertex 0.0587454778993 -0.101750152437 0.429035696373
   vertex 0.0587454778993 -0.0765585973381 0.436408277214
   vertex 0.04825 -0.0835714514652 0.436408277214
  endloop
 endfacet
 facet normal 0.218911979522 -0.24962127122 0.943274491427
  outer loop
   vertex 0.0715239621476 -0.0932118422369 0.429035696373
   vertex 0.0830786515733 -0.0830786515733 0.429035696373
   vertex 0.0682358043845 -0.0682358043845 0.436408277214
  endloop
 endfacet
 facet normal 0.218911979522 -0.24962127122 0.943274491427
  outer loop
   vertex 0.0715239621476 -0.0932118422369 0.429035696373
   vertex 0.0682358043845 -0.0682358043845 0.436408277214
   vertex 0.0587454778993 -0.0765585973381 0.436408277214
  endloop
 endfacet
 facet normal 0.24962127122 -0.218911979522 0.943274491427
  outer loop
   vertex 0.0830786515733 -0.0830786515733 0.429035696373
   vertex 0.0932118422369 -0.0715239621476 0.429035696373
   vertex 0.0765585973381 -0.0587454778993 0.436408277214
  endloop
 endfacet
 facet normal 0.24962127122 -0.218911979522 0.943274491427
  outer loop
   vertex 0.0830786515733 -0.0830786515733 0.429035696373
   vertex 0.0765585973381 -0.0587454778993 0.436408277214
   vertex 0.0682358043845 -0.0682358043845 0.436408277214
  endloop
 endfacet
 facet normal 0.276059473759 -0.184457043161 0.943274491427
  outer loop
   vertex 0.0932118422369 -0.0715239621476 0.429035696373
   vertex 0.101750152437 -0.0587454778993 0.429035696373
   vertex 0.0835714514652 -0.04825 0.436408277214
  endloop
 endfacet
 facet normal 0.276059473759 -0.184457043161 0.943274491427
  outer loop
   vertex 0.0932118422369 -0.0715239621476 0.429035696373
   vertex 0.0835714514652 -0.04825 0.436408277214
   vertex 0.0765585973381 -0.0587454778993 0.436408277214
  endloop
 endfacet
 facet normal 0.297774222164 -0.14684599565 0.943274491427
  outer loop
   vertex 0.101750152437 -0.0587454778993 0.429035696373
   vertex 0.108547489318 -0.0449618422369 0.429035696373
   vertex 0.0891543748873 -0.0369289512232 0.436408277214
  endloop
 endfacet
 facet normal 0.297774222164 -0.14684599565 0.943274491427
  outer loop
   vertex 0.101750152437 -0.0587454778993 0.429035696373
   vertex 0.0891543748873 -0.0369289512232 0.436408277214
   vertex 0.0835714514652 -0.04825 0.436408277214
  endloop
 endfacet
 facet normal 0.314393971069 -0.10672237244 0.943274491427
  outer loop
   vertex 0.108547489318 -0.0449618422369 0.429035696373
   vertex 0.113487548561 -0.030408896988 0.429035696373
   vertex 0.0932118422369 -0.0249760378524 0.436408277214
  endloop
 endfacet
 facet normal 0.314393971069 -0.10672237244 0.943274491427
  outer loop
   vertex 0.108547489318 -0.0449618422369 0.429035696373
   vertex 0.0932118422369 -0.0249760378524 0.436408277214
   vertex 0.0891543748873 -0.0369289512232 0.436408277214
  endloop
 endfacet
 facet normal 0.325634351963 -0.0647726998491 0.943274491427
  outer loop
   vertex 0.113487548561 -0.030408896988 0.429035696373
   vertex 0.116485804385 -0.0153356470807 0.429035696373
   vertex 0.0956744291226 -0.0125957775492 0.436408277214
  endloop
 endfacet
 facet normal 0.325634351963 -0.0647726998491 0.943274491427
  outer loop
   vertex 0.113487548561 -0.030408896988 0.429035696373
   vertex 0.0956744291226 -0.0125957775492 0.436408277214
   vertex 0.0932118422369 -0.0249760378524 0.436408277214
  endloop
 endfacet
 facet normal 0.331303038811 -0.0217147484049 0.943274491427
  outer loop
   vertex 0.116485804385 -0.0153356470807 0.429035696373
   vertex 0.117490955799 0 0.429035696373
   vertex 0.0965 0 0.436408277214
  endloop
 endfacet
 facet normal 0.331303038811 -0.0217147484049 0.943274491427
  outer loop
   vertex 0.116485804385 -0.0153356470807 0.429035696373
   vertex 0.0965 0 0.436408277214
   vertex 0.0956744291226 -0.0125957775492 0.436408277214
  endloop
 endfacet
 facet normal 0.250893293197 0.0164444152332 0.967875062514
  outer loop
   vertex 0.0965 0 0.436408277214
   vertex 0.0956744291226 0.0125957775492 0.436408277214
   vertex 0.0732260378524 0.0096403907717 0.442277578573
  endloop
 endfacet
 facet normal 0.250893293197 0.0164444152332 0.967875062514
  outer loop
   vertex 0.0965 0 0.436408277214
   vertex 0.0732260378524 0.0096403907717 0.442277578573
   vertex 0.0738579024465 0 0.442277578573
  endloop
 endfacet
 facet normal 0.246600439389 0.0490518771958 0.967875062514
  outer loop
   vertex 0.0956744291226 0.0125957775492 0.436408277214
   vertex 0.0932118422369 0.0249760378524 0.436408277214
   vertex 0.0713412554486 0.0191158317845 0.442277578573
  endloop
 endfacet
 facet normal 0.246600439389 0.0490518771958 0.967875062514
  outer loop
   vertex 0.0956744291226 0.0125957775492 0.436408277214
   vertex 0.0713412554486 0.0191158317845 0.442277578573
   vertex 0.0732260378524 0.0096403907717 0.442277578573
  endloop
 endfacet
 facet normal 0.238088183693 0.0808200479397 0.967875062514
  outer loop
   vertex 0.0932118422369 0.0249760378524 0.436408277214
   vertex 0.0891543748873 0.0369289512232 0.436408277214
   vertex 0.0682358043845 0.0282641956155 0.442277578573
  endloop
 endfacet
 facet normal 0.238088183693 0.0808200479397 0.967875062514
  outer loop
   vertex 0.0932118422369 0.0249760378524 0.436408277214
   vertex 0.0682358043845 0.0282641956155 0.442277578573
   vertex 0.0713412554486 0.0191158317845 0.442277578573
  endloop
 endfacet
 facet normal 0.225502173164 0.111205365256 0.967875062514
  outer loop
   vertex 0.0891543748873 0.0369289512232 0.436408277214
   vertex 0.0835714514652 0.04825 0.436408277214
   vertex 0.0639628197889 0.0369289512232 0.442277578573
  endloop
 endfacet
 facet normal 0.225502173164 0.111205365256 0.967875062514
  outer loop
   vertex 0.0891543748873 0.0369289512232 0.436408277214
   vertex 0.0639628197889 0.0369289512232 0.442277578573
   vertex 0.0682358043845 0.0282641956155 0.442277578573
  endloop
 endfacet
 facet normal 0.209057757931 0.139687927941 0.967875062514
  outer loop
   vertex 0.0835714514652 0.04825 0.436408277214
   vertex 0.0765585973381 0.0587454778993 0.436408277214
   vertex 0.0585954136128 0.0449618422369 0.442277578573
  endloop
 endfacet
 facet normal 0.209057757931 0.139687927941 0.967875062514
  outer loop
   vertex 0.0835714514652 0.04825 0.436408277214
   vertex 0.0585954136128 0.0449618422369 0.442277578573
   vertex 0.0639628197889 0.0369289512232 0.442277578573
  endloop
 endfacet
 facet normal 0.189036306498 0.165780391449 0.967875062514
  outer loop
   vertex 0.0765585973381 0.0587454778993 0.436408277214
   vertex 0.0682358043845 0.0682358043845 0.436408277214
   vertex 0.0522254236641 0.0522254236641 0.442277578573
  endloop
 endfacet
 facet normal 0.189036306498 0.165780391449 0.967875062514
  outer loop
   vertex 0.0765585973381 0.0587454778993 0.436408277214
   vertex 0.0522254236641 0.0522254236641 0.442277578573
   vertex 0.0585954136128 0.0449618422369 0.442277578573
  endloop
 endfacet
 facet normal 0.165780391449 0.189036306498 0.967875062514
  outer loop
   vertex 0.0682358043845 0.0682358043845 0.436408277214
   vertex 0.0587454778993 0.0765585973381 0.436408277214
   vertex 0.0449618422369 0.0585954136128 0.442277578573
  endloop
 endfacet
 facet normal 0.165780391449 0.189036306498 0.967875062514
  outer loop
   vertex 0.0682358043845 0.0682358043845 0.436408277214
   vertex 0.0449618422369 0.0585954136128 0.442277578573
   vertex 0.0522254236641 0.0522254236641 0.442277578573
  endloop
 endfacet
 facet normal 0.139687927941 0.209057757931 0.967875062514
  outer loop
   vertex 0.0587454778993 0.0765585973381 0.436408277214
   vertex 0.04825 0.0835714514652 0.436408277214
   vertex 0.0369289512232 0.0639628197889 0.442277578573
  endloop
 endfacet
 facet normal 0.139687927941 0.209057757931 0.967875062514
  outer loop
   vertex 0.0587454778993 0.0765585973381 0.436408277214
   vertex 0.0369289512232 0.0639628197889 0.442277578573
   vertex 0.0449618422369 0.0585954136128 0.442277578573
  endloop
 endfacet
 facet normal 0.111205365256 0.225502173164 0.967875062514
  outer loop
   vertex 0.04825 0.0835714514652 0.436408277214
   vertex 0.0369289512232 0.0891543748873 0.436408277214
   vertex 0.0282641956155 0.0682358043845 0.442277578573
  endloop
 endfacet
 facet normal 0.111205365256 0.225502173164 0.967875062514
  outer loop
   vertex 0.04825 0.0835714514652 0.436408277214
   vertex 0.0282641956155 0.0682358043845 0.442277578573
   vertex 0.0369289512232 0.0639628197889 0.442277578573
  endloop
 endfacet
 facet normal 0.0808200479397 0.238088183693 0.967875062514
  outer loop
   vertex 0.0369289512232 0.0891543748873 0.436408277214
   vertex 0.0249760378524 0.0932118422369 0.436408277214
   vertex 0.0191158317845 0.0713412554486 0.442277578573
  endloop
 endfacet
 facet normal 0.0808200479397 0.238088183693 0.967875062514
  outer loop
   vertex 0.0369289512232 0.0891543748873 0.436408277214
   vertex 0.0191158317845 0.0713412554486 0.442277578573
   vertex 0.0282641956155 0.0682358043845 0.442277578573
  endloop
 endfacet
 facet normal 0.0490518771958 0.246600439389 0.967875062514
  outer loop
   vertex 0.0249760378524 0.0932118422369 0.436408277214
   vertex 0.0125957775492 0.0956744291226 0.436408277214
   vertex 0.0096403907717 0.0732260378524 0.442277578573
  endloop
 endfacet
 facet normal 0.0490518771958 0.246600439389 0.967875062514
  outer loop
   vertex 0.0249760378524 0.0932118422369 0.436408277214
   vertex 0.0096403907717 0.0732260378524 0.442277578573
   vertex 0.0191158317845 0.0713412554486 0.442277578573
  endloop
 endfacet
 facet normal 0.0164444152332 0.250893293197 0.967875062514
  outer loop
   vertex 0.0125957775492 0.0956744291226 0.436408277214
   vertex 5.90892080589e-18 0.0965 0.436408277214
   vertex 4.52249219114e-18 0.0738579024465 0.442277578573
  endloop
 endfacet
 facet normal 0.0164444152332 0.250893293197 0.967875062514
  outer loop
   vertex 0.0125957775492 0.0956744291226 0.436408277214
   vertex 4.52249219114e-18 0.0738579024465 0.442277578573
   vertex 0.0096403907717 0.0732260378524 0.442277578573
  endloop
 endfacet
 facet normal -0.0164444152332 0.250893293197 0.967875062514
  outer loop
   vertex 5.90892080589e-18 0.0965 0.436408277214
   vertex -0.0125957775492 0.0956744291226 0.436408277214
   vertex -0.0096403907717 0.0732260378524 0.442277578573
  endloop
 endfacet
 facet normal -0.0164444152332 0.250893293197 0.967875062514
  outer loop
   vertex 5.90892080589e-18 0.0965 0.436408277214
   vertex -0.0096403907717 0.0732260378524 0.442277578573
   vertex 4.52249219114e-18 0.0738579024465 0.442277578573
  endloop
 endfacet
 facet normal -0.0490518771958 0.246600439389 0.967875062514
  outer loop
   vertex -0.0125957775492 0.0956744291226 0.436408277214
   vertex -0.0249760378524 0.0932118422369 0.436408277214
   vertex -0.0191158317845 0.0713412554486 0.442277578573
  endloop
 endfacet
 facet normal -0.0490518771958 0.246600439389 0.967875062514
  outer loop
   vertex -0.0125957775492 0.0956744291226 0.436408277214
   vertex -0.0191158317845 0.0713412554486 0.442277578573
   vertex -0.0096403907717 0.0732260378524 0.442277578573
  endloop
 endfacet
 facet normal -0.0808200479397 0.238088183693 0.967875062514
  outer loop
   vertex -0.0249760378524 0.0932118422369 0.436408277214
   vertex -0.0369289512232 0.0891543748873 0.436408277214
   vertex -0.0282641956155 0.0682358043845 0.442277578573
  endloop
 endfacet
 facet normal -0.0808200479397 0.238088183693 0.967875062514
  outer loop
   vertex -0.0249760378524 0.0932118422369 0.436408277214
   vertex -0.0282641956155 0.0682358043845 0.442277578573
   vertex -0.0191158317845 0.0713412554486 0.442277578573
  endloop
 endfacet
 facet normal -0.111205365256 0.225502173164 0.967875062514
  outer loop
   vertex -0.0369289512232 0.0891543748873 0.436408277214
   vertex -0.04825 0.0835714514652 0.436408277214
   vertex -0.0369289512232 0.0639628197889 0.442277578573
  endloop
 endfacet
 facet normal -0.111205365256 0.225502173164 0.967875062514
  outer loop
   vertex -0.0369289512232 0.0891543748873 0.436408277214
   vertex -0.0369289512232 0.0639628197889 0.442277578573
   vertex -0.0282641956155 0.0682358043845 0.442277578573
  endloop
 endfacet
 facet normal -0.139687927941 0.209057757931 0.967875062514
  outer loop
   vertex -0.04825 0.0835714514652 0.436408277214
   vertex -0.0587454778993 0.0765585973381 0.436408277214
   vertex -0.0449618422369 0.0585954136128 0.442277578573
  endloop
 endfacet
 facet normal -0.139687927941 0.209057757931 0.967875062514
  outer loop
   vertex -0.04825 0.0835714514652 0.436408277214
   vertex -0.0449618422369 0.0585954136128 0.442277578573
   vertex -0.0369289512232 0.0639628197889 0.442277578573
  endloop
 endfacet
 facet normal -0.165780391449 0.189036306498 0.967875062514
  outer loop
   vertex -0.0587454778993 0.0765585973381 0.436408277214
   vertex -0.0682358043845 0.0682358043845 0.436408277214
   vertex -0.0522254236641 0.0522254236641 0.442277578573
  endloop
 endfacet
 facet normal -0.165780391449 0.189036306498 0.967875062514
  outer loop
   vertex -0.0587454778993 0.0765585973381 0.436408277214
   vertex -0.0522254236641 0.0522254236641 0.442277578573
   vertex -0.0449618422369 0.0585954136128 0.442277578573
  endloop
 endfacet
 facet normal -0.189036306498 0.165780391449 0.967875062514
  outer loop
   vertex -0.0682358043845 0.0682358043845 0.436408277214
   vertex -0.0765585973381 0.0587454778993 0.436408277214
   vertex -0.0585954136128 0.0449618422369 0.442277578573
  endloop
 endfacet
 facet normal -0.189036306498 0.165780391449 0.967875062514
  outer loop
   vertex -0.0682358043845 0.0682358043845 0.436408277214
   vertex -0.0585954136128 0.0449618422369 0.442277578573
   vertex -0.0522254236641 0.0522254236641 0.442277578573
  endloop
 endfacet
 facet normal -0.209057757931 0.139687927941 0.967875062514
  outer loop
   vertex -0.0765585973381 0.0587454778993 0.436408277214
   vertex -0.0835714514652 0.04825 0.436408277214
   vertex -0.0639628197889 0.0369289512232 0.442277578573
  endloop
 endfacet
 facet normal -0.209057757931 0.139687927941 0.967875062514
  outer loop
   vertex -0.0765585973381 0.0587454778993 0.436408277214
   vertex -0.0639628197889 0.0369289512232 0.442277578573
   vertex -0.0585954136128 0.0449618422369 0.442277578573
  endloop
 endfacet
 facet normal -0.225502173164 0.111205365256 0.967875062514
  outer loop
   vertex -0.0835714514652 0.04825 0.436408277214
   vertex -0.0891543748873 0.0369289512232 0.436408277214
   vertex -0.0682358043845 0.0282641956155 0.442277578573
  endloop
 endfacet
 facet normal -0.225502173164 0.111205365256 0.967875062514
  outer loop
   vertex -0.0835714514652 0.04825 0.436408277214
   vertex -0.0682358043845 0.0282641956155 0.442277578573
   vertex -0.0639628197889 0.0369289512232 0.442277578573
  endloop
 endfacet
 facet normal -0.238088183693 0.0808200479397 0.967875062514
  outer loop
   vertex -0.0891543748873 0.0369289512232 0.436408277214
   vertex -0.0932118422369 0.0249760378524 0.436408277214
   vertex -0.0713412554486 0.0191158317845 0.442277578573
  endloop
 endfacet
 facet normal -0.238088183693 0.0808200479397 0.967875062514
  outer loop
   vertex -0.0891543748873 0.0369289512232 0.436408277214
   vertex -0.0713412554486 0.0191158317845 0.442277578573
   vertex -0.0682358043845 0.0282641956155 0.442277578573
  endloop
 endfacet
 facet normal -0.246600439389 0.0490518771958 0.967875062514
  outer loop
   vertex -0.0932118422369 0.0249760378524 0.436408277214
   vertex -0.0956744291226 0.0125957775492 0.436408277214
   vertex -0.0732260378524 0.0096403907717 0.442277578573
  endloop
 endfacet
 facet normal -0.246600439389 0.0490518771958 0.967875062514
  outer loop
   vertex -0.0932118422369 0.0249760378524 0.436408277214
   vertex -0.0732260378524 0.0096403907717 0.442277578573
   vertex -0.0713412554486 0.0191158317845 0.442277578573
  endloop
 endfacet
 facet normal -0.250893293197 0.0164444152332 0.967875062514
  outer loop
   vertex -0.0956744291226 0.0125957775492 0.436408277214
   vertex -0.0965 1.18178416118e-17 0.436408277214
   vertex -0.0738579024465 9.04498438228e-18 0.442277578573
  endloop
 endfacet
 facet normal -0.250893293197 0.0164444152332 0.967875062514
  outer loop
   vertex -0.0956744291226 0.0125957775492 0.436408277214
   vertex -0.0738579024465 9.04498438228e-18 0.442277578573
   vertex -0.0732260378524 0.0096403907717 0.442277578573
  endloop
 endfacet
 facet normal -0.250893293197 -0.0164444152332 0.967875062514
  outer loop
   vertex -0.0965 1.18178416118e-17 0.436408277214
   vertex -0.0956744291226 -0.0125957775492 0.436408277214
   vertex -0.0732260378524 -0.0096403907717 0.442277578573
  endloop
 endfacet
 facet normal -0.250893293197 -0.0164444152332 0.967875062514
  outer loop
   vertex -0.0965 1.18178416118e-17 0.436408277214
   vertex -0.0732260378524 -0.0096403907717 0.442277578573
   vertex -0.0738579024465 9.04498438228e-18 0.442277578573
  endloop
 endfacet
 facet normal -0.246600439389 -0.0490518771958 0.967875062514
  outer loop
   vertex -0.0956744291226 -0.0125957775492 0.436408277214
   vertex -0.0932118422369 -0.0249760378524 0.436408277214
   vertex -0.0713412554486 -0.0191158317845 0.442277578573
  endloop
 endfacet
 facet normal -0.246600439389 -0.0490518771958 0.967875062514
  outer loop
   vertex -0.0956744291226 -0.0125957775492 0.436408277214
   vertex -0.0713412554486 -0.0191158317845 0.442277578573
   vertex -0.0732260378524 -0.0096403907717 0.442277578573
  endloop
 endfacet
 facet normal -0.238088183693 -0.0808200479397 0.967875062514
  outer loop
   vertex -0.0932118422369 -0.0249760378524 0.436408277214
   vertex -0.0891543748873 -0.0369289512232 0.436408277214
   vertex -0.0682358043845 -0.0282641956155 0.442277578573
  endloop
 endfacet
 facet normal -0.238088183693 -0.0808200479397 0.967875062514
  outer loop
   vertex -0.0932118422369 -0.0249760378524 0.436408277214
   vertex -0.0682358043845 -0.0282641956155 0.442277578573
   vertex -0.0713412554486 -0.0191158317845 0.442277578573
  endloop
 endfacet
 facet normal -0.225502173164 -0.111205365256 0.967875062514
  outer loop
   vertex -0.0891543748873 -0.0369289512232 0.436408277214
   vertex -0.0835714514652 -0.04825 0.436408277214
   vertex -0.0639628197889 -0.0369289512232 0.442277578573
  endloop
 endfacet
 facet normal -0.225502173164 -0.111205365256 0.967875062514
  outer loop
   vertex -0.0891543748873 -0.0369289512232 0.436408277214
   vertex -0.0639628197889 -0.0369289512232 0.442277578573
   vertex -0.0682358043845 -0.0282641956155 0.442277578573
  endloop
 endfacet
 facet normal -0.209057757931 -0.139687927941 0.967875062514
  outer loop
   vertex -0.0835714514652 -0.04825 0.436408277214
   vertex -0.0765585973381 -0.0587454778993 0.436408277214
   vertex -0.0585954136128 -0.0449618422369 0.442277578573
  endloop
 endfacet
 facet normal -0.209057757931 -0.139687927941 0.967875062514
  outer loop
   vertex -0.0835714514652 -0.04825 0.436408277214
   vertex -0.0585954136128 -0.0449618422369 0.442277578573
   vertex -0.0639628197889 -0.0369289512232 0.442277578573
  endloop
 endfacet
 facet normal -0.189036306498 -0.165780391449 0.967875062514
  outer loop
   vertex -0.0765585973381 -0.0587454778993 0.436408277214
   vertex -0.0682358043845 -0.0682358043845 0.436408277214
   vertex -0.0522254236641 -0.0522254236641 0.442277578573
  endloop
 endfacet
 facet normal -0.189036306498 -0.165780391449 0.967875062514
  outer loop
   vertex -0.0765585973381 -0.0587454778993 0.436408277214
   vertex -0.0522254236641 -0.0522254236641 0.442277578573
   vertex -0.0585954136128 -0.0449618422369 0.442277578573
  endloop
 endfacet
 facet normal -0.165780391449 -0.189036306498 0.967875062514
  outer loop
   vertex -0.0682358043845 -0.0682358043845 0.436408277214
   vertex -0.0587454778993 -0.0765585973381 0.436408277214
   vertex -0.0449618422369 -0.0585954136128 0.442277578573
  endloop
 endfacet
 facet normal -0.165780391449 -0.189036306498 0.967875062514
  outer loop
   vertex -0.0682358043845 -0.0682358043845 0.436408277214
   vertex -0.0449618422369 -0.0585954136128 0.442277578573
   vertex -0.0522254236641 -0.0522254236641 0.442277578573
  endloop
 endfacet
 facet normal -0.139687927941 -0.209057757931 0.967875062514
  outer loop
   vertex -0.0587454778993 -0.0765585973381 0.436408277214
   vertex -0.04825 -0.0835714514652 0.436408277214
   vertex -0.0369289512232 -0.0639628197889 0.442277578573
  endloop
 endfacet
 facet normal -0.139687927941 -0.209057757931 0.967875062514
  outer loop
   vertex -0.0587454778993 -0.0765585973381 0.436408277214
   vertex -0.0369289512232 -0.0639628197889 0.442277578573
   vertex -0.0449618422369 -0.0585954136128 0.442277578573
  endloop
 endfacet
 facet normal -0.111205365256 -0.225502173164 0.967875062514
  outer loop
   vertex -0.04825 -0.0835714514652 0.436408277214
   vertex -0.0369289512232 -0.0891543748873 0.436408277214
   vertex -0.0282641956155 -0.0682358043845 0.442277578573
  endloop
 endfacet
 facet normal -0.111205365256 -0.225502173164 0.967875062514
  outer loop
   vertex -0.04825 -0.0835714514652 0.436408277214
   vertex -0.0282641956155 -0.0682358043845 0.442277578573
   vertex -0.0369289512232 -0.0639628197889 0.442277578573
  endloop
 endfacet
 facet normal -0.0808200479397 -0.238088183693 0.967875062514
  outer loop
   vertex -0.0369289512232 -0.0891543748873 0.436408277214
   vertex -0.0249760378524 -0.0932118422369 0.436408277214
   vertex -0.0191158317845 -0.0713412554486 0.442277578573
  endloop
 endfacet
 facet normal -0.0808200479397 -0.238088183693 0.967875062514
  outer loop
   vertex -0.0369289512232 -0.0891543748873 0.436408277214
   vertex -0.0191158317845 -0.0713412554486 0.442277578573
   vertex -0.0282641956155 -0.0682358043845 0.442277578573
  endloop
 endfacet
 facet normal -0.0490518771958 -0.246600439389 0.967875062514
  outer loop
   vertex -0.0249760378524 -0.0932118422369 0.436408277214
   vertex -0.0125957775492 -0.0956744291226 0.436408277214
   vertex -0.0096403907717 -0.0732260378524 0.442277578573
  endloop
 endfacet
 facet normal -0.0490518771958 -0.246600439389 0.967875062514
  outer loop
   vertex -0.0249760378524 -0.0932118422369 0.436408277214
   vertex -0.0096403907717 -0.0732260378524 0.442277578573
   vertex -0.0191158317845 -0.0713412554486 0.442277578573
  endloop
 endfacet
 facet normal -0.0164444152332 -0.250893293197 0.967875062514
  outer loop
   vertex -0.0125957775492 -0.0956744291226 0.436408277214
   vertex -1.77267624177e-17 -0.0965 0.436408277214
   vertex -1.35674765734e-17 -0.0738579024465 0.442277578573
  endloop
 endfacet
 facet normal -0.0164444152332 -0.250893293197 0.967875062514
  outer loop
   vertex -0.0125957775492 -0.0956744291226 0.436408277214
   vertex -1.35674765734e-17 -0.0738579024465 0.442277578573
   vertex -0.0096403907717 -0.0732260378524 0.442277578573
  endloop
 endfacet
 facet normal 0.0164444152332 -0.250893293197 0.967875062514
  outer loop
   vertex -1.77267624177e-17 -0.0965 0.436408277214
   vertex 0.0125957775492 -0.0956744291226 0.436408277214
   vertex 0.0096403907717 -0.0732260378524 0.442277578573
  endloop
 endfacet
 facet normal 0.0164444152332 -0.250893293197 0.967875062514
  outer loop
   vertex -1.77267624177e-17 -0.0965 0.436408277214
   vertex 0.0096403907717 -0.0732260378524 0.442277578573
   vertex -1.35674765734e-17 -0.0738579024465 0.442277578573
  endloop
 endfacet
 facet normal 0.0490518771958 -0.246600439389 0.967875062514
  outer loop
   vertex 0.0125957775492 -0.0956744291226 0.436408277214
   vertex 0.0249760378524 -0.0932118422369 0.436408277214
   vertex 0.0191158317845 -0.0713412554486 0.442277578573
  endloop
 endfacet
 facet normal 0.0490518771958 -0.246600439389 0.967875062514
  outer loop
   vertex 0.0125957775492 -0.0956744291226 0.436408277214
   vertex 0.0191158317845 -0.0713412554486 0.442277578573
   vertex 0.0096403907717 -0.0732260378524 0.442277578573
  endloop
 endfacet
 facet normal 0.0808200479397 -0.238088183693 0.967875062514
  outer loop
   vertex 0.0249760378524 -0.0932118422369 0.436408277214
   vertex 0.0369289512232 -0.0891543748873 0.436408277214
   vertex 0.0282641956155 -0.0682358043845 0.442277578573
  endloop
 endfacet
 facet normal 0.0808200479397 -0.238088183693 0.967875062514
  outer loop
   vertex 0.0249760378524 -0.0932118422369 0.436408277214
   vertex 0.0282641956155 -0.0682358043845 0.442277578573
   vertex 0.0191158317845 -0.0713412554486 0.442277578573
  endloop
 endfacet
 facet normal 0.111205365256 -0.225502173164 0.967875062514
  outer loop
   vertex 0.0369289512232 -0.0891543748873 0.436408277214
   vertex 0.04825 -0.0835714514652 0.436408277214
   vertex 0.0369289512232 -0.0639628197889 0.442277578573
  endloop
 endfacet
 facet normal 0.111205365256 -0.225502173164 0.967875062514
  outer loop
   vertex 0.0369289512232 -0.0891543748873 0.436408277214
   vertex 0.0369289512232 -0.0639628197889 0.442277578573
   vertex 0.0282641956155 -0.0682358043845 0.442277578573
  endloop
 endfacet
 facet normal 0.139687927941 -0.209057757931 0.967875062514
  outer loop
   vertex 0.04825 -0.0835714514652 0.436408277214
   vertex 0.0587454778993 -0.0765585973381 0.436408277214
   vertex 0.0449618422369 -0.0585954136128 0.442277578573
  endloop
 endfacet
 facet normal 0.139687927941 -0.209057757931 0.967875062514
  outer loop
   vertex 0.04825 -0.0835714514652 0.436408277214
   vertex 0.0449618422369 -0.0585954136128 0.442277578573
   vertex 0.0369289512232 -0.0639628197889 0.442277578573
  endloop
 endfacet
 facet normal 0.165780391449 -0.189036306498 0.967875062514
  outer loop
   vertex 0.0587454778993 -0.0765585973381 0.436408277214
   vertex 0.0682358043845 -0.0682358043845 0.436408277214
   vertex 0.0522254236641 -0.0522254236641 0.442277578573
  endloop
 endfacet
 facet normal 0.165780391449 -0.189036306498 0.967875062514
  outer loop
   vertex 0.0587454778993 -0.0765585973381 0.436408277214
   vertex 0.0522254236641 -0.0522254236641 0.442277578573
   vertex 0.0449618422369 -0.0585954136128 0.442277578573
  endloop
 endfacet
 facet normal 0.189036306498 -0.165780391449 0.967875062514
  outer loop
   vertex 0.0682358043845 -0.0682358043845 0.436408277214
   vertex 0.0765585973381 -0.0587454778993 0.436408277214
   vertex 0.0585954136128 -0.0449618422369 0.442277578573
  endloop
 endfacet
 facet normal 0.189036306498 -0.165780391449 0.967875062514
  outer loop
   vertex 0.0682358043845 -0.0682358043845 0.436408277214
   vertex 0.0585954136128 -0.0449618422369 0.442277578573
   vertex 0.0522254236641 -0.0522254236641 0.442277578573
  endloop
 endfacet
 facet normal 0.209057757931 -0.139687927941 0.967875062514
  outer loop
   vertex 0.0765585973381 -0.0587454778993 0.436408277214
   vertex 0.0835714514652 -0.04825 0.436408277214
   vertex 0.0639628197889 -0.0369289512232 0.442277578573
  endloop
 endfacet
 facet normal 0.209057757931 -0.139687927941 0.967875062514
  outer loop
   vertex 0.0765585973381 -0.0587454778993 0.436408277214
   vertex 0.0639628197889 -0.0369289512232 0.442277578573
   vertex 0.0585954136128 -0.0449618422369 0.442277578573
  endloop
 endfacet
 facet normal 0.225502173164 -0.111205365256 0.967875062514
  outer loop
   vertex 0.0835714514652 -0.04825 0.436408277214
   vertex 0.0891543748873 -0.0369289512232 0.436408277214
   vertex 0.0682358043845 -0.0282641956155 0.442277578573
  endloop
 endfacet
 facet normal 0.225502173164 -0.111205365256 0.967875062514
  outer loop
   vertex 0.0835714514652 -0.04825 0.436408277214
   vertex 0.0682358043845 -0.0282641956155 0.442277578573
   vertex 0.0639628197889 -0.0369289512232 0.442277578573
  endloop
 endfacet
 facet normal 0.238088183693 -0.0808200479397 0.967875062514
  outer loop
   vertex 0.0891543748873 -0.0369289512232 0.436408277214
   vertex 0.0932118422369 -0.0249760378524 0.436408277214
   vertex 0.0713412554486 -0.0191158317845 0.442277578573
  endloop
 endfacet
 facet normal 0.238088183693 -0.0808200479397 0.967875062514
  outer loop
   vertex 0.0891543748873 -0.0369289512232 0.436408277214
   vertex 0.0713412554486 -0.0191158317845 0.442277578573
   vertex 0.0682358043845 -0.0282641956155 0.442277578573
  endloop
 endfacet
 facet normal 0.246600439389 -0.0490518771958 0.967875062514
  outer loop
   vertex 0.0932118422369 -0.0249760378524 0.436408277214
   vertex 0.0956744291226 -0.0125957775492 0.436408277214
   vertex 0.0732260378524 -0.0096403907717 0.442277578573
  endloop
 endfacet
 facet normal 0.246600439389 -0.0490518771958 0.967875062514
  outer loop
   vertex 0.0932118422369 -0.0249760378524 0.436408277214
   vertex 0.0732260378524 -0.0096403907717 0.442277578573
   vertex 0.0713412554486 -0.0191158317845 0.442277578573
  endloop
 endfacet
 facet normal 0.250893293197 -0.0164444152332 0.967875062514
  outer loop
   vertex 0.0956744291226 -0.0125957775492 0.436408277214
   vertex 0.0965 0 0.436408277214
   vertex 0.0738579024465 0 0.442277578573
  endloop
 endfacet
 facet normal 0.250893293197 -0.0164444152332 0.967875062514
  outer loop
   vertex 0.0956744291226 -0.0125957775492 0.436408277214
   vertex 0.0738579024465 0 0.442277578573
   vertex 0.0732260378524 -0.0096403907717 0.442277578573
  endloop
 endfacet
 facet normal 0.175647254932 0.0115125293222 0.984385850926
  outer loop
   vertex 0.0738579024465 0 0.442277578573
   vertex 0.0732260378524 0.0096403907717 0.442277578573
   vertex 0.0495247287725 0.00652005423523 0.446543175077
  endloop
 endfacet
 facet normal 0.175647254932 0.0115125293222 0.984385850926
  outer loop
   vertex 0.0738579024465 0 0.442277578573
   vertex 0.0495247287725 0.00652005423523 0.446543175077
   vertex 0.0499520757048 0 0.446543175077
  endloop
 endfacet
 facet normal 0.172641881702 0.0343406053981 0.984385850926
  outer loop
   vertex 0.0732260378524 0.0096403907717 0.442277578573
   vertex 0.0713412554486 0.0191158317845 0.442277578573
   vertex 0.04825 0.0129285485348 0.446543175077
  endloop
 endfacet
 facet normal 0.172641881702 0.0343406053981 0.984385850926
  outer loop
   vertex 0.0732260378524 0.0096403907717 0.442277578573
   vertex 0.04825 0.0129285485348 0.446543175077
   vertex 0.0495247287725 0.00652005423523 0.446543175077
  endloop
 endfacet
 facet normal 0.16668255801 0.0565811041947 0.984385850926
  outer loop
   vertex 0.0713412554486 0.0191158317845 0.442277578573
   vertex 0.0682358043845 0.0282641956155 0.442277578573
   vertex 0.0461497003501 0.0191158317845 0.446543175077
  endloop
 endfacet
 facet normal 0.16668255801 0.0565811041947 0.984385850926
  outer loop
   vertex 0.0713412554486 0.0191158317845 0.442277578573
   vertex 0.0461497003501 0.0191158317845 0.446543175077
   vertex 0.04825 0.0129285485348 0.446543175077
  endloop
 endfacet
 facet normal 0.157871249537 0.0778534846112 0.984385850926
  outer loop
   vertex 0.0682358043845 0.0282641956155 0.442277578573
   vertex 0.0639628197889 0.0369289512232 0.442277578573
   vertex 0.0432597665321 0.0249760378524 0.446543175077
  endloop
 endfacet
 facet normal 0.157871249537 0.0778534846112 0.984385850926
  outer loop
   vertex 0.0682358043845 0.0282641956155 0.442277578573
   vertex 0.0432597665321 0.0249760378524 0.446543175077
   vertex 0.0461497003501 0.0191158317845 0.446543175077
  endloop
 endfacet
 facet normal 0.146358720215 0.0977937703209 0.984385850926
  outer loop
   vertex 0.0639628197889 0.0369289512232 0.442277578573
   vertex 0.0585954136128 0.0449618422369 0.442277578573
   vertex 0.0396296461149 0.030408896988 0.446543175077
  endloop
 endfacet
 facet normal 0.146358720215 0.0977937703209 0.984385850926
  outer loop
   vertex 0.0639628197889 0.0369289512232 0.442277578573
   vertex 0.0396296461149 0.030408896988 0.446543175077
   vertex 0.0432597665321 0.0249760378524 0.446543175077
  endloop
 endfacet
 facet normal 0.132341952612 0.116060777507 0.984385850926
  outer loop
   vertex 0.0585954136128 0.0449618422369 0.442277578573
   vertex 0.0522254236641 0.0522254236641 0.442277578573
   vertex 0.0353214514652 0.0353214514652 0.446543175077
  endloop
 endfacet
 facet normal 0.132341952612 0.116060777507 0.984385850926
  outer loop
   vertex 0.0585954136128 0.0449618422369 0.442277578573
   vertex 0.0353214514652 0.0353214514652 0.446543175077
   vertex 0.0396296461149 0.030408896988 0.446543175077
  endloop
 endfacet
 facet normal 0.116060777507 0.132341952612 0.984385850926
  outer loop
   vertex 0.0522254236641 0.0522254236641 0.442277578573
   vertex 0.0449618422369 0.0585954136128 0.442277578573
   vertex 0.030408896988 0.0396296461149 0.446543175077
  endloop
 endfacet
 facet normal 0.116060777507 0.132341952612 0.984385850926
  outer loop
   vertex 0.0522254236641 0.0522254236641 0.442277578573
   vertex 0.030408896988 0.0396296461149 0.446543175077
   vertex 0.0353214514652 0.0353214514652 0.446543175077
  endloop
 endfacet
 facet normal 0.0977937703209 0.146358720215 0.984385850926
  outer loop
   vertex 0.0449618422369 0.0585954136128 0.442277578573
   vertex 0.0369289512232 0.0639628197889 0.442277578573
   vertex 0.0249760378524 0.0432597665321 0.446543175077
  endloop
 endfacet
 facet normal 0.0977937703209 0.146358720215 0.984385850926
  outer loop
   vertex 0.0449618422369 0.0585954136128 0.442277578573
   vertex 0.0249760378524 0.0432597665321 0.446543175077
   vertex 0.030408896988 0.0396296461149 0.446543175077
  endloop
 endfacet
 facet normal 0.0778534846112 0.157871249537 0.984385850926
  outer loop
   vertex 0.0369289512232 0.0639628197889 0.442277578573
   vertex 0.0282641956155 0.0682358043845 0.442277578573
   vertex 0.0191158317845 0.0461497003501 0.446543175077
  endloop
 endfacet
 facet normal 0.0778534846112 0.157871249537 0.984385850926
  outer loop
   vertex 0.0369289512232 0.0639628197889 0.442277578573
   vertex 0.0191158317845 0.0461497003501 0.446543175077
   vertex 0.0249760378524 0.0432597665321 0.446543175077
  endloop
 endfacet
 facet normal 0.0565811041947 0.16668255801 0.984385850926
  outer loop
   vertex 0.0282641956155 0.0682358043845 0.442277578573
   vertex 0.0191158317845 0.0713412554486 0.442277578573
   vertex 0.0129285485348 0.04825 0.446543175077
  endloop
 endfacet
 facet normal 0.0565811041947 0.16668255801 0.984385850926
  outer loop
   vertex 0.0282641956155 0.0682358043845 0.442277578573
   vertex 0.0129285485348 0.04825 0.446543175077
   vertex 0.0191158317845 0.0461497003501 0.446543175077
  endloop
 endfacet
 facet normal 0.0343406053981 0.172641881702 0.984385850926
  outer loop
   vertex 0.0191158317845 0.0713412554486 0.442277578573
   vertex 0.0096403907717 0.0732260378524 0.442277578573
   vertex 0.00652005423523 0.0495247287725 0.446543175077
  endloop
 endfacet
 facet normal 0.0343406053981 0.172641881702 0.984385850926
  outer loop
   vertex 0.0191158317845 0.0713412554486 0.442277578573
   vertex 0.00652005423523 0.0495247287725 0.446543175077
   vertex 0.0129285485348 0.04825 0.446543175077
  endloop
 endfacet
 facet normal 0.0115125293222 0.175647254932 0.984385850926
  outer loop
   vertex 0.0096403907717 0.0732260378524 0.442277578573
   vertex 4.52249219114e-18 0.0738579024465 0.442277578573
   vertex 3.05868248113e-18 0.0499520757048 0.446543175077
  endloop
 endfacet
 facet normal 0.0115125293222 0.175647254932 0.984385850926
  outer loop
   vertex 0.0096403907717 0.0732260378524 0.442277578573
   vertex 3.05868248113e-18 0.0499520757048 0.446543175077
   vertex 0.00652005423523 0.0495247287725 0.446543175077
  endloop
 endfacet
 facet normal -0.0115125293222 0.175647254932 0.984385850926
  outer loop
   vertex 4.52249219114e-18 0.0738579024465 0.442277578573
   vertex -0.0096403907717 0.0732260378524 0.442277578573
   vertex -0.00652005423523 0.0495247287725 0.446543175077
  endloop
 endfacet
 facet normal -0.0115125293222 0.175647254932 0.984385850926
  outer loop
   vertex 4.52249219114e-18 0.0738579024465 0.442277578573
   vertex -0.00652005423523 0.0495247287725 0.446543175077
   vertex 3.05868248113e-18 0.0499520757048 0.446543175077
  endloop
 endfacet
 facet normal -0.0343406053981 0.172641881702 0.984385850926
  outer loop
   vertex -0.0096403907717 0.0732260378524 0.442277578573
   vertex -0.0191158317845 0.0713412554486 0.442277578573
   vertex -0.0129285485348 0.04825 0.446543175077
  endloop
 endfacet
 facet normal -0.0343406053981 0.172641881702 0.984385850926
  outer loop
   vertex -0.0096403907717 0.0732260378524 0.442277578573
   vertex -0.0129285485348 0.04825 0.446543175077
   vertex -0.00652005423523 0.0495247287725 0.446543175077
  endloop
 endfacet
 facet normal -0.0565811041947 0.16668255801 0.984385850926
  outer loop
   vertex -0.0191158317845 0.0713412554486 0.442277578573
   vertex -0.0282641956155 0.0682358043845 0.442277578573
   vertex -0.0191158317845 0.0461497003501 0.446543175077
  endloop
 endfacet
 facet normal -0.0565811041947 0.16668255801 0.984385850926
  outer loop
   vertex -0.0191158317845 0.0713412554486 0.442277578573
   vertex -0.0191158317845 0.0461497003501 0.446543175077
   vertex -0.0129285485348 0.04825 0.446543175077
  endloop
 endfacet
 facet normal -0.0778534846112 0.157871249537 0.984385850926
  outer loop
   vertex -0.0282641956155 0.0682358043845 0.442277578573
   vertex -0.0369289512232 0.0639628197889 0.442277578573
   vertex -0.0249760378524 0.0432597665321 0.446543175077
  endloop
 endfacet
 facet normal -0.0778534846112 0.157871249537 0.984385850926
  outer loop
   vertex -0.0282641956155 0.0682358043845 0.442277578573
   vertex -0.0249760378524 0.0432597665321 0.446543175077
   vertex -0.0191158317845 0.0461497003501 0.446543175077
  endloop
 endfacet
 facet normal -0.0977937703209 0.146358720215 0.984385850926
  outer loop
   vertex -0.0369289512232 0.0639628197889 0.442277578573
   vertex -0.0449618422369 0.0585954136128 0.442277578573
   vertex -0.030408896988 0.0396296461149 0.446543175077
  endloop
 endfacet
 facet normal -0.0977937703209 0.146358720215 0.984385850926
  outer loop
   vertex -0.0369289512232 0.0639628197889 0.442277578573
   vertex -0.030408896988 0.0396296461149 0.446543175077
   vertex -0.0249760378524 0.0432597665321 0.446543175077
  endloop
 endfacet
 facet normal -0.116060777507 0.132341952612 0.984385850926
  outer loop
   vertex -0.0449618422369 0.0585954136128 0.442277578573
   vertex -0.0522254236641 0.0522254236641 0.442277578573
   vertex -0.0353214514652 0.0353214514652 0.446543175077
  endloop
 endfacet
 facet normal -0.116060777507 0.132341952612 0.984385850926
  outer loop
   vertex -0.0449618422369 0.0585954136128 0.442277578573
   vertex -0.0353214514652 0.0353214514652 0.446543175077
   vertex -0.030408896988 0.0396296461149 0.446543175077
  endloop
 endfacet
 facet normal -0.132341952612 0.116060777507 0.984385850926
  outer loop
   vertex -0.0522254236641 0.0522254236641 0.442277578573
   vertex -0.0585954136128 0.0449618422369 0.442277578573
   vertex -0.0396296461149 0.030408896988 0.446543175077
  endloop
 endfacet
 facet normal -0.132341952612 0.116060777507 0.984385850926
  outer loop
   vertex -0.0522254236641 0.0522254236641 0.442277578573
   vertex -0.0396296461149 0.030408896988 0.446543175077
   vertex -0.0353214514652 0.0353214514652 0.446543175077
  endloop
 endfacet
 facet normal -0.146358720215 0.0977937703209 0.984385850926
  outer loop
   vertex -0.0585954136128 0.0449618422369 0.442277578573
   vertex -0.0639628197889 0.0369289512232 0.442277578573
   vertex -0.0432597665321 0.0249760378524 0.446543175077
  endloop
 endfacet
 facet normal -0.146358720215 0.0977937703209 0.984385850926
  outer loop
   vertex -0.0585954136128 0.0449618422369 0.442277578573
   vertex -0.0432597665321 0.0249760378524 0.446543175077
   vertex -0.0396296461149 0.030408896988 0.446543175077
  endloop
 endfacet
 facet normal -0.157871249537 0.0778534846112 0.984385850926
  outer loop
   vertex -0.0639628197889 0.0369289512232 0.442277578573
   vertex -0.0682358043845 0.0282641956155 0.442277578573
   vertex -0.0461497003501 0.0191158317845 0.446543175077
  endloop
 endfacet
 facet normal -0.157871249537 0.0778534846112 0.984385850926
  outer loop
   vertex -0.0639628197889 0.0369289512232 0.442277578573
   vertex -0.0461497003501 0.0191158317845 0.446543175077
   vertex -0.0432597665321 0.0249760378524 0.446543175077
  endloop
 endfacet
 facet normal -0.16668255801 0.0565811041947 0.984385850926
  outer loop
   vertex -0.0682358043845 0.0282641956155 0.442277578573
   vertex -0.0713412554486 0.0191158317845 0.442277578573
   vertex -0.04825 0.0129285485348 0.446543175077
  endloop
 endfacet
 facet normal -0.16668255801 0.0565811041947 0.984385850926
  outer loop
   vertex -0.0682358043845 0.0282641956155 0.442277578573
   vertex -0.04825 0.0129285485348 0.446543175077
   vertex -0.0461497003501 0.0191158317845 0.446543175077
  endloop
 endfacet
 facet normal -0.172641881702 0.0343406053981 0.984385850926
  outer loop
   vertex -0.0713412554486 0.0191158317845 0.442277578573
   vertex -0.0732260378524 0.0096403907717 0.442277578573
   vertex -0.0495247287725 0.00652005423523 0.446543175077
  endloop
 endfacet
 facet normal -0.172641881702 0.0343406053981 0.984385850926
  outer loop
   vertex -0.0713412554486 0.0191158317845 0.442277578573
   vertex -0.0495247287725 0.00652005423523 0.446543175077
   vertex -0.04825 0.0129285485348 0.446543175077
  endloop
 endfacet
 facet normal -0.175647254932 0.0115125293222 0.984385850926
  outer loop
   vertex -0.0732260378524 0.0096403907717 0.442277578573
   vertex -0.0738579024465 9.04498438228e-18 0.442277578573
   vertex -0.0499520757048 6.11736496226e-18 0.446543175077
  endloop
 endfacet
 facet normal -0.175647254932 0.0115125293222 0.984385850926
  outer loop
   vertex -0.0732260378524 0.0096403907717 0.442277578573
   vertex -0.0499520757048 6.11736496226e-18 0.446543175077
   vertex -0.0495247287725 0.00652005423523 0.446543175077
  endloop
 endfacet
 facet normal -0.175647254932 -0.0115125293222 0.984385850926
  outer loop
   vertex -0.0738579024465 9.04498438228e-18 0.442277578573
   vertex -0.0732260378524 -0.0096403907717 0.442277578573
   vertex -0.0495247287725 -0.00652005423523 0.446543175077
  endloop
 endfacet
 facet normal -0.175647254932 -0.0115125293222 0.984385850926
  outer loop
   vertex -0.0738579024465 9.04498438228e-18 0.442277578573
   vertex -0.0495247287725 -0.00652005423523 0.446543175077
   vertex -0.0499520757048 6.11736496226e-18 0.446543175077
  endloop
 endfacet
 facet normal -0.172641881702 -0.0343406053981 0.984385850926
  outer loop
   vertex -0.0732260378524 -0.0096403907717 0.442277578573
   vertex -0.0713412554486 -0.0191158317845 0.442277578573
   vertex -0.04825 -0.0129285485348 0.446543175077
  endloop
 endfacet
 facet normal -0.172641881702 -0.0343406053981 0.984385850926
  outer loop
   vertex -0.0732260378524 -0.0096403907717 0.442277578573
   vertex -0.04825 -0.0129285485348 0.446543175077
   vertex -0.0495247287725 -0.00652005423523 0.446543175077
  endloop
 endfacet
 facet normal -0.16668255801 -0.0565811041947 0.984385850926
  outer loop
   vertex -0.0713412554486 -0.0191158317845 0.442277578573
   vertex -0.0682358043845 -0.0282641956155 0.442277578573
   vertex -0.0461497003501 -0.0191158317845 0.446543175077
  endloop
 endfacet
 facet normal -0.16668255801 -0.0565811041947 0.984385850926
  outer loop
   vertex -0.0713412554486 -0.0191158317845 0.442277578573
   vertex -0.0461497003501 -0.0191158317845 0.446543175077
   vertex -0.04825 -0.0129285485348 0.446543175077
  endloop
 endfacet
 facet normal -0.157871249537 -0.0778534846112 0.984385850926
  outer loop
   vertex -0.0682358043845 -0.0282641956155 0.442277578573
   vertex -0.0639628197889 -0.0369289512232 0.442277578573
   vertex -0.0432597665321 -0.0249760378524 0.446543175077
  endloop
 endfacet
 facet normal -0.157871249537 -0.0778534846112 0.984385850926
  outer loop
   vertex -0.0682358043845 -0.0282641956155 0.442277578573
   vertex -0.0432597665321 -0.0249760378524 0.446543175077
   vertex -0.0461497003501 -0.0191158317845 0.446543175077
  endloop
 endfacet
 facet normal -0.146358720215 -0.0977937703209 0.984385850926
  outer loop
   vertex -0.0639628197889 -0.0369289512232 0.442277578573
   vertex -0.0585954136128 -0.0449618422369 0.442277578573
   vertex -0.0396296461149 -0.030408896988 0.446543175077
  endloop
 endfacet
 facet normal -0.146358720215 -0.0977937703209 0.984385850926
  outer loop
   vertex -0.0639628197889 -0.0369289512232 0.442277578573
   vertex -0.0396296461149 -0.030408896988 0.446543175077
   vertex -0.0432597665321 -0.0249760378524 0.446543175077
  endloop
 endfacet
 facet normal -0.132341952612 -0.116060777507 0.984385850926
  outer loop
   vertex -0.0585954136128 -0.0449618422369 0.442277578573
   vertex -0.0522254236641 -0.0522254236641 0.442277578573
   vertex -0.0353214514652 -0.0353214514652 0.446543175077
  endloop
 endfacet
 facet normal -0.132341952612 -0.116060777507 0.984385850926
  outer loop
   vertex -0.0585954136128 -0.0449618422369 0.442277578573
   vertex -0.0353214514652 -0.0353214514652 0.446543175077
   vertex -0.0396296461149 -0.030408896988 0.446543175077
  endloop
 endfacet
 facet normal -0.116060777507 -0.132341952612 0.984385850926
  outer loop
   vertex -0.0522254236641 -0.0522254236641 0.442277578573
   vertex -0.0449618422369 -0.0585954136128 0.442277578573
   vertex -0.030408896988 -0.0396296461149 0.446543175077
  endloop
 endfacet
 facet normal -0.116060777507 -0.132341952612 0.984385850926
  outer loop
   vertex -0.0522254236641 -0.0522254236641 0.442277578573
   vertex -0.030408896988 -0.0396296461149 0.446543175077
   vertex -0.0353214514652 -0.0353214514652 0.446543175077
  endloop
 endfacet
 facet normal -0.0977937703209 -0.146358720215 0.984385850926
  outer loop
   vertex -0.0449618422369 -0.0585954136128 0.442277578573
   vertex -0.0369289512232 -0.0639628197889 0.442277578573
   vertex -0.0249760378524 -0.0432597665321 0.446543175077
  endloop
 endfacet
 facet normal -0.0977937703209 -0.146358720215 0.984385850926
  outer loop
   vertex -0.0449618422369 -0.0585954136128 0.442277578573
   vertex -0.0249760378524 -0.0432597665321 0.446543175077
   vertex -0.030408896988 -0.0396296461149 0.446543175077
  endloop
 endfacet
 facet normal -0.0778534846112 -0.157871249537 0.984385850926
  outer loop
   vertex -0.0369289512232 -0.0639628197889 0.442277578573
   vertex -0.0282641956155 -0.0682358043845 0.442277578573
   vertex -0.0191158317845 -0.0461497003501 0.446543175077
  endloop
 endfacet
 facet normal -0.0778534846112 -0.157871249537 0.984385850926
  outer loop
   vertex -0.0369289512232 -0.0639628197889 0.442277578573
   vertex -0.0191158317845 -0.0461497003501 0.446543175077
   vertex -0.0249760378524 -0.0432597665321 0.446543175077
  endloop
 endfacet
 facet normal -0.0565811041947 -0.16668255801 0.984385850926
  outer loop
   vertex -0.0282641956155 -0.0682358043845 0.442277578573
   vertex -0.0191158317845 -0.0713412554486 0.442277578573
   vertex -0.0129285485348 -0.04825 0.446543175077
  endloop
 endfacet
 facet normal -0.0565811041947 -0.16668255801 0.984385850926
  outer loop
   vertex -0.0282641956155 -0.0682358043845 0.442277578573
   vertex -0.0129285485348 -0.04825 0.446543175077
   vertex -0.0191158317845 -0.0461497003501 0.446543175077
  endloop
 endfacet
 facet normal -0.0343406053981 -0.172641881702 0.984385850926
  outer loop
   vertex -0.0191158317845 -0.0713412554486 0.442277578573
   vertex -0.0096403907717 -0.0732260378524 0.442277578573
   vertex -0.00652005423523 -0.0495247287725 0.446543175077
  endloop
 endfacet
 facet normal -0.0343406053981 -0.172641881702 0.984385850926
  outer loop
   vertex -0.0191158317845 -0.0713412554486 0.442277578573
   vertex -0.00652005423523 -0.0495247287725 0.446543175077
   vertex -0.0129285485348 -0.04825 0.446543175077
  endloop
 endfacet
 facet normal -0.0115125293222 -0.175647254932 0.984385850926
  outer loop
   vertex -0.0096403907717 -0.0732260378524 0.442277578573
   vertex -1.35674765734e-17 -0.0738579024465 0.442277578573
   vertex -9.17604744339e-18 -0.0499520757048 0.446543175077
  endloop
 endfacet
 facet normal -0.0115125293222 -0.175647254932 0.984385850926
  outer loop
   vertex -0.0096403907717 -0.0732260378524 0.442277578573
   vertex -9.17604744339e-18 -0.0499520757048 0.446543175077
   vertex -0.00652005423523 -0.0495247287725 0.446543175077
  endloop
 endfacet
 facet normal 0.0115125293222 -0.175647254932 0.984385850926
  outer loop
   vertex -1.35674765734e-17 -0.0738579024465 0.442277578573
   vertex 0.0096403907717 -0.0732260378524 0.442277578573
   vertex 0.00652005423523 -0.0495247287725 0.446543175077
  endloop
 endfacet
 facet normal 0.0115125293222 -0.175647254932 0.984385850926
  outer loop
   vertex -1.35674765734e-17 -0.0738579024465 0.442277578573
   vertex 0.00652005423523 -0.0495247287725 0.446543175077
   vertex -9.17604744339e-18 -0.0499520757048 0.446543175077
  endloop
 endfacet
 facet normal 0.0343406053981 -0.172641881702 0.984385850926
  outer loop
   vertex 0.0096403907717 -0.0732260378524 0.442277578573
   vertex 0.0191158317845 -0.0713412554486 0.442277578573
   vertex 0.0129285485348 -0.04825 0.446543175077
  endloop
 endfacet
 facet normal 0.0343406053981 -0.172641881702 0.984385850926
  outer loop
   vertex 0.0096403907717 -0.0732260378524 0.442277578573
   vertex 0.0129285485348 -0.04825 0.446543175077
   vertex 0.00652005423523 -0.0495247287725 0.446543175077
  endloop
 endfacet
 facet normal 0.0565811041947 -0.16668255801 0.984385850926
  outer loop
   vertex 0.0191158317845 -0.0713412554486 0.442277578573
   vertex 0.0282641956155 -0.0682358043845 0.442277578573
   vertex 0.0191158317845 -0.0461497003501 0.446543175077
  endloop
 endfacet
 facet normal 0.0565811041947 -0.16668255801 0.984385850926
  outer loop
   vertex 0.0191158317845 -0.0713412554486 0.442277578573
   vertex 0.0191158317845 -0.0461497003501 0.446543175077
   vertex 0.0129285485348 -0.04825 0.446543175077
  endloop
 endfacet
 facet normal 0.0778534846112 -0.157871249537 0.984385850926
  outer loop
   vertex 0.0282641956155 -0.0682358043845 0.442277578573
   vertex 0.0369289512232 -0.0639628197889 0.442277578573
   vertex 0.0249760378524 -0.0432597665321 0.446543175077
  endloop
 endfacet
 facet normal 0.0778534846112 -0.157871249537 0.984385850926
  outer loop
   vertex 0.0282641956155 -0.0682358043845 0.442277578573
   vertex 0.0249760378524 -0.0432597665321 0.446543175077
   vertex 0.0191158317845 -0.0461497003501 0.446543175077
  endloop
 endfacet
 facet normal 0.0977937703209 -0.146358720215 0.984385850926
  outer loop
   vertex 0.0369289512232 -0.0639628197889 0.442277578573
   vertex 0.0449618422369 -0.0585954136128 0.442277578573
   vertex 0.030408896988 -0.0396296461149 0.446543175077
  endloop
 endfacet
 facet normal 0.0977937703209 -0.146358720215 0.984385850926
  outer loop
   vertex 0.0369289512232 -0.0639628197889 0.442277578573
   vertex 0.030408896988 -0.0396296461149 0.446543175077
   vertex 0.0249760378524 -0.0432597665321 0.446543175077
  endloop
 endfacet
 facet normal 0.116060777507 -0.132341952612 0.984385850926
  outer loop
   vertex 0.0449618422369 -0.0585954136128 0.442277578573
   vertex 0.0522254236641 -0.0522254236641 0.442277578573
   vertex 0.0353214514652 -0.0353214514652 0.446543175077
  endloop
 endfacet
 facet normal 0.116060777507 -0.132341952612 0.984385850926
  outer loop
   vertex 0.0449618422369 -0.0585954136128 0.442277578573
   vertex 0.0353214514652 -0.0353214514652 0.446543175077
   vertex 0.030408896988 -0.0396296461149 0.446543175077
  endloop
 endfacet
 facet normal 0.132341952612 -0.116060777507 0.984385850926
  outer loop
   vertex 0.0522254236641 -0.0522254236641 0.442277578573
   vertex 0.0585954136128 -0.0449618422369 0.442277578573
   vertex 0.0396296461149 -0.030408896988 0.446543175077
  endloop
 endfacet
 facet normal 0.132341952612 -0.116060777507 0.984385850926
  outer loop
   vertex 0.0522254236641 -0.0522254236641 0.442277578573
   vertex 0.0396296461149 -0.030408896988 0.446543175077
   vertex 0.0353214514652 -0.0353214514652 0.446543175077
  endloop
 endfacet
 facet normal 0.146358720215 -0.0977937703209 0.984385850926
  outer loop
   vertex 0.0585954136128 -0.0449618422369 0.442277578573
   vertex 0.0639628197889 -0.0369289512232 0.442277578573
   vertex 0.0432597665321 -0.0249760378524 0.446543175077
  endloop
 endfacet
 facet normal 0.146358720215 -0.0977937703209 0.984385850926
  outer loop
   vertex 0.0585954136128 -0.0449618422369 0.442277578573
   vertex 0.0432597665321 -0.0249760378524 0.446543175077
   vertex 0.0396296461149 -0.030408896988 0.446543175077
  endloop
 endfacet
 facet normal 0.157871249537 -0.0778534846112 0.984385850926
  outer loop
   vertex 0.0639628197889 -0.0369289512232 0.442277578573
   vertex 0.0682358043845 -0.0282641956155 0.442277578573
   vertex 0.0461497003501 -0.0191158317845 0.446543175077
  endloop
 endfacet
 facet normal 0.157871249537 -0.0778534846112 0.984385850926
  outer loop
   vertex 0.0639628197889 -0.0369289512232 0.442277578573
   vertex 0.0461497003501 -0.0191158317845 0.446543175077
   vertex 0.0432597665321 -0.0249760378524 0.446543175077
  endloop
 endfacet
 facet normal 0.16668255801 -0.0565811041947 0.984385850926
  outer loop
   vertex 0.0682358043845 -0.0282641956155 0.442277578573
   vertex 0.0713412554486 -0.0191158317845 0.442277578573
   vertex 0.04825 -0.0129285485348 0.446543175077
  endloop
 endfacet
 facet normal 0.16668255801 -0.0565811041947 0.984385850926
  outer loop
   vertex 0.0682358043845 -0.0282641956155 0.442277578573
   vertex 0.04825 -0.0129285485348 0.446543175077
   vertex 0.0461497003501 -0.0191158317845 0.446543175077
  endloop
 endfacet
 facet normal 0.172641881702 -0.0343406053981 0.984385850926
  outer loop
   vertex 0.0713412554486 -0.0191158317845 0.442277578573
   vertex 0.0732260378524 -0.0096403907717 0.442277578573
   vertex 0.0495247287725 -0.00652005423523 0.446543175077
  endloop
 endfacet
 facet normal 0.172641881702 -0.0343406053981 0.984385850926
  outer loop
   vertex 0.0713412554486 -0.0191158317845 0.442277578573
   vertex 0.0495247287725 -0.00652005423523 0.446543175077
   vertex 0.04825 -0.0129285485348 0.446543175077
  endloop
 endfacet
 facet normal 0.175647254932 -0.0115125293222 0.984385850926
  outer loop
   vertex 0.0732260378524 -0.0096403907717 0.442277578573
   vertex 0.0738579024465 0 0.442277578573
   vertex 0.0499520757048 0 0.446543175077
  endloop
 endfacet
 facet normal 0.175647254932 -0.0115125293222 0.984385850926
  outer loop
   vertex 0.0732260378524 -0.0096403907717 0.442277578573
   vertex 0.0499520757048 0 0.446543175077
   vertex 0.0495247287725 -0.00652005423523 0.446543175077
  endloop
 endfacet
 facet normal 0.10398851977 0.00681576767873 0.994555143301
  outer loop
   vertex 0.0499520757048 0 0.446543175077
   vertex 0.0495247287725 0.00652005423523 0.446543175077
   vertex 0.0249760378524 0.0032881577631 0.449132081186
  endloop
 endfacet
 facet normal 0.10398851977 0.00681576767873 0.994555143301
  outer loop
   vertex 0.0499520757048 0 0.446543175077
   vertex 0.0249760378524 0.0032881577631 0.449132081186
   vertex 0.0251915550985 0 0.449132081186
  endloop
 endfacet
 facet normal 0.102209247365 0.0203306833615 0.994555143301
  outer loop
   vertex 0.0495247287725 0.00652005423523 0.446543175077
   vertex 0.04825 0.0129285485348 0.446543175077
   vertex 0.024333173674 0.00652005423523 0.449132081186
  endloop
 endfacet
 facet normal 0.102209247365 0.0203306833615 0.994555143301
  outer loop
   vertex 0.0495247287725 0.00652005423523 0.446543175077
   vertex 0.024333173674 0.00652005423523 0.449132081186
   vertex 0.0249760378524 0.0032881577631 0.449132081186
  endloop
 endfacet
 facet normal 0.0986811464008 0.0334977354153 0.994555143301
  outer loop
   vertex 0.04825 0.0129285485348 0.446543175077
   vertex 0.0461497003501 0.0191158317845 0.446543175077
   vertex 0.0232739621476 0.0096403907717 0.449132081186
  endloop
 endfacet
 facet normal 0.0986811464008 0.0334977354153 0.994555143301
  outer loop
   vertex 0.04825 0.0129285485348 0.446543175077
   vertex 0.0232739621476 0.0096403907717 0.449132081186
   vertex 0.024333173674 0.00652005423523 0.449132081186
  endloop
 endfacet
 facet normal 0.0934645836618 0.0460916319287 0.994555143301
  outer loop
   vertex 0.0461497003501 0.0191158317845 0.446543175077
   vertex 0.0432597665321 0.0249760378524 0.446543175077
   vertex 0.0218165266761 0.0125957775492 0.449132081186
  endloop
 endfacet
 facet normal 0.0934645836618 0.0460916319287 0.994555143301
  outer loop
   vertex 0.0461497003501 0.0191158317845 0.446543175077
   vertex 0.0218165266761 0.0125957775492 0.449132081186
   vertex 0.0232739621476 0.0096403907717 0.449132081186
  endloop
 endfacet
 facet normal 0.086648815983 0.0578968878409 0.994555143301
  outer loop
   vertex 0.0432597665321 0.0249760378524 0.446543175077
   vertex 0.0396296461149 0.030408896988 0.446543175077
   vertex 0.0199858043845 0.0153356470807 0.449132081186
  endloop
 endfacet
 facet normal 0.086648815983 0.0578968878409 0.994555143301
  outer loop
   vertex 0.0432597665321 0.0249760378524 0.446543175077
   vertex 0.0199858043845 0.0153356470807 0.449132081186
   vertex 0.0218165266761 0.0125957775492 0.449132081186
  endloop
 endfacet
 facet normal 0.0783504630393 0.06871151195 0.994555143301
  outer loop
   vertex 0.0396296461149 0.030408896988 0.446543175077
   vertex 0.0353214514652 0.0353214514652 0.446543175077
   vertex 0.0178131194388 0.0178131194388 0.449132081186
  endloop
 endfacet
 facet normal 0.0783504630393 0.06871151195 0.994555143301
  outer loop
   vertex 0.0396296461149 0.030408896988 0.446543175077
   vertex 0.0178131194388 0.0178131194388 0.449132081186
   vertex 0.0199858043845 0.0153356470807 0.449132081186
  endloop
 endfacet
 facet normal 0.06871151195 0.0783504630393 0.994555143301
  outer loop
   vertex 0.0353214514652 0.0353214514652 0.446543175077
   vertex 0.030408896988 0.0396296461149 0.446543175077
   vertex 0.0153356470807 0.0199858043845 0.449132081186
  endloop
 endfacet
 facet normal 0.06871151195 0.0783504630393 0.994555143301
  outer loop
   vertex 0.0353214514652 0.0353214514652 0.446543175077
   vertex 0.0153356470807 0.0199858043845 0.449132081186
   vertex 0.0178131194388 0.0178131194388 0.449132081186
  endloop
 endfacet
 facet normal 0.0578968878409 0.086648815983 0.994555143301
  outer loop
   vertex 0.030408896988 0.0396296461149 0.446543175077
   vertex 0.0249760378524 0.0432597665321 0.446543175077
   vertex 0.0125957775492 0.0218165266761 0.449132081186
  endloop
 endfacet
 facet normal 0.0578968878409 0.086648815983 0.994555143301
  outer loop
   vertex 0.030408896988 0.0396296461149 0.446543175077
   vertex 0.0125957775492 0.0218165266761 0.449132081186
   vertex 0.0153356470807 0.0199858043845 0.449132081186
  endloop
 endfacet
 facet normal 0.0460916319287 0.0934645836618 0.994555143301
  outer loop
   vertex 0.0249760378524 0.0432597665321 0.446543175077
   vertex 0.0191158317845 0.0461497003501 0.446543175077
   vertex 0.0096403907717 0.0232739621476 0.449132081186
  endloop
 endfacet
 facet normal 0.0460916319287 0.0934645836618 0.994555143301
  outer loop
   vertex 0.0249760378524 0.0432597665321 0.446543175077
   vertex 0.0096403907717 0.0232739621476 0.449132081186
   vertex 0.0125957775492 0.0218165266761 0.449132081186
  endloop
 endfacet
 facet normal 0.0334977354153 0.0986811464008 0.994555143301
  outer loop
   vertex 0.0191158317845 0.0461497003501 0.446543175077
   vertex 0.0129285485348 0.04825 0.446543175077
   vertex 0.00652005423523 0.024333173674 0.449132081186
  endloop
 endfacet
 facet normal 0.0334977354153 0.0986811464008 0.994555143301
  outer loop
   vertex 0.0191158317845 0.0461497003501 0.446543175077
   vertex 0.00652005423523 0.024333173674 0.449132081186
   vertex 0.0096403907717 0.0232739621476 0.449132081186
  endloop
 endfacet
 facet normal 0.0203306833615 0.102209247365 0.994555143301
  outer loop
   vertex 0.0129285485348 0.04825 0.446543175077
   vertex 0.00652005423523 0.0495247287725 0.446543175077
   vertex 0.0032881577631 0.0249760378524 0.449132081186
  endloop
 endfacet
 facet normal 0.0203306833615 0.102209247365 0.994555143301
  outer loop
   vertex 0.0129285485348 0.04825 0.446543175077
   vertex 0.0032881577631 0.0249760378524 0.449132081186
   vertex 0.00652005423523 0.024333173674 0.449132081186
  endloop
 endfacet
 facet normal 0.00681576767873 0.10398851977 0.994555143301
  outer loop
   vertex 0.00652005423523 0.0495247287725 0.446543175077
   vertex 3.05868248113e-18 0.0499520757048 0.446543175077
   vertex 1.54253786584e-18 0.0251915550985 0.449132081186
  endloop
 endfacet
 facet normal 0.00681576767873 0.10398851977 0.994555143301
  outer loop
   vertex 0.00652005423523 0.0495247287725 0.446543175077
   vertex 1.54253786584e-18 0.0251915550985 0.449132081186
   vertex 0.0032881577631 0.0249760378524 0.449132081186
  endloop
 endfacet
 facet normal -0.00681576767873 0.10398851977 0.994555143301
  outer loop
   vertex 3.05868248113e-18 0.0499520757048 0.446543175077
   vertex -0.00652005423523 0.0495247287725 0.446543175077
   vertex -0.0032881577631 0.0249760378524 0.449132081186
  endloop
 endfacet
 facet normal -0.00681576767873 0.10398851977 0.994555143301
  outer loop
   vertex 3.05868248113e-18 0.0499520757048 0.446543175077
   vertex -0.0032881577631 0.0249760378524 0.449132081186
   vertex 1.54253786584e-18 0.0251915550985 0.449132081186
  endloop
 endfacet
 facet normal -0.0203306833615 0.102209247365 0.994555143301
  outer loop
   vertex -0.00652005423523 0.0495247287725 0.446543175077
   vertex -0.0129285485348 0.04825 0.446543175077
   vertex -0.00652005423523 0.024333173674 0.449132081186
  endloop
 endfacet
 facet normal -0.0203306833615 0.102209247365 0.994555143301
  outer loop
   vertex -0.00652005423523 0.0495247287725 0.446543175077
   vertex -0.00652005423523 0.024333173674 0.449132081186
   vertex -0.0032881577631 0.0249760378524 0.449132081186
  endloop
 endfacet
 facet normal -0.0334977354153 0.0986811464008 0.994555143301
  outer loop
   vertex -0.0129285485348 0.04825 0.446543175077
   vertex -0.0191158317845 0.0461497003501 0.446543175077
   vertex -0.0096403907717 0.0232739621476 0.449132081186
  endloop
 endfacet
 facet normal -0.0334977354153 0.0986811464008 0.994555143301
  outer loop
   vertex -0.0129285485348 0.04825 0.446543175077
   vertex -0.0096403907717 0.0232739621476 0.449132081186
   vertex -0.00652005423523 0.024333173674 0.449132081186
  endloop
 endfacet
 facet normal -0.0460916319287 0.0934645836618 0.994555143301
  outer loop
   vertex -0.0191158317845 0.0461497003501 0.446543175077
   vertex -0.0249760378524 0.0432597665321 0.446543175077
   vertex -0.0125957775492 0.0218165266761 0.449132081186
  endloop
 endfacet
 facet normal -0.0460916319287 0.0934645836618 0.994555143301
  outer loop
   vertex -0.0191158317845 0.0461497003501 0.446543175077
   vertex -0.0125957775492 0.0218165266761 0.449132081186
   vertex -0.0096403907717 0.0232739621476 0.449132081186
  endloop
 endfacet
 facet normal -0.0578968878409 0.086648815983 0.994555143301
  outer loop
   vertex -0.0249760378524 0.0432597665321 0.446543175077
   vertex -0.030408896988 0.0396296461149 0.446543175077
   vertex -0.0153356470807 0.0199858043845 0.449132081186
  endloop
 endfacet
 facet normal -0.0578968878409 0.086648815983 0.994555143301
  outer loop
   vertex -0.0249760378524 0.0432597665321 0.446543175077
   vertex -0.0153356470807 0.0199858043845 0.449132081186
   vertex -0.0125957775492 0.0218165266761 0.449132081186
  endloop
 endfacet
 facet normal -0.06871151195 0.0783504630393 0.994555143301
  outer loop
   vertex -0.030408896988 0.0396296461149 0.446543175077
   vertex -0.0353214514652 0.0353214514652 0.446543175077
   vertex -0.0178131194388 0.0178131194388 0.449132081186
  endloop
 endfacet
 facet normal -0.06871151195 0.0783504630393 0.994555143301
  outer loop
   vertex -0.030408896988 0.0396296461149 0.446543175077
   vertex -0.0178131194388 0.0178131194388 0.449132081186
   vertex -0.0153356470807 0.0199858043845 0.449132081186
  endloop
 endfacet
 facet normal -0.0783504630393 0.06871151195 0.994555143301
  outer loop
   vertex -0.0353214514652 0.0353214514652 0.446543175077
   vertex -0.0396296461149 0.030408896988 0.446543175077
   vertex -0.0199858043845 0.0153356470807 0.449132081186
  endloop
 endfacet
 facet normal -0.0783504630393 0.06871151195 0.994555143301
  outer loop
   vertex -0.0353214514652 0.0353214514652 0.446543175077
   vertex -0.0199858043845 0.0153356470807 0.449132081186
   vertex -0.0178131194388 0.0178131194388 0.449132081186
  endloop
 endfacet
 facet normal -0.086648815983 0.0578968878409 0.994555143301
  outer loop
   vertex -0.0396296461149 0.030408896988 0.446543175077
   vertex -0.0432597665321 0.0249760378524 0.446543175077
   vertex -0.0218165266761 0.0125957775492 0.449132081186
  endloop
 endfacet
 facet normal -0.086648815983 0.0578968878409 0.994555143301
  outer loop
   vertex -0.0396296461149 0.030408896988 0.446543175077
   vertex -0.0218165266761 0.0125957775492 0.449132081186
   vertex -0.0199858043845 0.0153356470807 0.449132081186
  endloop
 endfacet
 facet normal -0.0934645836618 0.0460916319287 0.994555143301
  outer loop
   vertex -0.0432597665321 0.0249760378524 0.446543175077
   vertex -0.0461497003501 0.0191158317845 0.446543175077
   vertex -0.0232739621476 0.0096403907717 0.449132081186
  endloop
 endfacet
 facet normal -0.0934645836618 0.0460916319287 0.994555143301
  outer loop
   vertex -0.0432597665321 0.0249760378524 0.446543175077
   vertex -0.0232739621476 0.0096403907717 0.449132081186
   vertex -0.0218165266761 0.0125957775492 0.449132081186
  endloop
 endfacet
 facet normal -0.0986811464008 0.0334977354153 0.994555143301
  outer loop
   vertex -0.0461497003501 0.0191158317845 0.446543175077
   vertex -0.04825 0.0129285485348 0.446543175077
   vertex -0.024333173674 0.00652005423523 0.449132081186
  endloop
 endfacet
 facet normal -0.0986811464008 0.0334977354153 0.994555143301
  outer loop
   vertex -0.0461497003501 0.0191158317845 0.446543175077
   vertex -0.024333173674 0.00652005423523 0.449132081186
   vertex -0.0232739621476 0.0096403907717 0.449132081186
  endloop
 endfacet
 facet normal -0.102209247365 0.0203306833615 0.994555143301
  outer loop
   vertex -0.04825 0.0129285485348 0.446543175077
   vertex -0.0495247287725 0.00652005423523 0.446543175077
   vertex -0.0249760378524 0.0032881577631 0.449132081186
  endloop
 endfacet
 facet normal -0.102209247365 0.0203306833615 0.994555143301
  outer loop
   vertex -0.04825 0.0129285485348 0.446543175077
   vertex -0.0249760378524 0.0032881577631 0.449132081186
   vertex -0.024333173674 0.00652005423523 0.449132081186
  endloop
 endfacet
 facet normal -0.10398851977 0.00681576767873 0.994555143301
  outer loop
   vertex -0.0495247287725 0.00652005423523 0.446543175077
   vertex -0.0499520757048 6.11736496226e-18 0.446543175077
   vertex -0.0251915550985 3.08507573169e-18 0.449132081186
  endloop
 endfacet
 facet normal -0.10398851977 0.00681576767873 0.994555143301
  outer loop
   vertex -0.0495247287725 0.00652005423523 0.446543175077
   vertex -0.0251915550985 3.08507573169e-18 0.449132081186
   vertex -0.0249760378524 0.0032881577631 0.449132081186
  endloop
 endfacet
 facet normal -0.10398851977 -0.00681576767873 0.994555143301
  outer loop
   vertex -0.0499520757048 6.11736496226e-18 0.446543175077
   vertex -0.0495247287725 -0.00652005423523 0.446543175077
   vertex -0.0249760378524 -0.0032881577631 0.449132081186
  endloop
 endfacet
 facet normal -0.10398851977 -0.00681576767873 0.994555143301
  outer loop
   vertex -0.0499520757048 6.11736496226e-18 0.446543175077
   vertex -0.0249760378524 -0.0032881577631 0.449132081186
   vertex -0.0251915550985 3.08507573169e-18 0.449132081186
  endloop
 endfacet
 facet normal -0.102209247365 -0.0203306833615 0.994555143301
  outer loop
   vertex -0.0495247287725 -0.00652005423523 0.446543175077
   vertex -0.04825 -0.0129285485348 0.446543175077
   vertex -0.024333173674 -0.00652005423523 0.449132081186
  endloop
 endfacet
 facet normal -0.102209247365 -0.0203306833615 0.994555143301
  outer loop
   vertex -0.0495247287725 -0.00652005423523 0.446543175077
   vertex -0.024333173674 -0.00652005423523 0.449132081186
   vertex -0.0249760378524 -0.0032881577631 0.449132081186
  endloop
 endfacet
 facet normal -0.0986811464008 -0.0334977354153 0.994555143301
  outer loop
   vertex -0.04825 -0.0129285485348 0.446543175077
   vertex -0.0461497003501 -0.0191158317845 0.446543175077
   vertex -0.0232739621476 -0.0096403907717 0.449132081186
  endloop
 endfacet
 facet normal -0.0986811464008 -0.0334977354153 0.994555143301
  outer loop
   vertex -0.04825 -0.0129285485348 0.446543175077
   vertex -0.0232739621476 -0.0096403907717 0.449132081186
   vertex -0.024333173674 -0.00652005423523 0.449132081186
  endloop
 endfacet
 facet normal -0.0934645836618 -0.0460916319287 0.994555143301
  outer loop
   vertex -0.0461497003501 -0.0191158317845 0.446543175077
   vertex -0.0432597665321 -0.0249760378524 0.446543175077
   vertex -0.0218165266761 -0.0125957775492 0.449132081186
  endloop
 endfacet
 facet normal -0.0934645836618 -0.0460916319287 0.994555143301
  outer loop
   vertex -0.0461497003501 -0.0191158317845 0.446543175077
   vertex -0.0218165266761 -0.0125957775492 0.449132081186
   vertex -0.0232739621476 -0.0096403907717 0.449132081186
  endloop
 endfacet
 facet normal -0.086648815983 -0.0578968878409 0.994555143301
  outer loop
   vertex -0.0432597665321 -0.0249760378524 0.446543175077
   vertex -0.0396296461149 -0.030408896988 0.446543175077
   vertex -0.0199858043845 -0.0153356470807 0.449132081186
  endloop
 endfacet
 facet normal -0.086648815983 -0.0578968878409 0.994555143301
  outer loop
   vertex -0.0432597665321 -0.0249760378524 0.446543175077
   vertex -0.0199858043845 -0.0153356470807 0.449132081186
   vertex -0.0218165266761 -0.0125957775492 0.449132081186
  endloop
 endfacet
 facet normal -0.0783504630393 -0.06871151195 0.994555143301
  outer loop
   vertex -0.0396296461149 -0.030408896988 0.446543175077
   vertex -0.0353214514652 -0.0353214514652 0.446543175077
   vertex -0.0178131194388 -0.0178131194388 0.449132081186
  endloop
 endfacet
 facet normal -0.0783504630393 -0.06871151195 0.994555143301
  outer loop
   vertex -0.0396296461149 -0.030408896988 0.446543175077
   vertex -0.0178131194388 -0.0178131194388 0.449132081186
   vertex -0.0199858043845 -0.0153356470807 0.449132081186
  endloop
 endfacet
 facet normal -0.06871151195 -0.0783504630393 0.994555143301
  outer loop
   vertex -0.0353214514652 -0.0353214514652 0.446543175077
   vertex -0.030408896988 -0.0396296461149 0.446543175077
   vertex -0.0153356470807 -0.0199858043845 0.449132081186
  endloop
 endfacet
 facet normal -0.06871151195 -0.0783504630393 0.994555143301
  outer loop
   vertex -0.0353214514652 -0.0353214514652 0.446543175077
   vertex -0.0153356470807 -0.0199858043845 0.449132081186
   vertex -0.0178131194388 -0.0178131194388 0.449132081186
  endloop
 endfacet
 facet normal -0.0578968878409 -0.086648815983 0.994555143301
  outer loop
   vertex -0.030408896988 -0.0396296461149 0.446543175077
   vertex -0.0249760378524 -0.0432597665321 0.446543175077
   vertex -0.0125957775492 -0.0218165266761 0.449132081186
  endloop
 endfacet
 facet normal -0.0578968878409 -0.086648815983 0.994555143301
  outer loop
   vertex -0.030408896988 -0.0396296461149 0.446543175077
   vertex -0.0125957775492 -0.0218165266761 0.449132081186
   vertex -0.0153356470807 -0.0199858043845 0.449132081186
  endloop
 endfacet
 facet normal -0.0460916319287 -0.0934645836618 0.994555143301
  outer loop
   vertex -0.0249760378524 -0.0432597665321 0.446543175077
   vertex -0.0191158317845 -0.0461497003501 0.446543175077
   vertex -0.0096403907717 -0.0232739621476 0.449132081186
  endloop
 endfacet
 facet normal -0.0460916319287 -0.0934645836618 0.994555143301
  outer loop
   vertex -0.0249760378524 -0.0432597665321 0.446543175077
   vertex -0.0096403907717 -0.0232739621476 0.449132081186
   vertex -0.0125957775492 -0.0218165266761 0.449132081186
  endloop
 endfacet
 facet normal -0.0334977354153 -0.0986811464008 0.994555143301
  outer loop
   vertex -0.0191158317845 -0.0461497003501 0.446543175077
   vertex -0.0129285485348 -0.04825 0.446543175077
   vertex -0.00652005423523 -0.024333173674 0.449132081186
  endloop
 endfacet
 facet normal -0.0334977354153 -0.0986811464008 0.994555143301
  outer loop
   vertex -0.0191158317845 -0.0461497003501 0.446543175077
   vertex -0.00652005423523 -0.024333173674 0.449132081186
   vertex -0.0096403907717 -0.0232739621476 0.449132081186
  endloop
 endfacet
 facet normal -0.0203306833615 -0.102209247365 0.994555143301
  outer loop
   vertex -0.0129285485348 -0.04825 0.446543175077
   vertex -0.00652005423523 -0.0495247287725 0.446543175077
   vertex -0.0032881577631 -0.0249760378524 0.449132081186
  endloop
 endfacet
 facet normal -0.0203306833615 -0.102209247365 0.994555143301
  outer loop
   vertex -0.0129285485348 -0.04825 0.446543175077
   vertex -0.0032881577631 -0.0249760378524 0.449132081186
   vertex -0.00652005423523 -0.024333173674 0.449132081186
  endloop
 endfacet
 facet normal -0.00681576767873 -0.10398851977 0.994555143301
  outer loop
   vertex -0.00652005423523 -0.0495247287725 0.446543175077
   vertex -9.17604744339e-18 -0.0499520757048 0.446543175077
   vertex -4.62761359753e-18 -0.0251915550985 0.449132081186
  endloop
 endfacet
 facet normal -0.00681576767873 -0.10398851977 0.994555143301
  outer loop
   vertex -0.00652005423523 -0.0495247287725 0.446543175077
   vertex -4.62761359753e-18 -0.0251915550985 0.449132081186
   vertex -0.0032881577631 -0.0249760378524 0.449132081186
  endloop
 endfacet
 facet normal 0.00681576767873 -0.10398851977 0.994555143301
  outer loop
   vertex -9.17604744339e-18 -0.0499520757048 0.446543175077
   vertex 0.00652005423523 -0.0495247287725 0.446543175077
   vertex 0.0032881577631 -0.0249760378524 0.449132081186
  endloop
 endfacet
 facet normal 0.00681576767873 -0.10398851977 0.994555143301
  outer loop
   vertex -9.17604744339e-18 -0.0499520757048 0.446543175077
   vertex 0.0032881577631 -0.0249760378524 0.449132081186
   vertex -4.62761359753e-18 -0.0251915550985 0.449132081186
  endloop
 endfacet
 facet normal 0.0203306833615 -0.102209247365 0.994555143301
  outer loop
   vertex 0.00652005423523 -0.0495247287725 0.446543175077
   vertex 0.0129285485348 -0.04825 0.446543175077
   vertex 0.00652005423523 -0.024333173674 0.449132081186
  endloop
 endfacet
 facet normal 0.0203306833615 -0.102209247365 0.994555143301
  outer loop
   vertex 0.00652005423523 -0.0495247287725 0.446543175077
   vertex 0.00652005423523 -0.024333173674 0.449132081186
   vertex 0.0032881577631 -0.0249760378524 0.449132081186
  endloop
 endfacet
 facet normal 0.0334977354153 -0.0986811464008 0.994555143301
  outer loop
   vertex 0.0129285485348 -0.04825 0.446543175077
   vertex 0.0191158317845 -0.0461497003501 0.446543175077
   vertex 0.0096403907717 -0.0232739621476 0.449132081186
  endloop
 endfacet
 facet normal 0.0334977354153 -0.0986811464008 0.994555143301
  outer loop
   vertex 0.0129285485348 -0.04825 0.446543175077
   vertex 0.0096403907717 -0.0232739621476 0.449132081186
   vertex 0.00652005423523 -0.024333173674 0.449132081186
  endloop
 endfacet
 facet normal 0.0460916319287 -0.0934645836618 0.994555143301
  outer loop
   vertex 0.0191158317845 -0.0461497003501 0.446543175077
   vertex 0.0249760378524 -0.0432597665321 0.446543175077
   vertex 0.0125957775492 -0.0218165266761 0.449132081186
  endloop
 endfacet
 facet normal 0.0460916319287 -0.0934645836618 0.994555143301
  outer loop
   vertex 0.0191158317845 -0.0461497003501 0.446543175077
   vertex 0.0125957775492 -0.0218165266761 0.449132081186
   vertex 0.0096403907717 -0.0232739621476 0.449132081186
  endloop
 endfacet
 facet normal 0.0578968878409 -0.086648815983 0.994555143301
  outer loop
   vertex 0.0249760378524 -0.0432597665321 0.446543175077
   vertex 0.030408896988 -0.0396296461149 0.446543175077
   vertex 0.0153356470807 -0.0199858043845 0.449132081186
  endloop
 endfacet
 facet normal 0.0578968878409 -0.086648815983 0.994555143301
  outer loop
   vertex 0.0249760378524 -0.0432597665321 0.446543175077
   vertex 0.0153356470807 -0.0199858043845 0.449132081186
   vertex 0.0125957775492 -0.0218165266761 0.449132081186
  endloop
 endfacet
 facet normal 0.06871151195 -0.0783504630393 0.994555143301
  outer loop
   vertex 0.030408896988 -0.0396296461149 0.446543175077
   vertex 0.0353214514652 -0.0353214514652 0.446543175077
   vertex 0.0178131194388 -0.0178131194388 0.449132081186
  endloop
 endfacet
 facet normal 0.06871151195 -0.0783504630393 0.994555143301
  outer loop
   vertex 0.030408896988 -0.0396296461149 0.446543175077
   vertex 0.0178131194388 -0.0178131194388 0.449132081186
   vertex 0.0153356470807 -0.0199858043845 0.449132081186
  endloop
 endfacet
 facet normal 0.0783504630393 -0.06871151195 0.994555143301
  outer loop
   vertex 0.0353214514652 -0.0353214514652 0.446543175077
   vertex 0.0396296461149 -0.030408896988 0.446543175077
   vertex 0.0199858043845 -0.0153356470807 0.449132081186
  endloop
 endfacet
 facet normal 0.0783504630393 -0.06871151195 0.994555143301
  outer loop
   vertex 0.0353214514652 -0.0353214514652 0.446543175077
   vertex 0.0199858043845 -0.0153356470807 0.449132081186
   vertex 0.0178131194388 -0.0178131194388 0.449132081186
  endloop
 endfacet
 facet normal 0.086648815983 -0.0578968878409 0.994555143301
  outer loop
   vertex 0.0396296461149 -0.030408896988 0.446543175077
   vertex 0.0432597665321 -0.0249760378524 0.446543175077
   vertex 0.0218165266761 -0.0125957775492 0.449132081186
  endloop
 endfacet
 facet normal 0.086648815983 -0.0578968878409 0.994555143301
  outer loop
   vertex 0.0396296461149 -0.030408896988 0.446543175077
   vertex 0.0218165266761 -0.0125957775492 0.449132081186
   vertex 0.0199858043845 -0.0153356470807 0.449132081186
  endloop
 endfacet
 facet normal 0.0934645836618 -0.0460916319287 0.994555143301
  outer loop
   vertex 0.0432597665321 -0.0249760378524 0.446543175077
   vertex 0.0461497003501 -0.0191158317845 0.446543175077
   vertex 0.0232739621476 -0.0096403907717 0.449132081186
  endloop
 endfacet
 facet normal 0.0934645836618 -0.0460916319287 0.994555143301
  outer loop
   vertex 0.0432597665321 -0.0249760378524 0.446543175077
   vertex 0.0232739621476 -0.0096403907717 0.449132081186
   vertex 0.0218165266761 -0.0125957775492 0.449132081186
  endloop
 endfacet
 facet normal 0.0986811464008 -0.0334977354153 0.994555143301
  outer loop
   vertex 0.0461497003501 -0.0191158317845 0.446543175077
   vertex 0.04825 -0.0129285485348 0.446543175077
   vertex 0.024333173674 -0.00652005423523 0.449132081186
  endloop
 endfacet
 facet normal 0.0986811464008 -0.0334977354153 0.994555143301
  outer loop
   vertex 0.0461497003501 -0.0191158317845 0.446543175077
   vertex 0.024333173674 -0.00652005423523 0.449132081186
   vertex 0.0232739621476 -0.0096403907717 0.449132081186
  endloop
 endfacet
 facet normal 0.102209247365 -0.0203306833615 0.994555143301
  outer loop
   vertex 0.04825 -0.0129285485348 0.446543175077
   vertex 0.0495247287725 -0.00652005423523 0.446543175077
   vertex 0.0249760378524 -0.0032881577631 0.449132081186
  endloop
 endfacet
 facet normal 0.102209247365 -0.0203306833615 0.994555143301
  outer loop
   vertex 0.04825 -0.0129285485348 0.446543175077
   vertex 0.0249760378524 -0.0032881577631 0.449132081186
   vertex 0.024333173674 -0.00652005423523 0.449132081186
  endloop
 endfacet
 facet normal 0.10398851977 -0.00681576767873 0.994555143301
  outer loop
   vertex 0.0495247287725 -0.00652005423523 0.446543175077
   vertex 0.0499520757048 0 0.446543175077
   vertex 0.0251915550985 0 0.449132081186
  endloop
 endfacet
 facet normal 0.10398851977 -0.00681576767873 0.994555143301
  outer loop
   vertex 0.0495247287725 -0.00652005423523 0.446543175077
   vertex 0.0251915550985 0 0.449132081186
   vertex 0.0249760378524 -0.0032881577631 0.449132081186
  endloop
 endfacet
 facet normal 0.0344322513056 0.00225680898309 0.999404486123
  outer loop
   vertex 0.0251915550985 0 0.449132081186
   vertex 0.0249760378524 0.0032881577631 0.449132081186
   vertex 1.17167383385e-17 1.54253786584e-18 0.45
  endloop
 endfacet
 facet normal 0.0338431059393 0.00673181232187 0.999404486123
  outer loop
   vertex 0.0249760378524 0.0032881577631 0.449132081186
   vertex 0.024333173674 0.00652005423523 0.449132081186
   vertex 1.14151584238e-17 3.05868248113e-18 0.45
  endloop
 endfacet
 facet normal 0.0326748956474 0.0110916324854 0.999404486123
  outer loop
   vertex 0.024333173674 0.00652005423523 0.449132081186
   vertex 0.0232739621476 0.0096403907717 0.449132081186
   vertex 1.09182619836e-17 4.52249219114e-18 0.45
  endloop
 endfacet
 facet normal 0.0309476088317 0.015261671742 0.999404486123
  outer loop
   vertex 0.0232739621476 0.0096403907717 0.449132081186
   vertex 0.0218165266761 0.0125957775492 0.449132081186
   vertex 1.02345510537e-17 5.90892080589e-18 0.45
  endloop
 endfacet
 facet normal 0.0286907998486 0.0191705795637 0.999404486123
  outer loop
   vertex 0.0218165266761 0.0125957775492 0.449132081186
   vertex 0.0199858043845 0.0153356470807 0.449132081186
   vertex 9.37572411773e-18 7.19424614738e-18 0.45
  endloop
 endfacet
 facet normal 0.0259430833255 0.0227514734539 0.999404486123
  outer loop
   vertex 0.0199858043845 0.0153356470807 0.449132081186
   vertex 0.0178131194388 0.0178131194388 0.449132081186
   vertex 8.35647594267e-18 8.35647594267e-18 0.45
  endloop
 endfacet
 facet normal 0.0227514734539 0.0259430833255 0.999404486123
  outer loop
   vertex 0.0178131194388 0.0178131194388 0.449132081186
   vertex 0.0153356470807 0.0199858043845 0.449132081186
   vertex 7.19424614738e-18 9.37572411773e-18 0.45
  endloop
 endfacet
 facet normal 0.0191705795637 0.0286907998486 0.999404486123
  outer loop
   vertex 0.0153356470807 0.0199858043845 0.449132081186
   vertex 0.0125957775492 0.0218165266761 0.449132081186
   vertex 5.90892080589e-18 1.02345510537e-17 0.45
  endloop
 endfacet
 facet normal 0.015261671742 0.0309476088317 0.999404486123
  outer loop
   vertex 0.0125957775492 0.0218165266761 0.449132081186
   vertex 0.0096403907717 0.0232739621476 0.449132081186
   vertex 4.52249219114e-18 1.09182619836e-17 0.45
  endloop
 endfacet
 facet normal 0.0110916324854 0.0326748956474 0.999404486123
  outer loop
   vertex 0.0096403907717 0.0232739621476 0.449132081186
   vertex 0.00652005423523 0.024333173674 0.449132081186
   vertex 3.05868248113e-18 1.14151584238e-17 0.45
  endloop
 endfacet
 facet normal 0.00673181232187 0.0338431059393 0.999404486123
  outer loop
   vertex 0.00652005423523 0.024333173674 0.449132081186
   vertex 0.0032881577631 0.0249760378524 0.449132081186
   vertex 1.54253786584e-18 1.17167383385e-17 0.45
  endloop
 endfacet
 facet normal 0.00225680898309 0.0344322513056 0.999404486123
  outer loop
   vertex 0.0032881577631 0.0249760378524 0.449132081186
   vertex 1.54253786584e-18 0.0251915550985 0.449132081186
   vertex 7.23634095134e-34 1.18178416118e-17 0.45
  endloop
 endfacet
 facet normal -0.00225680898309 0.0344322513056 0.999404486123
  outer loop
   vertex 1.54253786584e-18 0.0251915550985 0.449132081186
   vertex -0.0032881577631 0.0249760378524 0.449132081186
   vertex -1.54253786584e-18 1.17167383385e-17 0.45
  endloop
 endfacet
 facet normal -0.00673181232187 0.0338431059393 0.999404486123
  outer loop
   vertex -0.0032881577631 0.0249760378524 0.449132081186
   vertex -0.00652005423523 0.024333173674 0.449132081186
   vertex -3.05868248113e-18 1.14151584238e-17 0.45
  endloop
 endfacet
 facet normal -0.0110916324854 0.0326748956474 0.999404486123
  outer loop
   vertex -0.00652005423523 0.024333173674 0.449132081186
   vertex -0.0096403907717 0.0232739621476 0.449132081186
   vertex -4.52249219114e-18 1.09182619836e-17 0.45
  endloop
 endfacet
 facet normal -0.015261671742 0.0309476088317 0.999404486123
  outer loop
   vertex -0.0096403907717 0.0232739621476 0.449132081186
   vertex -0.0125957775492 0.0218165266761 0.449132081186
   vertex -5.90892080589e-18 1.02345510537e-17 0.45
  endloop
 endfacet
 facet normal -0.0191705795637 0.0286907998486 0.999404486123
  outer loop
   vertex -0.0125957775492 0.0218165266761 0.449132081186
   vertex -0.0153356470807 0.0199858043845 0.449132081186
   vertex -7.19424614738e-18 9.37572411773e-18 0.45
  endloop
 endfacet
 facet normal -0.0227514734539 0.0259430833255 0.999404486123
  outer loop
   vertex -0.0153356470807 0.0199858043845 0.449132081186
   vertex -0.0178131194388 0.0178131194388 0.449132081186
   vertex -8.35647594267e-18 8.35647594267e-18 0.45
  endloop
 endfacet
 facet normal -0.0259430833255 0.0227514734539 0.999404486123
  outer loop
   vertex -0.0178131194388 0.0178131194388 0.449132081186
   vertex -0.0199858043845 0.0153356470807 0.449132081186
   vertex -9.37572411773e-18 7.19424614738e-18 0.45
  endloop
 endfacet
 facet normal -0.0286907998486 0.0191705795637 0.999404486123
  outer loop
   vertex -0.0199858043845 0.0153356470807 0.449132081186
   vertex -0.0218165266761 0.0125957775492 0.449132081186
   vertex -1.02345510537e-17 5.90892080589e-18 0.45
  endloop
 endfacet
 facet normal -0.0309476088317 0.015261671742 0.999404486123
  outer loop
   vertex -0.0218165266761 0.0125957775492 0.449132081186
   vertex -0.0232739621476 0.0096403907717 0.449132081186
   vertex -1.09182619836e-17 4.52249219114e-18 0.45
  endloop
 endfacet
 facet normal -0.0326748956474 0.0110916324854 0.999404486123
  outer loop
   vertex -0.0232739621476 0.0096403907717 0.449132081186
   vertex -0.024333173674 0.00652005423523 0.449132081186
   vertex -1.14151584238e-17 3.05868248113e-18 0.45
  endloop
 endfacet
 facet normal -0.0338431059393 0.00673181232188 0.999404486123
  outer loop
   vertex -0.024333173674 0.00652005423523 0.449132081186
   vertex -0.0249760378524 0.0032881577631 0.449132081186
   vertex -1.17167383385e-17 1.54253786584e-18 0.45
  endloop
 endfacet
 facet normal -0.0344322513056 0.00225680898309 0.999404486123
  outer loop
   vertex -0.0249760378524 0.0032881577631 0.449132081186
   vertex -0.0251915550985 3.08507573169e-18 0.449132081186
   vertex -1.18178416118e-17 1.44726819027e-33 0.45
  endloop
 endfacet
 facet normal -0.0344322513056 -0.00225680898309 0.999404486123
  outer loop
   vertex -0.0251915550985 3.08507573169e-18 0.449132081186
   vertex -0.0249760378524 -0.0032881577631 0.449132081186
   vertex -1.17167383385e-17 -1.54253786584e-18 0.45
  endloop
 endfacet
 facet normal -0.0338431059393 -0.00673181232187 0.999404486123
  outer loop
   vertex -0.0249760378524 -0.0032881577631 0.449132081186
   vertex -0.024333173674 -0.00652005423523 0.449132081186
   vertex -1.14151584238e-17 -3.05868248113e-18 0.45
  endloop
 endfacet
 facet normal -0.0326748956474 -0.0110916324854 0.999404486123
  outer loop
   vertex -0.024333173674 -0.00652005423523 0.449132081186
   vertex -0.0232739621476 -0.0096403907717 0.449132081186
   vertex -1.09182619836e-17 -4.52249219114e-18 0.45
  endloop
 endfacet
 facet normal -0.0309476088317 -0.015261671742 0.999404486123
  outer loop
   vertex -0.0232739621476 -0.0096403907717 0.449132081186
   vertex -0.0218165266761 -0.0125957775492 0.449132081186
   vertex -1.02345510537e-17 -5.90892080589e-18 0.45
  endloop
 endfacet
 facet normal -0.0286907998486 -0.0191705795637 0.999404486123
  outer loop
   vertex -0.0218165266761 -0.0125957775492 0.449132081186
   vertex -0.0199858043845 -0.0153356470807 0.449132081186
   vertex -9.37572411773e-18 -7.19424614738e-18 0.45
  endloop
 endfacet
 facet normal -0.0259430833255 -0.0227514734539 0.999404486123
  outer loop
   vertex -0.0199858043845 -0.0153356470807 0.449132081186
   vertex -0.0178131194388 -0.0178131194388 0.449132081186
   vertex -8.35647594267e-18 -8.35647594267e-18 0.45
  endloop
 endfacet
 facet normal -0.0227514734539 -0.0259430833255 0.999404486123
  outer loop
   vertex -0.0178131194388 -0.0178131194388 0.449132081186
   vertex -0.0153356470807 -0.0199858043845 0.449132081186
   vertex -7.19424614738e-18 -9.37572411773e-18 0.45
  endloop
 endfacet
 facet normal -0.0191705795637 -0.0286907998486 0.999404486123
  outer loop
   vertex -0.0153356470807 -0.0199858043845 0.449132081186
   vertex -0.0125957775492 -0.0218165266761 0.449132081186
   vertex -5.90892080589e-18 -1.02345510537e-17 0.45
  endloop
 endfacet
 facet normal -0.015261671742 -0.0309476088317 0.999404486123
  outer loop
   vertex -0.0125957775492 -0.0218165266761 0.449132081186
   vertex -0.0096403907717 -0.0232739621476 0.449132081186
   vertex -4.52249219114e-18 -1.09182619836e-17 0.45
  endloop
 endfacet
 facet normal -0.0110916324854 -0.0326748956474 0.999404486123
  outer loop
   vertex -0.0096403907717 -0.0232739621476 0.449132081186
   vertex -0.00652005423523 -0.024333173674 0.449132081186
   vertex -3.05868248113e-18 -1.14151584238e-17 0.45
  endloop
 endfacet
 facet normal -0.00673181232187 -0.0338431059393 0.999404486123
  outer loop
   vertex -0.00652005423523 -0.024333173674 0.449132081186
   vertex -0.0032881577631 -0.0249760378524 0.449132081186
   vertex -1.54253786584e-18 -1.17167383385e-17 0.45
  endloop
 endfacet
 facet normal -0.00225680898309 -0.0344322513056 0.999404486123
  outer loop
   vertex -0.0032881577631 -0.0249760378524 0.449132081186
   vertex -4.62761359753e-18 -0.0251915550985 0.449132081186
   vertex -2.1709022854e-33 -1.18178416118e-17 0.45
  endloop
 endfacet
 facet normal 0.00225680898309 -0.0344322513056 0.999404486123
  outer loop
   vertex -4.62761359753e-18 -0.0251915550985 0.449132081186
   vertex 0.0032881577631 -0.0249760378524 0.449132081186
   vertex 1.54253786584e-18 -1.17167383385e-17 0.45
  endloop
 endfacet
 facet normal 0.00673181232187 -0.0338431059393 0.999404486123
  outer loop
   vertex 0.0032881577631 -0.0249760378524 0.449132081186
   vertex 0.00652005423523 -0.024333173674 0.449132081186
   vertex 3.05868248113e-18 -1.14151584238e-17 0.45
  endloop
 endfacet
 facet normal 0.0110916324854 -0.0326748956474 0.999404486123
  outer loop
   vertex 0.00652005423523 -0.024333173674 0.449132081186
   vertex 0.0096403907717 -0.0232739621476 0.449132081186
   vertex 4.52249219114e-18 -1.09182619836e-17 0.45
  endloop
 endfacet
 facet normal 0.015261671742 -0.0309476088317 0.999404486123
  outer loop
   vertex 0.0096403907717 -0.0232739621476 0.449132081186
   vertex 0.0125957775492 -0.0218165266761 0.449132081186
   vertex 5.90892080589e-18 -1.02345510537e-17 0.45
  endloop
 endfacet
 facet normal 0.0191705795637 -0.0286907998486 0.999404486123
  outer loop
   vertex 0.0125957775492 -0.0218165266761 0.449132081186
   vertex 0.0153356470807 -0.0199858043845 0.449132081186
   vertex 7.19424614738e-18 -9.37572411773e-18 0.45
  endloop
 endfacet
 facet normal 0.0227514734539 -0.0259430833255 0.999404486123
  outer loop
   vertex 0.0153356470807 -0.0199858043845 0.449132081186
   vertex 0.0178131194388 -0.0178131194388 0.449132081186
   vertex 8.35647594267e-18 -8.35647594267e-18 0.45
  endloop
 endfacet
 facet normal 0.0259430833255 -0.0227514734539 0.999404486123
  outer loop
   vertex 0.0178131194388 -0.0178131194388 0.449132081186
   vertex 0.0199858043845 -0.0153356470807 0.449132081186
   vertex 9.37572411773e-18 -7.19424614738e-18 0.45
  endloop
 endfacet
 facet normal 0.0286907998486 -0.0191705795637 0.999404486123
  outer loop
   vertex 0.0199858043845 -0.0153356470807 0.449132081186
   vertex 0.0218165266761 -0.0125957775492 0.449132081186
   vertex 1.02345510537e-17 -5.90892080589e-18 0.45
  endloop
 endfacet
 facet normal 0.0309476088317 -0.015261671742 0.999404486123
  outer loop
   vertex 0.0218165266761 -0.0125957775492 0.449132081186
   vertex 0.0232739621476 -0.0096403907717 0.449132081186
   vertex 1.09182619836e-17 -4.52249219114e-18 0.45
  endloop
 endfacet
 facet normal 0.0326748956474 -0.0110916324854 0.999404486123
  outer loop
   vertex 0.0232739621476 -0.0096403907717 0.449132081186
   vertex 0.024333173674 -0.00652005423523 0.449132081186
   vertex 1.14151584238e-17 -3.05868248113e-18 0.45
  endloop
 endfacet
 facet normal 0.0338431059393 -0.00673181232187 0.999404486123
  outer loop
   vertex 0.024333173674 -0.00652005423523 0.449132081186
   vertex 0.0249760378524 -0.0032881577631 0.449132081186
   vertex 1.17167383385e-17 -1.54253786584e-18 0.45
  endloop
 endfacet
 facet normal 0.0344322513056 -0.00225680898309 0.999404486123
  outer loop
   vertex 0.0249760378524 -0.0032881577631 0.449132081186
   vertex 0.0251915550985 0 0.449132081186
   vertex 1.18178416118e-17 0 0.45
  endloop
 endfacet
endsolid lh2_tank_analytic
