solid PILOT-PCCV-TRANSIENT-001
  facet normal -0.098012573 -0.0096533959 0.99513836
    outer loop
      vertex 9.7971744e-18 0 -0.16
      vertex 0.031214452 0 -0.15692564
      vertex 0.030614675 0.0060896374 -0.15692564
    endloop
  endfacet
  facet normal -0.098012573 -0.0096533959 0.99513836
    outer loop
      vertex 9.7971744e-18 0 -0.16
      vertex 0.030614675 0.0060896374 -0.15692564
      vertex 9.6089244e-18 1.9113339e-18 -0.16
    endloop
  endfacet
  facet normal -0.094246005 -0.028589213 0.99513836
    outer loop
      vertex 9.6089244e-18 1.9113339e-18 -0.16
      vertex 0.030614675 0.0060896374 -0.15692564
      vertex 0.028838393 0.011945253 -0.15692564
    endloop
  endfacet
  facet normal -0.094246005 -0.028589213 0.99513836
    outer loop
      vertex 9.6089244e-18 1.9113339e-18 -0.16
      vertex 0.028838393 0.011945253 -0.15692564
      vertex 9.0514089e-18 3.7492163e-18 -0.16
    endloop
  endfacet
  facet normal -0.086857616 -0.046426363 0.99513836
    outer loop
      vertex 9.0514089e-18 3.7492163e-18 -0.16
      vertex 0.028838393 0.011945253 -0.15692564
      vertex 0.025953868 0.01734182 -0.15692564
    endloop
  endfacet
  facet normal -0.086857616 -0.046426363 0.99513836
    outer loop
      vertex 9.0514089e-18 3.7492163e-18 -0.16
      vertex 0.025953868 0.01734182 -0.15692564
      vertex 8.1460528e-18 5.4430185e-18 -0.16
    endloop
  endfacet
  facet normal -0.076131337 -0.062479373 0.99513836
    outer loop
      vertex 8.1460528e-18 5.4430185e-18 -0.16
      vertex 0.025953868 0.01734182 -0.15692564
      vertex 0.02207195 0.02207195 -0.15692564
    endloop
  endfacet
  facet normal -0.076131337 -0.062479373 0.99513836
    outer loop
      vertex 8.1460528e-18 5.4430185e-18 -0.16
      vertex 0.02207195 0.02207195 -0.15692564
      vertex 6.9276484e-18 6.9276484e-18 -0.16
    endloop
  endfacet
  facet normal -0.062479373 -0.076131337 0.99513836
    outer loop
      vertex 6.9276484e-18 6.9276484e-18 -0.16
      vertex 0.02207195 0.02207195 -0.15692564
      vertex 0.01734182 0.025953868 -0.15692564
    endloop
  endfacet
  facet normal -0.062479373 -0.076131337 0.99513836
    outer loop
      vertex 6.9276484e-18 6.9276484e-18 -0.16
      vertex 0.01734182 0.025953868 -0.15692564
      vertex 5.4430185e-18 8.1460528e-18 -0.16
    endloop
  endfacet
  facet normal -0.046426363 -0.086857616 0.99513836
    outer loop
      vertex 5.4430185e-18 8.1460528e-18 -0.16
      vertex 0.01734182 0.025953868 -0.15692564
      vertex 0.011945253 0.028838393 -0.15692564
    endloop
  endfacet
  facet normal -0.046426363 -0.086857616 0.99513836
    outer loop
      vertex 5.4430185e-18 8.1460528e-18 -0.16
      vertex 0.011945253 0.028838393 -0.15692564
      vertex 3.7492163e-18 9.0514089e-18 -0.16
    endloop
  endfacet
  facet normal -0.028589213 -0.094246005 0.99513836
    outer loop
      vertex 3.7492163e-18 9.0514089e-18 -0.16
      vertex 0.011945253 0.028838393 -0.15692564
      vertex 0.0060896374 0.030614675 -0.15692564
    endloop
  endfacet
  facet normal -0.028589213 -0.094246005 0.99513836
    outer loop
      vertex 3.7492163e-18 9.0514089e-18 -0.16
      vertex 0.0060896374 0.030614675 -0.15692564
      vertex 1.9113339e-18 9.6089244e-18 -0.16
    endloop
  endfacet
  facet normal -0.0096533959 -0.098012573 0.99513836
    outer loop
      vertex 1.9113339e-18 9.6089244e-18 -0.16
      vertex 0.0060896374 0.030614675 -0.15692564
      vertex 1.9113339e-18 0.031214452 -0.15692564
    endloop
  endfacet
  facet normal -0.0096533959 -0.098012573 0.99513836
    outer loop
      vertex 1.9113339e-18 9.6089244e-18 -0.16
      vertex 1.9113339e-18 0.031214452 -0.15692564
      vertex 5.9990391e-34 9.7971744e-18 -0.16
    endloop
  endfacet
  facet normal 0.0096533959 -0.098012573 0.99513836
    outer loop
      vertex 5.9990391e-34 9.7971744e-18 -0.16
      vertex 1.9113339e-18 0.031214452 -0.15692564
      vertex -0.0060896374 0.030614675 -0.15692564
    endloop
  endfacet
  facet normal 0.0096533959 -0.098012573 0.99513836
    outer loop
      vertex 5.9990391e-34 9.7971744e-18 -0.16
      vertex -0.0060896374 0.030614675 -0.15692564
      vertex -1.9113339e-18 9.6089244e-18 -0.16
    endloop
  endfacet
  facet normal 0.028589213 -0.094246005 0.99513836
    outer loop
      vertex -1.9113339e-18 9.6089244e-18 -0.16
      vertex -0.0060896374 0.030614675 -0.15692564
      vertex -0.011945253 0.028838393 -0.15692564
    endloop
  endfacet
  facet normal 0.028589213 -0.094246005 0.99513836
    outer loop
      vertex -1.9113339e-18 9.6089244e-18 -0.16
      vertex -0.011945253 0.028838393 -0.15692564
      vertex -3.7492163e-18 9.0514089e-18 -0.16
    endloop
  endfacet
  facet normal 0.046426363 -0.086857616 0.99513836
    outer loop
      vertex -3.7492163e-18 9.0514089e-18 -0.16
      vertex -0.011945253 0.028838393 -0.15692564
      vertex -0.01734182 0.025953868 -0.15692564
    endloop
  endfacet
  facet normal 0.046426363 -0.086857616 0.99513836
    outer loop
      vertex -3.7492163e-18 9.0514089e-18 -0.16
      vertex -0.01734182 0.025953868 -0.15692564
      vertex -5.4430185e-18 8.1460528e-18 -0.16
    endloop
  endfacet
  facet normal 0.062479373 -0.076131337 0.99513836
    outer loop
      vertex -5.4430185e-18 8.1460528e-18 -0.16
      vertex -0.01734182 0.025953868 -0.15692564
      vertex -0.02207195 0.02207195 -0.15692564
    endloop
  endfacet
  facet normal 0.062479373 -0.076131337 0.99513836
    outer loop
      vertex -5.4430185e-18 8.1460528e-18 -0.16
      vertex -0.02207195 0.02207195 -0.15692564
      vertex -6.9276484e-18 6.9276484e-18 -0.16
    endloop
  endfacet
  facet normal 0.076131337 -0.062479373 0.99513836
    outer loop
      vertex -6.9276484e-18 6.9276484e-18 -0.16
      vertex -0.02207195 0.02207195 -0.15692564
      vertex -0.025953868 0.01734182 -0.15692564
    endloop
  endfacet
  facet normal 0.076131337 -0.062479373 0.99513836
    outer loop
      vertex -6.9276484e-18 6.9276484e-18 -0.16
      vertex -0.025953868 0.01734182 -0.15692564
      vertex -8.1460528e-18 5.4430185e-18 -0.16
    endloop
  endfacet
  facet normal 0.086857616 -0.046426363 0.99513836
    outer loop
      vertex -8.1460528e-18 5.4430185e-18 -0.16
      vertex -0.025953868 0.01734182 -0.15692564
      vertex -0.028838393 0.011945253 -0.15692564
    endloop
  endfacet
  facet normal 0.086857616 -0.046426363 0.99513836
    outer loop
      vertex -8.1460528e-18 5.4430185e-18 -0.16
      vertex -0.028838393 0.011945253 -0.15692564
      vertex -9.0514089e-18 3.7492163e-18 -0.16
    endloop
  endfacet
  facet normal 0.094246005 -0.028589213 0.99513836
    outer loop
      vertex -9.0514089e-18 3.7492163e-18 -0.16
      vertex -0.028838393 0.011945253 -0.15692564
      vertex -0.030614675 0.0060896374 -0.15692564
    endloop
  endfacet
  facet normal 0.094246005 -0.028589213 0.99513836
    outer loop
      vertex -9.0514089e-18 3.7492163e-18 -0.16
      vertex -0.030614675 0.0060896374 -0.15692564
      vertex -9.6089244e-18 1.9113339e-18 -0.16
    endloop
  endfacet
  facet normal 0.098012573 -0.0096533959 0.99513836
    outer loop
      vertex -9.6089244e-18 1.9113339e-18 -0.16
      vertex -0.030614675 0.0060896374 -0.15692564
      vertex -0.031214452 3.8226678e-18 -0.15692564
    endloop
  endfacet
  facet normal 0.098012573 -0.0096533959 0.99513836
    outer loop
      vertex -9.6089244e-18 1.9113339e-18 -0.16
      vertex -0.031214452 3.8226678e-18 -0.15692564
      vertex -9.7971744e-18 1.1998078e-33 -0.16
    endloop
  endfacet
  facet normal 0.098012573 0.0096533959 0.99513836
    outer loop
      vertex -9.7971744e-18 1.1998078e-33 -0.16
      vertex -0.031214452 3.8226678e-18 -0.15692564
      vertex -0.030614675 -0.0060896374 -0.15692564
    endloop
  endfacet
  facet normal 0.098012573 0.0096533959 0.99513836
    outer loop
      vertex -9.7971744e-18 1.1998078e-33 -0.16
      vertex -0.030614675 -0.0060896374 -0.15692564
      vertex -9.6089244e-18 -1.9113339e-18 -0.16
    endloop
  endfacet
  facet normal 0.094246005 0.028589213 0.99513836
    outer loop
      vertex -9.6089244e-18 -1.9113339e-18 -0.16
      vertex -0.030614675 -0.0060896374 -0.15692564
      vertex -0.028838393 -0.011945253 -0.15692564
    endloop
  endfacet
  facet normal 0.094246005 0.028589213 0.99513836
    outer loop
      vertex -9.6089244e-18 -1.9113339e-18 -0.16
      vertex -0.028838393 -0.011945253 -0.15692564
      vertex -9.0514089e-18 -3.7492163e-18 -0.16
    endloop
  endfacet
  facet normal 0.086857616 0.046426363 0.99513836
    outer loop
      vertex -9.0514089e-18 -3.7492163e-18 -0.16
      vertex -0.028838393 -0.011945253 -0.15692564
      vertex -0.025953868 -0.01734182 -0.15692564
    endloop
  endfacet
  facet normal 0.086857616 0.046426363 0.99513836
    outer loop
      vertex -9.0514089e-18 -3.7492163e-18 -0.16
      vertex -0.025953868 -0.01734182 -0.15692564
      vertex -8.1460528e-18 -5.4430185e-18 -0.16
    endloop
  endfacet
  facet normal 0.076131337 0.062479373 0.99513836
    outer loop
      vertex -8.1460528e-18 -5.4430185e-18 -0.16
      vertex -0.025953868 -0.01734182 -0.15692564
      vertex -0.02207195 -0.02207195 -0.15692564
    endloop
  endfacet
  facet normal 0.076131337 0.062479373 0.99513836
    outer loop
      vertex -8.1460528e-18 -5.4430185e-18 -0.16
      vertex -0.02207195 -0.02207195 -0.15692564
      vertex -6.9276484e-18 -6.9276484e-18 -0.16
    endloop
  endfacet
  facet normal 0.062479373 0.076131337 0.99513836
    outer loop
      vertex -6.9276484e-18 -6.9276484e-18 -0.16
      vertex -0.02207195 -0.02207195 -0.15692564
      vertex -0.01734182 -0.025953868 -0.15692564
    endloop
  endfacet
  facet normal 0.062479373 0.076131337 0.99513836
    outer loop
      vertex -6.9276484e-18 -6.9276484e-18 -0.16
      vertex -0.01734182 -0.025953868 -0.15692564
      vertex -5.4430185e-18 -8.1460528e-18 -0.16
    endloop
  endfacet
  facet normal 0.046426363 0.086857616 0.99513836
    outer loop
      vertex -5.4430185e-18 -8.1460528e-18 -0.16
      vertex -0.01734182 -0.025953868 -0.15692564
      vertex -0.011945253 -0.028838393 -0.15692564
    endloop
  endfacet
  facet normal 0.046426363 0.086857616 0.99513836
    outer loop
      vertex -5.4430185e-18 -8.1460528e-18 -0.16
      vertex -0.011945253 -0.028838393 -0.15692564
      vertex -3.7492163e-18 -9.0514089e-18 -0.16
    endloop
  endfacet
  facet normal 0.028589213 0.094246005 0.99513836
    outer loop
      vertex -3.7492163e-18 -9.0514089e-18 -0.16
      vertex -0.011945253 -0.028838393 -0.15692564
      vertex -0.0060896374 -0.030614675 -0.15692564
    endloop
  endfacet
  facet normal 0.028589213 0.094246005 0.99513836
    outer loop
      vertex -3.7492163e-18 -9.0514089e-18 -0.16
      vertex -0.0060896374 -0.030614675 -0.15692564
      vertex -1.9113339e-18 -9.6089244e-18 -0.16
    endloop
  endfacet
  facet normal 0.0096533959 0.098012573 0.99513836
    outer loop
      vertex -1.9113339e-18 -9.6089244e-18 -0.16
      vertex -0.0060896374 -0.030614675 -0.15692564
      vertex -5.7340017e-18 -0.031214452 -0.15692564
    endloop
  endfacet
  facet normal 0.0096533959 0.098012573 0.99513836
    outer loop
      vertex -1.9113339e-18 -9.6089244e-18 -0.16
      vertex -5.7340017e-18 -0.031214452 -0.15692564
      vertex -1.7997117e-33 -9.7971744e-18 -0.16
    endloop
  endfacet
  facet normal -0.0096533959 0.098012573 0.99513836
    outer loop
      vertex -1.7997117e-33 -9.7971744e-18 -0.16
      vertex -5.7340017e-18 -0.031214452 -0.15692564
      vertex 0.0060896374 -0.030614675 -0.15692564
    endloop
  endfacet
  facet normal -0.0096533959 0.098012573 0.99513836
    outer loop
      vertex -1.7997117e-33 -9.7971744e-18 -0.16
      vertex 0.0060896374 -0.030614675 -0.15692564
      vertex 1.9113339e-18 -9.6089244e-18 -0.16
    endloop
  endfacet
  facet normal -0.028589213 0.094246005 0.99513836
    outer loop
      vertex 1.9113339e-18 -9.6089244e-18 -0.16
      vertex 0.0060896374 -0.030614675 -0.15692564
      vertex 0.011945253 -0.028838393 -0.15692564
    endloop
  endfacet
  facet normal -0.028589213 0.094246005 0.99513836
    outer loop
      vertex 1.9113339e-18 -9.6089244e-18 -0.16
      vertex 0.011945253 -0.028838393 -0.15692564
      vertex 3.7492163e-18 -9.0514089e-18 -0.16
    endloop
  endfacet
  facet normal -0.046426363 0.086857616 0.99513836
    outer loop
      vertex 3.7492163e-18 -9.0514089e-18 -0.16
      vertex 0.011945253 -0.028838393 -0.15692564
      vertex 0.01734182 -0.025953868 -0.15692564
    endloop
  endfacet
  facet normal -0.046426363 0.086857616 0.99513836
    outer loop
      vertex 3.7492163e-18 -9.0514089e-18 -0.16
      vertex 0.01734182 -0.025953868 -0.15692564
      vertex 5.4430185e-18 -8.1460528e-18 -0.16
    endloop
  endfacet
  facet normal -0.062479373 0.076131337 0.99513836
    outer loop
      vertex 5.4430185e-18 -8.1460528e-18 -0.16
      vertex 0.01734182 -0.025953868 -0.15692564
      vertex 0.02207195 -0.02207195 -0.15692564
    endloop
  endfacet
  facet normal -0.062479373 0.076131337 0.99513836
    outer loop
      vertex 5.4430185e-18 -8.1460528e-18 -0.16
      vertex 0.02207195 -0.02207195 -0.15692564
      vertex 6.9276484e-18 -6.9276484e-18 -0.16
    endloop
  endfacet
  facet normal -0.076131337 0.062479373 0.99513836
    outer loop
      vertex 6.9276484e-18 -6.9276484e-18 -0.16
      vertex 0.02207195 -0.02207195 -0.15692564
      vertex 0.025953868 -0.01734182 -0.15692564
    endloop
  endfacet
  facet normal -0.076131337 0.062479373 0.99513836
    outer loop
      vertex 6.9276484e-18 -6.9276484e-18 -0.16
      vertex 0.025953868 -0.01734182 -0.15692564
      vertex 8.1460528e-18 -5.4430185e-18 -0.16
    endloop
  endfacet
  facet normal -0.086857616 0.046426363 0.99513836
    outer loop
      vertex 8.1460528e-18 -5.4430185e-18 -0.16
      vertex 0.025953868 -0.01734182 -0.15692564
      vertex 0.028838393 -0.011945253 -0.15692564
    endloop
  endfacet
  facet normal -0.086857616 0.046426363 0.99513836
    outer loop
      vertex 8.1460528e-18 -5.4430185e-18 -0.16
      vertex 0.028838393 -0.011945253 -0.15692564
      vertex 9.0514089e-18 -3.7492163e-18 -0.16
    endloop
  endfacet
  facet normal -0.094246005 0.028589213 0.99513836
    outer loop
      vertex 9.0514089e-18 -3.7492163e-18 -0.16
      vertex 0.028838393 -0.011945253 -0.15692564
      vertex 0.030614675 -0.0060896374 -0.15692564
    endloop
  endfacet
  facet normal -0.094246005 0.028589213 0.99513836
    outer loop
      vertex 9.0514089e-18 -3.7492163e-18 -0.16
      vertex 0.030614675 -0.0060896374 -0.15692564
      vertex 9.6089244e-18 -1.9113339e-18 -0.16
    endloop
  endfacet
  facet normal -0.098012573 0.0096533959 0.99513836
    outer loop
      vertex 9.6089244e-18 -1.9113339e-18 -0.16
      vertex 0.030614675 -0.0060896374 -0.15692564
      vertex 0.031214452 -7.6453356e-18 -0.15692564
    endloop
  endfacet
  facet normal -0.098012573 0.0096533959 0.99513836
    outer loop
      vertex 9.6089244e-18 -1.9113339e-18 -0.16
      vertex 0.031214452 -7.6453356e-18 -0.15692564
      vertex 9.7971744e-18 -2.3996157e-33 -0.16
    endloop
  endfacet
  facet normal -0.29016611 -0.028578867 0.95654946
    outer loop
      vertex 0.031214452 0 -0.15692564
      vertex 0.061229349 0 -0.14782073
      vertex 0.060052844 0.011945253 -0.14782073
    endloop
  endfacet
  facet normal -0.29016611 -0.028578867 0.95654946
    outer loop
      vertex 0.031214452 0 -0.15692564
      vertex 0.060052844 0.011945253 -0.14782073
      vertex 0.030614675 0.0060896374 -0.15692564
    endloop
  endfacet
  facet normal -0.27901519 -0.084638332 0.95654946
    outer loop
      vertex 0.030614675 0.0060896374 -0.15692564
      vertex 0.060052844 0.011945253 -0.14782073
      vertex 0.056568542 0.023431458 -0.14782073
    endloop
  endfacet
  facet normal -0.27901519 -0.084638332 0.95654946
    outer loop
      vertex 0.030614675 0.0060896374 -0.15692564
      vertex 0.056568542 0.023431458 -0.14782073
      vertex 0.028838393 0.011945253 -0.15692564
    endloop
  endfacet
  facet normal -0.25714187 -0.13744519 0.95654946
    outer loop
      vertex 0.028838393 0.011945253 -0.15692564
      vertex 0.056568542 0.023431458 -0.14782073
      vertex 0.050910343 0.034017204 -0.14782073
    endloop
  endfacet
  facet normal -0.25714187 -0.13744519 0.95654946
    outer loop
      vertex 0.028838393 0.011945253 -0.15692564
      vertex 0.050910343 0.034017204 -0.14782073
      vertex 0.025953868 0.01734182 -0.15692564
    endloop
  endfacet
  facet normal -0.22538673 -0.18497011 0.95654946
    outer loop
      vertex 0.025953868 0.01734182 -0.15692564
      vertex 0.050910343 0.034017204 -0.14782073
      vertex 0.043295688 0.043295688 -0.14782073
    endloop
  endfacet
  facet normal -0.22538673 -0.18497011 0.95654946
    outer loop
      vertex 0.025953868 0.01734182 -0.15692564
      vertex 0.043295688 0.043295688 -0.14782073
      vertex 0.02207195 0.02207195 -0.15692564
    endloop
  endfacet
  facet normal -0.18497011 -0.22538673 0.95654946
    outer loop
      vertex 0.02207195 0.02207195 -0.15692564
      vertex 0.043295688 0.043295688 -0.14782073
      vertex 0.034017204 0.050910343 -0.14782073
    endloop
  endfacet
  facet normal -0.18497011 -0.22538673 0.95654946
    outer loop
      vertex 0.02207195 0.02207195 -0.15692564
      vertex 0.034017204 0.050910343 -0.14782073
      vertex 0.01734182 0.025953868 -0.15692564
    endloop
  endfacet
  facet normal -0.13744519 -0.25714187 0.95654946
    outer loop
      vertex 0.01734182 0.025953868 -0.15692564
      vertex 0.034017204 0.050910343 -0.14782073
      vertex 0.023431458 0.056568542 -0.14782073
    endloop
  endfacet
  facet normal -0.13744519 -0.25714187 0.95654946
    outer loop
      vertex 0.01734182 0.025953868 -0.15692564
      vertex 0.023431458 0.056568542 -0.14782073
      vertex 0.011945253 0.028838393 -0.15692564
    endloop
  endfacet
  facet normal -0.084638332 -0.27901519 0.95654946
    outer loop
      vertex 0.011945253 0.028838393 -0.15692564
      vertex 0.023431458 0.056568542 -0.14782073
      vertex 0.011945253 0.060052844 -0.14782073
    endloop
  endfacet
  facet normal -0.084638332 -0.27901519 0.95654946
    outer loop
      vertex 0.011945253 0.028838393 -0.15692564
      vertex 0.011945253 0.060052844 -0.14782073
      vertex 0.0060896374 0.030614675 -0.15692564
    endloop
  endfacet
  facet normal -0.028578867 -0.29016611 0.95654946
    outer loop
      vertex 0.0060896374 0.030614675 -0.15692564
      vertex 0.011945253 0.060052844 -0.14782073
      vertex 3.7492163e-18 0.061229349 -0.14782073
    endloop
  endfacet
  facet normal -0.028578867 -0.29016611 0.95654946
    outer loop
      vertex 0.0060896374 0.030614675 -0.15692564
      vertex 3.7492163e-18 0.061229349 -0.14782073
      vertex 1.9113339e-18 0.031214452 -0.15692564
    endloop
  endfacet
  facet normal 0.028578867 -0.29016611 0.95654946
    outer loop
      vertex 1.9113339e-18 0.031214452 -0.15692564
      vertex 3.7492163e-18 0.061229349 -0.14782073
      vertex -0.011945253 0.060052844 -0.14782073
    endloop
  endfacet
  facet normal 0.028578867 -0.29016611 0.95654946
    outer loop
      vertex 1.9113339e-18 0.031214452 -0.15692564
      vertex -0.011945253 0.060052844 -0.14782073
      vertex -0.0060896374 0.030614675 -0.15692564
    endloop
  endfacet
  facet normal 0.084638332 -0.27901519 0.95654946
    outer loop
      vertex -0.0060896374 0.030614675 -0.15692564
      vertex -0.011945253 0.060052844 -0.14782073
      vertex -0.023431458 0.056568542 -0.14782073
    endloop
  endfacet
  facet normal 0.084638332 -0.27901519 0.95654946
    outer loop
      vertex -0.0060896374 0.030614675 -0.15692564
      vertex -0.023431458 0.056568542 -0.14782073
      vertex -0.011945253 0.028838393 -0.15692564
    endloop
  endfacet
  facet normal 0.13744519 -0.25714187 0.95654946
    outer loop
      vertex -0.011945253 0.028838393 -0.15692564
      vertex -0.023431458 0.056568542 -0.14782073
      vertex -0.034017204 0.050910343 -0.14782073
    endloop
  endfacet
  facet normal 0.13744519 -0.25714187 0.95654946
    outer loop
      vertex -0.011945253 0.028838393 -0.15692564
      vertex -0.034017204 0.050910343 -0.14782073
      vertex -0.01734182 0.025953868 -0.15692564
    endloop
  endfacet
  facet normal 0.18497011 -0.22538673 0.95654946
    outer loop
      vertex -0.01734182 0.025953868 -0.15692564
      vertex -0.034017204 0.050910343 -0.14782073
      vertex -0.043295688 0.043295688 -0.14782073
    endloop
  endfacet
  facet normal 0.18497011 -0.22538673 0.95654946
    outer loop
      vertex -0.01734182 0.025953868 -0.15692564
      vertex -0.043295688 0.043295688 -0.14782073
      vertex -0.02207195 0.02207195 -0.15692564
    endloop
  endfacet
  facet normal 0.22538673 -0.18497011 0.95654946
    outer loop
      vertex -0.02207195 0.02207195 -0.15692564
      vertex -0.043295688 0.043295688 -0.14782073
      vertex -0.050910343 0.034017204 -0.14782073
    endloop
  endfacet
  facet normal 0.22538673 -0.18497011 0.95654946
    outer loop
      vertex -0.02207195 0.02207195 -0.15692564
      vertex -0.050910343 0.034017204 -0.14782073
      vertex -0.025953868 0.01734182 -0.15692564
    endloop
  endfacet
  facet normal 0.25714187 -0.13744519 0.95654946
    outer loop
      vertex -0.025953868 0.01734182 -0.15692564
      vertex -0.050910343 0.034017204 -0.14782073
      vertex -0.056568542 0.023431458 -0.14782073
    endloop
  endfacet
  facet normal 0.25714187 -0.13744519 0.95654946
    outer loop
      vertex -0.025953868 0.01734182 -0.15692564
      vertex -0.056568542 0.023431458 -0.14782073
      vertex -0.028838393 0.011945253 -0.15692564
    endloop
  endfacet
  facet normal 0.27901519 -0.084638332 0.95654946
    outer loop
      vertex -0.028838393 0.011945253 -0.15692564
      vertex -0.056568542 0.023431458 -0.14782073
      vertex -0.060052844 0.011945253 -0.14782073
    endloop
  endfacet
  facet normal 0.27901519 -0.084638332 0.95654946
    outer loop
      vertex -0.028838393 0.011945253 -0.15692564
      vertex -0.060052844 0.011945253 -0.14782073
      vertex -0.030614675 0.0060896374 -0.15692564
    endloop
  endfacet
  facet normal 0.29016611 -0.028578867 0.95654946
    outer loop
      vertex -0.030614675 0.0060896374 -0.15692564
      vertex -0.060052844 0.011945253 -0.14782073
      vertex -0.061229349 7.4984326e-18 -0.14782073
    endloop
  endfacet
  facet normal 0.29016611 -0.028578867 0.95654946
    outer loop
      vertex -0.030614675 0.0060896374 -0.15692564
      vertex -0.061229349 7.4984326e-18 -0.14782073
      vertex -0.031214452 3.8226678e-18 -0.15692564
    endloop
  endfacet
  facet normal 0.29016611 0.028578867 0.95654946
    outer loop
      vertex -0.031214452 3.8226678e-18 -0.15692564
      vertex -0.061229349 7.4984326e-18 -0.14782073
      vertex -0.060052844 -0.011945253 -0.14782073
    endloop
  endfacet
  facet normal 0.29016611 0.028578867 0.95654946
    outer loop
      vertex -0.031214452 3.8226678e-18 -0.15692564
      vertex -0.060052844 -0.011945253 -0.14782073
      vertex -0.030614675 -0.0060896374 -0.15692564
    endloop
  endfacet
  facet normal 0.27901519 0.084638332 0.95654946
    outer loop
      vertex -0.030614675 -0.0060896374 -0.15692564
      vertex -0.060052844 -0.011945253 -0.14782073
      vertex -0.056568542 -0.023431458 -0.14782073
    endloop
  endfacet
  facet normal 0.27901519 0.084638332 0.95654946
    outer loop
      vertex -0.030614675 -0.0060896374 -0.15692564
      vertex -0.056568542 -0.023431458 -0.14782073
      vertex -0.028838393 -0.011945253 -0.15692564
    endloop
  endfacet
  facet normal 0.25714187 0.13744519 0.95654946
    outer loop
      vertex -0.028838393 -0.011945253 -0.15692564
      vertex -0.056568542 -0.023431458 -0.14782073
      vertex -0.050910343 -0.034017204 -0.14782073
    endloop
  endfacet
  facet normal 0.25714187 0.13744519 0.95654946
    outer loop
      vertex -0.028838393 -0.011945253 -0.15692564
      vertex -0.050910343 -0.034017204 -0.14782073
      vertex -0.025953868 -0.01734182 -0.15692564
    endloop
  endfacet
  facet normal 0.22538673 0.18497011 0.95654946
    outer loop
      vertex -0.025953868 -0.01734182 -0.15692564
      vertex -0.050910343 -0.034017204 -0.14782073
      vertex -0.043295688 -0.043295688 -0.14782073
    endloop
  endfacet
  facet normal 0.22538673 0.18497011 0.95654946
    outer loop
      vertex -0.025953868 -0.01734182 -0.15692564
      vertex -0.043295688 -0.043295688 -0.14782073
      vertex -0.02207195 -0.02207195 -0.15692564
    endloop
  endfacet
  facet normal 0.18497011 0.22538673 0.95654946
    outer loop
      vertex -0.02207195 -0.02207195 -0.15692564
      vertex -0.043295688 -0.043295688 -0.14782073
      vertex -0.034017204 -0.050910343 -0.14782073
    endloop
  endfacet
  facet normal 0.18497011 0.22538673 0.95654946
    outer loop
      vertex -0.02207195 -0.02207195 -0.15692564
      vertex -0.034017204 -0.050910343 -0.14782073
      vertex -0.01734182 -0.025953868 -0.15692564
    endloop
  endfacet
  facet normal 0.13744519 0.25714187 0.95654946
    outer loop
      vertex -0.01734182 -0.025953868 -0.15692564
      vertex -0.034017204 -0.050910343 -0.14782073
      vertex -0.023431458 -0.056568542 -0.14782073
    endloop
  endfacet
  facet normal 0.13744519 0.25714187 0.95654946
    outer loop
      vertex -0.01734182 -0.025953868 -0.15692564
      vertex -0.023431458 -0.056568542 -0.14782073
      vertex -0.011945253 -0.028838393 -0.15692564
    endloop
  endfacet
  facet normal 0.084638332 0.27901519 0.95654946
    outer loop
      vertex -0.011945253 -0.028838393 -0.15692564
      vertex -0.023431458 -0.056568542 -0.14782073
      vertex -0.011945253 -0.060052844 -0.14782073
    endloop
  endfacet
  facet normal 0.084638332 0.27901519 0.95654946
    outer loop
      vertex -0.011945253 -0.028838393 -0.15692564
      vertex -0.011945253 -0.060052844 -0.14782073
      vertex -0.0060896374 -0.030614675 -0.15692564
    endloop
  endfacet
  facet normal 0.028578867 0.29016611 0.95654946
    outer loop
      vertex -0.0060896374 -0.030614675 -0.15692564
      vertex -0.011945253 -0.060052844 -0.14782073
      vertex -1.1247649e-17 -0.061229349 -0.14782073
    endloop
  endfacet
  facet normal 0.028578867 0.29016611 0.95654946
    outer loop
      vertex -0.0060896374 -0.030614675 -0.15692564
      vertex -1.1247649e-17 -0.061229349 -0.14782073
      vertex -5.7340017e-18 -0.031214452 -0.15692564
    endloop
  endfacet
  facet normal -0.028578867 0.29016611 0.95654946
    outer loop
      vertex -5.7340017e-18 -0.031214452 -0.15692564
      vertex -1.1247649e-17 -0.061229349 -0.14782073
      vertex 0.011945253 -0.060052844 -0.14782073
    endloop
  endfacet
  facet normal -0.028578867 0.29016611 0.95654946
    outer loop
      vertex -5.7340017e-18 -0.031214452 -0.15692564
      vertex 0.011945253 -0.060052844 -0.14782073
      vertex 0.0060896374 -0.030614675 -0.15692564
    endloop
  endfacet
  facet normal -0.084638332 0.27901519 0.95654946
    outer loop
      vertex 0.0060896374 -0.030614675 -0.15692564
      vertex 0.011945253 -0.060052844 -0.14782073
      vertex 0.023431458 -0.056568542 -0.14782073
    endloop
  endfacet
  facet normal -0.084638332 0.27901519 0.95654946
    outer loop
      vertex 0.0060896374 -0.030614675 -0.15692564
      vertex 0.023431458 -0.056568542 -0.14782073
      vertex 0.011945253 -0.028838393 -0.15692564
    endloop
  endfacet
  facet normal -0.13744519 0.25714187 0.95654946
    outer loop
      vertex 0.011945253 -0.028838393 -0.15692564
      vertex 0.023431458 -0.056568542 -0.14782073
      vertex 0.034017204 -0.050910343 -0.14782073
    endloop
  endfacet
  facet normal -0.13744519 0.25714187 0.95654946
    outer loop
      vertex 0.011945253 -0.028838393 -0.15692564
      vertex 0.034017204 -0.050910343 -0.14782073
      vertex 0.01734182 -0.025953868 -0.15692564
    endloop
  endfacet
  facet normal -0.18497011 0.22538673 0.95654946
    outer loop
      vertex 0.01734182 -0.025953868 -0.15692564
      vertex 0.034017204 -0.050910343 -0.14782073
      vertex 0.043295688 -0.043295688 -0.14782073
    endloop
  endfacet
  facet normal -0.18497011 0.22538673 0.95654946
    outer loop
      vertex 0.01734182 -0.025953868 -0.15692564
      vertex 0.043295688 -0.043295688 -0.14782073
      vertex 0.02207195 -0.02207195 -0.15692564
    endloop
  endfacet
  facet normal -0.22538673 0.18497011 0.95654946
    outer loop
      vertex 0.02207195 -0.02207195 -0.15692564
      vertex 0.043295688 -0.043295688 -0.14782073
      vertex 0.050910343 -0.034017204 -0.14782073
    endloop
  endfacet
  facet normal -0.22538673 0.18497011 0.95654946
    outer loop
      vertex 0.02207195 -0.02207195 -0.15692564
      vertex 0.050910343 -0.034017204 -0.14782073
      vertex 0.025953868 -0.01734182 -0.15692564
    endloop
  endfacet
  facet normal -0.25714187 0.13744519 0.95654946
    outer loop
      vertex 0.025953868 -0.01734182 -0.15692564
      vertex 0.050910343 -0.034017204 -0.14782073
      vertex 0.056568542 -0.023431458 -0.14782073
    endloop
  endfacet
  facet normal -0.25714187 0.13744519 0.95654946
    outer loop
      vertex 0.025953868 -0.01734182 -0.15692564
      vertex 0.056568542 -0.023431458 -0.14782073
      vertex 0.028838393 -0.011945253 -0.15692564
    endloop
  endfacet
  facet normal -0.27901519 0.084638332 0.95654946
    outer loop
      vertex 0.028838393 -0.011945253 -0.15692564
      vertex 0.056568542 -0.023431458 -0.14782073
      vertex 0.060052844 -0.011945253 -0.14782073
    endloop
  endfacet
  facet normal -0.27901519 0.084638332 0.95654946
    outer loop
      vertex 0.028838393 -0.011945253 -0.15692564
      vertex 0.060052844 -0.011945253 -0.14782073
      vertex 0.030614675 -0.0060896374 -0.15692564
    endloop
  endfacet
  facet normal -0.29016611 0.028578867 0.95654946
    outer loop
      vertex 0.030614675 -0.0060896374 -0.15692564
      vertex 0.060052844 -0.011945253 -0.14782073
      vertex 0.061229349 -1.4996865e-17 -0.14782073
    endloop
  endfacet
  facet normal -0.29016611 0.028578867 0.95654946
    outer loop
      vertex 0.030614675 -0.0060896374 -0.15692564
      vertex 0.061229349 -1.4996865e-17 -0.14782073
      vertex 0.031214452 -7.6453356e-18 -0.15692564
    endloop
  endfacet
  facet normal -0.47088948 -0.046378566 0.88097226
    outer loop
      vertex 0.061229349 0 -0.14782073
      vertex 0.088891237 0 -0.13303514
      vertex 0.087183217 0.01734182 -0.13303514
    endloop
  endfacet
  facet normal -0.47088948 -0.046378566 0.88097226
    outer loop
      vertex 0.061229349 0 -0.14782073
      vertex 0.087183217 0.01734182 -0.13303514
      vertex 0.060052844 0.011945253 -0.14782073
    endloop
  endfacet
  facet normal -0.45279346 -0.1373534 0.88097226
    outer loop
      vertex 0.060052844 0.011945253 -0.14782073
      vertex 0.087183217 0.01734182 -0.13303514
      vertex 0.082124795 0.034017204 -0.13303514
    endloop
  endfacet
  facet normal -0.45279346 -0.1373534 0.88097226
    outer loop
      vertex 0.060052844 0.011945253 -0.14782073
      vertex 0.082124795 0.034017204 -0.13303514
      vertex 0.056568542 0.023431458 -0.14782073
    endloop
  endfacet
  facet normal -0.41729685 -0.22304981 0.88097226
    outer loop
      vertex 0.056568542 0.023431458 -0.14782073
      vertex 0.082124795 0.034017204 -0.13303514
      vertex 0.073910363 0.049385325 -0.13303514
    endloop
  endfacet
  facet normal -0.41729685 -0.22304981 0.88097226
    outer loop
      vertex 0.056568542 0.023431458 -0.14782073
      vertex 0.073910363 0.049385325 -0.13303514
      vertex 0.050910343 0.034017204 -0.14782073
    endloop
  endfacet
  facet normal -0.36576375 -0.30017455 0.88097226
    outer loop
      vertex 0.050910343 0.034017204 -0.14782073
      vertex 0.073910363 0.049385325 -0.13303514
      vertex 0.062855597 0.062855597 -0.13303514
    endloop
  endfacet
  facet normal -0.36576375 -0.30017455 0.88097226
    outer loop
      vertex 0.050910343 0.034017204 -0.14782073
      vertex 0.062855597 0.062855597 -0.13303514
      vertex 0.043295688 0.043295688 -0.14782073
    endloop
  endfacet
  facet normal -0.30017455 -0.36576375 0.88097226
    outer loop
      vertex 0.043295688 0.043295688 -0.14782073
      vertex 0.062855597 0.062855597 -0.13303514
      vertex 0.049385325 0.073910363 -0.13303514
    endloop
  endfacet
  facet normal -0.30017455 -0.36576375 0.88097226
    outer loop
      vertex 0.043295688 0.043295688 -0.14782073
      vertex 0.049385325 0.073910363 -0.13303514
      vertex 0.034017204 0.050910343 -0.14782073
    endloop
  endfacet
  facet normal -0.22304981 -0.41729685 0.88097226
    outer loop
      vertex 0.034017204 0.050910343 -0.14782073
      vertex 0.049385325 0.073910363 -0.13303514
      vertex 0.034017204 0.082124795 -0.13303514
    endloop
  endfacet
  facet normal -0.22304981 -0.41729685 0.88097226
    outer loop
      vertex 0.034017204 0.050910343 -0.14782073
      vertex 0.034017204 0.082124795 -0.13303514
      vertex 0.023431458 0.056568542 -0.14782073
    endloop
  endfacet
  facet normal -0.1373534 -0.45279346 0.88097226
    outer loop
      vertex 0.023431458 0.056568542 -0.14782073
      vertex 0.034017204 0.082124795 -0.13303514
      vertex 0.01734182 0.087183217 -0.13303514
    endloop
  endfacet
  facet normal -0.1373534 -0.45279346 0.88097226
    outer loop
      vertex 0.023431458 0.056568542 -0.14782073
      vertex 0.01734182 0.087183217 -0.13303514
      vertex 0.011945253 0.060052844 -0.14782073
    endloop
  endfacet
  facet normal -0.046378566 -0.47088948 0.88097226
    outer loop
      vertex 0.011945253 0.060052844 -0.14782073
      vertex 0.01734182 0.087183217 -0.13303514
      vertex 5.4430185e-18 0.088891237 -0.13303514
    endloop
  endfacet
  facet normal -0.046378566 -0.47088948 0.88097226
    outer loop
      vertex 0.011945253 0.060052844 -0.14782073
      vertex 5.4430185e-18 0.088891237 -0.13303514
      vertex 3.7492163e-18 0.061229349 -0.14782073
    endloop
  endfacet
  facet normal 0.046378566 -0.47088948 0.88097226
    outer loop
      vertex 3.7492163e-18 0.061229349 -0.14782073
      vertex 5.4430185e-18 0.088891237 -0.13303514
      vertex -0.01734182 0.087183217 -0.13303514
    endloop
  endfacet
  facet normal 0.046378566 -0.47088948 0.88097226
    outer loop
      vertex 3.7492163e-18 0.061229349 -0.14782073
      vertex -0.01734182 0.087183217 -0.13303514
      vertex -0.011945253 0.060052844 -0.14782073
    endloop
  endfacet
  facet normal 0.1373534 -0.45279346 0.88097226
    outer loop
      vertex -0.011945253 0.060052844 -0.14782073
      vertex -0.01734182 0.087183217 -0.13303514
      vertex -0.034017204 0.082124795 -0.13303514
    endloop
  endfacet
  facet normal 0.1373534 -0.45279346 0.88097226
    outer loop
      vertex -0.011945253 0.060052844 -0.14782073
      vertex -0.034017204 0.082124795 -0.13303514
      vertex -0.023431458 0.056568542 -0.14782073
    endloop
  endfacet
  facet normal 0.22304981 -0.41729685 0.88097226
    outer loop
      vertex -0.023431458 0.056568542 -0.14782073
      vertex -0.034017204 0.082124795 -0.13303514
      vertex -0.049385325 0.073910363 -0.13303514
    endloop
  endfacet
  facet normal 0.22304981 -0.41729685 0.88097226
    outer loop
      vertex -0.023431458 0.056568542 -0.14782073
      vertex -0.049385325 0.073910363 -0.13303514
      vertex -0.034017204 0.050910343 -0.14782073
    endloop
  endfacet
  facet normal 0.30017455 -0.36576375 0.88097226
    outer loop
      vertex -0.034017204 0.050910343 -0.14782073
      vertex -0.049385325 0.073910363 -0.13303514
      vertex -0.062855597 0.062855597 -0.13303514
    endloop
  endfacet
  facet normal 0.30017455 -0.36576375 0.88097226
    outer loop
      vertex -0.034017204 0.050910343 -0.14782073
      vertex -0.062855597 0.062855597 -0.13303514
      vertex -0.043295688 0.043295688 -0.14782073
    endloop
  endfacet
  facet normal 0.36576375 -0.30017455 0.88097226
    outer loop
      vertex -0.043295688 0.043295688 -0.14782073
      vertex -0.062855597 0.062855597 -0.13303514
      vertex -0.073910363 0.049385325 -0.13303514
    endloop
  endfacet
  facet normal 0.36576375 -0.30017455 0.88097226
    outer loop
      vertex -0.043295688 0.043295688 -0.14782073
      vertex -0.073910363 0.049385325 -0.13303514
      vertex -0.050910343 0.034017204 -0.14782073
    endloop
  endfacet
  facet normal 0.41729685 -0.22304981 0.88097226
    outer loop
      vertex -0.050910343 0.034017204 -0.14782073
      vertex -0.073910363 0.049385325 -0.13303514
      vertex -0.082124795 0.034017204 -0.13303514
    endloop
  endfacet
  facet normal 0.41729685 -0.22304981 0.88097226
    outer loop
      vertex -0.050910343 0.034017204 -0.14782073
      vertex -0.082124795 0.034017204 -0.13303514
      vertex -0.056568542 0.023431458 -0.14782073
    endloop
  endfacet
  facet normal 0.45279346 -0.1373534 0.88097226
    outer loop
      vertex -0.056568542 0.023431458 -0.14782073
      vertex -0.082124795 0.034017204 -0.13303514
      vertex -0.087183217 0.01734182 -0.13303514
    endloop
  endfacet
  facet normal 0.45279346 -0.1373534 0.88097226
    outer loop
      vertex -0.056568542 0.023431458 -0.14782073
      vertex -0.087183217 0.01734182 -0.13303514
      vertex -0.060052844 0.011945253 -0.14782073
    endloop
  endfacet
  facet normal 0.47088948 -0.046378566 0.88097226
    outer loop
      vertex -0.060052844 0.011945253 -0.14782073
      vertex -0.087183217 0.01734182 -0.13303514
      vertex -0.088891237 1.0886037e-17 -0.13303514
    endloop
  endfacet
  facet normal 0.47088948 -0.046378566 0.88097226
    outer loop
      vertex -0.060052844 0.011945253 -0.14782073
      vertex -0.088891237 1.0886037e-17 -0.13303514
      vertex -0.061229349 7.4984326e-18 -0.14782073
    endloop
  endfacet
  facet normal 0.47088948 0.046378566 0.88097226
    outer loop
      vertex -0.061229349 7.4984326e-18 -0.14782073
      vertex -0.088891237 1.0886037e-17 -0.13303514
      vertex -0.087183217 -0.01734182 -0.13303514
    endloop
  endfacet
  facet normal 0.47088948 0.046378566 0.88097226
    outer loop
      vertex -0.061229349 7.4984326e-18 -0.14782073
      vertex -0.087183217 -0.01734182 -0.13303514
      vertex -0.060052844 -0.011945253 -0.14782073
    endloop
  endfacet
  facet normal 0.45279346 0.1373534 0.88097226
    outer loop
      vertex -0.060052844 -0.011945253 -0.14782073
      vertex -0.087183217 -0.01734182 -0.13303514
      vertex -0.082124795 -0.034017204 -0.13303514
    endloop
  endfacet
  facet normal 0.45279346 0.1373534 0.88097226
    outer loop
      vertex -0.060052844 -0.011945253 -0.14782073
      vertex -0.082124795 -0.034017204 -0.13303514
      vertex -0.056568542 -0.023431458 -0.14782073
    endloop
  endfacet
  facet normal 0.41729685 0.22304981 0.88097226
    outer loop
      vertex -0.056568542 -0.023431458 -0.14782073
      vertex -0.082124795 -0.034017204 -0.13303514
      vertex -0.073910363 -0.049385325 -0.13303514
    endloop
  endfacet
  facet normal 0.41729685 0.22304981 0.88097226
    outer loop
      vertex -0.056568542 -0.023431458 -0.14782073
      vertex -0.073910363 -0.049385325 -0.13303514
      vertex -0.050910343 -0.034017204 -0.14782073
    endloop
  endfacet
  facet normal 0.36576375 0.30017455 0.88097226
    outer loop
      vertex -0.050910343 -0.034017204 -0.14782073
      vertex -0.073910363 -0.049385325 -0.13303514
      vertex -0.062855597 -0.062855597 -0.13303514
    endloop
  endfacet
  facet normal 0.36576375 0.30017455 0.88097226
    outer loop
      vertex -0.050910343 -0.034017204 -0.14782073
      vertex -0.062855597 -0.062855597 -0.13303514
      vertex -0.043295688 -0.043295688 -0.14782073
    endloop
  endfacet
  facet normal 0.30017455 0.36576375 0.88097226
    outer loop
      vertex -0.043295688 -0.043295688 -0.14782073
      vertex -0.062855597 -0.062855597 -0.13303514
      vertex -0.049385325 -0.073910363 -0.13303514
    endloop
  endfacet
  facet normal 0.30017455 0.36576375 0.88097226
    outer loop
      vertex -0.043295688 -0.043295688 -0.14782073
      vertex -0.049385325 -0.073910363 -0.13303514
      vertex -0.034017204 -0.050910343 -0.14782073
    endloop
  endfacet
  facet normal 0.22304981 0.41729685 0.88097226
    outer loop
      vertex -0.034017204 -0.050910343 -0.14782073
      vertex -0.049385325 -0.073910363 -0.13303514
      vertex -0.034017204 -0.082124795 -0.13303514
    endloop
  endfacet
  facet normal 0.22304981 0.41729685 0.88097226
    outer loop
      vertex -0.034017204 -0.050910343 -0.14782073
      vertex -0.034017204 -0.082124795 -0.13303514
      vertex -0.023431458 -0.056568542 -0.14782073
    endloop
  endfacet
  facet normal 0.1373534 0.45279346 0.88097226
    outer loop
      vertex -0.023431458 -0.056568542 -0.14782073
      vertex -0.034017204 -0.082124795 -0.13303514
      vertex -0.01734182 -0.087183217 -0.13303514
    endloop
  endfacet
  facet normal 0.1373534 0.45279346 0.88097226
    outer loop
      vertex -0.023431458 -0.056568542 -0.14782073
      vertex -0.01734182 -0.087183217 -0.13303514
      vertex -0.011945253 -0.060052844 -0.14782073
    endloop
  endfacet
  facet normal 0.046378566 0.47088948 0.88097226
    outer loop
      vertex -0.011945253 -0.060052844 -0.14782073
      vertex -0.01734182 -0.087183217 -0.13303514
      vertex -1.6329055e-17 -0.088891237 -0.13303514
    endloop
  endfacet
  facet normal 0.046378566 0.47088948 0.88097226
    outer loop
      vertex -0.011945253 -0.060052844 -0.14782073
      vertex -1.6329055e-17 -0.088891237 -0.13303514
      vertex -1.1247649e-17 -0.061229349 -0.14782073
    endloop
  endfacet
  facet normal -0.046378566 0.47088948 0.88097226
    outer loop
      vertex -1.1247649e-17 -0.061229349 -0.14782073
      vertex -1.6329055e-17 -0.088891237 -0.13303514
      vertex 0.01734182 -0.087183217 -0.13303514
    endloop
  endfacet
  facet normal -0.046378566 0.47088948 0.88097226
    outer loop
      vertex -1.1247649e-17 -0.061229349 -0.14782073
      vertex 0.01734182 -0.087183217 -0.13303514
      vertex 0.011945253 -0.060052844 -0.14782073
    endloop
  endfacet
  facet normal -0.1373534 0.45279346 0.88097226
    outer loop
      vertex 0.011945253 -0.060052844 -0.14782073
      vertex 0.01734182 -0.087183217 -0.13303514
      vertex 0.034017204 -0.082124795 -0.13303514
    endloop
  endfacet
  facet normal -0.1373534 0.45279346 0.88097226
    outer loop
      vertex 0.011945253 -0.060052844 -0.14782073
      vertex 0.034017204 -0.082124795 -0.13303514
      vertex 0.023431458 -0.056568542 -0.14782073
    endloop
  endfacet
  facet normal -0.22304981 0.41729685 0.88097226
    outer loop
      vertex 0.023431458 -0.056568542 -0.14782073
      vertex 0.034017204 -0.082124795 -0.13303514
      vertex 0.049385325 -0.073910363 -0.13303514
    endloop
  endfacet
  facet normal -0.22304981 0.41729685 0.88097226
    outer loop
      vertex 0.023431458 -0.056568542 -0.14782073
      vertex 0.049385325 -0.073910363 -0.13303514
      vertex 0.034017204 -0.050910343 -0.14782073
    endloop
  endfacet
  facet normal -0.30017455 0.36576375 0.88097226
    outer loop
      vertex 0.034017204 -0.050910343 -0.14782073
      vertex 0.049385325 -0.073910363 -0.13303514
      vertex 0.062855597 -0.062855597 -0.13303514
    endloop
  endfacet
  facet normal -0.30017455 0.36576375 0.88097226
    outer loop
      vertex 0.034017204 -0.050910343 -0.14782073
      vertex 0.062855597 -0.062855597 -0.13303514
      vertex 0.043295688 -0.043295688 -0.14782073
    endloop
  endfacet
  facet normal -0.36576375 0.30017455 0.88097226
    outer loop
      vertex 0.043295688 -0.043295688 -0.14782073
      vertex 0.062855597 -0.062855597 -0.13303514
      vertex 0.073910363 -0.049385325 -0.13303514
    endloop
  endfacet
  facet normal -0.36576375 0.30017455 0.88097226
    outer loop
      vertex 0.043295688 -0.043295688 -0.14782073
      vertex 0.073910363 -0.049385325 -0.13303514
      vertex 0.050910343 -0.034017204 -0.14782073
    endloop
  endfacet
  facet normal -0.41729685 0.22304981 0.88097226
    outer loop
      vertex 0.050910343 -0.034017204 -0.14782073
      vertex 0.073910363 -0.049385325 -0.13303514
      vertex 0.082124795 -0.034017204 -0.13303514
    endloop
  endfacet
  facet normal -0.41729685 0.22304981 0.88097226
    outer loop
      vertex 0.050910343 -0.034017204 -0.14782073
      vertex 0.082124795 -0.034017204 -0.13303514
      vertex 0.056568542 -0.023431458 -0.14782073
    endloop
  endfacet
  facet normal -0.45279346 0.1373534 0.88097226
    outer loop
      vertex 0.056568542 -0.023431458 -0.14782073
      vertex 0.082124795 -0.034017204 -0.13303514
      vertex 0.087183217 -0.01734182 -0.13303514
    endloop
  endfacet
  facet normal -0.45279346 0.1373534 0.88097226
    outer loop
      vertex 0.056568542 -0.023431458 -0.14782073
      vertex 0.087183217 -0.01734182 -0.13303514
      vertex 0.060052844 -0.011945253 -0.14782073
    endloop
  endfacet
  facet normal -0.47088948 0.046378566 0.88097226
    outer loop
      vertex 0.060052844 -0.011945253 -0.14782073
      vertex 0.087183217 -0.01734182 -0.13303514
      vertex 0.088891237 -2.1772074e-17 -0.13303514
    endloop
  endfacet
  facet normal -0.47088948 0.046378566 0.88097226
    outer loop
      vertex 0.060052844 -0.011945253 -0.14782073
      vertex 0.088891237 -2.1772074e-17 -0.13303514
      vertex 0.061229349 -1.4996865e-17 -0.14782073
    endloop
  endfacet
  facet normal -0.63315855 -0.062360674 0.77150593
    outer loop
      vertex 0.088891237 0 -0.13303514
      vertex 0.11313708 0 -0.11313708
      vertex 0.11096319 0.02207195 -0.11313708
    endloop
  endfacet
  facet normal -0.63315855 -0.062360674 0.77150593
    outer loop
      vertex 0.088891237 0 -0.13303514
      vertex 0.11096319 0.02207195 -0.11313708
      vertex 0.087183217 0.01734182 -0.13303514
    endloop
  endfacet
  facet normal -0.60882662 -0.18468554 0.77150593
    outer loop
      vertex 0.087183217 0.01734182 -0.13303514
      vertex 0.11096319 0.02207195 -0.11313708
      vertex 0.10452504 0.043295688 -0.11313708
    endloop
  endfacet
  facet normal -0.60882662 -0.18468554 0.77150593
    outer loop
      vertex 0.087183217 0.01734182 -0.13303514
      vertex 0.10452504 0.043295688 -0.11313708
      vertex 0.082124795 0.034017204 -0.13303514
    endloop
  endfacet
  facet normal -0.56109783 -0.29991304 0.77150593
    outer loop
      vertex 0.082124795 0.034017204 -0.13303514
      vertex 0.10452504 0.043295688 -0.11313708
      vertex 0.094070048 0.062855597 -0.11313708
    endloop
  endfacet
  facet normal -0.56109783 -0.29991304 0.77150593
    outer loop
      vertex 0.082124795 0.034017204 -0.13303514
      vertex 0.094070048 0.062855597 -0.11313708
      vertex 0.073910363 0.049385325 -0.13303514
    endloop
  endfacet
  facet normal -0.49180636 -0.40361505 0.77150593
    outer loop
      vertex 0.073910363 0.049385325 -0.13303514
      vertex 0.094070048 0.062855597 -0.11313708
      vertex 0.08 0.08 -0.11313708
    endloop
  endfacet
  facet normal -0.49180636 -0.40361505 0.77150593
    outer loop
      vertex 0.073910363 0.049385325 -0.13303514
      vertex 0.08 0.08 -0.11313708
      vertex 0.062855597 0.062855597 -0.13303514
    endloop
  endfacet
  facet normal -0.40361505 -0.49180636 0.77150593
    outer loop
      vertex 0.062855597 0.062855597 -0.13303514
      vertex 0.08 0.08 -0.11313708
      vertex 0.062855597 0.094070048 -0.11313708
    endloop
  endfacet
  facet normal -0.40361505 -0.49180636 0.77150593
    outer loop
      vertex 0.062855597 0.062855597 -0.13303514
      vertex 0.062855597 0.094070048 -0.11313708
      vertex 0.049385325 0.073910363 -0.13303514
    endloop
  endfacet
  facet normal -0.29991304 -0.56109783 0.77150593
    outer loop
      vertex 0.049385325 0.073910363 -0.13303514
      vertex 0.062855597 0.094070048 -0.11313708
      vertex 0.043295688 0.10452504 -0.11313708
    endloop
  endfacet
  facet normal -0.29991304 -0.56109783 0.77150593
    outer loop
      vertex 0.049385325 0.073910363 -0.13303514
      vertex 0.043295688 0.10452504 -0.11313708
      vertex 0.034017204 0.082124795 -0.13303514
    endloop
  endfacet
  facet normal -0.18468554 -0.60882662 0.77150593
    outer loop
      vertex 0.034017204 0.082124795 -0.13303514
      vertex 0.043295688 0.10452504 -0.11313708
      vertex 0.02207195 0.11096319 -0.11313708
    endloop
  endfacet
  facet normal -0.18468554 -0.60882662 0.77150593
    outer loop
      vertex 0.034017204 0.082124795 -0.13303514
      vertex 0.02207195 0.11096319 -0.11313708
      vertex 0.01734182 0.087183217 -0.13303514
    endloop
  endfacet
  facet normal -0.062360674 -0.63315855 0.77150593
    outer loop
      vertex 0.01734182 0.087183217 -0.13303514
      vertex 0.02207195 0.11096319 -0.11313708
      vertex 6.9276484e-18 0.11313708 -0.11313708
    endloop
  endfacet
  facet normal -0.062360674 -0.63315855 0.77150593
    outer loop
      vertex 0.01734182 0.087183217 -0.13303514
      vertex 6.9276484e-18 0.11313708 -0.11313708
      vertex 5.4430185e-18 0.088891237 -0.13303514
    endloop
  endfacet
  facet normal 0.062360674 -0.63315855 0.77150593
    outer loop
      vertex 5.4430185e-18 0.088891237 -0.13303514
      vertex 6.9276484e-18 0.11313708 -0.11313708
      vertex -0.02207195 0.11096319 -0.11313708
    endloop
  endfacet
  facet normal 0.062360674 -0.63315855 0.77150593
    outer loop
      vertex 5.4430185e-18 0.088891237 -0.13303514
      vertex -0.02207195 0.11096319 -0.11313708
      vertex -0.01734182 0.087183217 -0.13303514
    endloop
  endfacet
  facet normal 0.18468554 -0.60882662 0.77150593
    outer loop
      vertex -0.01734182 0.087183217 -0.13303514
      vertex -0.02207195 0.11096319 -0.11313708
      vertex -0.043295688 0.10452504 -0.11313708
    endloop
  endfacet
  facet normal 0.18468554 -0.60882662 0.77150593
    outer loop
      vertex -0.01734182 0.087183217 -0.13303514
      vertex -0.043295688 0.10452504 -0.11313708
      vertex -0.034017204 0.082124795 -0.13303514
    endloop
  endfacet
  facet normal 0.29991304 -0.56109783 0.77150593
    outer loop
      vertex -0.034017204 0.082124795 -0.13303514
      vertex -0.043295688 0.10452504 -0.11313708
      vertex -0.062855597 0.094070048 -0.11313708
    endloop
  endfacet
  facet normal 0.29991304 -0.56109783 0.77150593
    outer loop
      vertex -0.034017204 0.082124795 -0.13303514
      vertex -0.062855597 0.094070048 -0.11313708
      vertex -0.049385325 0.073910363 -0.13303514
    endloop
  endfacet
  facet normal 0.40361505 -0.49180636 0.77150593
    outer loop
      vertex -0.049385325 0.073910363 -0.13303514
      vertex -0.062855597 0.094070048 -0.11313708
      vertex -0.08 0.08 -0.11313708
    endloop
  endfacet
  facet normal 0.40361505 -0.49180636 0.77150593
    outer loop
      vertex -0.049385325 0.073910363 -0.13303514
      vertex -0.08 0.08 -0.11313708
      vertex -0.062855597 0.062855597 -0.13303514
    endloop
  endfacet
  facet normal 0.49180636 -0.40361505 0.77150593
    outer loop
      vertex -0.062855597 0.062855597 -0.13303514
      vertex -0.08 0.08 -0.11313708
      vertex -0.094070048 0.062855597 -0.11313708
    endloop
  endfacet
  facet normal 0.49180636 -0.40361505 0.77150593
    outer loop
      vertex -0.062855597 0.062855597 -0.13303514
      vertex -0.094070048 0.062855597 -0.11313708
      vertex -0.073910363 0.049385325 -0.13303514
    endloop
  endfacet
  facet normal 0.56109783 -0.29991304 0.77150593
    outer loop
      vertex -0.073910363 0.049385325 -0.13303514
      vertex -0.094070048 0.062855597 -0.11313708
      vertex -0.10452504 0.043295688 -0.11313708
    endloop
  endfacet
  facet normal 0.56109783 -0.29991304 0.77150593
    outer loop
      vertex -0.073910363 0.049385325 -0.13303514
      vertex -0.10452504 0.043295688 -0.11313708
      vertex -0.082124795 0.034017204 -0.13303514
    endloop
  endfacet
  facet normal 0.60882662 -0.18468554 0.77150593
    outer loop
      vertex -0.082124795 0.034017204 -0.13303514
      vertex -0.10452504 0.043295688 -0.11313708
      vertex -0.11096319 0.02207195 -0.11313708
    endloop
  endfacet
  facet normal 0.60882662 -0.18468554 0.77150593
    outer loop
      vertex -0.082124795 0.034017204 -0.13303514
      vertex -0.11096319 0.02207195 -0.11313708
      vertex -0.087183217 0.01734182 -0.13303514
    endloop
  endfacet
  facet normal 0.63315855 -0.062360674 0.77150593
    outer loop
      vertex -0.087183217 0.01734182 -0.13303514
      vertex -0.11096319 0.02207195 -0.11313708
      vertex -0.11313708 1.3855297e-17 -0.11313708
    endloop
  endfacet
  facet normal 0.63315855 -0.062360674 0.77150593
    outer loop
      vertex -0.087183217 0.01734182 -0.13303514
      vertex -0.11313708 1.3855297e-17 -0.11313708
      vertex -0.088891237 1.0886037e-17 -0.13303514
    endloop
  endfacet
  facet normal 0.63315855 0.062360674 0.77150593
    outer loop
      vertex -0.088891237 1.0886037e-17 -0.13303514
      vertex -0.11313708 1.3855297e-17 -0.11313708
      vertex -0.11096319 -0.02207195 -0.11313708
    endloop
  endfacet
  facet normal 0.63315855 0.062360674 0.77150593
    outer loop
      vertex -0.088891237 1.0886037e-17 -0.13303514
      vertex -0.11096319 -0.02207195 -0.11313708
      vertex -0.087183217 -0.01734182 -0.13303514
    endloop
  endfacet
  facet normal 0.60882662 0.18468554 0.77150593
    outer loop
      vertex -0.087183217 -0.01734182 -0.13303514
      vertex -0.11096319 -0.02207195 -0.11313708
      vertex -0.10452504 -0.043295688 -0.11313708
    endloop
  endfacet
  facet normal 0.60882662 0.18468554 0.77150593
    outer loop
      vertex -0.087183217 -0.01734182 -0.13303514
      vertex -0.10452504 -0.043295688 -0.11313708
      vertex -0.082124795 -0.034017204 -0.13303514
    endloop
  endfacet
  facet normal 0.56109783 0.29991304 0.77150593
    outer loop
      vertex -0.082124795 -0.034017204 -0.13303514
      vertex -0.10452504 -0.043295688 -0.11313708
      vertex -0.094070048 -0.062855597 -0.11313708
    endloop
  endfacet
  facet normal 0.56109783 0.29991304 0.77150593
    outer loop
      vertex -0.082124795 -0.034017204 -0.13303514
      vertex -0.094070048 -0.062855597 -0.11313708
      vertex -0.073910363 -0.049385325 -0.13303514
    endloop
  endfacet
  facet normal 0.49180636 0.40361505 0.77150593
    outer loop
      vertex -0.073910363 -0.049385325 -0.13303514
      vertex -0.094070048 -0.062855597 -0.11313708
      vertex -0.08 -0.08 -0.11313708
    endloop
  endfacet
  facet normal 0.49180636 0.40361505 0.77150593
    outer loop
      vertex -0.073910363 -0.049385325 -0.13303514
      vertex -0.08 -0.08 -0.11313708
      vertex -0.062855597 -0.062855597 -0.13303514
    endloop
  endfacet
  facet normal 0.40361505 0.49180636 0.77150593
    outer loop
      vertex -0.062855597 -0.062855597 -0.13303514
      vertex -0.08 -0.08 -0.11313708
      vertex -0.062855597 -0.094070048 -0.11313708
    endloop
  endfacet
  facet normal 0.40361505 0.49180636 0.77150593
    outer loop
      vertex -0.062855597 -0.062855597 -0.13303514
      vertex -0.062855597 -0.094070048 -0.11313708
      vertex -0.049385325 -0.073910363 -0.13303514
    endloop
  endfacet
  facet normal 0.29991304 0.56109783 0.77150593
    outer loop
      vertex -0.049385325 -0.073910363 -0.13303514
      vertex -0.062855597 -0.094070048 -0.11313708
      vertex -0.043295688 -0.10452504 -0.11313708
    endloop
  endfacet
  facet normal 0.29991304 0.56109783 0.77150593
    outer loop
      vertex -0.049385325 -0.073910363 -0.13303514
      vertex -0.043295688 -0.10452504 -0.11313708
      vertex -0.034017204 -0.082124795 -0.13303514
    endloop
  endfacet
  facet normal 0.18468554 0.60882662 0.77150593
    outer loop
      vertex -0.034017204 -0.082124795 -0.13303514
      vertex -0.043295688 -0.10452504 -0.11313708
      vertex -0.02207195 -0.11096319 -0.11313708
    endloop
  endfacet
  facet normal 0.18468554 0.60882662 0.77150593
    outer loop
      vertex -0.034017204 -0.082124795 -0.13303514
      vertex -0.02207195 -0.11096319 -0.11313708
      vertex -0.01734182 -0.087183217 -0.13303514
    endloop
  endfacet
  facet normal 0.062360674 0.63315855 0.77150593
    outer loop
      vertex -0.01734182 -0.087183217 -0.13303514
      vertex -0.02207195 -0.11096319 -0.11313708
      vertex -2.0782945e-17 -0.11313708 -0.11313708
    endloop
  endfacet
  facet normal 0.062360674 0.63315855 0.77150593
    outer loop
      vertex -0.01734182 -0.087183217 -0.13303514
      vertex -2.0782945e-17 -0.11313708 -0.11313708
      vertex -1.6329055e-17 -0.088891237 -0.13303514
    endloop
  endfacet
  facet normal -0.062360674 0.63315855 0.77150593
    outer loop
      vertex -1.6329055e-17 -0.088891237 -0.13303514
      vertex -2.0782945e-17 -0.11313708 -0.11313708
      vertex 0.02207195 -0.11096319 -0.11313708
    endloop
  endfacet
  facet normal -0.062360674 0.63315855 0.77150593
    outer loop
      vertex -1.6329055e-17 -0.088891237 -0.13303514
      vertex 0.02207195 -0.11096319 -0.11313708
      vertex 0.01734182 -0.087183217 -0.13303514
    endloop
  endfacet
  facet normal -0.18468554 0.60882662 0.77150593
    outer loop
      vertex 0.01734182 -0.087183217 -0.13303514
      vertex 0.02207195 -0.11096319 -0.11313708
      vertex 0.043295688 -0.10452504 -0.11313708
    endloop
  endfacet
  facet normal -0.18468554 0.60882662 0.77150593
    outer loop
      vertex 0.01734182 -0.087183217 -0.13303514
      vertex 0.043295688 -0.10452504 -0.11313708
      vertex 0.034017204 -0.082124795 -0.13303514
    endloop
  endfacet
  facet normal -0.29991304 0.56109783 0.77150593
    outer loop
      vertex 0.034017204 -0.082124795 -0.13303514
      vertex 0.043295688 -0.10452504 -0.11313708
      vertex 0.062855597 -0.094070048 -0.11313708
    endloop
  endfacet
  facet normal -0.29991304 0.56109783 0.77150593
    outer loop
      vertex 0.034017204 -0.082124795 -0.13303514
      vertex 0.062855597 -0.094070048 -0.11313708
      vertex 0.049385325 -0.073910363 -0.13303514
    endloop
  endfacet
  facet normal -0.40361505 0.49180636 0.77150593
    outer loop
      vertex 0.049385325 -0.073910363 -0.13303514
      vertex 0.062855597 -0.094070048 -0.11313708
      vertex 0.08 -0.08 -0.11313708
    endloop
  endfacet
  facet normal -0.40361505 0.49180636 0.77150593
    outer loop
      vertex 0.049385325 -0.073910363 -0.13303514
      vertex 0.08 -0.08 -0.11313708
      vertex 0.062855597 -0.062855597 -0.13303514
    endloop
  endfacet
  facet normal -0.49180636 0.40361505 0.77150593
    outer loop
      vertex 0.062855597 -0.062855597 -0.13303514
      vertex 0.08 -0.08 -0.11313708
      vertex 0.094070048 -0.062855597 -0.11313708
    endloop
  endfacet
  facet normal -0.49180636 0.40361505 0.77150593
    outer loop
      vertex 0.062855597 -0.062855597 -0.13303514
      vertex 0.094070048 -0.062855597 -0.11313708
      vertex 0.073910363 -0.049385325 -0.13303514
    endloop
  endfacet
  facet normal -0.56109783 0.29991304 0.77150593
    outer loop
      vertex 0.073910363 -0.049385325 -0.13303514
      vertex 0.094070048 -0.062855597 -0.11313708
      vertex 0.10452504 -0.043295688 -0.11313708
    endloop
  endfacet
  facet normal -0.56109783 0.29991304 0.77150593
    outer loop
      vertex 0.073910363 -0.049385325 -0.13303514
      vertex 0.10452504 -0.043295688 -0.11313708
      vertex 0.082124795 -0.034017204 -0.13303514
    endloop
  endfacet
  facet normal -0.60882662 0.18468554 0.77150593
    outer loop
      vertex 0.082124795 -0.034017204 -0.13303514
      vertex 0.10452504 -0.043295688 -0.11313708
      vertex 0.11096319 -0.02207195 -0.11313708
    endloop
  endfacet
  facet normal -0.60882662 0.18468554 0.77150593
    outer loop
      vertex 0.082124795 -0.034017204 -0.13303514
      vertex 0.11096319 -0.02207195 -0.11313708
      vertex 0.087183217 -0.01734182 -0.13303514
    endloop
  endfacet
  facet normal -0.63315855 0.062360674 0.77150593
    outer loop
      vertex 0.087183217 -0.01734182 -0.13303514
      vertex 0.11096319 -0.02207195 -0.11313708
      vertex 0.11313708 -2.7710594e-17 -0.11313708
    endloop
  endfacet
  facet normal -0.63315855 0.062360674 0.77150593
    outer loop
      vertex 0.087183217 -0.01734182 -0.13303514
      vertex 0.11313708 -2.7710594e-17 -0.11313708
      vertex 0.088891237 -2.1772074e-17 -0.13303514
    endloop
  endfacet
  facet normal -0.77077976 -0.07591518 0.6325626
    outer loop
      vertex 0.11313708 0 -0.11313708
      vertex 0.13303514 0 -0.088891237
      vertex 0.13047891 0.025953868 -0.088891237
    endloop
  endfacet
  facet normal -0.77077976 -0.07591518 0.6325626
    outer loop
      vertex 0.11313708 0 -0.11313708
      vertex 0.13047891 0.025953868 -0.088891237
      vertex 0.11096319 0.02207195 -0.11313708
    endloop
  endfacet
  facet normal -0.74115913 -0.22482816 0.6325626
    outer loop
      vertex 0.11096319 0.02207195 -0.11313708
      vertex 0.13047891 0.025953868 -0.088891237
      vertex 0.12290844 0.050910343 -0.088891237
    endloop
  endfacet
  facet normal -0.74115913 -0.22482816 0.6325626
    outer loop
      vertex 0.11096319 0.02207195 -0.11313708
      vertex 0.12290844 0.050910343 -0.088891237
      vertex 0.10452504 0.043295688 -0.11313708
    endloop
  endfacet
  facet normal -0.68305616 -0.36510113 0.6325626
    outer loop
      vertex 0.10452504 0.043295688 -0.11313708
      vertex 0.12290844 0.050910343 -0.088891237
      vertex 0.11061467 0.073910363 -0.088891237
    endloop
  endfacet
  facet normal -0.68305616 -0.36510113 0.6325626
    outer loop
      vertex 0.10452504 0.043295688 -0.11313708
      vertex 0.11061467 0.073910363 -0.088891237
      vertex 0.094070048 0.062855597 -0.11313708
    endloop
  endfacet
  facet normal -0.59870373 -0.49134346 0.6325626
    outer loop
      vertex 0.094070048 0.062855597 -0.11313708
      vertex 0.11061467 0.073910363 -0.088891237
      vertex 0.094070048 0.094070048 -0.088891237
    endloop
  endfacet
  facet normal -0.59870373 -0.49134346 0.6325626
    outer loop
      vertex 0.094070048 0.062855597 -0.11313708
      vertex 0.094070048 0.094070048 -0.088891237
      vertex 0.08 0.08 -0.11313708
    endloop
  endfacet
  facet normal -0.49134346 -0.59870373 0.6325626
    outer loop
      vertex 0.08 0.08 -0.11313708
      vertex 0.094070048 0.094070048 -0.088891237
      vertex 0.073910363 0.11061467 -0.088891237
    endloop
  endfacet
  facet normal -0.49134346 -0.59870373 0.6325626
    outer loop
      vertex 0.08 0.08 -0.11313708
      vertex 0.073910363 0.11061467 -0.088891237
      vertex 0.062855597 0.094070048 -0.11313708
    endloop
  endfacet
  facet normal -0.36510113 -0.68305616 0.6325626
    outer loop
      vertex 0.062855597 0.094070048 -0.11313708
      vertex 0.073910363 0.11061467 -0.088891237
      vertex 0.050910343 0.12290844 -0.088891237
    endloop
  endfacet
  facet normal -0.36510113 -0.68305616 0.6325626
    outer loop
      vertex 0.062855597 0.094070048 -0.11313708
      vertex 0.050910343 0.12290844 -0.088891237
      vertex 0.043295688 0.10452504 -0.11313708
    endloop
  endfacet
  facet normal -0.22482816 -0.74115913 0.6325626
    outer loop
      vertex 0.043295688 0.10452504 -0.11313708
      vertex 0.050910343 0.12290844 -0.088891237
      vertex 0.025953868 0.13047891 -0.088891237
    endloop
  endfacet
  facet normal -0.22482816 -0.74115913 0.6325626
    outer loop
      vertex 0.043295688 0.10452504 -0.11313708
      vertex 0.025953868 0.13047891 -0.088891237
      vertex 0.02207195 0.11096319 -0.11313708
    endloop
  endfacet
  facet normal -0.07591518 -0.77077976 0.6325626
    outer loop
      vertex 0.02207195 0.11096319 -0.11313708
      vertex 0.025953868 0.13047891 -0.088891237
      vertex 8.1460528e-18 0.13303514 -0.088891237
    endloop
  endfacet
  facet normal -0.07591518 -0.77077976 0.6325626
    outer loop
      vertex 0.02207195 0.11096319 -0.11313708
      vertex 8.1460528e-18 0.13303514 -0.088891237
      vertex 6.9276484e-18 0.11313708 -0.11313708
    endloop
  endfacet
  facet normal 0.07591518 -0.77077976 0.6325626
    outer loop
      vertex 6.9276484e-18 0.11313708 -0.11313708
      vertex 8.1460528e-18 0.13303514 -0.088891237
      vertex -0.025953868 0.13047891 -0.088891237
    endloop
  endfacet
  facet normal 0.07591518 -0.77077976 0.6325626
    outer loop
      vertex 6.9276484e-18 0.11313708 -0.11313708
      vertex -0.025953868 0.13047891 -0.088891237
      vertex -0.02207195 0.11096319 -0.11313708
    endloop
  endfacet
  facet normal 0.22482816 -0.74115913 0.6325626
    outer loop
      vertex -0.02207195 0.11096319 -0.11313708
      vertex -0.025953868 0.13047891 -0.088891237
      vertex -0.050910343 0.12290844 -0.088891237
    endloop
  endfacet
  facet normal 0.22482816 -0.74115913 0.6325626
    outer loop
      vertex -0.02207195 0.11096319 -0.11313708
      vertex -0.050910343 0.12290844 -0.088891237
      vertex -0.043295688 0.10452504 -0.11313708
    endloop
  endfacet
  facet normal 0.36510113 -0.68305616 0.6325626
    outer loop
      vertex -0.043295688 0.10452504 -0.11313708
      vertex -0.050910343 0.12290844 -0.088891237
      vertex -0.073910363 0.11061467 -0.088891237
    endloop
  endfacet
  facet normal 0.36510113 -0.68305616 0.6325626
    outer loop
      vertex -0.043295688 0.10452504 -0.11313708
      vertex -0.073910363 0.11061467 -0.088891237
      vertex -0.062855597 0.094070048 -0.11313708
    endloop
  endfacet
  facet normal 0.49134346 -0.59870373 0.6325626
    outer loop
      vertex -0.062855597 0.094070048 -0.11313708
      vertex -0.073910363 0.11061467 -0.088891237
      vertex -0.094070048 0.094070048 -0.088891237
    endloop
  endfacet
  facet normal 0.49134346 -0.59870373 0.6325626
    outer loop
      vertex -0.062855597 0.094070048 -0.11313708
      vertex -0.094070048 0.094070048 -0.088891237
      vertex -0.08 0.08 -0.11313708
    endloop
  endfacet
  facet normal 0.59870373 -0.49134346 0.6325626
    outer loop
      vertex -0.08 0.08 -0.11313708
      vertex -0.094070048 0.094070048 -0.088891237
      vertex -0.11061467 0.073910363 -0.088891237
    endloop
  endfacet
  facet normal 0.59870373 -0.49134346 0.6325626
    outer loop
      vertex -0.08 0.08 -0.11313708
      vertex -0.11061467 0.073910363 -0.088891237
      vertex -0.094070048 0.062855597 -0.11313708
    endloop
  endfacet
  facet normal 0.68305616 -0.36510113 0.6325626
    outer loop
      vertex -0.094070048 0.062855597 -0.11313708
      vertex -0.11061467 0.073910363 -0.088891237
      vertex -0.12290844 0.050910343 -0.088891237
    endloop
  endfacet
  facet normal 0.68305616 -0.36510113 0.6325626
    outer loop
      vertex -0.094070048 0.062855597 -0.11313708
      vertex -0.12290844 0.050910343 -0.088891237
      vertex -0.10452504 0.043295688 -0.11313708
    endloop
  endfacet
  facet normal 0.74115913 -0.22482816 0.6325626
    outer loop
      vertex -0.10452504 0.043295688 -0.11313708
      vertex -0.12290844 0.050910343 -0.088891237
      vertex -0.13047891 0.025953868 -0.088891237
    endloop
  endfacet
  facet normal 0.74115913 -0.22482816 0.6325626
    outer loop
      vertex -0.10452504 0.043295688 -0.11313708
      vertex -0.13047891 0.025953868 -0.088891237
      vertex -0.11096319 0.02207195 -0.11313708
    endloop
  endfacet
  facet normal 0.77077976 -0.07591518 0.6325626
    outer loop
      vertex -0.11096319 0.02207195 -0.11313708
      vertex -0.13047891 0.025953868 -0.088891237
      vertex -0.13303514 1.6292106e-17 -0.088891237
    endloop
  endfacet
  facet normal 0.77077976 -0.07591518 0.6325626
    outer loop
      vertex -0.11096319 0.02207195 -0.11313708
      vertex -0.13303514 1.6292106e-17 -0.088891237
      vertex -0.11313708 1.3855297e-17 -0.11313708
    endloop
  endfacet
  facet normal 0.77077976 0.07591518 0.6325626
    outer loop
      vertex -0.11313708 1.3855297e-17 -0.11313708
      vertex -0.13303514 1.6292106e-17 -0.088891237
      vertex -0.13047891 -0.025953868 -0.088891237
    endloop
  endfacet
  facet normal 0.77077976 0.07591518 0.6325626
    outer loop
      vertex -0.11313708 1.3855297e-17 -0.11313708
      vertex -0.13047891 -0.025953868 -0.088891237
      vertex -0.11096319 -0.02207195 -0.11313708
    endloop
  endfacet
  facet normal 0.74115913 0.22482816 0.6325626
    outer loop
      vertex -0.11096319 -0.02207195 -0.11313708
      vertex -0.13047891 -0.025953868 -0.088891237
      vertex -0.12290844 -0.050910343 -0.088891237
    endloop
  endfacet
  facet normal 0.74115913 0.22482816 0.6325626
    outer loop
      vertex -0.11096319 -0.02207195 -0.11313708
      vertex -0.12290844 -0.050910343 -0.088891237
      vertex -0.10452504 -0.043295688 -0.11313708
    endloop
  endfacet
  facet normal 0.68305616 0.36510113 0.6325626
    outer loop
      vertex -0.10452504 -0.043295688 -0.11313708
      vertex -0.12290844 -0.050910343 -0.088891237
      vertex -0.11061467 -0.073910363 -0.088891237
    endloop
  endfacet
  facet normal 0.68305616 0.36510113 0.6325626
    outer loop
      vertex -0.10452504 -0.043295688 -0.11313708
      vertex -0.11061467 -0.073910363 -0.088891237
      vertex -0.094070048 -0.062855597 -0.11313708
    endloop
  endfacet
  facet normal 0.59870373 0.49134346 0.6325626
    outer loop
      vertex -0.094070048 -0.062855597 -0.11313708
      vertex -0.11061467 -0.073910363 -0.088891237
      vertex -0.094070048 -0.094070048 -0.088891237
    endloop
  endfacet
  facet normal 0.59870373 0.49134346 0.6325626
    outer loop
      vertex -0.094070048 -0.062855597 -0.11313708
      vertex -0.094070048 -0.094070048 -0.088891237
      vertex -0.08 -0.08 -0.11313708
    endloop
  endfacet
  facet normal 0.49134346 0.59870373 0.6325626
    outer loop
      vertex -0.08 -0.08 -0.11313708
      vertex -0.094070048 -0.094070048 -0.088891237
      vertex -0.073910363 -0.11061467 -0.088891237
    endloop
  endfacet
  facet normal 0.49134346 0.59870373 0.6325626
    outer loop
      vertex -0.08 -0.08 -0.11313708
      vertex -0.073910363 -0.11061467 -0.088891237
      vertex -0.062855597 -0.094070048 -0.11313708
    endloop
  endfacet
  facet normal 0.36510113 0.68305616 0.6325626
    outer loop
      vertex -0.062855597 -0.094070048 -0.11313708
      vertex -0.073910363 -0.11061467 -0.088891237
      vertex -0.050910343 -0.12290844 -0.088891237
    endloop
  endfacet
  facet normal 0.36510113 0.68305616 0.6325626
    outer loop
      vertex -0.062855597 -0.094070048 -0.11313708
      vertex -0.050910343 -0.12290844 -0.088891237
      vertex -0.043295688 -0.10452504 -0.11313708
    endloop
  endfacet
  facet normal 0.22482816 0.74115913 0.6325626
    outer loop
      vertex -0.043295688 -0.10452504 -0.11313708
      vertex -0.050910343 -0.12290844 -0.088891237
      vertex -0.025953868 -0.13047891 -0.088891237
    endloop
  endfacet
  facet normal 0.22482816 0.74115913 0.6325626
    outer loop
      vertex -0.043295688 -0.10452504 -0.11313708
      vertex -0.025953868 -0.13047891 -0.088891237
      vertex -0.02207195 -0.11096319 -0.11313708
    endloop
  endfacet
  facet normal 0.07591518 0.77077976 0.6325626
    outer loop
      vertex -0.02207195 -0.11096319 -0.11313708
      vertex -0.025953868 -0.13047891 -0.088891237
      vertex -2.4438158e-17 -0.13303514 -0.088891237
    endloop
  endfacet
  facet normal 0.07591518 0.77077976 0.6325626
    outer loop
      vertex -0.02207195 -0.11096319 -0.11313708
      vertex -2.4438158e-17 -0.13303514 -0.088891237
      vertex -2.0782945e-17 -0.11313708 -0.11313708
    endloop
  endfacet
  facet normal -0.07591518 0.77077976 0.6325626
    outer loop
      vertex -2.0782945e-17 -0.11313708 -0.11313708
      vertex -2.4438158e-17 -0.13303514 -0.088891237
      vertex 0.025953868 -0.13047891 -0.088891237
    endloop
  endfacet
  facet normal -0.07591518 0.77077976 0.6325626
    outer loop
      vertex -2.0782945e-17 -0.11313708 -0.11313708
      vertex 0.025953868 -0.13047891 -0.088891237
      vertex 0.02207195 -0.11096319 -0.11313708
    endloop
  endfacet
  facet normal -0.22482816 0.74115913 0.6325626
    outer loop
      vertex 0.02207195 -0.11096319 -0.11313708
      vertex 0.025953868 -0.13047891 -0.088891237
      vertex 0.050910343 -0.12290844 -0.088891237
    endloop
  endfacet
  facet normal -0.22482816 0.74115913 0.6325626
    outer loop
      vertex 0.02207195 -0.11096319 -0.11313708
      vertex 0.050910343 -0.12290844 -0.088891237
      vertex 0.043295688 -0.10452504 -0.11313708
    endloop
  endfacet
  facet normal -0.36510113 0.68305616 0.6325626
    outer loop
      vertex 0.043295688 -0.10452504 -0.11313708
      vertex 0.050910343 -0.12290844 -0.088891237
      vertex 0.073910363 -0.11061467 -0.088891237
    endloop
  endfacet
  facet normal -0.36510113 0.68305616 0.6325626
    outer loop
      vertex 0.043295688 -0.10452504 -0.11313708
      vertex 0.073910363 -0.11061467 -0.088891237
      vertex 0.062855597 -0.094070048 -0.11313708
    endloop
  endfacet
  facet normal -0.49134346 0.59870373 0.6325626
    outer loop
      vertex 0.062855597 -0.094070048 -0.11313708
      vertex 0.073910363 -0.11061467 -0.088891237
      vertex 0.094070048 -0.094070048 -0.088891237
    endloop
  endfacet
  facet normal -0.49134346 0.59870373 0.6325626
    outer loop
      vertex 0.062855597 -0.094070048 -0.11313708
      vertex 0.094070048 -0.094070048 -0.088891237
      vertex 0.08 -0.08 -0.11313708
    endloop
  endfacet
  facet normal -0.59870373 0.49134346 0.6325626
    outer loop
      vertex 0.08 -0.08 -0.11313708
      vertex 0.094070048 -0.094070048 -0.088891237
      vertex 0.11061467 -0.073910363 -0.088891237
    endloop
  endfacet
  facet normal -0.59870373 0.49134346 0.6325626
    outer loop
      vertex 0.08 -0.08 -0.11313708
      vertex 0.11061467 -0.073910363 -0.088891237
      vertex 0.094070048 -0.062855597 -0.11313708
    endloop
  endfacet
  facet normal -0.68305616 0.36510113 0.6325626
    outer loop
      vertex 0.094070048 -0.062855597 -0.11313708
      vertex 0.11061467 -0.073910363 -0.088891237
      vertex 0.12290844 -0.050910343 -0.088891237
    endloop
  endfacet
  facet normal -0.68305616 0.36510113 0.6325626
    outer loop
      vertex 0.094070048 -0.062855597 -0.11313708
      vertex 0.12290844 -0.050910343 -0.088891237
      vertex 0.10452504 -0.043295688 -0.11313708
    endloop
  endfacet
  facet normal -0.74115913 0.22482816 0.6325626
    outer loop
      vertex 0.10452504 -0.043295688 -0.11313708
      vertex 0.12290844 -0.050910343 -0.088891237
      vertex 0.13047891 -0.025953868 -0.088891237
    endloop
  endfacet
  facet normal -0.74115913 0.22482816 0.6325626
    outer loop
      vertex 0.10452504 -0.043295688 -0.11313708
      vertex 0.13047891 -0.025953868 -0.088891237
      vertex 0.11096319 -0.02207195 -0.11313708
    endloop
  endfacet
  facet normal -0.77077976 0.07591518 0.6325626
    outer loop
      vertex 0.11096319 -0.02207195 -0.11313708
      vertex 0.13047891 -0.025953868 -0.088891237
      vertex 0.13303514 -3.2584211e-17 -0.088891237
    endloop
  endfacet
  facet normal -0.77077976 0.07591518 0.6325626
    outer loop
      vertex 0.11096319 -0.02207195 -0.11313708
      vertex 0.13303514 -3.2584211e-17 -0.088891237
      vertex 0.11313708 -2.7710594e-17 -0.11313708
    endloop
  endfacet
  facet normal -0.87861295 -0.086535822 0.4696284
    outer loop
      vertex 0.13303514 0 -0.088891237
      vertex 0.14782073 0 -0.061229349
      vertex 0.14498039 0.028838393 -0.061229349
    endloop
  endfacet
  facet normal -0.87861295 -0.086535822 0.4696284
    outer loop
      vertex 0.13303514 0 -0.088891237
      vertex 0.14498039 0.028838393 -0.061229349
      vertex 0.13047891 0.025953868 -0.088891237
    endloop
  endfacet
  facet normal -0.84484835 -0.25628194 0.4696284
    outer loop
      vertex 0.13047891 0.025953868 -0.088891237
      vertex 0.14498039 0.028838393 -0.061229349
      vertex 0.13656854 0.056568542 -0.061229349
    endloop
  endfacet
  facet normal -0.84484835 -0.25628194 0.4696284
    outer loop
      vertex 0.13047891 0.025953868 -0.088891237
      vertex 0.13656854 0.056568542 -0.061229349
      vertex 0.12290844 0.050910343 -0.088891237
    endloop
  endfacet
  facet normal -0.77861669 -0.41617929 0.4696284
    outer loop
      vertex 0.12290844 0.050910343 -0.088891237
      vertex 0.13656854 0.056568542 -0.061229349
      vertex 0.12290844 0.082124795 -0.061229349
    endloop
  endfacet
  facet normal -0.77861669 -0.41617929 0.4696284
    outer loop
      vertex 0.12290844 0.050910343 -0.088891237
      vertex 0.12290844 0.082124795 -0.061229349
      vertex 0.11061467 0.073910363 -0.088891237
    endloop
  endfacet
  facet normal -0.68246324 -0.56008311 0.4696284
    outer loop
      vertex 0.11061467 0.073910363 -0.088891237
      vertex 0.12290844 0.082124795 -0.061229349
      vertex 0.10452504 0.10452504 -0.061229349
    endloop
  endfacet
  facet normal -0.68246324 -0.56008311 0.4696284
    outer loop
      vertex 0.11061467 0.073910363 -0.088891237
      vertex 0.10452504 0.10452504 -0.061229349
      vertex 0.094070048 0.094070048 -0.088891237
    endloop
  endfacet
  facet normal -0.56008311 -0.68246324 0.4696284
    outer loop
      vertex 0.094070048 0.094070048 -0.088891237
      vertex 0.10452504 0.10452504 -0.061229349
      vertex 0.082124795 0.12290844 -0.061229349
    endloop
  endfacet
  facet normal -0.56008311 -0.68246324 0.4696284
    outer loop
      vertex 0.094070048 0.094070048 -0.088891237
      vertex 0.082124795 0.12290844 -0.061229349
      vertex 0.073910363 0.11061467 -0.088891237
    endloop
  endfacet
  facet normal -0.41617929 -0.77861669 0.4696284
    outer loop
      vertex 0.073910363 0.11061467 -0.088891237
      vertex 0.082124795 0.12290844 -0.061229349
      vertex 0.056568542 0.13656854 -0.061229349
    endloop
  endfacet
  facet normal -0.41617929 -0.77861669 0.4696284
    outer loop
      vertex 0.073910363 0.11061467 -0.088891237
      vertex 0.056568542 0.13656854 -0.061229349
      vertex 0.050910343 0.12290844 -0.088891237
    endloop
  endfacet
  facet normal -0.25628194 -0.84484835 0.4696284
    outer loop
      vertex 0.050910343 0.12290844 -0.088891237
      vertex 0.056568542 0.13656854 -0.061229349
      vertex 0.028838393 0.14498039 -0.061229349
    endloop
  endfacet
  facet normal -0.25628194 -0.84484835 0.4696284
    outer loop
      vertex 0.050910343 0.12290844 -0.088891237
      vertex 0.028838393 0.14498039 -0.061229349
      vertex 0.025953868 0.13047891 -0.088891237
    endloop
  endfacet
  facet normal -0.086535822 -0.87861295 0.4696284
    outer loop
      vertex 0.025953868 0.13047891 -0.088891237
      vertex 0.028838393 0.14498039 -0.061229349
      vertex 9.0514089e-18 0.14782073 -0.061229349
    endloop
  endfacet
  facet normal -0.086535822 -0.87861295 0.4696284
    outer loop
      vertex 0.025953868 0.13047891 -0.088891237
      vertex 9.0514089e-18 0.14782073 -0.061229349
      vertex 8.1460528e-18 0.13303514 -0.088891237
    endloop
  endfacet
  facet normal 0.086535822 -0.87861295 0.4696284
    outer loop
      vertex 8.1460528e-18 0.13303514 -0.088891237
      vertex 9.0514089e-18 0.14782073 -0.061229349
      vertex -0.028838393 0.14498039 -0.061229349
    endloop
  endfacet
  facet normal 0.086535822 -0.87861295 0.4696284
    outer loop
      vertex 8.1460528e-18 0.13303514 -0.088891237
      vertex -0.028838393 0.14498039 -0.061229349
      vertex -0.025953868 0.13047891 -0.088891237
    endloop
  endfacet
  facet normal 0.25628194 -0.84484835 0.4696284
    outer loop
      vertex -0.025953868 0.13047891 -0.088891237
      vertex -0.028838393 0.14498039 -0.061229349
      vertex -0.056568542 0.13656854 -0.061229349
    endloop
  endfacet
  facet normal 0.25628194 -0.84484835 0.4696284
    outer loop
      vertex -0.025953868 0.13047891 -0.088891237
      vertex -0.056568542 0.13656854 -0.061229349
      vertex -0.050910343 0.12290844 -0.088891237
    endloop
  endfacet
  facet normal 0.41617929 -0.77861669 0.4696284
    outer loop
      vertex -0.050910343 0.12290844 -0.088891237
      vertex -0.056568542 0.13656854 -0.061229349
      vertex -0.082124795 0.12290844 -0.061229349
    endloop
  endfacet
  facet normal 0.41617929 -0.77861669 0.4696284
    outer loop
      vertex -0.050910343 0.12290844 -0.088891237
      vertex -0.082124795 0.12290844 -0.061229349
      vertex -0.073910363 0.11061467 -0.088891237
    endloop
  endfacet
  facet normal 0.56008311 -0.68246324 0.4696284
    outer loop
      vertex -0.073910363 0.11061467 -0.088891237
      vertex -0.082124795 0.12290844 -0.061229349
      vertex -0.10452504 0.10452504 -0.061229349
    endloop
  endfacet
  facet normal 0.56008311 -0.68246324 0.4696284
    outer loop
      vertex -0.073910363 0.11061467 -0.088891237
      vertex -0.10452504 0.10452504 -0.061229349
      vertex -0.094070048 0.094070048 -0.088891237
    endloop
  endfacet
  facet normal 0.68246324 -0.56008311 0.4696284
    outer loop
      vertex -0.094070048 0.094070048 -0.088891237
      vertex -0.10452504 0.10452504 -0.061229349
      vertex -0.12290844 0.082124795 -0.061229349
    endloop
  endfacet
  facet normal 0.68246324 -0.56008311 0.4696284
    outer loop
      vertex -0.094070048 0.094070048 -0.088891237
      vertex -0.12290844 0.082124795 -0.061229349
      vertex -0.11061467 0.073910363 -0.088891237
    endloop
  endfacet
  facet normal 0.77861669 -0.41617929 0.4696284
    outer loop
      vertex -0.11061467 0.073910363 -0.088891237
      vertex -0.12290844 0.082124795 -0.061229349
      vertex -0.13656854 0.056568542 -0.061229349
    endloop
  endfacet
  facet normal 0.77861669 -0.41617929 0.4696284
    outer loop
      vertex -0.11061467 0.073910363 -0.088891237
      vertex -0.13656854 0.056568542 -0.061229349
      vertex -0.12290844 0.050910343 -0.088891237
    endloop
  endfacet
  facet normal 0.84484835 -0.25628194 0.4696284
    outer loop
      vertex -0.12290844 0.050910343 -0.088891237
      vertex -0.13656854 0.056568542 -0.061229349
      vertex -0.14498039 0.028838393 -0.061229349
    endloop
  endfacet
  facet normal 0.84484835 -0.25628194 0.4696284
    outer loop
      vertex -0.12290844 0.050910343 -0.088891237
      vertex -0.14498039 0.028838393 -0.061229349
      vertex -0.13047891 0.025953868 -0.088891237
    endloop
  endfacet
  facet normal 0.87861295 -0.086535822 0.4696284
    outer loop
      vertex -0.13047891 0.025953868 -0.088891237
      vertex -0.14498039 0.028838393 -0.061229349
      vertex -0.14782073 1.8102818e-17 -0.061229349
    endloop
  endfacet
  facet normal 0.87861295 -0.086535822 0.4696284
    outer loop
      vertex -0.13047891 0.025953868 -0.088891237
      vertex -0.14782073 1.8102818e-17 -0.061229349
      vertex -0.13303514 1.6292106e-17 -0.088891237
    endloop
  endfacet
  facet normal 0.87861295 0.086535822 0.4696284
    outer loop
      vertex -0.13303514 1.6292106e-17 -0.088891237
      vertex -0.14782073 1.8102818e-17 -0.061229349
      vertex -0.14498039 -0.028838393 -0.061229349
    endloop
  endfacet
  facet normal 0.87861295 0.086535822 0.4696284
    outer loop
      vertex -0.13303514 1.6292106e-17 -0.088891237
      vertex -0.14498039 -0.028838393 -0.061229349
      vertex -0.13047891 -0.025953868 -0.088891237
    endloop
  endfacet
  facet normal 0.84484835 0.25628194 0.4696284
    outer loop
      vertex -0.13047891 -0.025953868 -0.088891237
      vertex -0.14498039 -0.028838393 -0.061229349
      vertex -0.13656854 -0.056568542 -0.061229349
    endloop
  endfacet
  facet normal 0.84484835 0.25628194 0.4696284
    outer loop
      vertex -0.13047891 -0.025953868 -0.088891237
      vertex -0.13656854 -0.056568542 -0.061229349
      vertex -0.12290844 -0.050910343 -0.088891237
    endloop
  endfacet
  facet normal 0.77861669 0.41617929 0.4696284
    outer loop
      vertex -0.12290844 -0.050910343 -0.088891237
      vertex -0.13656854 -0.056568542 -0.061229349
      vertex -0.12290844 -0.082124795 -0.061229349
    endloop
  endfacet
  facet normal 0.77861669 0.41617929 0.4696284
    outer loop
      vertex -0.12290844 -0.050910343 -0.088891237
      vertex -0.12290844 -0.082124795 -0.061229349
      vertex -0.11061467 -0.073910363 -0.088891237
    endloop
  endfacet
  facet normal 0.68246324 0.56008311 0.4696284
    outer loop
      vertex -0.11061467 -0.073910363 -0.088891237
      vertex -0.12290844 -0.082124795 -0.061229349
      vertex -0.10452504 -0.10452504 -0.061229349
    endloop
  endfacet
  facet normal 0.68246324 0.56008311 0.4696284
    outer loop
      vertex -0.11061467 -0.073910363 -0.088891237
      vertex -0.10452504 -0.10452504 -0.061229349
      vertex -0.094070048 -0.094070048 -0.088891237
    endloop
  endfacet
  facet normal 0.56008311 0.68246324 0.4696284
    outer loop
      vertex -0.094070048 -0.094070048 -0.088891237
      vertex -0.10452504 -0.10452504 -0.061229349
      vertex -0.082124795 -0.12290844 -0.061229349
    endloop
  endfacet
  facet normal 0.56008311 0.68246324 0.4696284
    outer loop
      vertex -0.094070048 -0.094070048 -0.088891237
      vertex -0.082124795 -0.12290844 -0.061229349
      vertex -0.073910363 -0.11061467 -0.088891237
    endloop
  endfacet
  facet normal 0.41617929 0.77861669 0.4696284
    outer loop
      vertex -0.073910363 -0.11061467 -0.088891237
      vertex -0.082124795 -0.12290844 -0.061229349
      vertex -0.056568542 -0.13656854 -0.061229349
    endloop
  endfacet
  facet normal 0.41617929 0.77861669 0.4696284
    outer loop
      vertex -0.073910363 -0.11061467 -0.088891237
      vertex -0.056568542 -0.13656854 -0.061229349
      vertex -0.050910343 -0.12290844 -0.088891237
    endloop
  endfacet
  facet normal 0.25628194 0.84484835 0.4696284
    outer loop
      vertex -0.050910343 -0.12290844 -0.088891237
      vertex -0.056568542 -0.13656854 -0.061229349
      vertex -0.028838393 -0.14498039 -0.061229349
    endloop
  endfacet
  facet normal 0.25628194 0.84484835 0.4696284
    outer loop
      vertex -0.050910343 -0.12290844 -0.088891237
      vertex -0.028838393 -0.14498039 -0.061229349
      vertex -0.025953868 -0.13047891 -0.088891237
    endloop
  endfacet
  facet normal 0.086535822 0.87861295 0.4696284
    outer loop
      vertex -0.025953868 -0.13047891 -0.088891237
      vertex -0.028838393 -0.14498039 -0.061229349
      vertex -2.7154227e-17 -0.14782073 -0.061229349
    endloop
  endfacet
  facet normal 0.086535822 0.87861295 0.4696284
    outer loop
      vertex -0.025953868 -0.13047891 -0.088891237
      vertex -2.7154227e-17 -0.14782073 -0.061229349
      vertex -2.4438158e-17 -0.13303514 -0.088891237
    endloop
  endfacet
  facet normal -0.086535822 0.87861295 0.4696284
    outer loop
      vertex -2.4438158e-17 -0.13303514 -0.088891237
      vertex -2.7154227e-17 -0.14782073 -0.061229349
      vertex 0.028838393 -0.14498039 -0.061229349
    endloop
  endfacet
  facet normal -0.086535822 0.87861295 0.4696284
    outer loop
      vertex -2.4438158e-17 -0.13303514 -0.088891237
      vertex 0.028838393 -0.14498039 -0.061229349
      vertex 0.025953868 -0.13047891 -0.088891237
    endloop
  endfacet
  facet normal -0.25628194 0.84484835 0.4696284
    outer loop
      vertex 0.025953868 -0.13047891 -0.088891237
      vertex 0.028838393 -0.14498039 -0.061229349
      vertex 0.056568542 -0.13656854 -0.061229349
    endloop
  endfacet
  facet normal -0.25628194 0.84484835 0.4696284
    outer loop
      vertex 0.025953868 -0.13047891 -0.088891237
      vertex 0.056568542 -0.13656854 -0.061229349
      vertex 0.050910343 -0.12290844 -0.088891237
    endloop
  endfacet
  facet normal -0.41617929 0.77861669 0.4696284
    outer loop
      vertex 0.050910343 -0.12290844 -0.088891237
      vertex 0.056568542 -0.13656854 -0.061229349
      vertex 0.082124795 -0.12290844 -0.061229349
    endloop
  endfacet
  facet normal -0.41617929 0.77861669 0.4696284
    outer loop
      vertex 0.050910343 -0.12290844 -0.088891237
      vertex 0.082124795 -0.12290844 -0.061229349
      vertex 0.073910363 -0.11061467 -0.088891237
    endloop
  endfacet
  facet normal -0.56008311 0.68246324 0.4696284
    outer loop
      vertex 0.073910363 -0.11061467 -0.088891237
      vertex 0.082124795 -0.12290844 -0.061229349
      vertex 0.10452504 -0.10452504 -0.061229349
    endloop
  endfacet
  facet normal -0.56008311 0.68246324 0.4696284
    outer loop
      vertex 0.073910363 -0.11061467 -0.088891237
      vertex 0.10452504 -0.10452504 -0.061229349
      vertex 0.094070048 -0.094070048 -0.088891237
    endloop
  endfacet
  facet normal -0.68246324 0.56008311 0.4696284
    outer loop
      vertex 0.094070048 -0.094070048 -0.088891237
      vertex 0.10452504 -0.10452504 -0.061229349
      vertex 0.12290844 -0.082124795 -0.061229349
    endloop
  endfacet
  facet normal -0.68246324 0.56008311 0.4696284
    outer loop
      vertex 0.094070048 -0.094070048 -0.088891237
      vertex 0.12290844 -0.082124795 -0.061229349
      vertex 0.11061467 -0.073910363 -0.088891237
    endloop
  endfacet
  facet normal -0.77861669 0.41617929 0.4696284
    outer loop
      vertex 0.11061467 -0.073910363 -0.088891237
      vertex 0.12290844 -0.082124795 -0.061229349
      vertex 0.13656854 -0.056568542 -0.061229349
    endloop
  endfacet
  facet normal -0.77861669 0.41617929 0.4696284
    outer loop
      vertex 0.11061467 -0.073910363 -0.088891237
      vertex 0.13656854 -0.056568542 -0.061229349
      vertex 0.12290844 -0.050910343 -0.088891237
    endloop
  endfacet
  facet normal -0.84484835 0.25628194 0.4696284
    outer loop
      vertex 0.12290844 -0.050910343 -0.088891237
      vertex 0.13656854 -0.056568542 -0.061229349
      vertex 0.14498039 -0.028838393 -0.061229349
    endloop
  endfacet
  facet normal -0.84484835 0.25628194 0.4696284
    outer loop
      vertex 0.12290844 -0.050910343 -0.088891237
      vertex 0.14498039 -0.028838393 -0.061229349
      vertex 0.13047891 -0.025953868 -0.088891237
    endloop
  endfacet
  facet normal -0.87861295 0.086535822 0.4696284
    outer loop
      vertex 0.13047891 -0.025953868 -0.088891237
      vertex 0.14498039 -0.028838393 -0.061229349
      vertex 0.14782073 -3.6205636e-17 -0.061229349
    endloop
  endfacet
  facet normal -0.87861295 0.086535822 0.4696284
    outer loop
      vertex 0.13047891 -0.025953868 -0.088891237
      vertex 0.14782073 -3.6205636e-17 -0.061229349
      vertex 0.13303514 -3.2584211e-17 -0.088891237
    endloop
  endfacet
  facet normal -0.95271813 -0.093834545 0.28900388
    outer loop
      vertex 0.14782073 0 -0.061229349
      vertex 0.15692564 0 -0.031214452
      vertex 0.15391036 0.030614675 -0.031214452
    endloop
  endfacet
  facet normal -0.95271813 -0.093834545 0.28900388
    outer loop
      vertex 0.14782073 0 -0.061229349
      vertex 0.15391036 0.030614675 -0.031214452
      vertex 0.14498039 0.028838393 -0.061229349
    endloop
  endfacet
  facet normal -0.91610571 -0.27789763 0.28900388
    outer loop
      vertex 0.14498039 0.028838393 -0.061229349
      vertex 0.15391036 0.030614675 -0.031214452
      vertex 0.14498039 0.060052844 -0.031214452
    endloop
  endfacet
  facet normal -0.91610571 -0.27789763 0.28900388
    outer loop
      vertex 0.14498039 0.028838393 -0.061229349
      vertex 0.14498039 0.060052844 -0.031214452
      vertex 0.13656854 0.056568542 -0.061229349
    endloop
  endfacet
  facet normal -0.84428785 -0.45128126 0.28900388
    outer loop
      vertex 0.13656854 0.056568542 -0.061229349
      vertex 0.14498039 0.060052844 -0.031214452
      vertex 0.13047891 0.087183217 -0.031214452
    endloop
  endfacet
  facet normal -0.84428785 -0.45128126 0.28900388
    outer loop
      vertex 0.13656854 0.056568542 -0.061229349
      vertex 0.13047891 0.087183217 -0.031214452
      vertex 0.12290844 0.082124795 -0.061229349
    endloop
  endfacet
  facet normal -0.74002449 -0.60732241 0.28900388
    outer loop
      vertex 0.12290844 0.082124795 -0.061229349
      vertex 0.13047891 0.087183217 -0.031214452
      vertex 0.11096319 0.11096319 -0.031214452
    endloop
  endfacet
  facet normal -0.74002449 -0.60732241 0.28900388
    outer loop
      vertex 0.12290844 0.082124795 -0.061229349
      vertex 0.11096319 0.11096319 -0.031214452
      vertex 0.10452504 0.10452504 -0.061229349
    endloop
  endfacet
  facet normal -0.60732241 -0.74002449 0.28900388
    outer loop
      vertex 0.10452504 0.10452504 -0.061229349
      vertex 0.11096319 0.11096319 -0.031214452
      vertex 0.087183217 0.13047891 -0.031214452
    endloop
  endfacet
  facet normal -0.60732241 -0.74002449 0.28900388
    outer loop
      vertex 0.10452504 0.10452504 -0.061229349
      vertex 0.087183217 0.13047891 -0.031214452
      vertex 0.082124795 0.12290844 -0.061229349
    endloop
  endfacet
  facet normal -0.45128126 -0.84428785 0.28900388
    outer loop
      vertex 0.082124795 0.12290844 -0.061229349
      vertex 0.087183217 0.13047891 -0.031214452
      vertex 0.060052844 0.14498039 -0.031214452
    endloop
  endfacet
  facet normal -0.45128126 -0.84428785 0.28900388
    outer loop
      vertex 0.082124795 0.12290844 -0.061229349
      vertex 0.060052844 0.14498039 -0.031214452
      vertex 0.056568542 0.13656854 -0.061229349
    endloop
  endfacet
  facet normal -0.27789763 -0.91610571 0.28900388
    outer loop
      vertex 0.056568542 0.13656854 -0.061229349
      vertex 0.060052844 0.14498039 -0.031214452
      vertex 0.030614675 0.15391036 -0.031214452
    endloop
  endfacet
  facet normal -0.27789763 -0.91610571 0.28900388
    outer loop
      vertex 0.056568542 0.13656854 -0.061229349
      vertex 0.030614675 0.15391036 -0.031214452
      vertex 0.028838393 0.14498039 -0.061229349
    endloop
  endfacet
  facet normal -0.093834545 -0.95271813 0.28900388
    outer loop
      vertex 0.028838393 0.14498039 -0.061229349
      vertex 0.030614675 0.15391036 -0.031214452
      vertex 9.6089244e-18 0.15692564 -0.031214452
    endloop
  endfacet
  facet normal -0.093834545 -0.95271813 0.28900388
    outer loop
      vertex 0.028838393 0.14498039 -0.061229349
      vertex 9.6089244e-18 0.15692564 -0.031214452
      vertex 9.0514089e-18 0.14782073 -0.061229349
    endloop
  endfacet
  facet normal 0.093834545 -0.95271813 0.28900388
    outer loop
      vertex 9.0514089e-18 0.14782073 -0.061229349
      vertex 9.6089244e-18 0.15692564 -0.031214452
      vertex -0.030614675 0.15391036 -0.031214452
    endloop
  endfacet
  facet normal 0.093834545 -0.95271813 0.28900388
    outer loop
      vertex 9.0514089e-18 0.14782073 -0.061229349
      vertex -0.030614675 0.15391036 -0.031214452
      vertex -0.028838393 0.14498039 -0.061229349
    endloop
  endfacet
  facet normal 0.27789763 -0.91610571 0.28900388
    outer loop
      vertex -0.028838393 0.14498039 -0.061229349
      vertex -0.030614675 0.15391036 -0.031214452
      vertex -0.060052844 0.14498039 -0.031214452
    endloop
  endfacet
  facet normal 0.27789763 -0.91610571 0.28900388
    outer loop
      vertex -0.028838393 0.14498039 -0.061229349
      vertex -0.060052844 0.14498039 -0.031214452
      vertex -0.056568542 0.13656854 -0.061229349
    endloop
  endfacet
  facet normal 0.45128126 -0.84428785 0.28900388
    outer loop
      vertex -0.056568542 0.13656854 -0.061229349
      vertex -0.060052844 0.14498039 -0.031214452
      vertex -0.087183217 0.13047891 -0.031214452
    endloop
  endfacet
  facet normal 0.45128126 -0.84428785 0.28900388
    outer loop
      vertex -0.056568542 0.13656854 -0.061229349
      vertex -0.087183217 0.13047891 -0.031214452
      vertex -0.082124795 0.12290844 -0.061229349
    endloop
  endfacet
  facet normal 0.60732241 -0.74002449 0.28900388
    outer loop
      vertex -0.082124795 0.12290844 -0.061229349
      vertex -0.087183217 0.13047891 -0.031214452
      vertex -0.11096319 0.11096319 -0.031214452
    endloop
  endfacet
  facet normal 0.60732241 -0.74002449 0.28900388
    outer loop
      vertex -0.082124795 0.12290844 -0.061229349
      vertex -0.11096319 0.11096319 -0.031214452
      vertex -0.10452504 0.10452504 -0.061229349
    endloop
  endfacet
  facet normal 0.74002449 -0.60732241 0.28900388
    outer loop
      vertex -0.10452504 0.10452504 -0.061229349
      vertex -0.11096319 0.11096319 -0.031214452
      vertex -0.13047891 0.087183217 -0.031214452
    endloop
  endfacet
  facet normal 0.74002449 -0.60732241 0.28900388
    outer loop
      vertex -0.10452504 0.10452504 -0.061229349
      vertex -0.13047891 0.087183217 -0.031214452
      vertex -0.12290844 0.082124795 -0.061229349
    endloop
  endfacet
  facet normal 0.84428785 -0.45128126 0.28900388
    outer loop
      vertex -0.12290844 0.082124795 -0.061229349
      vertex -0.13047891 0.087183217 -0.031214452
      vertex -0.14498039 0.060052844 -0.031214452
    endloop
  endfacet
  facet normal 0.84428785 -0.45128126 0.28900388
    outer loop
      vertex -0.12290844 0.082124795 -0.061229349
      vertex -0.14498039 0.060052844 -0.031214452
      vertex -0.13656854 0.056568542 -0.061229349
    endloop
  endfacet
  facet normal 0.91610571 -0.27789763 0.28900388
    outer loop
      vertex -0.13656854 0.056568542 -0.061229349
      vertex -0.14498039 0.060052844 -0.031214452
      vertex -0.15391036 0.030614675 -0.031214452
    endloop
  endfacet
  facet normal 0.91610571 -0.27789763 0.28900388
    outer loop
      vertex -0.13656854 0.056568542 -0.061229349
      vertex -0.15391036 0.030614675 -0.031214452
      vertex -0.14498039 0.028838393 -0.061229349
    endloop
  endfacet
  facet normal 0.95271813 -0.093834545 0.28900388
    outer loop
      vertex -0.14498039 0.028838393 -0.061229349
      vertex -0.15391036 0.030614675 -0.031214452
      vertex -0.15692564 1.9217849e-17 -0.031214452
    endloop
  endfacet
  facet normal 0.95271813 -0.093834545 0.28900388
    outer loop
      vertex -0.14498039 0.028838393 -0.061229349
      vertex -0.15692564 1.9217849e-17 -0.031214452
      vertex -0.14782073 1.8102818e-17 -0.061229349
    endloop
  endfacet
  facet normal 0.95271813 0.093834545 0.28900388
    outer loop
      vertex -0.14782073 1.8102818e-17 -0.061229349
      vertex -0.15692564 1.9217849e-17 -0.031214452
      vertex -0.15391036 -0.030614675 -0.031214452
    endloop
  endfacet
  facet normal 0.95271813 0.093834545 0.28900388
    outer loop
      vertex -0.14782073 1.8102818e-17 -0.061229349
      vertex -0.15391036 -0.030614675 -0.031214452
      vertex -0.14498039 -0.028838393 -0.061229349
    endloop
  endfacet
  facet normal 0.91610571 0.27789763 0.28900388
    outer loop
      vertex -0.14498039 -0.028838393 -0.061229349
      vertex -0.15391036 -0.030614675 -0.031214452
      vertex -0.14498039 -0.060052844 -0.031214452
    endloop
  endfacet
  facet normal 0.91610571 0.27789763 0.28900388
    outer loop
      vertex -0.14498039 -0.028838393 -0.061229349
      vertex -0.14498039 -0.060052844 -0.031214452
      vertex -0.13656854 -0.056568542 -0.061229349
    endloop
  endfacet
  facet normal 0.84428785 0.45128126 0.28900388
    outer loop
      vertex -0.13656854 -0.056568542 -0.061229349
      vertex -0.14498039 -0.060052844 -0.031214452
      vertex -0.13047891 -0.087183217 -0.031214452
    endloop
  endfacet
  facet normal 0.84428785 0.45128126 0.28900388
    outer loop
      vertex -0.13656854 -0.056568542 -0.061229349
      vertex -0.13047891 -0.087183217 -0.031214452
      vertex -0.12290844 -0.082124795 -0.061229349
    endloop
  endfacet
  facet normal 0.74002449 0.60732241 0.28900388
    outer loop
      vertex -0.12290844 -0.082124795 -0.061229349
      vertex -0.13047891 -0.087183217 -0.031214452
      vertex -0.11096319 -0.11096319 -0.031214452
    endloop
  endfacet
  facet normal 0.74002449 0.60732241 0.28900388
    outer loop
      vertex -0.12290844 -0.082124795 -0.061229349
      vertex -0.11096319 -0.11096319 -0.031214452
      vertex -0.10452504 -0.10452504 -0.061229349
    endloop
  endfacet
  facet normal 0.60732241 0.74002449 0.28900388
    outer loop
      vertex -0.10452504 -0.10452504 -0.061229349
      vertex -0.11096319 -0.11096319 -0.031214452
      vertex -0.087183217 -0.13047891 -0.031214452
    endloop
  endfacet
  facet normal 0.60732241 0.74002449 0.28900388
    outer loop
      vertex -0.10452504 -0.10452504 -0.061229349
      vertex -0.087183217 -0.13047891 -0.031214452
      vertex -0.082124795 -0.12290844 -0.061229349
    endloop
  endfacet
  facet normal 0.45128126 0.84428785 0.28900388
    outer loop
      vertex -0.082124795 -0.12290844 -0.061229349
      vertex -0.087183217 -0.13047891 -0.031214452
      vertex -0.060052844 -0.14498039 -0.031214452
    endloop
  endfacet
  facet normal 0.45128126 0.84428785 0.28900388
    outer loop
      vertex -0.082124795 -0.12290844 -0.061229349
      vertex -0.060052844 -0.14498039 -0.031214452
      vertex -0.056568542 -0.13656854 -0.061229349
    endloop
  endfacet
  facet normal 0.27789763 0.91610571 0.28900388
    outer loop
      vertex -0.056568542 -0.13656854 -0.061229349
      vertex -0.060052844 -0.14498039 -0.031214452
      vertex -0.030614675 -0.15391036 -0.031214452
    endloop
  endfacet
  facet normal 0.27789763 0.91610571 0.28900388
    outer loop
      vertex -0.056568542 -0.13656854 -0.061229349
      vertex -0.030614675 -0.15391036 -0.031214452
      vertex -0.028838393 -0.14498039 -0.061229349
    endloop
  endfacet
  facet normal 0.093834545 0.95271813 0.28900388
    outer loop
      vertex -0.028838393 -0.14498039 -0.061229349
      vertex -0.030614675 -0.15391036 -0.031214452
      vertex -2.8826773e-17 -0.15692564 -0.031214452
    endloop
  endfacet
  facet normal 0.093834545 0.95271813 0.28900388
    outer loop
      vertex -0.028838393 -0.14498039 -0.061229349
      vertex -2.8826773e-17 -0.15692564 -0.031214452
      vertex -2.7154227e-17 -0.14782073 -0.061229349
    endloop
  endfacet
  facet normal -0.093834545 0.95271813 0.28900388
    outer loop
      vertex -2.7154227e-17 -0.14782073 -0.061229349
      vertex -2.8826773e-17 -0.15692564 -0.031214452
      vertex 0.030614675 -0.15391036 -0.031214452
    endloop
  endfacet
  facet normal -0.093834545 0.95271813 0.28900388
    outer loop
      vertex -2.7154227e-17 -0.14782073 -0.061229349
      vertex 0.030614675 -0.15391036 -0.031214452
      vertex 0.028838393 -0.14498039 -0.061229349
    endloop
  endfacet
  facet normal -0.27789763 0.91610571 0.28900388
    outer loop
      vertex 0.028838393 -0.14498039 -0.061229349
      vertex 0.030614675 -0.15391036 -0.031214452
      vertex 0.060052844 -0.14498039 -0.031214452
    endloop
  endfacet
  facet normal -0.27789763 0.91610571 0.28900388
    outer loop
      vertex 0.028838393 -0.14498039 -0.061229349
      vertex 0.060052844 -0.14498039 -0.031214452
      vertex 0.056568542 -0.13656854 -0.061229349
    endloop
  endfacet
  facet normal -0.45128126 0.84428785 0.28900388
    outer loop
      vertex 0.056568542 -0.13656854 -0.061229349
      vertex 0.060052844 -0.14498039 -0.031214452
      vertex 0.087183217 -0.13047891 -0.031214452
    endloop
  endfacet
  facet normal -0.45128126 0.84428785 0.28900388
    outer loop
      vertex 0.056568542 -0.13656854 -0.061229349
      vertex 0.087183217 -0.13047891 -0.031214452
      vertex 0.082124795 -0.12290844 -0.061229349
    endloop
  endfacet
  facet normal -0.60732241 0.74002449 0.28900388
    outer loop
      vertex 0.082124795 -0.12290844 -0.061229349
      vertex 0.087183217 -0.13047891 -0.031214452
      vertex 0.11096319 -0.11096319 -0.031214452
    endloop
  endfacet
  facet normal -0.60732241 0.74002449 0.28900388
    outer loop
      vertex 0.082124795 -0.12290844 -0.061229349
      vertex 0.11096319 -0.11096319 -0.031214452
      vertex 0.10452504 -0.10452504 -0.061229349
    endloop
  endfacet
  facet normal -0.74002449 0.60732241 0.28900388
    outer loop
      vertex 0.10452504 -0.10452504 -0.061229349
      vertex 0.11096319 -0.11096319 -0.031214452
      vertex 0.13047891 -0.087183217 -0.031214452
    endloop
  endfacet
  facet normal -0.74002449 0.60732241 0.28900388
    outer loop
      vertex 0.10452504 -0.10452504 -0.061229349
      vertex 0.13047891 -0.087183217 -0.031214452
      vertex 0.12290844 -0.082124795 -0.061229349
    endloop
  endfacet
  facet normal -0.84428785 0.45128126 0.28900388
    outer loop
      vertex 0.12290844 -0.082124795 -0.061229349
      vertex 0.13047891 -0.087183217 -0.031214452
      vertex 0.14498039 -0.060052844 -0.031214452
    endloop
  endfacet
  facet normal -0.84428785 0.45128126 0.28900388
    outer loop
      vertex 0.12290844 -0.082124795 -0.061229349
      vertex 0.14498039 -0.060052844 -0.031214452
      vertex 0.13656854 -0.056568542 -0.061229349
    endloop
  endfacet
  facet normal -0.91610571 0.27789763 0.28900388
    outer loop
      vertex 0.13656854 -0.056568542 -0.061229349
      vertex 0.14498039 -0.060052844 -0.031214452
      vertex 0.15391036 -0.030614675 -0.031214452
    endloop
  endfacet
  facet normal -0.91610571 0.27789763 0.28900388
    outer loop
      vertex 0.13656854 -0.056568542 -0.061229349
      vertex 0.15391036 -0.030614675 -0.031214452
      vertex 0.14498039 -0.028838393 -0.061229349
    endloop
  endfacet
  facet normal -0.95271813 0.093834545 0.28900388
    outer loop
      vertex 0.14498039 -0.028838393 -0.061229349
      vertex 0.15391036 -0.030614675 -0.031214452
      vertex 0.15692564 -3.8435698e-17 -0.031214452
    endloop
  endfacet
  facet normal -0.95271813 0.093834545 0.28900388
    outer loop
      vertex 0.14498039 -0.028838393 -0.061229349
      vertex 0.15692564 -3.8435698e-17 -0.031214452
      vertex 0.14782073 -3.6205636e-17 -0.061229349
    endloop
  endfacet
  facet normal -0.99043835 -0.097549663 0.097549663
    outer loop
      vertex 0.15692564 0 -0.031214452
      vertex 0.16 0 0
      vertex 0.15692564 0.031214452 0
    endloop
  endfacet
  facet normal -0.99043835 -0.097549663 0.097549663
    outer loop
      vertex 0.15692564 0 -0.031214452
      vertex 0.15692564 0.031214452 0
      vertex 0.15391036 0.030614675 -0.031214452
    endloop
  endfacet
  facet normal -0.95237636 -0.28890021 0.097549663
    outer loop
      vertex 0.15391036 0.030614675 -0.031214452
      vertex 0.15692564 0.031214452 0
      vertex 0.14782073 0.061229349 0
    endloop
  endfacet
  facet normal -0.95237636 -0.28890021 0.097549663
    outer loop
      vertex 0.15391036 0.030614675 -0.031214452
      vertex 0.14782073 0.061229349 0
      vertex 0.14498039 0.060052844 -0.031214452
    endloop
  endfacet
  facet normal -0.87771508 -0.46914848 0.097549663
    outer loop
      vertex 0.14498039 0.060052844 -0.031214452
      vertex 0.14782073 0.061229349 0
      vertex 0.13303514 0.088891237 0
    endloop
  endfacet
  facet normal -0.87771508 -0.46914848 0.097549663
    outer loop
      vertex 0.14498039 0.060052844 -0.031214452
      vertex 0.13303514 0.088891237 0
      vertex 0.13047891 0.087183217 -0.031214452
    endloop
  endfacet
  facet normal -0.7693237 -0.63136765 0.097549663
    outer loop
      vertex 0.13047891 0.087183217 -0.031214452
      vertex 0.13303514 0.088891237 0
      vertex 0.11313708 0.11313708 0
    endloop
  endfacet
  facet normal -0.7693237 -0.63136765 0.097549663
    outer loop
      vertex 0.13047891 0.087183217 -0.031214452
      vertex 0.11313708 0.11313708 0
      vertex 0.11096319 0.11096319 -0.031214452
    endloop
  endfacet
  facet normal -0.63136765 -0.7693237 0.097549663
    outer loop
      vertex 0.11096319 0.11096319 -0.031214452
      vertex 0.11313708 0.11313708 0
      vertex 0.088891237 0.13303514 0
    endloop
  endfacet
  facet normal -0.63136765 -0.7693237 0.097549663
    outer loop
      vertex 0.11096319 0.11096319 -0.031214452
      vertex 0.088891237 0.13303514 0
      vertex 0.087183217 0.13047891 -0.031214452
    endloop
  endfacet
  facet normal -0.46914848 -0.87771508 0.097549663
    outer loop
      vertex 0.087183217 0.13047891 -0.031214452
      vertex 0.088891237 0.13303514 0
      vertex 0.061229349 0.14782073 0
    endloop
  endfacet
  facet normal -0.46914848 -0.87771508 0.097549663
    outer loop
      vertex 0.087183217 0.13047891 -0.031214452
      vertex 0.061229349 0.14782073 0
      vertex 0.060052844 0.14498039 -0.031214452
    endloop
  endfacet
  facet normal -0.28890021 -0.95237636 0.097549663
    outer loop
      vertex 0.060052844 0.14498039 -0.031214452
      vertex 0.061229349 0.14782073 0
      vertex 0.031214452 0.15692564 0
    endloop
  endfacet
  facet normal -0.28890021 -0.95237636 0.097549663
    outer loop
      vertex 0.060052844 0.14498039 -0.031214452
      vertex 0.031214452 0.15692564 0
      vertex 0.030614675 0.15391036 -0.031214452
    endloop
  endfacet
  facet normal -0.097549663 -0.99043835 0.097549663
    outer loop
      vertex 0.030614675 0.15391036 -0.031214452
      vertex 0.031214452 0.15692564 0
      vertex 9.7971744e-18 0.16 0
    endloop
  endfacet
  facet normal -0.097549663 -0.99043835 0.097549663
    outer loop
      vertex 0.030614675 0.15391036 -0.031214452
      vertex 9.7971744e-18 0.16 0
      vertex 9.6089244e-18 0.15692564 -0.031214452
    endloop
  endfacet
  facet normal 0.097549663 -0.99043835 0.097549663
    outer loop
      vertex 9.6089244e-18 0.15692564 -0.031214452
      vertex 9.7971744e-18 0.16 0
      vertex -0.031214452 0.15692564 0
    endloop
  endfacet
  facet normal 0.097549663 -0.99043835 0.097549663
    outer loop
      vertex 9.6089244e-18 0.15692564 -0.031214452
      vertex -0.031214452 0.15692564 0
      vertex -0.030614675 0.15391036 -0.031214452
    endloop
  endfacet
  facet normal 0.28890021 -0.95237636 0.097549663
    outer loop
      vertex -0.030614675 0.15391036 -0.031214452
      vertex -0.031214452 0.15692564 0
      vertex -0.061229349 0.14782073 0
    endloop
  endfacet
  facet normal 0.28890021 -0.95237636 0.097549663
    outer loop
      vertex -0.030614675 0.15391036 -0.031214452
      vertex -0.061229349 0.14782073 0
      vertex -0.060052844 0.14498039 -0.031214452
    endloop
  endfacet
  facet normal 0.46914848 -0.87771508 0.097549663
    outer loop
      vertex -0.060052844 0.14498039 -0.031214452
      vertex -0.061229349 0.14782073 0
      vertex -0.088891237 0.13303514 0
    endloop
  endfacet
  facet normal 0.46914848 -0.87771508 0.097549663
    outer loop
      vertex -0.060052844 0.14498039 -0.031214452
      vertex -0.088891237 0.13303514 0
      vertex -0.087183217 0.13047891 -0.031214452
    endloop
  endfacet
  facet normal 0.63136765 -0.7693237 0.097549663
    outer loop
      vertex -0.087183217 0.13047891 -0.031214452
      vertex -0.088891237 0.13303514 0
      vertex -0.11313708 0.11313708 0
    endloop
  endfacet
  facet normal 0.63136765 -0.7693237 0.097549663
    outer loop
      vertex -0.087183217 0.13047891 -0.031214452
      vertex -0.11313708 0.11313708 0
      vertex -0.11096319 0.11096319 -0.031214452
    endloop
  endfacet
  facet normal 0.7693237 -0.63136765 0.097549663
    outer loop
      vertex -0.11096319 0.11096319 -0.031214452
      vertex -0.11313708 0.11313708 0
      vertex -0.13303514 0.088891237 0
    endloop
  endfacet
  facet normal 0.7693237 -0.63136765 0.097549663
    outer loop
      vertex -0.11096319 0.11096319 -0.031214452
      vertex -0.13303514 0.088891237 0
      vertex -0.13047891 0.087183217 -0.031214452
    endloop
  endfacet
  facet normal 0.87771508 -0.46914848 0.097549663
    outer loop
      vertex -0.13047891 0.087183217 -0.031214452
      vertex -0.13303514 0.088891237 0
      vertex -0.14782073 0.061229349 0
    endloop
  endfacet
  facet normal 0.87771508 -0.46914848 0.097549663
    outer loop
      vertex -0.13047891 0.087183217 -0.031214452
      vertex -0.14782073 0.061229349 0
      vertex -0.14498039 0.060052844 -0.031214452
    endloop
  endfacet
  facet normal 0.95237636 -0.28890021 0.097549663
    outer loop
      vertex -0.14498039 0.060052844 -0.031214452
      vertex -0.14782073 0.061229349 0
      vertex -0.15692564 0.031214452 0
    endloop
  endfacet
  facet normal 0.95237636 -0.28890021 0.097549663
    outer loop
      vertex -0.14498039 0.060052844 -0.031214452
      vertex -0.15692564 0.031214452 0
      vertex -0.15391036 0.030614675 -0.031214452
    endloop
  endfacet
  facet normal 0.99043835 -0.097549663 0.097549663
    outer loop
      vertex -0.15391036 0.030614675 -0.031214452
      vertex -0.15692564 0.031214452 0
      vertex -0.16 1.9594349e-17 0
    endloop
  endfacet
  facet normal 0.99043835 -0.097549663 0.097549663
    outer loop
      vertex -0.15391036 0.030614675 -0.031214452
      vertex -0.16 1.9594349e-17 0
      vertex -0.15692564 1.9217849e-17 -0.031214452
    endloop
  endfacet
  facet normal 0.99043835 0.097549663 0.097549663
    outer loop
      vertex -0.15692564 1.9217849e-17 -0.031214452
      vertex -0.16 1.9594349e-17 0
      vertex -0.15692564 -0.031214452 0
    endloop
  endfacet
  facet normal 0.99043835 0.097549663 0.097549663
    outer loop
      vertex -0.15692564 1.9217849e-17 -0.031214452
      vertex -0.15692564 -0.031214452 0
      vertex -0.15391036 -0.030614675 -0.031214452
    endloop
  endfacet
  facet normal 0.95237636 0.28890021 0.097549663
    outer loop
      vertex -0.15391036 -0.030614675 -0.031214452
      vertex -0.15692564 -0.031214452 0
      vertex -0.14782073 -0.061229349 0
    endloop
  endfacet
  facet normal 0.95237636 0.28890021 0.097549663
    outer loop
      vertex -0.15391036 -0.030614675 -0.031214452
      vertex -0.14782073 -0.061229349 0
      vertex -0.14498039 -0.060052844 -0.031214452
    endloop
  endfacet
  facet normal 0.87771508 0.46914848 0.097549663
    outer loop
      vertex -0.14498039 -0.060052844 -0.031214452
      vertex -0.14782073 -0.061229349 0
      vertex -0.13303514 -0.088891237 0
    endloop
  endfacet
  facet normal 0.87771508 0.46914848 0.097549663
    outer loop
      vertex -0.14498039 -0.060052844 -0.031214452
      vertex -0.13303514 -0.088891237 0
      vertex -0.13047891 -0.087183217 -0.031214452
    endloop
  endfacet
  facet normal 0.7693237 0.63136765 0.097549663
    outer loop
      vertex -0.13047891 -0.087183217 -0.031214452
      vertex -0.13303514 -0.088891237 0
      vertex -0.11313708 -0.11313708 0
    endloop
  endfacet
  facet normal 0.7693237 0.63136765 0.097549663
    outer loop
      vertex -0.13047891 -0.087183217 -0.031214452
      vertex -0.11313708 -0.11313708 0
      vertex -0.11096319 -0.11096319 -0.031214452
    endloop
  endfacet
  facet normal 0.63136765 0.7693237 0.097549663
    outer loop
      vertex -0.11096319 -0.11096319 -0.031214452
      vertex -0.11313708 -0.11313708 0
      vertex -0.088891237 -0.13303514 0
    endloop
  endfacet
  facet normal 0.63136765 0.7693237 0.097549663
    outer loop
      vertex -0.11096319 -0.11096319 -0.031214452
      vertex -0.088891237 -0.13303514 0
      vertex -0.087183217 -0.13047891 -0.031214452
    endloop
  endfacet
  facet normal 0.46914848 0.87771508 0.097549663
    outer loop
      vertex -0.087183217 -0.13047891 -0.031214452
      vertex -0.088891237 -0.13303514 0
      vertex -0.061229349 -0.14782073 0
    endloop
  endfacet
  facet normal 0.46914848 0.87771508 0.097549663
    outer loop
      vertex -0.087183217 -0.13047891 -0.031214452
      vertex -0.061229349 -0.14782073 0
      vertex -0.060052844 -0.14498039 -0.031214452
    endloop
  endfacet
  facet normal 0.28890021 0.95237636 0.097549663
    outer loop
      vertex -0.060052844 -0.14498039 -0.031214452
      vertex -0.061229349 -0.14782073 0
      vertex -0.031214452 -0.15692564 0
    endloop
  endfacet
  facet normal 0.28890021 0.95237636 0.097549663
    outer loop
      vertex -0.060052844 -0.14498039 -0.031214452
      vertex -0.031214452 -0.15692564 0
      vertex -0.030614675 -0.15391036 -0.031214452
    endloop
  endfacet
  facet normal 0.097549663 0.99043835 0.097549663
    outer loop
      vertex -0.030614675 -0.15391036 -0.031214452
      vertex -0.031214452 -0.15692564 0
      vertex -2.9391523e-17 -0.16 0
    endloop
  endfacet
  facet normal 0.097549663 0.99043835 0.097549663
    outer loop
      vertex -0.030614675 -0.15391036 -0.031214452
      vertex -2.9391523e-17 -0.16 0
      vertex -2.8826773e-17 -0.15692564 -0.031214452
    endloop
  endfacet
  facet normal -0.097549663 0.99043835 0.097549663
    outer loop
      vertex -2.8826773e-17 -0.15692564 -0.031214452
      vertex -2.9391523e-17 -0.16 0
      vertex 0.031214452 -0.15692564 0
    endloop
  endfacet
  facet normal -0.097549663 0.99043835 0.097549663
    outer loop
      vertex -2.8826773e-17 -0.15692564 -0.031214452
      vertex 0.031214452 -0.15692564 0
      vertex 0.030614675 -0.15391036 -0.031214452
    endloop
  endfacet
  facet normal -0.28890021 0.95237636 0.097549663
    outer loop
      vertex 0.030614675 -0.15391036 -0.031214452
      vertex 0.031214452 -0.15692564 0
      vertex 0.061229349 -0.14782073 0
    endloop
  endfacet
  facet normal -0.28890021 0.95237636 0.097549663
    outer loop
      vertex 0.030614675 -0.15391036 -0.031214452
      vertex 0.061229349 -0.14782073 0
      vertex 0.060052844 -0.14498039 -0.031214452
    endloop
  endfacet
  facet normal -0.46914848 0.87771508 0.097549663
    outer loop
      vertex 0.060052844 -0.14498039 -0.031214452
      vertex 0.061229349 -0.14782073 0
      vertex 0.088891237 -0.13303514 0
    endloop
  endfacet
  facet normal -0.46914848 0.87771508 0.097549663
    outer loop
      vertex 0.060052844 -0.14498039 -0.031214452
      vertex 0.088891237 -0.13303514 0
      vertex 0.087183217 -0.13047891 -0.031214452
    endloop
  endfacet
  facet normal -0.63136765 0.7693237 0.097549663
    outer loop
      vertex 0.087183217 -0.13047891 -0.031214452
      vertex 0.088891237 -0.13303514 0
      vertex 0.11313708 -0.11313708 0
    endloop
  endfacet
  facet normal -0.63136765 0.7693237 0.097549663
    outer loop
      vertex 0.087183217 -0.13047891 -0.031214452
      vertex 0.11313708 -0.11313708 0
      vertex 0.11096319 -0.11096319 -0.031214452
    endloop
  endfacet
  facet normal -0.7693237 0.63136765 0.097549663
    outer loop
      vertex 0.11096319 -0.11096319 -0.031214452
      vertex 0.11313708 -0.11313708 0
      vertex 0.13303514 -0.088891237 0
    endloop
  endfacet
  facet normal -0.7693237 0.63136765 0.097549663
    outer loop
      vertex 0.11096319 -0.11096319 -0.031214452
      vertex 0.13303514 -0.088891237 0
      vertex 0.13047891 -0.087183217 -0.031214452
    endloop
  endfacet
  facet normal -0.87771508 0.46914848 0.097549663
    outer loop
      vertex 0.13047891 -0.087183217 -0.031214452
      vertex 0.13303514 -0.088891237 0
      vertex 0.14782073 -0.061229349 0
    endloop
  endfacet
  facet normal -0.87771508 0.46914848 0.097549663
    outer loop
      vertex 0.13047891 -0.087183217 -0.031214452
      vertex 0.14782073 -0.061229349 0
      vertex 0.14498039 -0.060052844 -0.031214452
    endloop
  endfacet
  facet normal -0.95237636 0.28890021 0.097549663
    outer loop
      vertex 0.14498039 -0.060052844 -0.031214452
      vertex 0.14782073 -0.061229349 0
      vertex 0.15692564 -0.031214452 0
    endloop
  endfacet
  facet normal -0.95237636 0.28890021 0.097549663
    outer loop
      vertex 0.14498039 -0.060052844 -0.031214452
      vertex 0.15692564 -0.031214452 0
      vertex 0.15391036 -0.030614675 -0.031214452
    endloop
  endfacet
  facet normal -0.99043835 0.097549663 0.097549663
    outer loop
      vertex 0.15391036 -0.030614675 -0.031214452
      vertex 0.15692564 -0.031214452 0
      vertex 0.16 -3.9188698e-17 0
    endloop
  endfacet
  facet normal -0.99043835 0.097549663 0.097549663
    outer loop
      vertex 0.15391036 -0.030614675 -0.031214452
      vertex 0.16 -3.9188698e-17 0
      vertex 0.15692564 -3.8435698e-17 -0.031214452
    endloop
  endfacet
  facet normal -0.99043835 -0.097549663 -0.097549663
    outer loop
      vertex 0.16 0 0
      vertex 0.15692564 0 0.031214452
      vertex 0.15391036 0.030614675 0.031214452
    endloop
  endfacet
  facet normal -0.99043835 -0.097549663 -0.097549663
    outer loop
      vertex 0.16 0 0
      vertex 0.15391036 0.030614675 0.031214452
      vertex 0.15692564 0.031214452 0
    endloop
  endfacet
  facet normal -0.95237636 -0.28890021 -0.097549663
    outer loop
      vertex 0.15692564 0.031214452 0
      vertex 0.15391036 0.030614675 0.031214452
      vertex 0.14498039 0.060052844 0.031214452
    endloop
  endfacet
  facet normal -0.95237636 -0.28890021 -0.097549663
    outer loop
      vertex 0.15692564 0.031214452 0
      vertex 0.14498039 0.060052844 0.031214452
      vertex 0.14782073 0.061229349 0
    endloop
  endfacet
  facet normal -0.87771508 -0.46914848 -0.097549663
    outer loop
      vertex 0.14782073 0.061229349 0
      vertex 0.14498039 0.060052844 0.031214452
      vertex 0.13047891 0.087183217 0.031214452
    endloop
  endfacet
  facet normal -0.87771508 -0.46914848 -0.097549663
    outer loop
      vertex 0.14782073 0.061229349 0
      vertex 0.13047891 0.087183217 0.031214452
      vertex 0.13303514 0.088891237 0
    endloop
  endfacet
  facet normal -0.7693237 -0.63136765 -0.097549663
    outer loop
      vertex 0.13303514 0.088891237 0
      vertex 0.13047891 0.087183217 0.031214452
      vertex 0.11096319 0.11096319 0.031214452
    endloop
  endfacet
  facet normal -0.7693237 -0.63136765 -0.097549663
    outer loop
      vertex 0.13303514 0.088891237 0
      vertex 0.11096319 0.11096319 0.031214452
      vertex 0.11313708 0.11313708 0
    endloop
  endfacet
  facet normal -0.63136765 -0.7693237 -0.097549663
    outer loop
      vertex 0.11313708 0.11313708 0
      vertex 0.11096319 0.11096319 0.031214452
      vertex 0.087183217 0.13047891 0.031214452
    endloop
  endfacet
  facet normal -0.63136765 -0.7693237 -0.097549663
    outer loop
      vertex 0.11313708 0.11313708 0
      vertex 0.087183217 0.13047891 0.031214452
      vertex 0.088891237 0.13303514 0
    endloop
  endfacet
  facet normal -0.46914848 -0.87771508 -0.097549663
    outer loop
      vertex 0.088891237 0.13303514 0
      vertex 0.087183217 0.13047891 0.031214452
      vertex 0.060052844 0.14498039 0.031214452
    endloop
  endfacet
  facet normal -0.46914848 -0.87771508 -0.097549663
    outer loop
      vertex 0.088891237 0.13303514 0
      vertex 0.060052844 0.14498039 0.031214452
      vertex 0.061229349 0.14782073 0
    endloop
  endfacet
  facet normal -0.28890021 -0.95237636 -0.097549663
    outer loop
      vertex 0.061229349 0.14782073 0
      vertex 0.060052844 0.14498039 0.031214452
      vertex 0.030614675 0.15391036 0.031214452
    endloop
  endfacet
  facet normal -0.28890021 -0.95237636 -0.097549663
    outer loop
      vertex 0.061229349 0.14782073 0
      vertex 0.030614675 0.15391036 0.031214452
      vertex 0.031214452 0.15692564 0
    endloop
  endfacet
  facet normal -0.097549663 -0.99043835 -0.097549663
    outer loop
      vertex 0.031214452 0.15692564 0
      vertex 0.030614675 0.15391036 0.031214452
      vertex 9.6089244e-18 0.15692564 0.031214452
    endloop
  endfacet
  facet normal -0.097549663 -0.99043835 -0.097549663
    outer loop
      vertex 0.031214452 0.15692564 0
      vertex 9.6089244e-18 0.15692564 0.031214452
      vertex 9.7971744e-18 0.16 0
    endloop
  endfacet
  facet normal 0.097549663 -0.99043835 -0.097549663
    outer loop
      vertex 9.7971744e-18 0.16 0
      vertex 9.6089244e-18 0.15692564 0.031214452
      vertex -0.030614675 0.15391036 0.031214452
    endloop
  endfacet
  facet normal 0.097549663 -0.99043835 -0.097549663
    outer loop
      vertex 9.7971744e-18 0.16 0
      vertex -0.030614675 0.15391036 0.031214452
      vertex -0.031214452 0.15692564 0
    endloop
  endfacet
  facet normal 0.28890021 -0.95237636 -0.097549663
    outer loop
      vertex -0.031214452 0.15692564 0
      vertex -0.030614675 0.15391036 0.031214452
      vertex -0.060052844 0.14498039 0.031214452
    endloop
  endfacet
  facet normal 0.28890021 -0.95237636 -0.097549663
    outer loop
      vertex -0.031214452 0.15692564 0
      vertex -0.060052844 0.14498039 0.031214452
      vertex -0.061229349 0.14782073 0
    endloop
  endfacet
  facet normal 0.46914848 -0.87771508 -0.097549663
    outer loop
      vertex -0.061229349 0.14782073 0
      vertex -0.060052844 0.14498039 0.031214452
      vertex -0.087183217 0.13047891 0.031214452
    endloop
  endfacet
  facet normal 0.46914848 -0.87771508 -0.097549663
    outer loop
      vertex -0.061229349 0.14782073 0
      vertex -0.087183217 0.13047891 0.031214452
      vertex -0.088891237 0.13303514 0
    endloop
  endfacet
  facet normal 0.63136765 -0.7693237 -0.097549663
    outer loop
      vertex -0.088891237 0.13303514 0
      vertex -0.087183217 0.13047891 0.031214452
      vertex -0.11096319 0.11096319 0.031214452
    endloop
  endfacet
  facet normal 0.63136765 -0.7693237 -0.097549663
    outer loop
      vertex -0.088891237 0.13303514 0
      vertex -0.11096319 0.11096319 0.031214452
      vertex -0.11313708 0.11313708 0
    endloop
  endfacet
  facet normal 0.7693237 -0.63136765 -0.097549663
    outer loop
      vertex -0.11313708 0.11313708 0
      vertex -0.11096319 0.11096319 0.031214452
      vertex -0.13047891 0.087183217 0.031214452
    endloop
  endfacet
  facet normal 0.7693237 -0.63136765 -0.097549663
    outer loop
      vertex -0.11313708 0.11313708 0
      vertex -0.13047891 0.087183217 0.031214452
      vertex -0.13303514 0.088891237 0
    endloop
  endfacet
  facet normal 0.87771508 -0.46914848 -0.097549663
    outer loop
      vertex -0.13303514 0.088891237 0
      vertex -0.13047891 0.087183217 0.031214452
      vertex -0.14498039 0.060052844 0.031214452
    endloop
  endfacet
  facet normal 0.87771508 -0.46914848 -0.097549663
    outer loop
      vertex -0.13303514 0.088891237 0
      vertex -0.14498039 0.060052844 0.031214452
      vertex -0.14782073 0.061229349 0
    endloop
  endfacet
  facet normal 0.95237636 -0.28890021 -0.097549663
    outer loop
      vertex -0.14782073 0.061229349 0
      vertex -0.14498039 0.060052844 0.031214452
      vertex -0.15391036 0.030614675 0.031214452
    endloop
  endfacet
  facet normal 0.95237636 -0.28890021 -0.097549663
    outer loop
      vertex -0.14782073 0.061229349 0
      vertex -0.15391036 0.030614675 0.031214452
      vertex -0.15692564 0.031214452 0
    endloop
  endfacet
  facet normal 0.99043835 -0.097549663 -0.097549663
    outer loop
      vertex -0.15692564 0.031214452 0
      vertex -0.15391036 0.030614675 0.031214452
      vertex -0.15692564 1.9217849e-17 0.031214452
    endloop
  endfacet
  facet normal 0.99043835 -0.097549663 -0.097549663
    outer loop
      vertex -0.15692564 0.031214452 0
      vertex -0.15692564 1.9217849e-17 0.031214452
      vertex -0.16 1.9594349e-17 0
    endloop
  endfacet
  facet normal 0.99043835 0.097549663 -0.097549663
    outer loop
      vertex -0.16 1.9594349e-17 0
      vertex -0.15692564 1.9217849e-17 0.031214452
      vertex -0.15391036 -0.030614675 0.031214452
    endloop
  endfacet
  facet normal 0.99043835 0.097549663 -0.097549663
    outer loop
      vertex -0.16 1.9594349e-17 0
      vertex -0.15391036 -0.030614675 0.031214452
      vertex -0.15692564 -0.031214452 0
    endloop
  endfacet
  facet normal 0.95237636 0.28890021 -0.097549663
    outer loop
      vertex -0.15692564 -0.031214452 0
      vertex -0.15391036 -0.030614675 0.031214452
      vertex -0.14498039 -0.060052844 0.031214452
    endloop
  endfacet
  facet normal 0.95237636 0.28890021 -0.097549663
    outer loop
      vertex -0.15692564 -0.031214452 0
      vertex -0.14498039 -0.060052844 0.031214452
      vertex -0.14782073 -0.061229349 0
    endloop
  endfacet
  facet normal 0.87771508 0.46914848 -0.097549663
    outer loop
      vertex -0.14782073 -0.061229349 0
      vertex -0.14498039 -0.060052844 0.031214452
      vertex -0.13047891 -0.087183217 0.031214452
    endloop
  endfacet
  facet normal 0.87771508 0.46914848 -0.097549663
    outer loop
      vertex -0.14782073 -0.061229349 0
      vertex -0.13047891 -0.087183217 0.031214452
      vertex -0.13303514 -0.088891237 0
    endloop
  endfacet
  facet normal 0.7693237 0.63136765 -0.097549663
    outer loop
      vertex -0.13303514 -0.088891237 0
      vertex -0.13047891 -0.087183217 0.031214452
      vertex -0.11096319 -0.11096319 0.031214452
    endloop
  endfacet
  facet normal 0.7693237 0.63136765 -0.097549663
    outer loop
      vertex -0.13303514 -0.088891237 0
      vertex -0.11096319 -0.11096319 0.031214452
      vertex -0.11313708 -0.11313708 0
    endloop
  endfacet
  facet normal 0.63136765 0.7693237 -0.097549663
    outer loop
      vertex -0.11313708 -0.11313708 0
      vertex -0.11096319 -0.11096319 0.031214452
      vertex -0.087183217 -0.13047891 0.031214452
    endloop
  endfacet
  facet normal 0.63136765 0.7693237 -0.097549663
    outer loop
      vertex -0.11313708 -0.11313708 0
      vertex -0.087183217 -0.13047891 0.031214452
      vertex -0.088891237 -0.13303514 0
    endloop
  endfacet
  facet normal 0.46914848 0.87771508 -0.097549663
    outer loop
      vertex -0.088891237 -0.13303514 0
      vertex -0.087183217 -0.13047891 0.031214452
      vertex -0.060052844 -0.14498039 0.031214452
    endloop
  endfacet
  facet normal 0.46914848 0.87771508 -0.097549663
    outer loop
      vertex -0.088891237 -0.13303514 0
      vertex -0.060052844 -0.14498039 0.031214452
      vertex -0.061229349 -0.14782073 0
    endloop
  endfacet
  facet normal 0.28890021 0.95237636 -0.097549663
    outer loop
      vertex -0.061229349 -0.14782073 0
      vertex -0.060052844 -0.14498039 0.031214452
      vertex -0.030614675 -0.15391036 0.031214452
    endloop
  endfacet
  facet normal 0.28890021 0.95237636 -0.097549663
    outer loop
      vertex -0.061229349 -0.14782073 0
      vertex -0.030614675 -0.15391036 0.031214452
      vertex -0.031214452 -0.15692564 0
    endloop
  endfacet
  facet normal 0.097549663 0.99043835 -0.097549663
    outer loop
      vertex -0.031214452 -0.15692564 0
      vertex -0.030614675 -0.15391036 0.031214452
      vertex -2.8826773e-17 -0.15692564 0.031214452
    endloop
  endfacet
  facet normal 0.097549663 0.99043835 -0.097549663
    outer loop
      vertex -0.031214452 -0.15692564 0
      vertex -2.8826773e-17 -0.15692564 0.031214452
      vertex -2.9391523e-17 -0.16 0
    endloop
  endfacet
  facet normal -0.097549663 0.99043835 -0.097549663
    outer loop
      vertex -2.9391523e-17 -0.16 0
      vertex -2.8826773e-17 -0.15692564 0.031214452
      vertex 0.030614675 -0.15391036 0.031214452
    endloop
  endfacet
  facet normal -0.097549663 0.99043835 -0.097549663
    outer loop
      vertex -2.9391523e-17 -0.16 0
      vertex 0.030614675 -0.15391036 0.031214452
      vertex 0.031214452 -0.15692564 0
    endloop
  endfacet
  facet normal -0.28890021 0.95237636 -0.097549663
    outer loop
      vertex 0.031214452 -0.15692564 0
      vertex 0.030614675 -0.15391036 0.031214452
      vertex 0.060052844 -0.14498039 0.031214452
    endloop
  endfacet
  facet normal -0.28890021 0.95237636 -0.097549663
    outer loop
      vertex 0.031214452 -0.15692564 0
      vertex 0.060052844 -0.14498039 0.031214452
      vertex 0.061229349 -0.14782073 0
    endloop
  endfacet
  facet normal -0.46914848 0.87771508 -0.097549663
    outer loop
      vertex 0.061229349 -0.14782073 0
      vertex 0.060052844 -0.14498039 0.031214452
      vertex 0.087183217 -0.13047891 0.031214452
    endloop
  endfacet
  facet normal -0.46914848 0.87771508 -0.097549663
    outer loop
      vertex 0.061229349 -0.14782073 0
      vertex 0.087183217 -0.13047891 0.031214452
      vertex 0.088891237 -0.13303514 0
    endloop
  endfacet
  facet normal -0.63136765 0.7693237 -0.097549663
    outer loop
      vertex 0.088891237 -0.13303514 0
      vertex 0.087183217 -0.13047891 0.031214452
      vertex 0.11096319 -0.11096319 0.031214452
    endloop
  endfacet
  facet normal -0.63136765 0.7693237 -0.097549663
    outer loop
      vertex 0.088891237 -0.13303514 0
      vertex 0.11096319 -0.11096319 0.031214452
      vertex 0.11313708 -0.11313708 0
    endloop
  endfacet
  facet normal -0.7693237 0.63136765 -0.097549663
    outer loop
      vertex 0.11313708 -0.11313708 0
      vertex 0.11096319 -0.11096319 0.031214452
      vertex 0.13047891 -0.087183217 0.031214452
    endloop
  endfacet
  facet normal -0.7693237 0.63136765 -0.097549663
    outer loop
      vertex 0.11313708 -0.11313708 0
      vertex 0.13047891 -0.087183217 0.031214452
      vertex 0.13303514 -0.088891237 0
    endloop
  endfacet
  facet normal -0.87771508 0.46914848 -0.097549663
    outer loop
      vertex 0.13303514 -0.088891237 0
      vertex 0.13047891 -0.087183217 0.031214452
      vertex 0.14498039 -0.060052844 0.031214452
    endloop
  endfacet
  facet normal -0.87771508 0.46914848 -0.097549663
    outer loop
      vertex 0.13303514 -0.088891237 0
      vertex 0.14498039 -0.060052844 0.031214452
      vertex 0.14782073 -0.061229349 0
    endloop
  endfacet
  facet normal -0.95237636 0.28890021 -0.097549663
    outer loop
      vertex 0.14782073 -0.061229349 0
      vertex 0.14498039 -0.060052844 0.031214452
      vertex 0.15391036 -0.030614675 0.031214452
    endloop
  endfacet
  facet normal -0.95237636 0.28890021 -0.097549663
    outer loop
      vertex 0.14782073 -0.061229349 0
      vertex 0.15391036 -0.030614675 0.031214452
      vertex 0.15692564 -0.031214452 0
    endloop
  endfacet
  facet normal -0.99043835 0.097549663 -0.097549663
    outer loop
      vertex 0.15692564 -0.031214452 0
      vertex 0.15391036 -0.030614675 0.031214452
      vertex 0.15692564 -3.8435698e-17 0.031214452
    endloop
  endfacet
  facet normal -0.99043835 0.097549663 -0.097549663
    outer loop
      vertex 0.15692564 -0.031214452 0
      vertex 0.15692564 -3.8435698e-17 0.031214452
      vertex 0.16 -3.9188698e-17 0
    endloop
  endfacet
  facet normal -0.95271813 -0.093834545 -0.28900388
    outer loop
      vertex 0.15692564 0 0.031214452
      vertex 0.14782073 0 0.061229349
      vertex 0.14498039 0.028838393 0.061229349
    endloop
  endfacet
  facet normal -0.95271813 -0.093834545 -0.28900388
    outer loop
      vertex 0.15692564 0 0.031214452
      vertex 0.14498039 0.028838393 0.061229349
      vertex 0.15391036 0.030614675 0.031214452
    endloop
  endfacet
  facet normal -0.91610571 -0.27789763 -0.28900388
    outer loop
      vertex 0.15391036 0.030614675 0.031214452
      vertex 0.14498039 0.028838393 0.061229349
      vertex 0.13656854 0.056568542 0.061229349
    endloop
  endfacet
  facet normal -0.91610571 -0.27789763 -0.28900388
    outer loop
      vertex 0.15391036 0.030614675 0.031214452
      vertex 0.13656854 0.056568542 0.061229349
      vertex 0.14498039 0.060052844 0.031214452
    endloop
  endfacet
  facet normal -0.84428785 -0.45128126 -0.28900388
    outer loop
      vertex 0.14498039 0.060052844 0.031214452
      vertex 0.13656854 0.056568542 0.061229349
      vertex 0.12290844 0.082124795 0.061229349
    endloop
  endfacet
  facet normal -0.84428785 -0.45128126 -0.28900388
    outer loop
      vertex 0.14498039 0.060052844 0.031214452
      vertex 0.12290844 0.082124795 0.061229349
      vertex 0.13047891 0.087183217 0.031214452
    endloop
  endfacet
  facet normal -0.74002449 -0.60732241 -0.28900388
    outer loop
      vertex 0.13047891 0.087183217 0.031214452
      vertex 0.12290844 0.082124795 0.061229349
      vertex 0.10452504 0.10452504 0.061229349
    endloop
  endfacet
  facet normal -0.74002449 -0.60732241 -0.28900388
    outer loop
      vertex 0.13047891 0.087183217 0.031214452
      vertex 0.10452504 0.10452504 0.061229349
      vertex 0.11096319 0.11096319 0.031214452
    endloop
  endfacet
  facet normal -0.60732241 -0.74002449 -0.28900388
    outer loop
      vertex 0.11096319 0.11096319 0.031214452
      vertex 0.10452504 0.10452504 0.061229349
      vertex 0.082124795 0.12290844 0.061229349
    endloop
  endfacet
  facet normal -0.60732241 -0.74002449 -0.28900388
    outer loop
      vertex 0.11096319 0.11096319 0.031214452
      vertex 0.082124795 0.12290844 0.061229349
      vertex 0.087183217 0.13047891 0.031214452
    endloop
  endfacet
  facet normal -0.45128126 -0.84428785 -0.28900388
    outer loop
      vertex 0.087183217 0.13047891 0.031214452
      vertex 0.082124795 0.12290844 0.061229349
      vertex 0.056568542 0.13656854 0.061229349
    endloop
  endfacet
  facet normal -0.45128126 -0.84428785 -0.28900388
    outer loop
      vertex 0.087183217 0.13047891 0.031214452
      vertex 0.056568542 0.13656854 0.061229349
      vertex 0.060052844 0.14498039 0.031214452
    endloop
  endfacet
  facet normal -0.27789763 -0.91610571 -0.28900388
    outer loop
      vertex 0.060052844 0.14498039 0.031214452
      vertex 0.056568542 0.13656854 0.061229349
      vertex 0.028838393 0.14498039 0.061229349
    endloop
  endfacet
  facet normal -0.27789763 -0.91610571 -0.28900388
    outer loop
      vertex 0.060052844 0.14498039 0.031214452
      vertex 0.028838393 0.14498039 0.061229349
      vertex 0.030614675 0.15391036 0.031214452
    endloop
  endfacet
  facet normal -0.093834545 -0.95271813 -0.28900388
    outer loop
      vertex 0.030614675 0.15391036 0.031214452
      vertex 0.028838393 0.14498039 0.061229349
      vertex 9.0514089e-18 0.14782073 0.061229349
    endloop
  endfacet
  facet normal -0.093834545 -0.95271813 -0.28900388
    outer loop
      vertex 0.030614675 0.15391036 0.031214452
      vertex 9.0514089e-18 0.14782073 0.061229349
      vertex 9.6089244e-18 0.15692564 0.031214452
    endloop
  endfacet
  facet normal 0.093834545 -0.95271813 -0.28900388
    outer loop
      vertex 9.6089244e-18 0.15692564 0.031214452
      vertex 9.0514089e-18 0.14782073 0.061229349
      vertex -0.028838393 0.14498039 0.061229349
    endloop
  endfacet
  facet normal 0.093834545 -0.95271813 -0.28900388
    outer loop
      vertex 9.6089244e-18 0.15692564 0.031214452
      vertex -0.028838393 0.14498039 0.061229349
      vertex -0.030614675 0.15391036 0.031214452
    endloop
  endfacet
  facet normal 0.27789763 -0.91610571 -0.28900388
    outer loop
      vertex -0.030614675 0.15391036 0.031214452
      vertex -0.028838393 0.14498039 0.061229349
      vertex -0.056568542 0.13656854 0.061229349
    endloop
  endfacet
  facet normal 0.27789763 -0.91610571 -0.28900388
    outer loop
      vertex -0.030614675 0.15391036 0.031214452
      vertex -0.056568542 0.13656854 0.061229349
      vertex -0.060052844 0.14498039 0.031214452
    endloop
  endfacet
  facet normal 0.45128126 -0.84428785 -0.28900388
    outer loop
      vertex -0.060052844 0.14498039 0.031214452
      vertex -0.056568542 0.13656854 0.061229349
      vertex -0.082124795 0.12290844 0.061229349
    endloop
  endfacet
  facet normal 0.45128126 -0.84428785 -0.28900388
    outer loop
      vertex -0.060052844 0.14498039 0.031214452
      vertex -0.082124795 0.12290844 0.061229349
      vertex -0.087183217 0.13047891 0.031214452
    endloop
  endfacet
  facet normal 0.60732241 -0.74002449 -0.28900388
    outer loop
      vertex -0.087183217 0.13047891 0.031214452
      vertex -0.082124795 0.12290844 0.061229349
      vertex -0.10452504 0.10452504 0.061229349
    endloop
  endfacet
  facet normal 0.60732241 -0.74002449 -0.28900388
    outer loop
      vertex -0.087183217 0.13047891 0.031214452
      vertex -0.10452504 0.10452504 0.061229349
      vertex -0.11096319 0.11096319 0.031214452
    endloop
  endfacet
  facet normal 0.74002449 -0.60732241 -0.28900388
    outer loop
      vertex -0.11096319 0.11096319 0.031214452
      vertex -0.10452504 0.10452504 0.061229349
      vertex -0.12290844 0.082124795 0.061229349
    endloop
  endfacet
  facet normal 0.74002449 -0.60732241 -0.28900388
    outer loop
      vertex -0.11096319 0.11096319 0.031214452
      vertex -0.12290844 0.082124795 0.061229349
      vertex -0.13047891 0.087183217 0.031214452
    endloop
  endfacet
  facet normal 0.84428785 -0.45128126 -0.28900388
    outer loop
      vertex -0.13047891 0.087183217 0.031214452
      vertex -0.12290844 0.082124795 0.061229349
      vertex -0.13656854 0.056568542 0.061229349
    endloop
  endfacet
  facet normal 0.84428785 -0.45128126 -0.28900388
    outer loop
      vertex -0.13047891 0.087183217 0.031214452
      vertex -0.13656854 0.056568542 0.061229349
      vertex -0.14498039 0.060052844 0.031214452
    endloop
  endfacet
  facet normal 0.91610571 -0.27789763 -0.28900388
    outer loop
      vertex -0.14498039 0.060052844 0.031214452
      vertex -0.13656854 0.056568542 0.061229349
      vertex -0.14498039 0.028838393 0.061229349
    endloop
  endfacet
  facet normal 0.91610571 -0.27789763 -0.28900388
    outer loop
      vertex -0.14498039 0.060052844 0.031214452
      vertex -0.14498039 0.028838393 0.061229349
      vertex -0.15391036 0.030614675 0.031214452
    endloop
  endfacet
  facet normal 0.95271813 -0.093834545 -0.28900388
    outer loop
      vertex -0.15391036 0.030614675 0.031214452
      vertex -0.14498039 0.028838393 0.061229349
      vertex -0.14782073 1.8102818e-17 0.061229349
    endloop
  endfacet
  facet normal 0.95271813 -0.093834545 -0.28900388
    outer loop
      vertex -0.15391036 0.030614675 0.031214452
      vertex -0.14782073 1.8102818e-17 0.061229349
      vertex -0.15692564 1.9217849e-17 0.031214452
    endloop
  endfacet
  facet normal 0.95271813 0.093834545 -0.28900388
    outer loop
      vertex -0.15692564 1.9217849e-17 0.031214452
      vertex -0.14782073 1.8102818e-17 0.061229349
      vertex -0.14498039 -0.028838393 0.061229349
    endloop
  endfacet
  facet normal 0.95271813 0.093834545 -0.28900388
    outer loop
      vertex -0.15692564 1.9217849e-17 0.031214452
      vertex -0.14498039 -0.028838393 0.061229349
      vertex -0.15391036 -0.030614675 0.031214452
    endloop
  endfacet
  facet normal 0.91610571 0.27789763 -0.28900388
    outer loop
      vertex -0.15391036 -0.030614675 0.031214452
      vertex -0.14498039 -0.028838393 0.061229349
      vertex -0.13656854 -0.056568542 0.061229349
    endloop
  endfacet
  facet normal 0.91610571 0.27789763 -0.28900388
    outer loop
      vertex -0.15391036 -0.030614675 0.031214452
      vertex -0.13656854 -0.056568542 0.061229349
      vertex -0.14498039 -0.060052844 0.031214452
    endloop
  endfacet
  facet normal 0.84428785 0.45128126 -0.28900388
    outer loop
      vertex -0.14498039 -0.060052844 0.031214452
      vertex -0.13656854 -0.056568542 0.061229349
      vertex -0.12290844 -0.082124795 0.061229349
    endloop
  endfacet
  facet normal 0.84428785 0.45128126 -0.28900388
    outer loop
      vertex -0.14498039 -0.060052844 0.031214452
      vertex -0.12290844 -0.082124795 0.061229349
      vertex -0.13047891 -0.087183217 0.031214452
    endloop
  endfacet
  facet normal 0.74002449 0.60732241 -0.28900388
    outer loop
      vertex -0.13047891 -0.087183217 0.031214452
      vertex -0.12290844 -0.082124795 0.061229349
      vertex -0.10452504 -0.10452504 0.061229349
    endloop
  endfacet
  facet normal 0.74002449 0.60732241 -0.28900388
    outer loop
      vertex -0.13047891 -0.087183217 0.031214452
      vertex -0.10452504 -0.10452504 0.061229349
      vertex -0.11096319 -0.11096319 0.031214452
    endloop
  endfacet
  facet normal 0.60732241 0.74002449 -0.28900388
    outer loop
      vertex -0.11096319 -0.11096319 0.031214452
      vertex -0.10452504 -0.10452504 0.061229349
      vertex -0.082124795 -0.12290844 0.061229349
    endloop
  endfacet
  facet normal 0.60732241 0.74002449 -0.28900388
    outer loop
      vertex -0.11096319 -0.11096319 0.031214452
      vertex -0.082124795 -0.12290844 0.061229349
      vertex -0.087183217 -0.13047891 0.031214452
    endloop
  endfacet
  facet normal 0.45128126 0.84428785 -0.28900388
    outer loop
      vertex -0.087183217 -0.13047891 0.031214452
      vertex -0.082124795 -0.12290844 0.061229349
      vertex -0.056568542 -0.13656854 0.061229349
    endloop
  endfacet
  facet normal 0.45128126 0.84428785 -0.28900388
    outer loop
      vertex -0.087183217 -0.13047891 0.031214452
      vertex -0.056568542 -0.13656854 0.061229349
      vertex -0.060052844 -0.14498039 0.031214452
    endloop
  endfacet
  facet normal 0.27789763 0.91610571 -0.28900388
    outer loop
      vertex -0.060052844 -0.14498039 0.031214452
      vertex -0.056568542 -0.13656854 0.061229349
      vertex -0.028838393 -0.14498039 0.061229349
    endloop
  endfacet
  facet normal 0.27789763 0.91610571 -0.28900388
    outer loop
      vertex -0.060052844 -0.14498039 0.031214452
      vertex -0.028838393 -0.14498039 0.061229349
      vertex -0.030614675 -0.15391036 0.031214452
    endloop
  endfacet
  facet normal 0.093834545 0.95271813 -0.28900388
    outer loop
      vertex -0.030614675 -0.15391036 0.031214452
      vertex -0.028838393 -0.14498039 0.061229349
      vertex -2.7154227e-17 -0.14782073 0.061229349
    endloop
  endfacet
  facet normal 0.093834545 0.95271813 -0.28900388
    outer loop
      vertex -0.030614675 -0.15391036 0.031214452
      vertex -2.7154227e-17 -0.14782073 0.061229349
      vertex -2.8826773e-17 -0.15692564 0.031214452
    endloop
  endfacet
  facet normal -0.093834545 0.95271813 -0.28900388
    outer loop
      vertex -2.8826773e-17 -0.15692564 0.031214452
      vertex -2.7154227e-17 -0.14782073 0.061229349
      vertex 0.028838393 -0.14498039 0.061229349
    endloop
  endfacet
  facet normal -0.093834545 0.95271813 -0.28900388
    outer loop
      vertex -2.8826773e-17 -0.15692564 0.031214452
      vertex 0.028838393 -0.14498039 0.061229349
      vertex 0.030614675 -0.15391036 0.031214452
    endloop
  endfacet
  facet normal -0.27789763 0.91610571 -0.28900388
    outer loop
      vertex 0.030614675 -0.15391036 0.031214452
      vertex 0.028838393 -0.14498039 0.061229349
      vertex 0.056568542 -0.13656854 0.061229349
    endloop
  endfacet
  facet normal -0.27789763 0.91610571 -0.28900388
    outer loop
      vertex 0.030614675 -0.15391036 0.031214452
      vertex 0.056568542 -0.13656854 0.061229349
      vertex 0.060052844 -0.14498039 0.031214452
    endloop
  endfacet
  facet normal -0.45128126 0.84428785 -0.28900388
    outer loop
      vertex 0.060052844 -0.14498039 0.031214452
      vertex 0.056568542 -0.13656854 0.061229349
      vertex 0.082124795 -0.12290844 0.061229349
    endloop
  endfacet
  facet normal -0.45128126 0.84428785 -0.28900388
    outer loop
      vertex 0.060052844 -0.14498039 0.031214452
      vertex 0.082124795 -0.12290844 0.061229349
      vertex 0.087183217 -0.13047891 0.031214452
    endloop
  endfacet
  facet normal -0.60732241 0.74002449 -0.28900388
    outer loop
      vertex 0.087183217 -0.13047891 0.031214452
      vertex 0.082124795 -0.12290844 0.061229349
      vertex 0.10452504 -0.10452504 0.061229349
    endloop
  endfacet
  facet normal -0.60732241 0.74002449 -0.28900388
    outer loop
      vertex 0.087183217 -0.13047891 0.031214452
      vertex 0.10452504 -0.10452504 0.061229349
      vertex 0.11096319 -0.11096319 0.031214452
    endloop
  endfacet
  facet normal -0.74002449 0.60732241 -0.28900388
    outer loop
      vertex 0.11096319 -0.11096319 0.031214452
      vertex 0.10452504 -0.10452504 0.061229349
      vertex 0.12290844 -0.082124795 0.061229349
    endloop
  endfacet
  facet normal -0.74002449 0.60732241 -0.28900388
    outer loop
      vertex 0.11096319 -0.11096319 0.031214452
      vertex 0.12290844 -0.082124795 0.061229349
      vertex 0.13047891 -0.087183217 0.031214452
    endloop
  endfacet
  facet normal -0.84428785 0.45128126 -0.28900388
    outer loop
      vertex 0.13047891 -0.087183217 0.031214452
      vertex 0.12290844 -0.082124795 0.061229349
      vertex 0.13656854 -0.056568542 0.061229349
    endloop
  endfacet
  facet normal -0.84428785 0.45128126 -0.28900388
    outer loop
      vertex 0.13047891 -0.087183217 0.031214452
      vertex 0.13656854 -0.056568542 0.061229349
      vertex 0.14498039 -0.060052844 0.031214452
    endloop
  endfacet
  facet normal -0.91610571 0.27789763 -0.28900388
    outer loop
      vertex 0.14498039 -0.060052844 0.031214452
      vertex 0.13656854 -0.056568542 0.061229349
      vertex 0.14498039 -0.028838393 0.061229349
    endloop
  endfacet
  facet normal -0.91610571 0.27789763 -0.28900388
    outer loop
      vertex 0.14498039 -0.060052844 0.031214452
      vertex 0.14498039 -0.028838393 0.061229349
      vertex 0.15391036 -0.030614675 0.031214452
    endloop
  endfacet
  facet normal -0.95271813 0.093834545 -0.28900388
    outer loop
      vertex 0.15391036 -0.030614675 0.031214452
      vertex 0.14498039 -0.028838393 0.061229349
      vertex 0.14782073 -3.6205636e-17 0.061229349
    endloop
  endfacet
  facet normal -0.95271813 0.093834545 -0.28900388
    outer loop
      vertex 0.15391036 -0.030614675 0.031214452
      vertex 0.14782073 -3.6205636e-17 0.061229349
      vertex 0.15692564 -3.8435698e-17 0.031214452
    endloop
  endfacet
  facet normal -0.87861295 -0.086535822 -0.4696284
    outer loop
      vertex 0.14782073 0 0.061229349
      vertex 0.13303514 0 0.088891237
      vertex 0.13047891 0.025953868 0.088891237
    endloop
  endfacet
  facet normal -0.87861295 -0.086535822 -0.4696284
    outer loop
      vertex 0.14782073 0 0.061229349
      vertex 0.13047891 0.025953868 0.088891237
      vertex 0.14498039 0.028838393 0.061229349
    endloop
  endfacet
  facet normal -0.84484835 -0.25628194 -0.4696284
    outer loop
      vertex 0.14498039 0.028838393 0.061229349
      vertex 0.13047891 0.025953868 0.088891237
      vertex 0.12290844 0.050910343 0.088891237
    endloop
  endfacet
  facet normal -0.84484835 -0.25628194 -0.4696284
    outer loop
      vertex 0.14498039 0.028838393 0.061229349
      vertex 0.12290844 0.050910343 0.088891237
      vertex 0.13656854 0.056568542 0.061229349
    endloop
  endfacet
  facet normal -0.77861669 -0.41617929 -0.4696284
    outer loop
      vertex 0.13656854 0.056568542 0.061229349
      vertex 0.12290844 0.050910343 0.088891237
      vertex 0.11061467 0.073910363 0.088891237
    endloop
  endfacet
  facet normal -0.77861669 -0.41617929 -0.4696284
    outer loop
      vertex 0.13656854 0.056568542 0.061229349
      vertex 0.11061467 0.073910363 0.088891237
      vertex 0.12290844 0.082124795 0.061229349
    endloop
  endfacet
  facet normal -0.68246324 -0.56008311 -0.4696284
    outer loop
      vertex 0.12290844 0.082124795 0.061229349
      vertex 0.11061467 0.073910363 0.088891237
      vertex 0.094070048 0.094070048 0.088891237
    endloop
  endfacet
  facet normal -0.68246324 -0.56008311 -0.4696284
    outer loop
      vertex 0.12290844 0.082124795 0.061229349
      vertex 0.094070048 0.094070048 0.088891237
      vertex 0.10452504 0.10452504 0.061229349
    endloop
  endfacet
  facet normal -0.56008311 -0.68246324 -0.4696284
    outer loop
      vertex 0.10452504 0.10452504 0.061229349
      vertex 0.094070048 0.094070048 0.088891237
      vertex 0.073910363 0.11061467 0.088891237
    endloop
  endfacet
  facet normal -0.56008311 -0.68246324 -0.4696284
    outer loop
      vertex 0.10452504 0.10452504 0.061229349
      vertex 0.073910363 0.11061467 0.088891237
      vertex 0.082124795 0.12290844 0.061229349
    endloop
  endfacet
  facet normal -0.41617929 -0.77861669 -0.4696284
    outer loop
      vertex 0.082124795 0.12290844 0.061229349
      vertex 0.073910363 0.11061467 0.088891237
      vertex 0.050910343 0.12290844 0.088891237
    endloop
  endfacet
  facet normal -0.41617929 -0.77861669 -0.4696284
    outer loop
      vertex 0.082124795 0.12290844 0.061229349
      vertex 0.050910343 0.12290844 0.088891237
      vertex 0.056568542 0.13656854 0.061229349
    endloop
  endfacet
  facet normal -0.25628194 -0.84484835 -0.4696284
    outer loop
      vertex 0.056568542 0.13656854 0.061229349
      vertex 0.050910343 0.12290844 0.088891237
      vertex 0.025953868 0.13047891 0.088891237
    endloop
  endfacet
  facet normal -0.25628194 -0.84484835 -0.4696284
    outer loop
      vertex 0.056568542 0.13656854 0.061229349
      vertex 0.025953868 0.13047891 0.088891237
      vertex 0.028838393 0.14498039 0.061229349
    endloop
  endfacet
  facet normal -0.086535822 -0.87861295 -0.4696284
    outer loop
      vertex 0.028838393 0.14498039 0.061229349
      vertex 0.025953868 0.13047891 0.088891237
      vertex 8.1460528e-18 0.13303514 0.088891237
    endloop
  endfacet
  facet normal -0.086535822 -0.87861295 -0.4696284
    outer loop
      vertex 0.028838393 0.14498039 0.061229349
      vertex 8.1460528e-18 0.13303514 0.088891237
      vertex 9.0514089e-18 0.14782073 0.061229349
    endloop
  endfacet
  facet normal 0.086535822 -0.87861295 -0.4696284
    outer loop
      vertex 9.0514089e-18 0.14782073 0.061229349
      vertex 8.1460528e-18 0.13303514 0.088891237
      vertex -0.025953868 0.13047891 0.088891237
    endloop
  endfacet
  facet normal 0.086535822 -0.87861295 -0.4696284
    outer loop
      vertex 9.0514089e-18 0.14782073 0.061229349
      vertex -0.025953868 0.13047891 0.088891237
      vertex -0.028838393 0.14498039 0.061229349
    endloop
  endfacet
  facet normal 0.25628194 -0.84484835 -0.4696284
    outer loop
      vertex -0.028838393 0.14498039 0.061229349
      vertex -0.025953868 0.13047891 0.088891237
      vertex -0.050910343 0.12290844 0.088891237
    endloop
  endfacet
  facet normal 0.25628194 -0.84484835 -0.4696284
    outer loop
      vertex -0.028838393 0.14498039 0.061229349
      vertex -0.050910343 0.12290844 0.088891237
      vertex -0.056568542 0.13656854 0.061229349
    endloop
  endfacet
  facet normal 0.41617929 -0.77861669 -0.4696284
    outer loop
      vertex -0.056568542 0.13656854 0.061229349
      vertex -0.050910343 0.12290844 0.088891237
      vertex -0.073910363 0.11061467 0.088891237
    endloop
  endfacet
  facet normal 0.41617929 -0.77861669 -0.4696284
    outer loop
      vertex -0.056568542 0.13656854 0.061229349
      vertex -0.073910363 0.11061467 0.088891237
      vertex -0.082124795 0.12290844 0.061229349
    endloop
  endfacet
  facet normal 0.56008311 -0.68246324 -0.4696284
    outer loop
      vertex -0.082124795 0.12290844 0.061229349
      vertex -0.073910363 0.11061467 0.088891237
      vertex -0.094070048 0.094070048 0.088891237
    endloop
  endfacet
  facet normal 0.56008311 -0.68246324 -0.4696284
    outer loop
      vertex -0.082124795 0.12290844 0.061229349
      vertex -0.094070048 0.094070048 0.088891237
      vertex -0.10452504 0.10452504 0.061229349
    endloop
  endfacet
  facet normal 0.68246324 -0.56008311 -0.4696284
    outer loop
      vertex -0.10452504 0.10452504 0.061229349
      vertex -0.094070048 0.094070048 0.088891237
      vertex -0.11061467 0.073910363 0.088891237
    endloop
  endfacet
  facet normal 0.68246324 -0.56008311 -0.4696284
    outer loop
      vertex -0.10452504 0.10452504 0.061229349
      vertex -0.11061467 0.073910363 0.088891237
      vertex -0.12290844 0.082124795 0.061229349
    endloop
  endfacet
  facet normal 0.77861669 -0.41617929 -0.4696284
    outer loop
      vertex -0.12290844 0.082124795 0.061229349
      vertex -0.11061467 0.073910363 0.088891237
      vertex -0.12290844 0.050910343 0.088891237
    endloop
  endfacet
  facet normal 0.77861669 -0.41617929 -0.4696284
    outer loop
      vertex -0.12290844 0.082124795 0.061229349
      vertex -0.12290844 0.050910343 0.088891237
      vertex -0.13656854 0.056568542 0.061229349
    endloop
  endfacet
  facet normal 0.84484835 -0.25628194 -0.4696284
    outer loop
      vertex -0.13656854 0.056568542 0.061229349
      vertex -0.12290844 0.050910343 0.088891237
      vertex -0.13047891 0.025953868 0.088891237
    endloop
  endfacet
  facet normal 0.84484835 -0.25628194 -0.4696284
    outer loop
      vertex -0.13656854 0.056568542 0.061229349
      vertex -0.13047891 0.025953868 0.088891237
      vertex -0.14498039 0.028838393 0.061229349
    endloop
  endfacet
  facet normal 0.87861295 -0.086535822 -0.4696284
    outer loop
      vertex -0.14498039 0.028838393 0.061229349
      vertex -0.13047891 0.025953868 0.088891237
      vertex -0.13303514 1.6292106e-17 0.088891237
    endloop
  endfacet
  facet normal 0.87861295 -0.086535822 -0.4696284
    outer loop
      vertex -0.14498039 0.028838393 0.061229349
      vertex -0.13303514 1.6292106e-17 0.088891237
      vertex -0.14782073 1.8102818e-17 0.061229349
    endloop
  endfacet
  facet normal 0.87861295 0.086535822 -0.4696284
    outer loop
      vertex -0.14782073 1.8102818e-17 0.061229349
      vertex -0.13303514 1.6292106e-17 0.088891237
      vertex -0.13047891 -0.025953868 0.088891237
    endloop
  endfacet
  facet normal 0.87861295 0.086535822 -0.4696284
    outer loop
      vertex -0.14782073 1.8102818e-17 0.061229349
      vertex -0.13047891 -0.025953868 0.088891237
      vertex -0.14498039 -0.028838393 0.061229349
    endloop
  endfacet
  facet normal 0.84484835 0.25628194 -0.4696284
    outer loop
      vertex -0.14498039 -0.028838393 0.061229349
      vertex -0.13047891 -0.025953868 0.088891237
      vertex -0.12290844 -0.050910343 0.088891237
    endloop
  endfacet
  facet normal 0.84484835 0.25628194 -0.4696284
    outer loop
      vertex -0.14498039 -0.028838393 0.061229349
      vertex -0.12290844 -0.050910343 0.088891237
      vertex -0.13656854 -0.056568542 0.061229349
    endloop
  endfacet
  facet normal 0.77861669 0.41617929 -0.4696284
    outer loop
      vertex -0.13656854 -0.056568542 0.061229349
      vertex -0.12290844 -0.050910343 0.088891237
      vertex -0.11061467 -0.073910363 0.088891237
    endloop
  endfacet
  facet normal 0.77861669 0.41617929 -0.4696284
    outer loop
      vertex -0.13656854 -0.056568542 0.061229349
      vertex -0.11061467 -0.073910363 0.088891237
      vertex -0.12290844 -0.082124795 0.061229349
    endloop
  endfacet
  facet normal 0.68246324 0.56008311 -0.4696284
    outer loop
      vertex -0.12290844 -0.082124795 0.061229349
      vertex -0.11061467 -0.073910363 0.088891237
      vertex -0.094070048 -0.094070048 0.088891237
    endloop
  endfacet
  facet normal 0.68246324 0.56008311 -0.4696284
    outer loop
      vertex -0.12290844 -0.082124795 0.061229349
      vertex -0.094070048 -0.094070048 0.088891237
      vertex -0.10452504 -0.10452504 0.061229349
    endloop
  endfacet
  facet normal 0.56008311 0.68246324 -0.4696284
    outer loop
      vertex -0.10452504 -0.10452504 0.061229349
      vertex -0.094070048 -0.094070048 0.088891237
      vertex -0.073910363 -0.11061467 0.088891237
    endloop
  endfacet
  facet normal 0.56008311 0.68246324 -0.4696284
    outer loop
      vertex -0.10452504 -0.10452504 0.061229349
      vertex -0.073910363 -0.11061467 0.088891237
      vertex -0.082124795 -0.12290844 0.061229349
    endloop
  endfacet
  facet normal 0.41617929 0.77861669 -0.4696284
    outer loop
      vertex -0.082124795 -0.12290844 0.061229349
      vertex -0.073910363 -0.11061467 0.088891237
      vertex -0.050910343 -0.12290844 0.088891237
    endloop
  endfacet
  facet normal 0.41617929 0.77861669 -0.4696284
    outer loop
      vertex -0.082124795 -0.12290844 0.061229349
      vertex -0.050910343 -0.12290844 0.088891237
      vertex -0.056568542 -0.13656854 0.061229349
    endloop
  endfacet
  facet normal 0.25628194 0.84484835 -0.4696284
    outer loop
      vertex -0.056568542 -0.13656854 0.061229349
      vertex -0.050910343 -0.12290844 0.088891237
      vertex -0.025953868 -0.13047891 0.088891237
    endloop
  endfacet
  facet normal 0.25628194 0.84484835 -0.4696284
    outer loop
      vertex -0.056568542 -0.13656854 0.061229349
      vertex -0.025953868 -0.13047891 0.088891237
      vertex -0.028838393 -0.14498039 0.061229349
    endloop
  endfacet
  facet normal 0.086535822 0.87861295 -0.4696284
    outer loop
      vertex -0.028838393 -0.14498039 0.061229349
      vertex -0.025953868 -0.13047891 0.088891237
      vertex -2.4438158e-17 -0.13303514 0.088891237
    endloop
  endfacet
  facet normal 0.086535822 0.87861295 -0.4696284
    outer loop
      vertex -0.028838393 -0.14498039 0.061229349
      vertex -2.4438158e-17 -0.13303514 0.088891237
      vertex -2.7154227e-17 -0.14782073 0.061229349
    endloop
  endfacet
  facet normal -0.086535822 0.87861295 -0.4696284
    outer loop
      vertex -2.7154227e-17 -0.14782073 0.061229349
      vertex -2.4438158e-17 -0.13303514 0.088891237
      vertex 0.025953868 -0.13047891 0.088891237
    endloop
  endfacet
  facet normal -0.086535822 0.87861295 -0.4696284
    outer loop
      vertex -2.7154227e-17 -0.14782073 0.061229349
      vertex 0.025953868 -0.13047891 0.088891237
      vertex 0.028838393 -0.14498039 0.061229349
    endloop
  endfacet
  facet normal -0.25628194 0.84484835 -0.4696284
    outer loop
      vertex 0.028838393 -0.14498039 0.061229349
      vertex 0.025953868 -0.13047891 0.088891237
      vertex 0.050910343 -0.12290844 0.088891237
    endloop
  endfacet
  facet normal -0.25628194 0.84484835 -0.4696284
    outer loop
      vertex 0.028838393 -0.14498039 0.061229349
      vertex 0.050910343 -0.12290844 0.088891237
      vertex 0.056568542 -0.13656854 0.061229349
    endloop
  endfacet
  facet normal -0.41617929 0.77861669 -0.4696284
    outer loop
      vertex 0.056568542 -0.13656854 0.061229349
      vertex 0.050910343 -0.12290844 0.088891237
      vertex 0.073910363 -0.11061467 0.088891237
    endloop
  endfacet
  facet normal -0.41617929 0.77861669 -0.4696284
    outer loop
      vertex 0.056568542 -0.13656854 0.061229349
      vertex 0.073910363 -0.11061467 0.088891237
      vertex 0.082124795 -0.12290844 0.061229349
    endloop
  endfacet
  facet normal -0.56008311 0.68246324 -0.4696284
    outer loop
      vertex 0.082124795 -0.12290844 0.061229349
      vertex 0.073910363 -0.11061467 0.088891237
      vertex 0.094070048 -0.094070048 0.088891237
    endloop
  endfacet
  facet normal -0.56008311 0.68246324 -0.4696284
    outer loop
      vertex 0.082124795 -0.12290844 0.061229349
      vertex 0.094070048 -0.094070048 0.088891237
      vertex 0.10452504 -0.10452504 0.061229349
    endloop
  endfacet
  facet normal -0.68246324 0.56008311 -0.4696284
    outer loop
      vertex 0.10452504 -0.10452504 0.061229349
      vertex 0.094070048 -0.094070048 0.088891237
      vertex 0.11061467 -0.073910363 0.088891237
    endloop
  endfacet
  facet normal -0.68246324 0.56008311 -0.4696284
    outer loop
      vertex 0.10452504 -0.10452504 0.061229349
      vertex 0.11061467 -0.073910363 0.088891237
      vertex 0.12290844 -0.082124795 0.061229349
    endloop
  endfacet
  facet normal -0.77861669 0.41617929 -0.4696284
    outer loop
      vertex 0.12290844 -0.082124795 0.061229349
      vertex 0.11061467 -0.073910363 0.088891237
      vertex 0.12290844 -0.050910343 0.088891237
    endloop
  endfacet
  facet normal -0.77861669 0.41617929 -0.4696284
    outer loop
      vertex 0.12290844 -0.082124795 0.061229349
      vertex 0.12290844 -0.050910343 0.088891237
      vertex 0.13656854 -0.056568542 0.061229349
    endloop
  endfacet
  facet normal -0.84484835 0.25628194 -0.4696284
    outer loop
      vertex 0.13656854 -0.056568542 0.061229349
      vertex 0.12290844 -0.050910343 0.088891237
      vertex 0.13047891 -0.025953868 0.088891237
    endloop
  endfacet
  facet normal -0.84484835 0.25628194 -0.4696284
    outer loop
      vertex 0.13656854 -0.056568542 0.061229349
      vertex 0.13047891 -0.025953868 0.088891237
      vertex 0.14498039 -0.028838393 0.061229349
    endloop
  endfacet
  facet normal -0.87861295 0.086535822 -0.4696284
    outer loop
      vertex 0.14498039 -0.028838393 0.061229349
      vertex 0.13047891 -0.025953868 0.088891237
      vertex 0.13303514 -3.2584211e-17 0.088891237
    endloop
  endfacet
  facet normal -0.87861295 0.086535822 -0.4696284
    outer loop
      vertex 0.14498039 -0.028838393 0.061229349
      vertex 0.13303514 -3.2584211e-17 0.088891237
      vertex 0.14782073 -3.6205636e-17 0.061229349
    endloop
  endfacet
  facet normal -0.77077976 -0.07591518 -0.6325626
    outer loop
      vertex 0.13303514 0 0.088891237
      vertex 0.11313708 0 0.11313708
      vertex 0.11096319 0.02207195 0.11313708
    endloop
  endfacet
  facet normal -0.77077976 -0.07591518 -0.6325626
    outer loop
      vertex 0.13303514 0 0.088891237
      vertex 0.11096319 0.02207195 0.11313708
      vertex 0.13047891 0.025953868 0.088891237
    endloop
  endfacet
  facet normal -0.74115913 -0.22482816 -0.6325626
    outer loop
      vertex 0.13047891 0.025953868 0.088891237
      vertex 0.11096319 0.02207195 0.11313708
      vertex 0.10452504 0.043295688 0.11313708
    endloop
  endfacet
  facet normal -0.74115913 -0.22482816 -0.6325626
    outer loop
      vertex 0.13047891 0.025953868 0.088891237
      vertex 0.10452504 0.043295688 0.11313708
      vertex 0.12290844 0.050910343 0.088891237
    endloop
  endfacet
  facet normal -0.68305616 -0.36510113 -0.6325626
    outer loop
      vertex 0.12290844 0.050910343 0.088891237
      vertex 0.10452504 0.043295688 0.11313708
      vertex 0.094070048 0.062855597 0.11313708
    endloop
  endfacet
  facet normal -0.68305616 -0.36510113 -0.6325626
    outer loop
      vertex 0.12290844 0.050910343 0.088891237
      vertex 0.094070048 0.062855597 0.11313708
      vertex 0.11061467 0.073910363 0.088891237
    endloop
  endfacet
  facet normal -0.59870373 -0.49134346 -0.6325626
    outer loop
      vertex 0.11061467 0.073910363 0.088891237
      vertex 0.094070048 0.062855597 0.11313708
      vertex 0.08 0.08 0.11313708
    endloop
  endfacet
  facet normal -0.59870373 -0.49134346 -0.6325626
    outer loop
      vertex 0.11061467 0.073910363 0.088891237
      vertex 0.08 0.08 0.11313708
      vertex 0.094070048 0.094070048 0.088891237
    endloop
  endfacet
  facet normal -0.49134346 -0.59870373 -0.6325626
    outer loop
      vertex 0.094070048 0.094070048 0.088891237
      vertex 0.08 0.08 0.11313708
      vertex 0.062855597 0.094070048 0.11313708
    endloop
  endfacet
  facet normal -0.49134346 -0.59870373 -0.6325626
    outer loop
      vertex 0.094070048 0.094070048 0.088891237
      vertex 0.062855597 0.094070048 0.11313708
      vertex 0.073910363 0.11061467 0.088891237
    endloop
  endfacet
  facet normal -0.36510113 -0.68305616 -0.6325626
    outer loop
      vertex 0.073910363 0.11061467 0.088891237
      vertex 0.062855597 0.094070048 0.11313708
      vertex 0.043295688 0.10452504 0.11313708
    endloop
  endfacet
  facet normal -0.36510113 -0.68305616 -0.6325626
    outer loop
      vertex 0.073910363 0.11061467 0.088891237
      vertex 0.043295688 0.10452504 0.11313708
      vertex 0.050910343 0.12290844 0.088891237
    endloop
  endfacet
  facet normal -0.22482816 -0.74115913 -0.6325626
    outer loop
      vertex 0.050910343 0.12290844 0.088891237
      vertex 0.043295688 0.10452504 0.11313708
      vertex 0.02207195 0.11096319 0.11313708
    endloop
  endfacet
  facet normal -0.22482816 -0.74115913 -0.6325626
    outer loop
      vertex 0.050910343 0.12290844 0.088891237
      vertex 0.02207195 0.11096319 0.11313708
      vertex 0.025953868 0.13047891 0.088891237
    endloop
  endfacet
  facet normal -0.07591518 -0.77077976 -0.6325626
    outer loop
      vertex 0.025953868 0.13047891 0.088891237
      vertex 0.02207195 0.11096319 0.11313708
      vertex 6.9276484e-18 0.11313708 0.11313708
    endloop
  endfacet
  facet normal -0.07591518 -0.77077976 -0.6325626
    outer loop
      vertex 0.025953868 0.13047891 0.088891237
      vertex 6.9276484e-18 0.11313708 0.11313708
      vertex 8.1460528e-18 0.13303514 0.088891237
    endloop
  endfacet
  facet normal 0.07591518 -0.77077976 -0.6325626
    outer loop
      vertex 8.1460528e-18 0.13303514 0.088891237
      vertex 6.9276484e-18 0.11313708 0.11313708
      vertex -0.02207195 0.11096319 0.11313708
    endloop
  endfacet
  facet normal 0.07591518 -0.77077976 -0.6325626
    outer loop
      vertex 8.1460528e-18 0.13303514 0.088891237
      vertex -0.02207195 0.11096319 0.11313708
      vertex -0.025953868 0.13047891 0.088891237
    endloop
  endfacet
  facet normal 0.22482816 -0.74115913 -0.6325626
    outer loop
      vertex -0.025953868 0.13047891 0.088891237
      vertex -0.02207195 0.11096319 0.11313708
      vertex -0.043295688 0.10452504 0.11313708
    endloop
  endfacet
  facet normal 0.22482816 -0.74115913 -0.6325626
    outer loop
      vertex -0.025953868 0.13047891 0.088891237
      vertex -0.043295688 0.10452504 0.11313708
      vertex -0.050910343 0.12290844 0.088891237
    endloop
  endfacet
  facet normal 0.36510113 -0.68305616 -0.6325626
    outer loop
      vertex -0.050910343 0.12290844 0.088891237
      vertex -0.043295688 0.10452504 0.11313708
      vertex -0.062855597 0.094070048 0.11313708
    endloop
  endfacet
  facet normal 0.36510113 -0.68305616 -0.6325626
    outer loop
      vertex -0.050910343 0.12290844 0.088891237
      vertex -0.062855597 0.094070048 0.11313708
      vertex -0.073910363 0.11061467 0.088891237
    endloop
  endfacet
  facet normal 0.49134346 -0.59870373 -0.6325626
    outer loop
      vertex -0.073910363 0.11061467 0.088891237
      vertex -0.062855597 0.094070048 0.11313708
      vertex -0.08 0.08 0.11313708
    endloop
  endfacet
  facet normal 0.49134346 -0.59870373 -0.6325626
    outer loop
      vertex -0.073910363 0.11061467 0.088891237
      vertex -0.08 0.08 0.11313708
      vertex -0.094070048 0.094070048 0.088891237
    endloop
  endfacet
  facet normal 0.59870373 -0.49134346 -0.6325626
    outer loop
      vertex -0.094070048 0.094070048 0.088891237
      vertex -0.08 0.08 0.11313708
      vertex -0.094070048 0.062855597 0.11313708
    endloop
  endfacet
  facet normal 0.59870373 -0.49134346 -0.6325626
    outer loop
      vertex -0.094070048 0.094070048 0.088891237
      vertex -0.094070048 0.062855597 0.11313708
      vertex -0.11061467 0.073910363 0.088891237
    endloop
  endfacet
  facet normal 0.68305616 -0.36510113 -0.6325626
    outer loop
      vertex -0.11061467 0.073910363 0.088891237
      vertex -0.094070048 0.062855597 0.11313708
      vertex -0.10452504 0.043295688 0.11313708
    endloop
  endfacet
  facet normal 0.68305616 -0.36510113 -0.6325626
    outer loop
      vertex -0.11061467 0.073910363 0.088891237
      vertex -0.10452504 0.043295688 0.11313708
      vertex -0.12290844 0.050910343 0.088891237
    endloop
  endfacet
  facet normal 0.74115913 -0.22482816 -0.6325626
    outer loop
      vertex -0.12290844 0.050910343 0.088891237
      vertex -0.10452504 0.043295688 0.11313708
      vertex -0.11096319 0.02207195 0.11313708
    endloop
  endfacet
  facet normal 0.74115913 -0.22482816 -0.6325626
    outer loop
      vertex -0.12290844 0.050910343 0.088891237
      vertex -0.11096319 0.02207195 0.11313708
      vertex -0.13047891 0.025953868 0.088891237
    endloop
  endfacet
  facet normal 0.77077976 -0.07591518 -0.6325626
    outer loop
      vertex -0.13047891 0.025953868 0.088891237
      vertex -0.11096319 0.02207195 0.11313708
      vertex -0.11313708 1.3855297e-17 0.11313708
    endloop
  endfacet
  facet normal 0.77077976 -0.07591518 -0.6325626
    outer loop
      vertex -0.13047891 0.025953868 0.088891237
      vertex -0.11313708 1.3855297e-17 0.11313708
      vertex -0.13303514 1.6292106e-17 0.088891237
    endloop
  endfacet
  facet normal 0.77077976 0.07591518 -0.6325626
    outer loop
      vertex -0.13303514 1.6292106e-17 0.088891237
      vertex -0.11313708 1.3855297e-17 0.11313708
      vertex -0.11096319 -0.02207195 0.11313708
    endloop
  endfacet
  facet normal 0.77077976 0.07591518 -0.6325626
    outer loop
      vertex -0.13303514 1.6292106e-17 0.088891237
      vertex -0.11096319 -0.02207195 0.11313708
      vertex -0.13047891 -0.025953868 0.088891237
    endloop
  endfacet
  facet normal 0.74115913 0.22482816 -0.6325626
    outer loop
      vertex -0.13047891 -0.025953868 0.088891237
      vertex -0.11096319 -0.02207195 0.11313708
      vertex -0.10452504 -0.043295688 0.11313708
    endloop
  endfacet
  facet normal 0.74115913 0.22482816 -0.6325626
    outer loop
      vertex -0.13047891 -0.025953868 0.088891237
      vertex -0.10452504 -0.043295688 0.11313708
      vertex -0.12290844 -0.050910343 0.088891237
    endloop
  endfacet
  facet normal 0.68305616 0.36510113 -0.6325626
    outer loop
      vertex -0.12290844 -0.050910343 0.088891237
      vertex -0.10452504 -0.043295688 0.11313708
      vertex -0.094070048 -0.062855597 0.11313708
    endloop
  endfacet
  facet normal 0.68305616 0.36510113 -0.6325626
    outer loop
      vertex -0.12290844 -0.050910343 0.088891237
      vertex -0.094070048 -0.062855597 0.11313708
      vertex -0.11061467 -0.073910363 0.088891237
    endloop
  endfacet
  facet normal 0.59870373 0.49134346 -0.6325626
    outer loop
      vertex -0.11061467 -0.073910363 0.088891237
      vertex -0.094070048 -0.062855597 0.11313708
      vertex -0.08 -0.08 0.11313708
    endloop
  endfacet
  facet normal 0.59870373 0.49134346 -0.6325626
    outer loop
      vertex -0.11061467 -0.073910363 0.088891237
      vertex -0.08 -0.08 0.11313708
      vertex -0.094070048 -0.094070048 0.088891237
    endloop
  endfacet
  facet normal 0.49134346 0.59870373 -0.6325626
    outer loop
      vertex -0.094070048 -0.094070048 0.088891237
      vertex -0.08 -0.08 0.11313708
      vertex -0.062855597 -0.094070048 0.11313708
    endloop
  endfacet
  facet normal 0.49134346 0.59870373 -0.6325626
    outer loop
      vertex -0.094070048 -0.094070048 0.088891237
      vertex -0.062855597 -0.094070048 0.11313708
      vertex -0.073910363 -0.11061467 0.088891237
    endloop
  endfacet
  facet normal 0.36510113 0.68305616 -0.6325626
    outer loop
      vertex -0.073910363 -0.11061467 0.088891237
      vertex -0.062855597 -0.094070048 0.11313708
      vertex -0.043295688 -0.10452504 0.11313708
    endloop
  endfacet
  facet normal 0.36510113 0.68305616 -0.6325626
    outer loop
      vertex -0.073910363 -0.11061467 0.088891237
      vertex -0.043295688 -0.10452504 0.11313708
      vertex -0.050910343 -0.12290844 0.088891237
    endloop
  endfacet
  facet normal 0.22482816 0.74115913 -0.6325626
    outer loop
      vertex -0.050910343 -0.12290844 0.088891237
      vertex -0.043295688 -0.10452504 0.11313708
      vertex -0.02207195 -0.11096319 0.11313708
    endloop
  endfacet
  facet normal 0.22482816 0.74115913 -0.6325626
    outer loop
      vertex -0.050910343 -0.12290844 0.088891237
      vertex -0.02207195 -0.11096319 0.11313708
      vertex -0.025953868 -0.13047891 0.088891237
    endloop
  endfacet
  facet normal 0.07591518 0.77077976 -0.6325626
    outer loop
      vertex -0.025953868 -0.13047891 0.088891237
      vertex -0.02207195 -0.11096319 0.11313708
      vertex -2.0782945e-17 -0.11313708 0.11313708
    endloop
  endfacet
  facet normal 0.07591518 0.77077976 -0.6325626
    outer loop
      vertex -0.025953868 -0.13047891 0.088891237
      vertex -2.0782945e-17 -0.11313708 0.11313708
      vertex -2.4438158e-17 -0.13303514 0.088891237
    endloop
  endfacet
  facet normal -0.07591518 0.77077976 -0.6325626
    outer loop
      vertex -2.4438158e-17 -0.13303514 0.088891237
      vertex -2.0782945e-17 -0.11313708 0.11313708
      vertex 0.02207195 -0.11096319 0.11313708
    endloop
  endfacet
  facet normal -0.07591518 0.77077976 -0.6325626
    outer loop
      vertex -2.4438158e-17 -0.13303514 0.088891237
      vertex 0.02207195 -0.11096319 0.11313708
      vertex 0.025953868 -0.13047891 0.088891237
    endloop
  endfacet
  facet normal -0.22482816 0.74115913 -0.6325626
    outer loop
      vertex 0.025953868 -0.13047891 0.088891237
      vertex 0.02207195 -0.11096319 0.11313708
      vertex 0.043295688 -0.10452504 0.11313708
    endloop
  endfacet
  facet normal -0.22482816 0.74115913 -0.6325626
    outer loop
      vertex 0.025953868 -0.13047891 0.088891237
      vertex 0.043295688 -0.10452504 0.11313708
      vertex 0.050910343 -0.12290844 0.088891237
    endloop
  endfacet
  facet normal -0.36510113 0.68305616 -0.6325626
    outer loop
      vertex 0.050910343 -0.12290844 0.088891237
      vertex 0.043295688 -0.10452504 0.11313708
      vertex 0.062855597 -0.094070048 0.11313708
    endloop
  endfacet
  facet normal -0.36510113 0.68305616 -0.6325626
    outer loop
      vertex 0.050910343 -0.12290844 0.088891237
      vertex 0.062855597 -0.094070048 0.11313708
      vertex 0.073910363 -0.11061467 0.088891237
    endloop
  endfacet
  facet normal -0.49134346 0.59870373 -0.6325626
    outer loop
      vertex 0.073910363 -0.11061467 0.088891237
      vertex 0.062855597 -0.094070048 0.11313708
      vertex 0.08 -0.08 0.11313708
    endloop
  endfacet
  facet normal -0.49134346 0.59870373 -0.6325626
    outer loop
      vertex 0.073910363 -0.11061467 0.088891237
      vertex 0.08 -0.08 0.11313708
      vertex 0.094070048 -0.094070048 0.088891237
    endloop
  endfacet
  facet normal -0.59870373 0.49134346 -0.6325626
    outer loop
      vertex 0.094070048 -0.094070048 0.088891237
      vertex 0.08 -0.08 0.11313708
      vertex 0.094070048 -0.062855597 0.11313708
    endloop
  endfacet
  facet normal -0.59870373 0.49134346 -0.6325626
    outer loop
      vertex 0.094070048 -0.094070048 0.088891237
      vertex 0.094070048 -0.062855597 0.11313708
      vertex 0.11061467 -0.073910363 0.088891237
    endloop
  endfacet
  facet normal -0.68305616 0.36510113 -0.6325626
    outer loop
      vertex 0.11061467 -0.073910363 0.088891237
      vertex 0.094070048 -0.062855597 0.11313708
      vertex 0.10452504 -0.043295688 0.11313708
    endloop
  endfacet
  facet normal -0.68305616 0.36510113 -0.6325626
    outer loop
      vertex 0.11061467 -0.073910363 0.088891237
      vertex 0.10452504 -0.043295688 0.11313708
      vertex 0.12290844 -0.050910343 0.088891237
    endloop
  endfacet
  facet normal -0.74115913 0.22482816 -0.6325626
    outer loop
      vertex 0.12290844 -0.050910343 0.088891237
      vertex 0.10452504 -0.043295688 0.11313708
      vertex 0.11096319 -0.02207195 0.11313708
    endloop
  endfacet
  facet normal -0.74115913 0.22482816 -0.6325626
    outer loop
      vertex 0.12290844 -0.050910343 0.088891237
      vertex 0.11096319 -0.02207195 0.11313708
      vertex 0.13047891 -0.025953868 0.088891237
    endloop
  endfacet
  facet normal -0.77077976 0.07591518 -0.6325626
    outer loop
      vertex 0.13047891 -0.025953868 0.088891237
      vertex 0.11096319 -0.02207195 0.11313708
      vertex 0.11313708 -2.7710594e-17 0.11313708
    endloop
  endfacet
  facet normal -0.77077976 0.07591518 -0.6325626
    outer loop
      vertex 0.13047891 -0.025953868 0.088891237
      vertex 0.11313708 -2.7710594e-17 0.11313708
      vertex 0.13303514 -3.2584211e-17 0.088891237
    endloop
  endfacet
  facet normal -0.63315855 -0.062360674 -0.77150593
    outer loop
      vertex 0.11313708 0 0.11313708
      vertex 0.088891237 0 0.13303514
      vertex 0.087183217 0.01734182 0.13303514
    endloop
  endfacet
  facet normal -0.63315855 -0.062360674 -0.77150593
    outer loop
      vertex 0.11313708 0 0.11313708
      vertex 0.087183217 0.01734182 0.13303514
      vertex 0.11096319 0.02207195 0.11313708
    endloop
  endfacet
  facet normal -0.60882662 -0.18468554 -0.77150593
    outer loop
      vertex 0.11096319 0.02207195 0.11313708
      vertex 0.087183217 0.01734182 0.13303514
      vertex 0.082124795 0.034017204 0.13303514
    endloop
  endfacet
  facet normal -0.60882662 -0.18468554 -0.77150593
    outer loop
      vertex 0.11096319 0.02207195 0.11313708
      vertex 0.082124795 0.034017204 0.13303514
      vertex 0.10452504 0.043295688 0.11313708
    endloop
  endfacet
  facet normal -0.56109783 -0.29991304 -0.77150593
    outer loop
      vertex 0.10452504 0.043295688 0.11313708
      vertex 0.082124795 0.034017204 0.13303514
      vertex 0.073910363 0.049385325 0.13303514
    endloop
  endfacet
  facet normal -0.56109783 -0.29991304 -0.77150593
    outer loop
      vertex 0.10452504 0.043295688 0.11313708
      vertex 0.073910363 0.049385325 0.13303514
      vertex 0.094070048 0.062855597 0.11313708
    endloop
  endfacet
  facet normal -0.49180636 -0.40361505 -0.77150593
    outer loop
      vertex 0.094070048 0.062855597 0.11313708
      vertex 0.073910363 0.049385325 0.13303514
      vertex 0.062855597 0.062855597 0.13303514
    endloop
  endfacet
  facet normal -0.49180636 -0.40361505 -0.77150593
    outer loop
      vertex 0.094070048 0.062855597 0.11313708
      vertex 0.062855597 0.062855597 0.13303514
      vertex 0.08 0.08 0.11313708
    endloop
  endfacet
  facet normal -0.40361505 -0.49180636 -0.77150593
    outer loop
      vertex 0.08 0.08 0.11313708
      vertex 0.062855597 0.062855597 0.13303514
      vertex 0.049385325 0.073910363 0.13303514
    endloop
  endfacet
  facet normal -0.40361505 -0.49180636 -0.77150593
    outer loop
      vertex 0.08 0.08 0.11313708
      vertex 0.049385325 0.073910363 0.13303514
      vertex 0.062855597 0.094070048 0.11313708
    endloop
  endfacet
  facet normal -0.29991304 -0.56109783 -0.77150593
    outer loop
      vertex 0.062855597 0.094070048 0.11313708
      vertex 0.049385325 0.073910363 0.13303514
      vertex 0.034017204 0.082124795 0.13303514
    endloop
  endfacet
  facet normal -0.29991304 -0.56109783 -0.77150593
    outer loop
      vertex 0.062855597 0.094070048 0.11313708
      vertex 0.034017204 0.082124795 0.13303514
      vertex 0.043295688 0.10452504 0.11313708
    endloop
  endfacet
  facet normal -0.18468554 -0.60882662 -0.77150593
    outer loop
      vertex 0.043295688 0.10452504 0.11313708
      vertex 0.034017204 0.082124795 0.13303514
      vertex 0.01734182 0.087183217 0.13303514
    endloop
  endfacet
  facet normal -0.18468554 -0.60882662 -0.77150593
    outer loop
      vertex 0.043295688 0.10452504 0.11313708
      vertex 0.01734182 0.087183217 0.13303514
      vertex 0.02207195 0.11096319 0.11313708
    endloop
  endfacet
  facet normal -0.062360674 -0.63315855 -0.77150593
    outer loop
      vertex 0.02207195 0.11096319 0.11313708
      vertex 0.01734182 0.087183217 0.13303514
      vertex 5.4430185e-18 0.088891237 0.13303514
    endloop
  endfacet
  facet normal -0.062360674 -0.63315855 -0.77150593
    outer loop
      vertex 0.02207195 0.11096319 0.11313708
      vertex 5.4430185e-18 0.088891237 0.13303514
      vertex 6.9276484e-18 0.11313708 0.11313708
    endloop
  endfacet
  facet normal 0.062360674 -0.63315855 -0.77150593
    outer loop
      vertex 6.9276484e-18 0.11313708 0.11313708
      vertex 5.4430185e-18 0.088891237 0.13303514
      vertex -0.01734182 0.087183217 0.13303514
    endloop
  endfacet
  facet normal 0.062360674 -0.63315855 -0.77150593
    outer loop
      vertex 6.9276484e-18 0.11313708 0.11313708
      vertex -0.01734182 0.087183217 0.13303514
      vertex -0.02207195 0.11096319 0.11313708
    endloop
  endfacet
  facet normal 0.18468554 -0.60882662 -0.77150593
    outer loop
      vertex -0.02207195 0.11096319 0.11313708
      vertex -0.01734182 0.087183217 0.13303514
      vertex -0.034017204 0.082124795 0.13303514
    endloop
  endfacet
  facet normal 0.18468554 -0.60882662 -0.77150593
    outer loop
      vertex -0.02207195 0.11096319 0.11313708
      vertex -0.034017204 0.082124795 0.13303514
      vertex -0.043295688 0.10452504 0.11313708
    endloop
  endfacet
  facet normal 0.29991304 -0.56109783 -0.77150593
    outer loop
      vertex -0.043295688 0.10452504 0.11313708
      vertex -0.034017204 0.082124795 0.13303514
      vertex -0.049385325 0.073910363 0.13303514
    endloop
  endfacet
  facet normal 0.29991304 -0.56109783 -0.77150593
    outer loop
      vertex -0.043295688 0.10452504 0.11313708
      vertex -0.049385325 0.073910363 0.13303514
      vertex -0.062855597 0.094070048 0.11313708
    endloop
  endfacet
  facet normal 0.40361505 -0.49180636 -0.77150593
    outer loop
      vertex -0.062855597 0.094070048 0.11313708
      vertex -0.049385325 0.073910363 0.13303514
      vertex -0.062855597 0.062855597 0.13303514
    endloop
  endfacet
  facet normal 0.40361505 -0.49180636 -0.77150593
    outer loop
      vertex -0.062855597 0.094070048 0.11313708
      vertex -0.062855597 0.062855597 0.13303514
      vertex -0.08 0.08 0.11313708
    endloop
  endfacet
  facet normal 0.49180636 -0.40361505 -0.77150593
    outer loop
      vertex -0.08 0.08 0.11313708
      vertex -0.062855597 0.062855597 0.13303514
      vertex -0.073910363 0.049385325 0.13303514
    endloop
  endfacet
  facet normal 0.49180636 -0.40361505 -0.77150593
    outer loop
      vertex -0.08 0.08 0.11313708
      vertex -0.073910363 0.049385325 0.13303514
      vertex -0.094070048 0.062855597 0.11313708
    endloop
  endfacet
  facet normal 0.56109783 -0.29991304 -0.77150593
    outer loop
      vertex -0.094070048 0.062855597 0.11313708
      vertex -0.073910363 0.049385325 0.13303514
      vertex -0.082124795 0.034017204 0.13303514
    endloop
  endfacet
  facet normal 0.56109783 -0.29991304 -0.77150593
    outer loop
      vertex -0.094070048 0.062855597 0.11313708
      vertex -0.082124795 0.034017204 0.13303514
      vertex -0.10452504 0.043295688 0.11313708
    endloop
  endfacet
  facet normal 0.60882662 -0.18468554 -0.77150593
    outer loop
      vertex -0.10452504 0.043295688 0.11313708
      vertex -0.082124795 0.034017204 0.13303514
      vertex -0.087183217 0.01734182 0.13303514
    endloop
  endfacet
  facet normal 0.60882662 -0.18468554 -0.77150593
    outer loop
      vertex -0.10452504 0.043295688 0.11313708
      vertex -0.087183217 0.01734182 0.13303514
      vertex -0.11096319 0.02207195 0.11313708
    endloop
  endfacet
  facet normal 0.63315855 -0.062360674 -0.77150593
    outer loop
      vertex -0.11096319 0.02207195 0.11313708
      vertex -0.087183217 0.01734182 0.13303514
      vertex -0.088891237 1.0886037e-17 0.13303514
    endloop
  endfacet
  facet normal 0.63315855 -0.062360674 -0.77150593
    outer loop
      vertex -0.11096319 0.02207195 0.11313708
      vertex -0.088891237 1.0886037e-17 0.13303514
      vertex -0.11313708 1.3855297e-17 0.11313708
    endloop
  endfacet
  facet normal 0.63315855 0.062360674 -0.77150593
    outer loop
      vertex -0.11313708 1.3855297e-17 0.11313708
      vertex -0.088891237 1.0886037e-17 0.13303514
      vertex -0.087183217 -0.01734182 0.13303514
    endloop
  endfacet
  facet normal 0.63315855 0.062360674 -0.77150593
    outer loop
      vertex -0.11313708 1.3855297e-17 0.11313708
      vertex -0.087183217 -0.01734182 0.13303514
      vertex -0.11096319 -0.02207195 0.11313708
    endloop
  endfacet
  facet normal 0.60882662 0.18468554 -0.77150593
    outer loop
      vertex -0.11096319 -0.02207195 0.11313708
      vertex -0.087183217 -0.01734182 0.13303514
      vertex -0.082124795 -0.034017204 0.13303514
    endloop
  endfacet
  facet normal 0.60882662 0.18468554 -0.77150593
    outer loop
      vertex -0.11096319 -0.02207195 0.11313708
      vertex -0.082124795 -0.034017204 0.13303514
      vertex -0.10452504 -0.043295688 0.11313708
    endloop
  endfacet
  facet normal 0.56109783 0.29991304 -0.77150593
    outer loop
      vertex -0.10452504 -0.043295688 0.11313708
      vertex -0.082124795 -0.034017204 0.13303514
      vertex -0.073910363 -0.049385325 0.13303514
    endloop
  endfacet
  facet normal 0.56109783 0.29991304 -0.77150593
    outer loop
      vertex -0.10452504 -0.043295688 0.11313708
      vertex -0.073910363 -0.049385325 0.13303514
      vertex -0.094070048 -0.062855597 0.11313708
    endloop
  endfacet
  facet normal 0.49180636 0.40361505 -0.77150593
    outer loop
      vertex -0.094070048 -0.062855597 0.11313708
      vertex -0.073910363 -0.049385325 0.13303514
      vertex -0.062855597 -0.062855597 0.13303514
    endloop
  endfacet
  facet normal 0.49180636 0.40361505 -0.77150593
    outer loop
      vertex -0.094070048 -0.062855597 0.11313708
      vertex -0.062855597 -0.062855597 0.13303514
      vertex -0.08 -0.08 0.11313708
    endloop
  endfacet
  facet normal 0.40361505 0.49180636 -0.77150593
    outer loop
      vertex -0.08 -0.08 0.11313708
      vertex -0.062855597 -0.062855597 0.13303514
      vertex -0.049385325 -0.073910363 0.13303514
    endloop
  endfacet
  facet normal 0.40361505 0.49180636 -0.77150593
    outer loop
      vertex -0.08 -0.08 0.11313708
      vertex -0.049385325 -0.073910363 0.13303514
      vertex -0.062855597 -0.094070048 0.11313708
    endloop
  endfacet
  facet normal 0.29991304 0.56109783 -0.77150593
    outer loop
      vertex -0.062855597 -0.094070048 0.11313708
      vertex -0.049385325 -0.073910363 0.13303514
      vertex -0.034017204 -0.082124795 0.13303514
    endloop
  endfacet
  facet normal 0.29991304 0.56109783 -0.77150593
    outer loop
      vertex -0.062855597 -0.094070048 0.11313708
      vertex -0.034017204 -0.082124795 0.13303514
      vertex -0.043295688 -0.10452504 0.11313708
    endloop
  endfacet
  facet normal 0.18468554 0.60882662 -0.77150593
    outer loop
      vertex -0.043295688 -0.10452504 0.11313708
      vertex -0.034017204 -0.082124795 0.13303514
      vertex -0.01734182 -0.087183217 0.13303514
    endloop
  endfacet
  facet normal 0.18468554 0.60882662 -0.77150593
    outer loop
      vertex -0.043295688 -0.10452504 0.11313708
      vertex -0.01734182 -0.087183217 0.13303514
      vertex -0.02207195 -0.11096319 0.11313708
    endloop
  endfacet
  facet normal 0.062360674 0.63315855 -0.77150593
    outer loop
      vertex -0.02207195 -0.11096319 0.11313708
      vertex -0.01734182 -0.087183217 0.13303514
      vertex -1.6329055e-17 -0.088891237 0.13303514
    endloop
  endfacet
  facet normal 0.062360674 0.63315855 -0.77150593
    outer loop
      vertex -0.02207195 -0.11096319 0.11313708
      vertex -1.6329055e-17 -0.088891237 0.13303514
      vertex -2.0782945e-17 -0.11313708 0.11313708
    endloop
  endfacet
  facet normal -0.062360674 0.63315855 -0.77150593
    outer loop
      vertex -2.0782945e-17 -0.11313708 0.11313708
      vertex -1.6329055e-17 -0.088891237 0.13303514
      vertex 0.01734182 -0.087183217 0.13303514
    endloop
  endfacet
  facet normal -0.062360674 0.63315855 -0.77150593
    outer loop
      vertex -2.0782945e-17 -0.11313708 0.11313708
      vertex 0.01734182 -0.087183217 0.13303514
      vertex 0.02207195 -0.11096319 0.11313708
    endloop
  endfacet
  facet normal -0.18468554 0.60882662 -0.77150593
    outer loop
      vertex 0.02207195 -0.11096319 0.11313708
      vertex 0.01734182 -0.087183217 0.13303514
      vertex 0.034017204 -0.082124795 0.13303514
    endloop
  endfacet
  facet normal -0.18468554 0.60882662 -0.77150593
    outer loop
      vertex 0.02207195 -0.11096319 0.11313708
      vertex 0.034017204 -0.082124795 0.13303514
      vertex 0.043295688 -0.10452504 0.11313708
    endloop
  endfacet
  facet normal -0.29991304 0.56109783 -0.77150593
    outer loop
      vertex 0.043295688 -0.10452504 0.11313708
      vertex 0.034017204 -0.082124795 0.13303514
      vertex 0.049385325 -0.073910363 0.13303514
    endloop
  endfacet
  facet normal -0.29991304 0.56109783 -0.77150593
    outer loop
      vertex 0.043295688 -0.10452504 0.11313708
      vertex 0.049385325 -0.073910363 0.13303514
      vertex 0.062855597 -0.094070048 0.11313708
    endloop
  endfacet
  facet normal -0.40361505 0.49180636 -0.77150593
    outer loop
      vertex 0.062855597 -0.094070048 0.11313708
      vertex 0.049385325 -0.073910363 0.13303514
      vertex 0.062855597 -0.062855597 0.13303514
    endloop
  endfacet
  facet normal -0.40361505 0.49180636 -0.77150593
    outer loop
      vertex 0.062855597 -0.094070048 0.11313708
      vertex 0.062855597 -0.062855597 0.13303514
      vertex 0.08 -0.08 0.11313708
    endloop
  endfacet
  facet normal -0.49180636 0.40361505 -0.77150593
    outer loop
      vertex 0.08 -0.08 0.11313708
      vertex 0.062855597 -0.062855597 0.13303514
      vertex 0.073910363 -0.049385325 0.13303514
    endloop
  endfacet
  facet normal -0.49180636 0.40361505 -0.77150593
    outer loop
      vertex 0.08 -0.08 0.11313708
      vertex 0.073910363 -0.049385325 0.13303514
      vertex 0.094070048 -0.062855597 0.11313708
    endloop
  endfacet
  facet normal -0.56109783 0.29991304 -0.77150593
    outer loop
      vertex 0.094070048 -0.062855597 0.11313708
      vertex 0.073910363 -0.049385325 0.13303514
      vertex 0.082124795 -0.034017204 0.13303514
    endloop
  endfacet
  facet normal -0.56109783 0.29991304 -0.77150593
    outer loop
      vertex 0.094070048 -0.062855597 0.11313708
      vertex 0.082124795 -0.034017204 0.13303514
      vertex 0.10452504 -0.043295688 0.11313708
    endloop
  endfacet
  facet normal -0.60882662 0.18468554 -0.77150593
    outer loop
      vertex 0.10452504 -0.043295688 0.11313708
      vertex 0.082124795 -0.034017204 0.13303514
      vertex 0.087183217 -0.01734182 0.13303514
    endloop
  endfacet
  facet normal -0.60882662 0.18468554 -0.77150593
    outer loop
      vertex 0.10452504 -0.043295688 0.11313708
      vertex 0.087183217 -0.01734182 0.13303514
      vertex 0.11096319 -0.02207195 0.11313708
    endloop
  endfacet
  facet normal -0.63315855 0.062360674 -0.77150593
    outer loop
      vertex 0.11096319 -0.02207195 0.11313708
      vertex 0.087183217 -0.01734182 0.13303514
      vertex 0.088891237 -2.1772074e-17 0.13303514
    endloop
  endfacet
  facet normal -0.63315855 0.062360674 -0.77150593
    outer loop
      vertex 0.11096319 -0.02207195 0.11313708
      vertex 0.088891237 -2.1772074e-17 0.13303514
      vertex 0.11313708 -2.7710594e-17 0.11313708
    endloop
  endfacet
  facet normal -0.47088948 -0.046378566 -0.88097226
    outer loop
      vertex 0.088891237 0 0.13303514
      vertex 0.061229349 0 0.14782073
      vertex 0.060052844 0.011945253 0.14782073
    endloop
  endfacet
  facet normal -0.47088948 -0.046378566 -0.88097226
    outer loop
      vertex 0.088891237 0 0.13303514
      vertex 0.060052844 0.011945253 0.14782073
      vertex 0.087183217 0.01734182 0.13303514
    endloop
  endfacet
  facet normal -0.45279346 -0.1373534 -0.88097226
    outer loop
      vertex 0.087183217 0.01734182 0.13303514
      vertex 0.060052844 0.011945253 0.14782073
      vertex 0.056568542 0.023431458 0.14782073
    endloop
  endfacet
  facet normal -0.45279346 -0.1373534 -0.88097226
    outer loop
      vertex 0.087183217 0.01734182 0.13303514
      vertex 0.056568542 0.023431458 0.14782073
      vertex 0.082124795 0.034017204 0.13303514
    endloop
  endfacet
  facet normal -0.41729685 -0.22304981 -0.88097226
    outer loop
      vertex 0.082124795 0.034017204 0.13303514
      vertex 0.056568542 0.023431458 0.14782073
      vertex 0.050910343 0.034017204 0.14782073
    endloop
  endfacet
  facet normal -0.41729685 -0.22304981 -0.88097226
    outer loop
      vertex 0.082124795 0.034017204 0.13303514
      vertex 0.050910343 0.034017204 0.14782073
      vertex 0.073910363 0.049385325 0.13303514
    endloop
  endfacet
  facet normal -0.36576375 -0.30017455 -0.88097226
    outer loop
      vertex 0.073910363 0.049385325 0.13303514
      vertex 0.050910343 0.034017204 0.14782073
      vertex 0.043295688 0.043295688 0.14782073
    endloop
  endfacet
  facet normal -0.36576375 -0.30017455 -0.88097226
    outer loop
      vertex 0.073910363 0.049385325 0.13303514
      vertex 0.043295688 0.043295688 0.14782073
      vertex 0.062855597 0.062855597 0.13303514
    endloop
  endfacet
  facet normal -0.30017455 -0.36576375 -0.88097226
    outer loop
      vertex 0.062855597 0.062855597 0.13303514
      vertex 0.043295688 0.043295688 0.14782073
      vertex 0.034017204 0.050910343 0.14782073
    endloop
  endfacet
  facet normal -0.30017455 -0.36576375 -0.88097226
    outer loop
      vertex 0.062855597 0.062855597 0.13303514
      vertex 0.034017204 0.050910343 0.14782073
      vertex 0.049385325 0.073910363 0.13303514
    endloop
  endfacet
  facet normal -0.22304981 -0.41729685 -0.88097226
    outer loop
      vertex 0.049385325 0.073910363 0.13303514
      vertex 0.034017204 0.050910343 0.14782073
      vertex 0.023431458 0.056568542 0.14782073
    endloop
  endfacet
  facet normal -0.22304981 -0.41729685 -0.88097226
    outer loop
      vertex 0.049385325 0.073910363 0.13303514
      vertex 0.023431458 0.056568542 0.14782073
      vertex 0.034017204 0.082124795 0.13303514
    endloop
  endfacet
  facet normal -0.1373534 -0.45279346 -0.88097226
    outer loop
      vertex 0.034017204 0.082124795 0.13303514
      vertex 0.023431458 0.056568542 0.14782073
      vertex 0.011945253 0.060052844 0.14782073
    endloop
  endfacet
  facet normal -0.1373534 -0.45279346 -0.88097226
    outer loop
      vertex 0.034017204 0.082124795 0.13303514
      vertex 0.011945253 0.060052844 0.14782073
      vertex 0.01734182 0.087183217 0.13303514
    endloop
  endfacet
  facet normal -0.046378566 -0.47088948 -0.88097226
    outer loop
      vertex 0.01734182 0.087183217 0.13303514
      vertex 0.011945253 0.060052844 0.14782073
      vertex 3.7492163e-18 0.061229349 0.14782073
    endloop
  endfacet
  facet normal -0.046378566 -0.47088948 -0.88097226
    outer loop
      vertex 0.01734182 0.087183217 0.13303514
      vertex 3.7492163e-18 0.061229349 0.14782073
      vertex 5.4430185e-18 0.088891237 0.13303514
    endloop
  endfacet
  facet normal 0.046378566 -0.47088948 -0.88097226
    outer loop
      vertex 5.4430185e-18 0.088891237 0.13303514
      vertex 3.7492163e-18 0.061229349 0.14782073
      vertex -0.011945253 0.060052844 0.14782073
    endloop
  endfacet
  facet normal 0.046378566 -0.47088948 -0.88097226
    outer loop
      vertex 5.4430185e-18 0.088891237 0.13303514
      vertex -0.011945253 0.060052844 0.14782073
      vertex -0.01734182 0.087183217 0.13303514
    endloop
  endfacet
  facet normal 0.1373534 -0.45279346 -0.88097226
    outer loop
      vertex -0.01734182 0.087183217 0.13303514
      vertex -0.011945253 0.060052844 0.14782073
      vertex -0.023431458 0.056568542 0.14782073
    endloop
  endfacet
  facet normal 0.1373534 -0.45279346 -0.88097226
    outer loop
      vertex -0.01734182 0.087183217 0.13303514
      vertex -0.023431458 0.056568542 0.14782073
      vertex -0.034017204 0.082124795 0.13303514
    endloop
  endfacet
  facet normal 0.22304981 -0.41729685 -0.88097226
    outer loop
      vertex -0.034017204 0.082124795 0.13303514
      vertex -0.023431458 0.056568542 0.14782073
      vertex -0.034017204 0.050910343 0.14782073
    endloop
  endfacet
  facet normal 0.22304981 -0.41729685 -0.88097226
    outer loop
      vertex -0.034017204 0.082124795 0.13303514
      vertex -0.034017204 0.050910343 0.14782073
      vertex -0.049385325 0.073910363 0.13303514
    endloop
  endfacet
  facet normal 0.30017455 -0.36576375 -0.88097226
    outer loop
      vertex -0.049385325 0.073910363 0.13303514
      vertex -0.034017204 0.050910343 0.14782073
      vertex -0.043295688 0.043295688 0.14782073
    endloop
  endfacet
  facet normal 0.30017455 -0.36576375 -0.88097226
    outer loop
      vertex -0.049385325 0.073910363 0.13303514
      vertex -0.043295688 0.043295688 0.14782073
      vertex -0.062855597 0.062855597 0.13303514
    endloop
  endfacet
  facet normal 0.36576375 -0.30017455 -0.88097226
    outer loop
      vertex -0.062855597 0.062855597 0.13303514
      vertex -0.043295688 0.043295688 0.14782073
      vertex -0.050910343 0.034017204 0.14782073
    endloop
  endfacet
  facet normal 0.36576375 -0.30017455 -0.88097226
    outer loop
      vertex -0.062855597 0.062855597 0.13303514
      vertex -0.050910343 0.034017204 0.14782073
      vertex -0.073910363 0.049385325 0.13303514
    endloop
  endfacet
  facet normal 0.41729685 -0.22304981 -0.88097226
    outer loop
      vertex -0.073910363 0.049385325 0.13303514
      vertex -0.050910343 0.034017204 0.14782073
      vertex -0.056568542 0.023431458 0.14782073
    endloop
  endfacet
  facet normal 0.41729685 -0.22304981 -0.88097226
    outer loop
      vertex -0.073910363 0.049385325 0.13303514
      vertex -0.056568542 0.023431458 0.14782073
      vertex -0.082124795 0.034017204 0.13303514
    endloop
  endfacet
  facet normal 0.45279346 -0.1373534 -0.88097226
    outer loop
      vertex -0.082124795 0.034017204 0.13303514
      vertex -0.056568542 0.023431458 0.14782073
      vertex -0.060052844 0.011945253 0.14782073
    endloop
  endfacet
  facet normal 0.45279346 -0.1373534 -0.88097226
    outer loop
      vertex -0.082124795 0.034017204 0.13303514
      vertex -0.060052844 0.011945253 0.14782073
      vertex -0.087183217 0.01734182 0.13303514
    endloop
  endfacet
  facet normal 0.47088948 -0.046378566 -0.88097226
    outer loop
      vertex -0.087183217 0.01734182 0.13303514
      vertex -0.060052844 0.011945253 0.14782073
      vertex -0.061229349 7.4984326e-18 0.14782073
    endloop
  endfacet
  facet normal 0.47088948 -0.046378566 -0.88097226
    outer loop
      vertex -0.087183217 0.01734182 0.13303514
      vertex -0.061229349 7.4984326e-18 0.14782073
      vertex -0.088891237 1.0886037e-17 0.13303514
    endloop
  endfacet
  facet normal 0.47088948 0.046378566 -0.88097226
    outer loop
      vertex -0.088891237 1.0886037e-17 0.13303514
      vertex -0.061229349 7.4984326e-18 0.14782073
      vertex -0.060052844 -0.011945253 0.14782073
    endloop
  endfacet
  facet normal 0.47088948 0.046378566 -0.88097226
    outer loop
      vertex -0.088891237 1.0886037e-17 0.13303514
      vertex -0.060052844 -0.011945253 0.14782073
      vertex -0.087183217 -0.01734182 0.13303514
    endloop
  endfacet
  facet normal 0.45279346 0.1373534 -0.88097226
    outer loop
      vertex -0.087183217 -0.01734182 0.13303514
      vertex -0.060052844 -0.011945253 0.14782073
      vertex -0.056568542 -0.023431458 0.14782073
    endloop
  endfacet
  facet normal 0.45279346 0.1373534 -0.88097226
    outer loop
      vertex -0.087183217 -0.01734182 0.13303514
      vertex -0.056568542 -0.023431458 0.14782073
      vertex -0.082124795 -0.034017204 0.13303514
    endloop
  endfacet
  facet normal 0.41729685 0.22304981 -0.88097226
    outer loop
      vertex -0.082124795 -0.034017204 0.13303514
      vertex -0.056568542 -0.023431458 0.14782073
      vertex -0.050910343 -0.034017204 0.14782073
    endloop
  endfacet
  facet normal 0.41729685 0.22304981 -0.88097226
    outer loop
      vertex -0.082124795 -0.034017204 0.13303514
      vertex -0.050910343 -0.034017204 0.14782073
      vertex -0.073910363 -0.049385325 0.13303514
    endloop
  endfacet
  facet normal 0.36576375 0.30017455 -0.88097226
    outer loop
      vertex -0.073910363 -0.049385325 0.13303514
      vertex -0.050910343 -0.034017204 0.14782073
      vertex -0.043295688 -0.043295688 0.14782073
    endloop
  endfacet
  facet normal 0.36576375 0.30017455 -0.88097226
    outer loop
      vertex -0.073910363 -0.049385325 0.13303514
      vertex -0.043295688 -0.043295688 0.14782073
      vertex -0.062855597 -0.062855597 0.13303514
    endloop
  endfacet
  facet normal 0.30017455 0.36576375 -0.88097226
    outer loop
      vertex -0.062855597 -0.062855597 0.13303514
      vertex -0.043295688 -0.043295688 0.14782073
      vertex -0.034017204 -0.050910343 0.14782073
    endloop
  endfacet
  facet normal 0.30017455 0.36576375 -0.88097226
    outer loop
      vertex -0.062855597 -0.062855597 0.13303514
      vertex -0.034017204 -0.050910343 0.14782073
      vertex -0.049385325 -0.073910363 0.13303514
    endloop
  endfacet
  facet normal 0.22304981 0.41729685 -0.88097226
    outer loop
      vertex -0.049385325 -0.073910363 0.13303514
      vertex -0.034017204 -0.050910343 0.14782073
      vertex -0.023431458 -0.056568542 0.14782073
    endloop
  endfacet
  facet normal 0.22304981 0.41729685 -0.88097226
    outer loop
      vertex -0.049385325 -0.073910363 0.13303514
      vertex -0.023431458 -0.056568542 0.14782073
      vertex -0.034017204 -0.082124795 0.13303514
    endloop
  endfacet
  facet normal 0.1373534 0.45279346 -0.88097226
    outer loop
      vertex -0.034017204 -0.082124795 0.13303514
      vertex -0.023431458 -0.056568542 0.14782073
      vertex -0.011945253 -0.060052844 0.14782073
    endloop
  endfacet
  facet normal 0.1373534 0.45279346 -0.88097226
    outer loop
      vertex -0.034017204 -0.082124795 0.13303514
      vertex -0.011945253 -0.060052844 0.14782073
      vertex -0.01734182 -0.087183217 0.13303514
    endloop
  endfacet
  facet normal 0.046378566 0.47088948 -0.88097226
    outer loop
      vertex -0.01734182 -0.087183217 0.13303514
      vertex -0.011945253 -0.060052844 0.14782073
      vertex -1.1247649e-17 -0.061229349 0.14782073
    endloop
  endfacet
  facet normal 0.046378566 0.47088948 -0.88097226
    outer loop
      vertex -0.01734182 -0.087183217 0.13303514
      vertex -1.1247649e-17 -0.061229349 0.14782073
      vertex -1.6329055e-17 -0.088891237 0.13303514
    endloop
  endfacet
  facet normal -0.046378566 0.47088948 -0.88097226
    outer loop
      vertex -1.6329055e-17 -0.088891237 0.13303514
      vertex -1.1247649e-17 -0.061229349 0.14782073
      vertex 0.011945253 -0.060052844 0.14782073
    endloop
  endfacet
  facet normal -0.046378566 0.47088948 -0.88097226
    outer loop
      vertex -1.6329055e-17 -0.088891237 0.13303514
      vertex 0.011945253 -0.060052844 0.14782073
      vertex 0.01734182 -0.087183217 0.13303514
    endloop
  endfacet
  facet normal -0.1373534 0.45279346 -0.88097226
    outer loop
      vertex 0.01734182 -0.087183217 0.13303514
      vertex 0.011945253 -0.060052844 0.14782073
      vertex 0.023431458 -0.056568542 0.14782073
    endloop
  endfacet
  facet normal -0.1373534 0.45279346 -0.88097226
    outer loop
      vertex 0.01734182 -0.087183217 0.13303514
      vertex 0.023431458 -0.056568542 0.14782073
      vertex 0.034017204 -0.082124795 0.13303514
    endloop
  endfacet
  facet normal -0.22304981 0.41729685 -0.88097226
    outer loop
      vertex 0.034017204 -0.082124795 0.13303514
      vertex 0.023431458 -0.056568542 0.14782073
      vertex 0.034017204 -0.050910343 0.14782073
    endloop
  endfacet
  facet normal -0.22304981 0.41729685 -0.88097226
    outer loop
      vertex 0.034017204 -0.082124795 0.13303514
      vertex 0.034017204 -0.050910343 0.14782073
      vertex 0.049385325 -0.073910363 0.13303514
    endloop
  endfacet
  facet normal -0.30017455 0.36576375 -0.88097226
    outer loop
      vertex 0.049385325 -0.073910363 0.13303514
      vertex 0.034017204 -0.050910343 0.14782073
      vertex 0.043295688 -0.043295688 0.14782073
    endloop
  endfacet
  facet normal -0.30017455 0.36576375 -0.88097226
    outer loop
      vertex 0.049385325 -0.073910363 0.13303514
      vertex 0.043295688 -0.043295688 0.14782073
      vertex 0.062855597 -0.062855597 0.13303514
    endloop
  endfacet
  facet normal -0.36576375 0.30017455 -0.88097226
    outer loop
      vertex 0.062855597 -0.062855597 0.13303514
      vertex 0.043295688 -0.043295688 0.14782073
      vertex 0.050910343 -0.034017204 0.14782073
    endloop
  endfacet
  facet normal -0.36576375 0.30017455 -0.88097226
    outer loop
      vertex 0.062855597 -0.062855597 0.13303514
      vertex 0.050910343 -0.034017204 0.14782073
      vertex 0.073910363 -0.049385325 0.13303514
    endloop
  endfacet
  facet normal -0.41729685 0.22304981 -0.88097226
    outer loop
      vertex 0.073910363 -0.049385325 0.13303514
      vertex 0.050910343 -0.034017204 0.14782073
      vertex 0.056568542 -0.023431458 0.14782073
    endloop
  endfacet
  facet normal -0.41729685 0.22304981 -0.88097226
    outer loop
      vertex 0.073910363 -0.049385325 0.13303514
      vertex 0.056568542 -0.023431458 0.14782073
      vertex 0.082124795 -0.034017204 0.13303514
    endloop
  endfacet
  facet normal -0.45279346 0.1373534 -0.88097226
    outer loop
      vertex 0.082124795 -0.034017204 0.13303514
      vertex 0.056568542 -0.023431458 0.14782073
      vertex 0.060052844 -0.011945253 0.14782073
    endloop
  endfacet
  facet normal -0.45279346 0.1373534 -0.88097226
    outer loop
      vertex 0.082124795 -0.034017204 0.13303514
      vertex 0.060052844 -0.011945253 0.14782073
      vertex 0.087183217 -0.01734182 0.13303514
    endloop
  endfacet
  facet normal -0.47088948 0.046378566 -0.88097226
    outer loop
      vertex 0.087183217 -0.01734182 0.13303514
      vertex 0.060052844 -0.011945253 0.14782073
      vertex 0.061229349 -1.4996865e-17 0.14782073
    endloop
  endfacet
  facet normal -0.47088948 0.046378566 -0.88097226
    outer loop
      vertex 0.087183217 -0.01734182 0.13303514
      vertex 0.061229349 -1.4996865e-17 0.14782073
      vertex 0.088891237 -2.1772074e-17 0.13303514
    endloop
  endfacet
  facet normal -0.29016611 -0.028578867 -0.95654946
    outer loop
      vertex 0.061229349 0 0.14782073
      vertex 0.031214452 0 0.15692564
      vertex 0.030614675 0.0060896374 0.15692564
    endloop
  endfacet
  facet normal -0.29016611 -0.028578867 -0.95654946
    outer loop
      vertex 0.061229349 0 0.14782073
      vertex 0.030614675 0.0060896374 0.15692564
      vertex 0.060052844 0.011945253 0.14782073
    endloop
  endfacet
  facet normal -0.27901519 -0.084638332 -0.95654946
    outer loop
      vertex 0.060052844 0.011945253 0.14782073
      vertex 0.030614675 0.0060896374 0.15692564
      vertex 0.028838393 0.011945253 0.15692564
    endloop
  endfacet
  facet normal -0.27901519 -0.084638332 -0.95654946
    outer loop
      vertex 0.060052844 0.011945253 0.14782073
      vertex 0.028838393 0.011945253 0.15692564
      vertex 0.056568542 0.023431458 0.14782073
    endloop
  endfacet
  facet normal -0.25714187 -0.13744519 -0.95654946
    outer loop
      vertex 0.056568542 0.023431458 0.14782073
      vertex 0.028838393 0.011945253 0.15692564
      vertex 0.025953868 0.01734182 0.15692564
    endloop
  endfacet
  facet normal -0.25714187 -0.13744519 -0.95654946
    outer loop
      vertex 0.056568542 0.023431458 0.14782073
      vertex 0.025953868 0.01734182 0.15692564
      vertex 0.050910343 0.034017204 0.14782073
    endloop
  endfacet
  facet normal -0.22538673 -0.18497011 -0.95654946
    outer loop
      vertex 0.050910343 0.034017204 0.14782073
      vertex 0.025953868 0.01734182 0.15692564
      vertex 0.02207195 0.02207195 0.15692564
    endloop
  endfacet
  facet normal -0.22538673 -0.18497011 -0.95654946
    outer loop
      vertex 0.050910343 0.034017204 0.14782073
      vertex 0.02207195 0.02207195 0.15692564
      vertex 0.043295688 0.043295688 0.14782073
    endloop
  endfacet
  facet normal -0.18497011 -0.22538673 -0.95654946
    outer loop
      vertex 0.043295688 0.043295688 0.14782073
      vertex 0.02207195 0.02207195 0.15692564
      vertex 0.01734182 0.025953868 0.15692564
    endloop
  endfacet
  facet normal -0.18497011 -0.22538673 -0.95654946
    outer loop
      vertex 0.043295688 0.043295688 0.14782073
      vertex 0.01734182 0.025953868 0.15692564
      vertex 0.034017204 0.050910343 0.14782073
    endloop
  endfacet
  facet normal -0.13744519 -0.25714187 -0.95654946
    outer loop
      vertex 0.034017204 0.050910343 0.14782073
      vertex 0.01734182 0.025953868 0.15692564
      vertex 0.011945253 0.028838393 0.15692564
    endloop
  endfacet
  facet normal -0.13744519 -0.25714187 -0.95654946
    outer loop
      vertex 0.034017204 0.050910343 0.14782073
      vertex 0.011945253 0.028838393 0.15692564
      vertex 0.023431458 0.056568542 0.14782073
    endloop
  endfacet
  facet normal -0.084638332 -0.27901519 -0.95654946
    outer loop
      vertex 0.023431458 0.056568542 0.14782073
      vertex 0.011945253 0.028838393 0.15692564
      vertex 0.0060896374 0.030614675 0.15692564
    endloop
  endfacet
  facet normal -0.084638332 -0.27901519 -0.95654946
    outer loop
      vertex 0.023431458 0.056568542 0.14782073
      vertex 0.0060896374 0.030614675 0.15692564
      vertex 0.011945253 0.060052844 0.14782073
    endloop
  endfacet
  facet normal -0.028578867 -0.29016611 -0.95654946
    outer loop
      vertex 0.011945253 0.060052844 0.14782073
      vertex 0.0060896374 0.030614675 0.15692564
      vertex 1.9113339e-18 0.031214452 0.15692564
    endloop
  endfacet
  facet normal -0.028578867 -0.29016611 -0.95654946
    outer loop
      vertex 0.011945253 0.060052844 0.14782073
      vertex 1.9113339e-18 0.031214452 0.15692564
      vertex 3.7492163e-18 0.061229349 0.14782073
    endloop
  endfacet
  facet normal 0.028578867 -0.29016611 -0.95654946
    outer loop
      vertex 3.7492163e-18 0.061229349 0.14782073
      vertex 1.9113339e-18 0.031214452 0.15692564
      vertex -0.0060896374 0.030614675 0.15692564
    endloop
  endfacet
  facet normal 0.028578867 -0.29016611 -0.95654946
    outer loop
      vertex 3.7492163e-18 0.061229349 0.14782073
      vertex -0.0060896374 0.030614675 0.15692564
      vertex -0.011945253 0.060052844 0.14782073
    endloop
  endfacet
  facet normal 0.084638332 -0.27901519 -0.95654946
    outer loop
      vertex -0.011945253 0.060052844 0.14782073
      vertex -0.0060896374 0.030614675 0.15692564
      vertex -0.011945253 0.028838393 0.15692564
    endloop
  endfacet
  facet normal 0.084638332 -0.27901519 -0.95654946
    outer loop
      vertex -0.011945253 0.060052844 0.14782073
      vertex -0.011945253 0.028838393 0.15692564
      vertex -0.023431458 0.056568542 0.14782073
    endloop
  endfacet
  facet normal 0.13744519 -0.25714187 -0.95654946
    outer loop
      vertex -0.023431458 0.056568542 0.14782073
      vertex -0.011945253 0.028838393 0.15692564
      vertex -0.01734182 0.025953868 0.15692564
    endloop
  endfacet
  facet normal 0.13744519 -0.25714187 -0.95654946
    outer loop
      vertex -0.023431458 0.056568542 0.14782073
      vertex -0.01734182 0.025953868 0.15692564
      vertex -0.034017204 0.050910343 0.14782073
    endloop
  endfacet
  facet normal 0.18497011 -0.22538673 -0.95654946
    outer loop
      vertex -0.034017204 0.050910343 0.14782073
      vertex -0.01734182 0.025953868 0.15692564
      vertex -0.02207195 0.02207195 0.15692564
    endloop
  endfacet
  facet normal 0.18497011 -0.22538673 -0.95654946
    outer loop
      vertex -0.034017204 0.050910343 0.14782073
      vertex -0.02207195 0.02207195 0.15692564
      vertex -0.043295688 0.043295688 0.14782073
    endloop
  endfacet
  facet normal 0.22538673 -0.18497011 -0.95654946
    outer loop
      vertex -0.043295688 0.043295688 0.14782073
      vertex -0.02207195 0.02207195 0.15692564
      vertex -0.025953868 0.01734182 0.15692564
    endloop
  endfacet
  facet normal 0.22538673 -0.18497011 -0.95654946
    outer loop
      vertex -0.043295688 0.043295688 0.14782073
      vertex -0.025953868 0.01734182 0.15692564
      vertex -0.050910343 0.034017204 0.14782073
    endloop
  endfacet
  facet normal 0.25714187 -0.13744519 -0.95654946
    outer loop
      vertex -0.050910343 0.034017204 0.14782073
      vertex -0.025953868 0.01734182 0.15692564
      vertex -0.028838393 0.011945253 0.15692564
    endloop
  endfacet
  facet normal 0.25714187 -0.13744519 -0.95654946
    outer loop
      vertex -0.050910343 0.034017204 0.14782073
      vertex -0.028838393 0.011945253 0.15692564
      vertex -0.056568542 0.023431458 0.14782073
    endloop
  endfacet
  facet normal 0.27901519 -0.084638332 -0.95654946
    outer loop
      vertex -0.056568542 0.023431458 0.14782073
      vertex -0.028838393 0.011945253 0.15692564
      vertex -0.030614675 0.0060896374 0.15692564
    endloop
  endfacet
  facet normal 0.27901519 -0.084638332 -0.95654946
    outer loop
      vertex -0.056568542 0.023431458 0.14782073
      vertex -0.030614675 0.0060896374 0.15692564
      vertex -0.060052844 0.011945253 0.14782073
    endloop
  endfacet
  facet normal 0.29016611 -0.028578867 -0.95654946
    outer loop
      vertex -0.060052844 0.011945253 0.14782073
      vertex -0.030614675 0.0060896374 0.15692564
      vertex -0.031214452 3.8226678e-18 0.15692564
    endloop
  endfacet
  facet normal 0.29016611 -0.028578867 -0.95654946
    outer loop
      vertex -0.060052844 0.011945253 0.14782073
      vertex -0.031214452 3.8226678e-18 0.15692564
      vertex -0.061229349 7.4984326e-18 0.14782073
    endloop
  endfacet
  facet normal 0.29016611 0.028578867 -0.95654946
    outer loop
      vertex -0.061229349 7.4984326e-18 0.14782073
      vertex -0.031214452 3.8226678e-18 0.15692564
      vertex -0.030614675 -0.0060896374 0.15692564
    endloop
  endfacet
  facet normal 0.29016611 0.028578867 -0.95654946
    outer loop
      vertex -0.061229349 7.4984326e-18 0.14782073
      vertex -0.030614675 -0.0060896374 0.15692564
      vertex -0.060052844 -0.011945253 0.14782073
    endloop
  endfacet
  facet normal 0.27901519 0.084638332 -0.95654946
    outer loop
      vertex -0.060052844 -0.011945253 0.14782073
      vertex -0.030614675 -0.0060896374 0.15692564
      vertex -0.028838393 -0.011945253 0.15692564
    endloop
  endfacet
  facet normal 0.27901519 0.084638332 -0.95654946
    outer loop
      vertex -0.060052844 -0.011945253 0.14782073
      vertex -0.028838393 -0.011945253 0.15692564
      vertex -0.056568542 -0.023431458 0.14782073
    endloop
  endfacet
  facet normal 0.25714187 0.13744519 -0.95654946
    outer loop
      vertex -0.056568542 -0.023431458 0.14782073
      vertex -0.028838393 -0.011945253 0.15692564
      vertex -0.025953868 -0.01734182 0.15692564
    endloop
  endfacet
  facet normal 0.25714187 0.13744519 -0.95654946
    outer loop
      vertex -0.056568542 -0.023431458 0.14782073
      vertex -0.025953868 -0.01734182 0.15692564
      vertex -0.050910343 -0.034017204 0.14782073
    endloop
  endfacet
  facet normal 0.22538673 0.18497011 -0.95654946
    outer loop
      vertex -0.050910343 -0.034017204 0.14782073
      vertex -0.025953868 -0.01734182 0.15692564
      vertex -0.02207195 -0.02207195 0.15692564
    endloop
  endfacet
  facet normal 0.22538673 0.18497011 -0.95654946
    outer loop
      vertex -0.050910343 -0.034017204 0.14782073
      vertex -0.02207195 -0.02207195 0.15692564
      vertex -0.043295688 -0.043295688 0.14782073
    endloop
  endfacet
  facet normal 0.18497011 0.22538673 -0.95654946
    outer loop
      vertex -0.043295688 -0.043295688 0.14782073
      vertex -0.02207195 -0.02207195 0.15692564
      vertex -0.01734182 -0.025953868 0.15692564
    endloop
  endfacet
  facet normal 0.18497011 0.22538673 -0.95654946
    outer loop
      vertex -0.043295688 -0.043295688 0.14782073
      vertex -0.01734182 -0.025953868 0.15692564
      vertex -0.034017204 -0.050910343 0.14782073
    endloop
  endfacet
  facet normal 0.13744519 0.25714187 -0.95654946
    outer loop
      vertex -0.034017204 -0.050910343 0.14782073
      vertex -0.01734182 -0.025953868 0.15692564
      vertex -0.011945253 -0.028838393 0.15692564
    endloop
  endfacet
  facet normal 0.13744519 0.25714187 -0.95654946
    outer loop
      vertex -0.034017204 -0.050910343 0.14782073
      vertex -0.011945253 -0.028838393 0.15692564
      vertex -0.023431458 -0.056568542 0.14782073
    endloop
  endfacet
  facet normal 0.084638332 0.27901519 -0.95654946
    outer loop
      vertex -0.023431458 -0.056568542 0.14782073
      vertex -0.011945253 -0.028838393 0.15692564
      vertex -0.0060896374 -0.030614675 0.15692564
    endloop
  endfacet
  facet normal 0.084638332 0.27901519 -0.95654946
    outer loop
      vertex -0.023431458 -0.056568542 0.14782073
      vertex -0.0060896374 -0.030614675 0.15692564
      vertex -0.011945253 -0.060052844 0.14782073
    endloop
  endfacet
  facet normal 0.028578867 0.29016611 -0.95654946
    outer loop
      vertex -0.011945253 -0.060052844 0.14782073
      vertex -0.0060896374 -0.030614675 0.15692564
      vertex -5.7340017e-18 -0.031214452 0.15692564
    endloop
  endfacet
  facet normal 0.028578867 0.29016611 -0.95654946
    outer loop
      vertex -0.011945253 -0.060052844 0.14782073
      vertex -5.7340017e-18 -0.031214452 0.15692564
      vertex -1.1247649e-17 -0.061229349 0.14782073
    endloop
  endfacet
  facet normal -0.028578867 0.29016611 -0.95654946
    outer loop
      vertex -1.1247649e-17 -0.061229349 0.14782073
      vertex -5.7340017e-18 -0.031214452 0.15692564
      vertex 0.0060896374 -0.030614675 0.15692564
    endloop
  endfacet
  facet normal -0.028578867 0.29016611 -0.95654946
    outer loop
      vertex -1.1247649e-17 -0.061229349 0.14782073
      vertex 0.0060896374 -0.030614675 0.15692564
      vertex 0.011945253 -0.060052844 0.14782073
    endloop
  endfacet
  facet normal -0.084638332 0.27901519 -0.95654946
    outer loop
      vertex 0.011945253 -0.060052844 0.14782073
      vertex 0.0060896374 -0.030614675 0.15692564
      vertex 0.011945253 -0.028838393 0.15692564
    endloop
  endfacet
  facet normal -0.084638332 0.27901519 -0.95654946
    outer loop
      vertex 0.011945253 -0.060052844 0.14782073
      vertex 0.011945253 -0.028838393 0.15692564
      vertex 0.023431458 -0.056568542 0.14782073
    endloop
  endfacet
  facet normal -0.13744519 0.25714187 -0.95654946
    outer loop
      vertex 0.023431458 -0.056568542 0.14782073
      vertex 0.011945253 -0.028838393 0.15692564
      vertex 0.01734182 -0.025953868 0.15692564
    endloop
  endfacet
  facet normal -0.13744519 0.25714187 -0.95654946
    outer loop
      vertex 0.023431458 -0.056568542 0.14782073
      vertex 0.01734182 -0.025953868 0.15692564
      vertex 0.034017204 -0.050910343 0.14782073
    endloop
  endfacet
  facet normal -0.18497011 0.22538673 -0.95654946
    outer loop
      vertex 0.034017204 -0.050910343 0.14782073
      vertex 0.01734182 -0.025953868 0.15692564
      vertex 0.02207195 -0.02207195 0.15692564
    endloop
  endfacet
  facet normal -0.18497011 0.22538673 -0.95654946
    outer loop
      vertex 0.034017204 -0.050910343 0.14782073
      vertex 0.02207195 -0.02207195 0.15692564
      vertex 0.043295688 -0.043295688 0.14782073
    endloop
  endfacet
  facet normal -0.22538673 0.18497011 -0.95654946
    outer loop
      vertex 0.043295688 -0.043295688 0.14782073
      vertex 0.02207195 -0.02207195 0.15692564
      vertex 0.025953868 -0.01734182 0.15692564
    endloop
  endfacet
  facet normal -0.22538673 0.18497011 -0.95654946
    outer loop
      vertex 0.043295688 -0.043295688 0.14782073
      vertex 0.025953868 -0.01734182 0.15692564
      vertex 0.050910343 -0.034017204 0.14782073
    endloop
  endfacet
  facet normal -0.25714187 0.13744519 -0.95654946
    outer loop
      vertex 0.050910343 -0.034017204 0.14782073
      vertex 0.025953868 -0.01734182 0.15692564
      vertex 0.028838393 -0.011945253 0.15692564
    endloop
  endfacet
  facet normal -0.25714187 0.13744519 -0.95654946
    outer loop
      vertex 0.050910343 -0.034017204 0.14782073
      vertex 0.028838393 -0.011945253 0.15692564
      vertex 0.056568542 -0.023431458 0.14782073
    endloop
  endfacet
  facet normal -0.27901519 0.084638332 -0.95654946
    outer loop
      vertex 0.056568542 -0.023431458 0.14782073
      vertex 0.028838393 -0.011945253 0.15692564
      vertex 0.030614675 -0.0060896374 0.15692564
    endloop
  endfacet
  facet normal -0.27901519 0.084638332 -0.95654946
    outer loop
      vertex 0.056568542 -0.023431458 0.14782073
      vertex 0.030614675 -0.0060896374 0.15692564
      vertex 0.060052844 -0.011945253 0.14782073
    endloop
  endfacet
  facet normal -0.29016611 0.028578867 -0.95654946
    outer loop
      vertex 0.060052844 -0.011945253 0.14782073
      vertex 0.030614675 -0.0060896374 0.15692564
      vertex 0.031214452 -7.6453356e-18 0.15692564
    endloop
  endfacet
  facet normal -0.29016611 0.028578867 -0.95654946
    outer loop
      vertex 0.060052844 -0.011945253 0.14782073
      vertex 0.031214452 -7.6453356e-18 0.15692564
      vertex 0.061229349 -1.4996865e-17 0.14782073
    endloop
  endfacet
  facet normal -0.09801714 0 -0.99518473
    outer loop
      vertex 0.031214452 0 0.15692564
      vertex 9.7971744e-18 0 0.16
      vertex 9.6089244e-18 1.9113339e-18 0.16
    endloop
  endfacet
  facet normal -0.098012573 -0.0096533959 -0.99513836
    outer loop
      vertex 0.031214452 0 0.15692564
      vertex 9.6089244e-18 1.9113339e-18 0.16
      vertex 0.030614675 0.0060896374 0.15692564
    endloop
  endfacet
  facet normal -0.12403473 0 -0.99227788
    outer loop
      vertex 0.030614675 0.0060896374 0.15692564
      vertex 9.6089244e-18 1.9113339e-18 0.16
      vertex 9.0514089e-18 3.7492163e-18 0.16
    endloop
  endfacet
  facet normal -0.094246005 -0.028589213 -0.99513836
    outer loop
      vertex 0.030614675 0.0060896374 0.15692564
      vertex 9.0514089e-18 3.7492163e-18 0.16
      vertex 0.028838393 0.011945253 0.15692564
    endloop
  endfacet
  facet normal -0.12038585 -0.24077171 -0.96308682
    outer loop
      vertex 0.028838393 0.011945253 0.15692564
      vertex 9.0514089e-18 3.7492163e-18 0.16
      vertex 8.1460528e-18 5.4430185e-18 0.16
    endloop
  endfacet
  facet normal -0.086857616 -0.046426363 -0.99513836
    outer loop
      vertex 0.028838393 0.011945253 0.15692564
      vertex 8.1460528e-18 5.4430185e-18 0.16
      vertex 0.025953868 0.01734182 0.15692564
    endloop
  endfacet
  facet normal 0 0 0
    outer loop
      vertex 0.025953868 0.01734182 0.15692564
      vertex 8.1460528e-18 5.4430185e-18 0.16
      vertex 6.9276484e-18 6.9276484e-18 0.16
    endloop
  endfacet
  facet normal -0.076131337 -0.062479373 -0.99513836
    outer loop
      vertex 0.025953868 0.01734182 0.15692564
      vertex 6.9276484e-18 6.9276484e-18 0.16
      vertex 0.02207195 0.02207195 0.15692564
    endloop
  endfacet
  facet normal 0 0 0
    outer loop
      vertex 0.02207195 0.02207195 0.15692564
      vertex 6.9276484e-18 6.9276484e-18 0.16
      vertex 5.4430185e-18 8.1460528e-18 0.16
    endloop
  endfacet
  facet normal -0.062479373 -0.076131337 -0.99513836
    outer loop
      vertex 0.02207195 0.02207195 0.15692564
      vertex 5.4430185e-18 8.1460528e-18 0.16
      vertex 0.01734182 0.025953868 0.15692564
    endloop
  endfacet
  facet normal -0.12309149 -0.12309149 -0.98473193
    outer loop
      vertex 0.01734182 0.025953868 0.15692564
      vertex 5.4430185e-18 8.1460528e-18 0.16
      vertex 3.7492163e-18 9.0514089e-18 0.16
    endloop
  endfacet
  facet normal -0.046426363 -0.086857616 -0.99513836
    outer loop
      vertex 0.01734182 0.025953868 0.15692564
      vertex 3.7492163e-18 9.0514089e-18 0.16
      vertex 0.011945253 0.028838393 0.15692564
    endloop
  endfacet
  facet normal 0 -0.12403473 -0.99227788
    outer loop
      vertex 0.011945253 0.028838393 0.15692564
      vertex 3.7492163e-18 9.0514089e-18 0.16
      vertex 1.9113339e-18 9.6089244e-18 0.16
    endloop
  endfacet
  facet normal -0.028589213 -0.094246005 -0.99513836
    outer loop
      vertex 0.011945253 0.028838393 0.15692564
      vertex 1.9113339e-18 9.6089244e-18 0.16
      vertex 0.0060896374 0.030614675 0.15692564
    endloop
  endfacet
  facet normal 0 -0.12403473 -0.99227788
    outer loop
      vertex 0.0060896374 0.030614675 0.15692564
      vertex 1.9113339e-18 9.6089244e-18 0.16
      vertex 5.9990391e-34 9.7971744e-18 0.16
    endloop
  endfacet
  facet normal -0.0096533959 -0.098012573 -0.99513836
    outer loop
      vertex 0.0060896374 0.030614675 0.15692564
      vertex 5.9990391e-34 9.7971744e-18 0.16
      vertex 1.9113339e-18 0.031214452 0.15692564
    endloop
  endfacet
  facet normal 0 -0.09801714 -0.99518473
    outer loop
      vertex 1.9113339e-18 0.031214452 0.15692564
      vertex 5.9990391e-34 9.7971744e-18 0.16
      vertex -1.9113339e-18 9.6089244e-18 0.16
    endloop
  endfacet
  facet normal 0.0096533959 -0.098012573 -0.99513836
    outer loop
      vertex 1.9113339e-18 0.031214452 0.15692564
      vertex -1.9113339e-18 9.6089244e-18 0.16
      vertex -0.0060896374 0.030614675 0.15692564
    endloop
  endfacet
  facet normal 0 -0.12403473 -0.99227788
    outer loop
      vertex -0.0060896374 0.030614675 0.15692564
      vertex -1.9113339e-18 9.6089244e-18 0.16
      vertex -3.7492163e-18 9.0514089e-18 0.16
    endloop
  endfacet
  facet normal 0.028589213 -0.094246005 -0.99513836
    outer loop
      vertex -0.0060896374 0.030614675 0.15692564
      vertex -3.7492163e-18 9.0514089e-18 0.16
      vertex -0.011945253 0.028838393 0.15692564
    endloop
  endfacet
  facet normal 0.24253563 0 -0.9701425
    outer loop
      vertex -0.011945253 0.028838393 0.15692564
      vertex -3.7492163e-18 9.0514089e-18 0.16
      vertex -5.4430185e-18 8.1460528e-18 0.16
    endloop
  endfacet
  facet normal 0.046426363 -0.086857616 -0.99513836
    outer loop
      vertex -0.011945253 0.028838393 0.15692564
      vertex -5.4430185e-18 8.1460528e-18 0.16
      vertex -0.01734182 0.025953868 0.15692564
    endloop
  endfacet
  facet normal 0 0 0
    outer loop
      vertex -0.01734182 0.025953868 0.15692564
      vertex -5.4430185e-18 8.1460528e-18 0.16
      vertex -6.9276484e-18 6.9276484e-18 0.16
    endloop
  endfacet
  facet normal 0.062479373 -0.076131337 -0.99513836
    outer loop
      vertex -0.01734182 0.025953868 0.15692564
      vertex -6.9276484e-18 6.9276484e-18 0.16
      vertex -0.02207195 0.02207195 0.15692564
    endloop
  endfacet
  facet normal 0 0 0
    outer loop
      vertex -0.02207195 0.02207195 0.15692564
      vertex -6.9276484e-18 6.9276484e-18 0.16
      vertex -8.1460528e-18 5.4430185e-18 0.16
    endloop
  endfacet
  facet normal 0.076131337 -0.062479373 -0.99513836
    outer loop
      vertex -0.02207195 0.02207195 0.15692564
      vertex -8.1460528e-18 5.4430185e-18 0.16
      vertex -0.025953868 0.01734182 0.15692564
    endloop
  endfacet
  facet normal 0.041486991 -0.082973981 -0.99568778
    outer loop
      vertex -0.025953868 0.01734182 0.15692564
      vertex -8.1460528e-18 5.4430185e-18 0.16
      vertex -9.0514089e-18 3.7492163e-18 0.16
    endloop
  endfacet
  facet normal 0.086857616 -0.046426363 -0.99513836
    outer loop
      vertex -0.025953868 0.01734182 0.15692564
      vertex -9.0514089e-18 3.7492163e-18 0.16
      vertex -0.028838393 0.011945253 0.15692564
    endloop
  endfacet
  facet normal 0.12403473 0 -0.99227788
    outer loop
      vertex -0.028838393 0.011945253 0.15692564
      vertex -9.0514089e-18 3.7492163e-18 0.16
      vertex -9.6089244e-18 1.9113339e-18 0.16
    endloop
  endfacet
  facet normal 0.094246005 -0.028589213 -0.99513836
    outer loop
      vertex -0.028838393 0.011945253 0.15692564
      vertex -9.6089244e-18 1.9113339e-18 0.16
      vertex -0.030614675 0.0060896374 0.15692564
    endloop
  endfacet
  facet normal 0.12403473 0 -0.99227788
    outer loop
      vertex -0.030614675 0.0060896374 0.15692564
      vertex -9.6089244e-18 1.9113339e-18 0.16
      vertex -9.7971744e-18 1.1998078e-33 0.16
    endloop
  endfacet
  facet normal 0.098012573 -0.0096533959 -0.99513836
    outer loop
      vertex -0.030614675 0.0060896374 0.15692564
      vertex -9.7971744e-18 1.1998078e-33 0.16
      vertex -0.031214452 3.8226678e-18 0.15692564
    endloop
  endfacet
  facet normal 0.09801714 0 -0.99518473
    outer loop
      vertex -0.031214452 3.8226678e-18 0.15692564
      vertex -9.7971744e-18 1.1998078e-33 0.16
      vertex -9.6089244e-18 -1.9113339e-18 0.16
    endloop
  endfacet
  facet normal 0.098012573 0.0096533959 -0.99513836
    outer loop
      vertex -0.031214452 3.8226678e-18 0.15692564
      vertex -9.6089244e-18 -1.9113339e-18 0.16
      vertex -0.030614675 -0.0060896374 0.15692564
    endloop
  endfacet
  facet normal 0.12403473 0 -0.99227788
    outer loop
      vertex -0.030614675 -0.0060896374 0.15692564
      vertex -9.6089244e-18 -1.9113339e-18 0.16
      vertex -9.0514089e-18 -3.7492163e-18 0.16
    endloop
  endfacet
  facet normal 0.094246005 0.028589213 -0.99513836
    outer loop
      vertex -0.030614675 -0.0060896374 0.15692564
      vertex -9.0514089e-18 -3.7492163e-18 0.16
      vertex -0.028838393 -0.011945253 0.15692564
    endloop
  endfacet
  facet normal 0.061898446 0.12379689 -0.99037514
    outer loop
      vertex -0.028838393 -0.011945253 0.15692564
      vertex -9.0514089e-18 -3.7492163e-18 0.16
      vertex -8.1460528e-18 -5.4430185e-18 0.16
    endloop
  endfacet
  facet normal 0.086857616 0.046426363 -0.99513836
    outer loop
      vertex -0.028838393 -0.011945253 0.15692564
      vertex -8.1460528e-18 -5.4430185e-18 0.16
      vertex -0.025953868 -0.01734182 0.15692564
    endloop
  endfacet
  facet normal 0 0 0
    outer loop
      vertex -0.025953868 -0.01734182 0.15692564
      vertex -8.1460528e-18 -5.4430185e-18 0.16
      vertex -6.9276484e-18 -6.9276484e-18 0.16
    endloop
  endfacet
  facet normal 0.076131337 0.062479373 -0.99513836
    outer loop
      vertex -0.025953868 -0.01734182 0.15692564
      vertex -6.9276484e-18 -6.9276484e-18 0.16
      vertex -0.02207195 -0.02207195 0.15692564
    endloop
  endfacet
  facet normal 0 0 0
    outer loop
      vertex -0.02207195 -0.02207195 0.15692564
      vertex -6.9276484e-18 -6.9276484e-18 0.16
      vertex -5.4430185e-18 -8.1460528e-18 0.16
    endloop
  endfacet
  facet normal 0.062479373 0.076131337 -0.99513836
    outer loop
      vertex -0.02207195 -0.02207195 0.15692564
      vertex -5.4430185e-18 -8.1460528e-18 0.16
      vertex -0.01734182 -0.025953868 0.15692564
    endloop
  endfacet
  facet normal 0.082973981 0.041486991 -0.99568778
    outer loop
      vertex -0.01734182 -0.025953868 0.15692564
      vertex -5.4430185e-18 -8.1460528e-18 0.16
      vertex -3.7492163e-18 -9.0514089e-18 0.16
    endloop
  endfacet
  facet normal 0.046426363 0.086857616 -0.99513836
    outer loop
      vertex -0.01734182 -0.025953868 0.15692564
      vertex -3.7492163e-18 -9.0514089e-18 0.16
      vertex -0.011945253 -0.028838393 0.15692564
    endloop
  endfacet
  facet normal 0 0.12403473 -0.99227788
    outer loop
      vertex -0.011945253 -0.028838393 0.15692564
      vertex -3.7492163e-18 -9.0514089e-18 0.16
      vertex -1.9113339e-18 -9.6089244e-18 0.16
    endloop
  endfacet
  facet normal 0.028589213 0.094246005 -0.99513836
    outer loop
      vertex -0.011945253 -0.028838393 0.15692564
      vertex -1.9113339e-18 -9.6089244e-18 0.16
      vertex -0.0060896374 -0.030614675 0.15692564
    endloop
  endfacet
  facet normal 0 0.062378286 -0.99805258
    outer loop
      vertex -0.0060896374 -0.030614675 0.15692564
      vertex -1.9113339e-18 -9.6089244e-18 0.16
      vertex -1.7997117e-33 -9.7971744e-18 0.16
    endloop
  endfacet
  facet normal 0.0096533959 0.098012573 -0.99513836
    outer loop
      vertex -0.0060896374 -0.030614675 0.15692564
      vertex -1.7997117e-33 -9.7971744e-18 0.16
      vertex -5.7340017e-18 -0.031214452 0.15692564
    endloop
  endfacet
  facet normal 0 0.09801714 -0.99518473
    outer loop
      vertex -5.7340017e-18 -0.031214452 0.15692564
      vertex -1.7997117e-33 -9.7971744e-18 0.16
      vertex 1.9113339e-18 -9.6089244e-18 0.16
    endloop
  endfacet
  facet normal -0.0096533959 0.098012573 -0.99513836
    outer loop
      vertex -5.7340017e-18 -0.031214452 0.15692564
      vertex 1.9113339e-18 -9.6089244e-18 0.16
      vertex 0.0060896374 -0.030614675 0.15692564
    endloop
  endfacet
  facet normal 0 0.062378286 -0.99805258
    outer loop
      vertex 0.0060896374 -0.030614675 0.15692564
      vertex 1.9113339e-18 -9.6089244e-18 0.16
      vertex 3.7492163e-18 -9.0514089e-18 0.16
    endloop
  endfacet
  facet normal -0.028589213 0.094246005 -0.99513836
    outer loop
      vertex 0.0060896374 -0.030614675 0.15692564
      vertex 3.7492163e-18 -9.0514089e-18 0.16
      vertex 0.011945253 -0.028838393 0.15692564
    endloop
  endfacet
  facet normal -0.12403473 0 -0.99227788
    outer loop
      vertex 0.011945253 -0.028838393 0.15692564
      vertex 3.7492163e-18 -9.0514089e-18 0.16
      vertex 5.4430185e-18 -8.1460528e-18 0.16
    endloop
  endfacet
  facet normal -0.046426363 0.086857616 -0.99513836
    outer loop
      vertex 0.011945253 -0.028838393 0.15692564
      vertex 5.4430185e-18 -8.1460528e-18 0.16
      vertex 0.01734182 -0.025953868 0.15692564
    endloop
  endfacet
  facet normal 0 0 0
    outer loop
      vertex 0.01734182 -0.025953868 0.15692564
      vertex 5.4430185e-18 -8.1460528e-18 0.16
      vertex 6.9276484e-18 -6.9276484e-18 0.16
    endloop
  endfacet
  facet normal -0.062479373 0.076131337 -0.99513836
    outer loop
      vertex 0.01734182 -0.025953868 0.15692564
      vertex 6.9276484e-18 -6.9276484e-18 0.16
      vertex 0.02207195 -0.02207195 0.15692564
    endloop
  endfacet
  facet normal 0 0 0
    outer loop
      vertex 0.02207195 -0.02207195 0.15692564
      vertex 6.9276484e-18 -6.9276484e-18 0.16
      vertex 8.1460528e-18 -5.4430185e-18 0.16
    endloop
  endfacet
  facet normal -0.076131337 0.062479373 -0.99513836
    outer loop
      vertex 0.02207195 -0.02207195 0.15692564
      vertex 8.1460528e-18 -5.4430185e-18 0.16
      vertex 0.025953868 -0.01734182 0.15692564
    endloop
  endfacet
  facet normal -0.041486991 0.082973981 -0.99568778
    outer loop
      vertex 0.025953868 -0.01734182 0.15692564
      vertex 8.1460528e-18 -5.4430185e-18 0.16
      vertex 9.0514089e-18 -3.7492163e-18 0.16
    endloop
  endfacet
  facet normal -0.086857616 0.046426363 -0.99513836
    outer loop
      vertex 0.025953868 -0.01734182 0.15692564
      vertex 9.0514089e-18 -3.7492163e-18 0.16
      vertex 0.028838393 -0.011945253 0.15692564
    endloop
  endfacet
  facet normal -0.12403473 0 -0.99227788
    outer loop
      vertex 0.028838393 -0.011945253 0.15692564
      vertex 9.0514089e-18 -3.7492163e-18 0.16
      vertex 9.6089244e-18 -1.9113339e-18 0.16
    endloop
  endfacet
  facet normal -0.094246005 0.028589213 -0.99513836
    outer loop
      vertex 0.028838393 -0.011945253 0.15692564
      vertex 9.6089244e-18 -1.9113339e-18 0.16
      vertex 0.030614675 -0.0060896374 0.15692564
    endloop
  endfacet
  facet normal -0.12403473 0 -0.99227788
    outer loop
      vertex 0.030614675 -0.0060896374 0.15692564
      vertex 9.6089244e-18 -1.9113339e-18 0.16
      vertex 9.7971744e-18 -2.3996157e-33 0.16
    endloop
  endfacet
  facet normal -0.098012573 0.0096533959 -0.99513836
    outer loop
      vertex 0.030614675 -0.0060896374 0.15692564
      vertex 9.7971744e-18 -2.3996157e-33 0.16
      vertex 0.031214452 -7.6453356e-18 0.15692564
    endloop
  endfacet
  facet normal 0 -0.99518473 -0.09801714
    outer loop
      vertex -0.31 0.055 0
      vertex 0.31 0.055 0
      vertex 0.31 0.05394319 0.010729968
    endloop
  endfacet
  facet normal 0 -0.99518473 -0.09801714
    outer loop
      vertex -0.31 0.055 0
      vertex 0.31 0.05394319 0.010729968
      vertex -0.31 0.05394319 0.010729968
    endloop
  endfacet
  facet normal 0 -0.95694034 -0.29028468
    outer loop
      vertex -0.31 0.05394319 0.010729968
      vertex 0.31 0.05394319 0.010729968
      vertex 0.31 0.050813374 0.021047589
    endloop
  endfacet
  facet normal 0 -0.95694034 -0.29028468
    outer loop
      vertex -0.31 0.05394319 0.010729968
      vertex 0.31 0.050813374 0.021047589
      vertex -0.31 0.050813374 0.021047589
    endloop
  endfacet
  facet normal 0 -0.88192126 -0.47139674
    outer loop
      vertex -0.31 0.050813374 0.021047589
      vertex 0.31 0.050813374 0.021047589
      vertex 0.31 0.045730829 0.030556363
    endloop
  endfacet
  facet normal 0 -0.88192126 -0.47139674
    outer loop
      vertex -0.31 0.050813374 0.021047589
      vertex 0.31 0.045730829 0.030556363
      vertex -0.31 0.045730829 0.030556363
    endloop
  endfacet
  facet normal 0 -0.77301045 -0.63439328
    outer loop
      vertex -0.31 0.045730829 0.030556363
      vertex 0.31 0.045730829 0.030556363
      vertex 0.31 0.038890873 0.038890873
    endloop
  endfacet
  facet normal 0 -0.77301045 -0.63439328
    outer loop
      vertex -0.31 0.045730829 0.030556363
      vertex 0.31 0.038890873 0.038890873
      vertex -0.31 0.038890873 0.038890873
    endloop
  endfacet
  facet normal 0 -0.63439328 -0.77301045
    outer loop
      vertex -0.31 0.038890873 0.038890873
      vertex 0.31 0.038890873 0.038890873
      vertex 0.31 0.030556363 0.045730829
    endloop
  endfacet
  facet normal 0 -0.63439328 -0.77301045
    outer loop
      vertex -0.31 0.038890873 0.038890873
      vertex 0.31 0.030556363 0.045730829
      vertex -0.31 0.030556363 0.045730829
    endloop
  endfacet
  facet normal 0 -0.47139674 -0.88192126
    outer loop
      vertex -0.31 0.030556363 0.045730829
      vertex 0.31 0.030556363 0.045730829
      vertex 0.31 0.021047589 0.050813374
    endloop
  endfacet
  facet normal 0 -0.47139674 -0.88192126
    outer loop
      vertex -0.31 0.030556363 0.045730829
      vertex 0.31 0.021047589 0.050813374
      vertex -0.31 0.021047589 0.050813374
    endloop
  endfacet
  facet normal 0 -0.29028468 -0.95694034
    outer loop
      vertex -0.31 0.021047589 0.050813374
      vertex 0.31 0.021047589 0.050813374
      vertex 0.31 0.010729968 0.05394319
    endloop
  endfacet
  facet normal 0 -0.29028468 -0.95694034
    outer loop
      vertex -0.31 0.021047589 0.050813374
      vertex 0.31 0.010729968 0.05394319
      vertex -0.31 0.010729968 0.05394319
    endloop
  endfacet
  facet normal 0 -0.09801714 -0.99518473
    outer loop
      vertex -0.31 0.010729968 0.05394319
      vertex 0.31 0.010729968 0.05394319
      vertex 0.31 3.3677787e-18 0.055
    endloop
  endfacet
  facet normal 0 -0.09801714 -0.99518473
    outer loop
      vertex -0.31 0.010729968 0.05394319
      vertex 0.31 3.3677787e-18 0.055
      vertex -0.31 3.3677787e-18 0.055
    endloop
  endfacet
  facet normal 0 0.09801714 -0.99518473
    outer loop
      vertex -0.31 3.3677787e-18 0.055
      vertex 0.31 3.3677787e-18 0.055
      vertex 0.31 -0.010729968 0.05394319
    endloop
  endfacet
  facet normal 0 0.09801714 -0.99518473
    outer loop
      vertex -0.31 3.3677787e-18 0.055
      vertex 0.31 -0.010729968 0.05394319
      vertex -0.31 -0.010729968 0.05394319
    endloop
  endfacet
  facet normal 0 0.29028468 -0.95694034
    outer loop
      vertex -0.31 -0.010729968 0.05394319
      vertex 0.31 -0.010729968 0.05394319
      vertex 0.31 -0.021047589 0.050813374
    endloop
  endfacet
  facet normal 0 0.29028468 -0.95694034
    outer loop
      vertex -0.31 -0.010729968 0.05394319
      vertex 0.31 -0.021047589 0.050813374
      vertex -0.31 -0.021047589 0.050813374
    endloop
  endfacet
  facet normal 0 0.47139674 -0.88192126
    outer loop
      vertex -0.31 -0.021047589 0.050813374
      vertex 0.31 -0.021047589 0.050813374
      vertex 0.31 -0.030556363 0.045730829
    endloop
  endfacet
  facet normal 0 0.47139674 -0.88192126
    outer loop
      vertex -0.31 -0.021047589 0.050813374
      vertex 0.31 -0.030556363 0.045730829
      vertex -0.31 -0.030556363 0.045730829
    endloop
  endfacet
  facet normal 0 0.63439328 -0.77301045
    outer loop
      vertex -0.31 -0.030556363 0.045730829
      vertex 0.31 -0.030556363 0.045730829
      vertex 0.31 -0.038890873 0.038890873
    endloop
  endfacet
  facet normal 0 0.63439328 -0.77301045
    outer loop
      vertex -0.31 -0.030556363 0.045730829
      vertex 0.31 -0.038890873 0.038890873
      vertex -0.31 -0.038890873 0.038890873
    endloop
  endfacet
  facet normal 0 0.77301045 -0.63439328
    outer loop
      vertex -0.31 -0.038890873 0.038890873
      vertex 0.31 -0.038890873 0.038890873
      vertex 0.31 -0.045730829 0.030556363
    endloop
  endfacet
  facet normal 0 0.77301045 -0.63439328
    outer loop
      vertex -0.31 -0.038890873 0.038890873
      vertex 0.31 -0.045730829 0.030556363
      vertex -0.31 -0.045730829 0.030556363
    endloop
  endfacet
  facet normal 0 0.88192126 -0.47139674
    outer loop
      vertex -0.31 -0.045730829 0.030556363
      vertex 0.31 -0.045730829 0.030556363
      vertex 0.31 -0.050813374 0.021047589
    endloop
  endfacet
  facet normal 0 0.88192126 -0.47139674
    outer loop
      vertex -0.31 -0.045730829 0.030556363
      vertex 0.31 -0.050813374 0.021047589
      vertex -0.31 -0.050813374 0.021047589
    endloop
  endfacet
  facet normal 0 0.95694034 -0.29028468
    outer loop
      vertex -0.31 -0.050813374 0.021047589
      vertex 0.31 -0.050813374 0.021047589
      vertex 0.31 -0.05394319 0.010729968
    endloop
  endfacet
  facet normal 0 0.95694034 -0.29028468
    outer loop
      vertex -0.31 -0.050813374 0.021047589
      vertex 0.31 -0.05394319 0.010729968
      vertex -0.31 -0.05394319 0.010729968
    endloop
  endfacet
  facet normal 0 0.99518473 -0.09801714
    outer loop
      vertex -0.31 -0.05394319 0.010729968
      vertex 0.31 -0.05394319 0.010729968
      vertex 0.31 -0.055 6.7355574e-18
    endloop
  endfacet
  facet normal 0 0.99518473 -0.09801714
    outer loop
      vertex -0.31 -0.05394319 0.010729968
      vertex 0.31 -0.055 6.7355574e-18
      vertex -0.31 -0.055 6.7355574e-18
    endloop
  endfacet
  facet normal -0 0.99518473 0.09801714
    outer loop
      vertex -0.31 -0.055 6.7355574e-18
      vertex 0.31 -0.055 6.7355574e-18
      vertex 0.31 -0.05394319 -0.010729968
    endloop
  endfacet
  facet normal 0 0.99518473 0.09801714
    outer loop
      vertex -0.31 -0.055 6.7355574e-18
      vertex 0.31 -0.05394319 -0.010729968
      vertex -0.31 -0.05394319 -0.010729968
    endloop
  endfacet
  facet normal -0 0.95694034 0.29028468
    outer loop
      vertex -0.31 -0.05394319 -0.010729968
      vertex 0.31 -0.05394319 -0.010729968
      vertex 0.31 -0.050813374 -0.021047589
    endloop
  endfacet
  facet normal 0 0.95694034 0.29028468
    outer loop
      vertex -0.31 -0.05394319 -0.010729968
      vertex 0.31 -0.050813374 -0.021047589
      vertex -0.31 -0.050813374 -0.021047589
    endloop
  endfacet
  facet normal -0 0.88192126 0.47139674
    outer loop
      vertex -0.31 -0.050813374 -0.021047589
      vertex 0.31 -0.050813374 -0.021047589
      vertex 0.31 -0.045730829 -0.030556363
    endloop
  endfacet
  facet normal 0 0.88192126 0.47139674
    outer loop
      vertex -0.31 -0.050813374 -0.021047589
      vertex 0.31 -0.045730829 -0.030556363
      vertex -0.31 -0.045730829 -0.030556363
    endloop
  endfacet
  facet normal -0 0.77301045 0.63439328
    outer loop
      vertex -0.31 -0.045730829 -0.030556363
      vertex 0.31 -0.045730829 -0.030556363
      vertex 0.31 -0.038890873 -0.038890873
    endloop
  endfacet
  facet normal 0 0.77301045 0.63439328
    outer loop
      vertex -0.31 -0.045730829 -0.030556363
      vertex 0.31 -0.038890873 -0.038890873
      vertex -0.31 -0.038890873 -0.038890873
    endloop
  endfacet
  facet normal -0 0.63439328 0.77301045
    outer loop
      vertex -0.31 -0.038890873 -0.038890873
      vertex 0.31 -0.038890873 -0.038890873
      vertex 0.31 -0.030556363 -0.045730829
    endloop
  endfacet
  facet normal 0 0.63439328 0.77301045
    outer loop
      vertex -0.31 -0.038890873 -0.038890873
      vertex 0.31 -0.030556363 -0.045730829
      vertex -0.31 -0.030556363 -0.045730829
    endloop
  endfacet
  facet normal -0 0.47139674 0.88192126
    outer loop
      vertex -0.31 -0.030556363 -0.045730829
      vertex 0.31 -0.030556363 -0.045730829
      vertex 0.31 -0.021047589 -0.050813374
    endloop
  endfacet
  facet normal 0 0.47139674 0.88192126
    outer loop
      vertex -0.31 -0.030556363 -0.045730829
      vertex 0.31 -0.021047589 -0.050813374
      vertex -0.31 -0.021047589 -0.050813374
    endloop
  endfacet
  facet normal -0 0.29028468 0.95694034
    outer loop
      vertex -0.31 -0.021047589 -0.050813374
      vertex 0.31 -0.021047589 -0.050813374
      vertex 0.31 -0.010729968 -0.05394319
    endloop
  endfacet
  facet normal 0 0.29028468 0.95694034
    outer loop
      vertex -0.31 -0.021047589 -0.050813374
      vertex 0.31 -0.010729968 -0.05394319
      vertex -0.31 -0.010729968 -0.05394319
    endloop
  endfacet
  facet normal -0 0.09801714 0.99518473
    outer loop
      vertex -0.31 -0.010729968 -0.05394319
      vertex 0.31 -0.010729968 -0.05394319
      vertex 0.31 -1.0103336e-17 -0.055
    endloop
  endfacet
  facet normal 0 0.09801714 0.99518473
    outer loop
      vertex -0.31 -0.010729968 -0.05394319
      vertex 0.31 -1.0103336e-17 -0.055
      vertex -0.31 -1.0103336e-17 -0.055
    endloop
  endfacet
  facet normal 0 -0.09801714 0.99518473
    outer loop
      vertex -0.31 -1.0103336e-17 -0.055
      vertex 0.31 -1.0103336e-17 -0.055
      vertex 0.31 0.010729968 -0.05394319
    endloop
  endfacet
  facet normal 0 -0.09801714 0.99518473
    outer loop
      vertex -0.31 -1.0103336e-17 -0.055
      vertex 0.31 0.010729968 -0.05394319
      vertex -0.31 0.010729968 -0.05394319
    endloop
  endfacet
  facet normal 0 -0.29028468 0.95694034
    outer loop
      vertex -0.31 0.010729968 -0.05394319
      vertex 0.31 0.010729968 -0.05394319
      vertex 0.31 0.021047589 -0.050813374
    endloop
  endfacet
  facet normal 0 -0.29028468 0.95694034
    outer loop
      vertex -0.31 0.010729968 -0.05394319
      vertex 0.31 0.021047589 -0.050813374
      vertex -0.31 0.021047589 -0.050813374
    endloop
  endfacet
  facet normal 0 -0.47139674 0.88192126
    outer loop
      vertex -0.31 0.021047589 -0.050813374
      vertex 0.31 0.021047589 -0.050813374
      vertex 0.31 0.030556363 -0.045730829
    endloop
  endfacet
  facet normal 0 -0.47139674 0.88192126
    outer loop
      vertex -0.31 0.021047589 -0.050813374
      vertex 0.31 0.030556363 -0.045730829
      vertex -0.31 0.030556363 -0.045730829
    endloop
  endfacet
  facet normal 0 -0.63439328 0.77301045
    outer loop
      vertex -0.31 0.030556363 -0.045730829
      vertex 0.31 0.030556363 -0.045730829
      vertex 0.31 0.038890873 -0.038890873
    endloop
  endfacet
  facet normal 0 -0.63439328 0.77301045
    outer loop
      vertex -0.31 0.030556363 -0.045730829
      vertex 0.31 0.038890873 -0.038890873
      vertex -0.31 0.038890873 -0.038890873
    endloop
  endfacet
  facet normal 0 -0.77301045 0.63439328
    outer loop
      vertex -0.31 0.038890873 -0.038890873
      vertex 0.31 0.038890873 -0.038890873
      vertex 0.31 0.045730829 -0.030556363
    endloop
  endfacet
  facet normal 0 -0.77301045 0.63439328
    outer loop
      vertex -0.31 0.038890873 -0.038890873
      vertex 0.31 0.045730829 -0.030556363
      vertex -0.31 0.045730829 -0.030556363
    endloop
  endfacet
  facet normal 0 -0.88192126 0.47139674
    outer loop
      vertex -0.31 0.045730829 -0.030556363
      vertex 0.31 0.045730829 -0.030556363
      vertex 0.31 0.050813374 -0.021047589
    endloop
  endfacet
  facet normal 0 -0.88192126 0.47139674
    outer loop
      vertex -0.31 0.045730829 -0.030556363
      vertex 0.31 0.050813374 -0.021047589
      vertex -0.31 0.050813374 -0.021047589
    endloop
  endfacet
  facet normal 0 -0.95694034 0.29028468
    outer loop
      vertex -0.31 0.050813374 -0.021047589
      vertex 0.31 0.050813374 -0.021047589
      vertex 0.31 0.05394319 -0.010729968
    endloop
  endfacet
  facet normal 0 -0.95694034 0.29028468
    outer loop
      vertex -0.31 0.050813374 -0.021047589
      vertex 0.31 0.05394319 -0.010729968
      vertex -0.31 0.05394319 -0.010729968
    endloop
  endfacet
  facet normal 0 -0.99518473 0.09801714
    outer loop
      vertex -0.31 0.05394319 -0.010729968
      vertex 0.31 0.05394319 -0.010729968
      vertex 0.31 0.055 -1.3471115e-17
    endloop
  endfacet
  facet normal 0 -0.99518473 0.09801714
    outer loop
      vertex -0.31 0.05394319 -0.010729968
      vertex 0.31 0.055 -1.3471115e-17
      vertex -0.31 0.055 -1.3471115e-17
    endloop
  endfacet
  facet normal 0.99518473 -0 0.09801714
    outer loop
      vertex 0.055 -0.31 0
      vertex 0.055 0.31 0
      vertex 0.05394319 0.31 0.010729968
    endloop
  endfacet
  facet normal 0.99518473 0 0.09801714
    outer loop
      vertex 0.055 -0.31 0
      vertex 0.05394319 0.31 0.010729968
      vertex 0.05394319 -0.31 0.010729968
    endloop
  endfacet
  facet normal 0.95694034 -0 0.29028468
    outer loop
      vertex 0.05394319 -0.31 0.010729968
      vertex 0.05394319 0.31 0.010729968
      vertex 0.050813374 0.31 0.021047589
    endloop
  endfacet
  facet normal 0.95694034 0 0.29028468
    outer loop
      vertex 0.05394319 -0.31 0.010729968
      vertex 0.050813374 0.31 0.021047589
      vertex 0.050813374 -0.31 0.021047589
    endloop
  endfacet
  facet normal 0.88192126 -0 0.47139674
    outer loop
      vertex 0.050813374 -0.31 0.021047589
      vertex 0.050813374 0.31 0.021047589
      vertex 0.045730829 0.31 0.030556363
    endloop
  endfacet
  facet normal 0.88192126 0 0.47139674
    outer loop
      vertex 0.050813374 -0.31 0.021047589
      vertex 0.045730829 0.31 0.030556363
      vertex 0.045730829 -0.31 0.030556363
    endloop
  endfacet
  facet normal 0.77301045 -0 0.63439328
    outer loop
      vertex 0.045730829 -0.31 0.030556363
      vertex 0.045730829 0.31 0.030556363
      vertex 0.038890873 0.31 0.038890873
    endloop
  endfacet
  facet normal 0.77301045 0 0.63439328
    outer loop
      vertex 0.045730829 -0.31 0.030556363
      vertex 0.038890873 0.31 0.038890873
      vertex 0.038890873 -0.31 0.038890873
    endloop
  endfacet
  facet normal 0.63439328 -0 0.77301045
    outer loop
      vertex 0.038890873 -0.31 0.038890873
      vertex 0.038890873 0.31 0.038890873
      vertex 0.030556363 0.31 0.045730829
    endloop
  endfacet
  facet normal 0.63439328 0 0.77301045
    outer loop
      vertex 0.038890873 -0.31 0.038890873
      vertex 0.030556363 0.31 0.045730829
      vertex 0.030556363 -0.31 0.045730829
    endloop
  endfacet
  facet normal 0.47139674 -0 0.88192126
    outer loop
      vertex 0.030556363 -0.31 0.045730829
      vertex 0.030556363 0.31 0.045730829
      vertex 0.021047589 0.31 0.050813374
    endloop
  endfacet
  facet normal 0.47139674 0 0.88192126
    outer loop
      vertex 0.030556363 -0.31 0.045730829
      vertex 0.021047589 0.31 0.050813374
      vertex 0.021047589 -0.31 0.050813374
    endloop
  endfacet
  facet normal 0.29028468 -0 0.95694034
    outer loop
      vertex 0.021047589 -0.31 0.050813374
      vertex 0.021047589 0.31 0.050813374
      vertex 0.010729968 0.31 0.05394319
    endloop
  endfacet
  facet normal 0.29028468 0 0.95694034
    outer loop
      vertex 0.021047589 -0.31 0.050813374
      vertex 0.010729968 0.31 0.05394319
      vertex 0.010729968 -0.31 0.05394319
    endloop
  endfacet
  facet normal 0.09801714 -0 0.99518473
    outer loop
      vertex 0.010729968 -0.31 0.05394319
      vertex 0.010729968 0.31 0.05394319
      vertex 3.3677787e-18 0.31 0.055
    endloop
  endfacet
  facet normal 0.09801714 0 0.99518473
    outer loop
      vertex 0.010729968 -0.31 0.05394319
      vertex 3.3677787e-18 0.31 0.055
      vertex 3.3677787e-18 -0.31 0.055
    endloop
  endfacet
  facet normal -0.09801714 0 0.99518473
    outer loop
      vertex 3.3677787e-18 -0.31 0.055
      vertex 3.3677787e-18 0.31 0.055
      vertex -0.010729968 0.31 0.05394319
    endloop
  endfacet
  facet normal -0.09801714 0 0.99518473
    outer loop
      vertex 3.3677787e-18 -0.31 0.055
      vertex -0.010729968 0.31 0.05394319
      vertex -0.010729968 -0.31 0.05394319
    endloop
  endfacet
  facet normal -0.29028468 0 0.95694034
    outer loop
      vertex -0.010729968 -0.31 0.05394319
      vertex -0.010729968 0.31 0.05394319
      vertex -0.021047589 0.31 0.050813374
    endloop
  endfacet
  facet normal -0.29028468 0 0.95694034
    outer loop
      vertex -0.010729968 -0.31 0.05394319
      vertex -0.021047589 0.31 0.050813374
      vertex -0.021047589 -0.31 0.050813374
    endloop
  endfacet
  facet normal -0.47139674 0 0.88192126
    outer loop
      vertex -0.021047589 -0.31 0.050813374
      vertex -0.021047589 0.31 0.050813374
      vertex -0.030556363 0.31 0.045730829
    endloop
  endfacet
  facet normal -0.47139674 0 0.88192126
    outer loop
      vertex -0.021047589 -0.31 0.050813374
      vertex -0.030556363 0.31 0.045730829
      vertex -0.030556363 -0.31 0.045730829
    endloop
  endfacet
  facet normal -0.63439328 0 0.77301045
    outer loop
      vertex -0.030556363 -0.31 0.045730829
      vertex -0.030556363 0.31 0.045730829
      vertex -0.038890873 0.31 0.038890873
    endloop
  endfacet
  facet normal -0.63439328 0 0.77301045
    outer loop
      vertex -0.030556363 -0.31 0.045730829
      vertex -0.038890873 0.31 0.038890873
      vertex -0.038890873 -0.31 0.038890873
    endloop
  endfacet
  facet normal -0.77301045 0 0.63439328
    outer loop
      vertex -0.038890873 -0.31 0.038890873
      vertex -0.038890873 0.31 0.038890873
      vertex -0.045730829 0.31 0.030556363
    endloop
  endfacet
  facet normal -0.77301045 0 0.63439328
    outer loop
      vertex -0.038890873 -0.31 0.038890873
      vertex -0.045730829 0.31 0.030556363
      vertex -0.045730829 -0.31 0.030556363
    endloop
  endfacet
  facet normal -0.88192126 0 0.47139674
    outer loop
      vertex -0.045730829 -0.31 0.030556363
      vertex -0.045730829 0.31 0.030556363
      vertex -0.050813374 0.31 0.021047589
    endloop
  endfacet
  facet normal -0.88192126 0 0.47139674
    outer loop
      vertex -0.045730829 -0.31 0.030556363
      vertex -0.050813374 0.31 0.021047589
      vertex -0.050813374 -0.31 0.021047589
    endloop
  endfacet
  facet normal -0.95694034 0 0.29028468
    outer loop
      vertex -0.050813374 -0.31 0.021047589
      vertex -0.050813374 0.31 0.021047589
      vertex -0.05394319 0.31 0.010729968
    endloop
  endfacet
  facet normal -0.95694034 0 0.29028468
    outer loop
      vertex -0.050813374 -0.31 0.021047589
      vertex -0.05394319 0.31 0.010729968
      vertex -0.05394319 -0.31 0.010729968
    endloop
  endfacet
  facet normal -0.99518473 0 0.09801714
    outer loop
      vertex -0.05394319 -0.31 0.010729968
      vertex -0.05394319 0.31 0.010729968
      vertex -0.055 0.31 6.7355574e-18
    endloop
  endfacet
  facet normal -0.99518473 0 0.09801714
    outer loop
      vertex -0.05394319 -0.31 0.010729968
      vertex -0.055 0.31 6.7355574e-18
      vertex -0.055 -0.31 6.7355574e-18
    endloop
  endfacet
  facet normal -0.99518473 0 -0.09801714
    outer loop
      vertex -0.055 -0.31 6.7355574e-18
      vertex -0.055 0.31 6.7355574e-18
      vertex -0.05394319 0.31 -0.010729968
    endloop
  endfacet
  facet normal -0.99518473 0 -0.09801714
    outer loop
      vertex -0.055 -0.31 6.7355574e-18
      vertex -0.05394319 0.31 -0.010729968
      vertex -0.05394319 -0.31 -0.010729968
    endloop
  endfacet
  facet normal -0.95694034 0 -0.29028468
    outer loop
      vertex -0.05394319 -0.31 -0.010729968
      vertex -0.05394319 0.31 -0.010729968
      vertex -0.050813374 0.31 -0.021047589
    endloop
  endfacet
  facet normal -0.95694034 0 -0.29028468
    outer loop
      vertex -0.05394319 -0.31 -0.010729968
      vertex -0.050813374 0.31 -0.021047589
      vertex -0.050813374 -0.31 -0.021047589
    endloop
  endfacet
  facet normal -0.88192126 0 -0.47139674
    outer loop
      vertex -0.050813374 -0.31 -0.021047589
      vertex -0.050813374 0.31 -0.021047589
      vertex -0.045730829 0.31 -0.030556363
    endloop
  endfacet
  facet normal -0.88192126 0 -0.47139674
    outer loop
      vertex -0.050813374 -0.31 -0.021047589
      vertex -0.045730829 0.31 -0.030556363
      vertex -0.045730829 -0.31 -0.030556363
    endloop
  endfacet
  facet normal -0.77301045 0 -0.63439328
    outer loop
      vertex -0.045730829 -0.31 -0.030556363
      vertex -0.045730829 0.31 -0.030556363
      vertex -0.038890873 0.31 -0.038890873
    endloop
  endfacet
  facet normal -0.77301045 0 -0.63439328
    outer loop
      vertex -0.045730829 -0.31 -0.030556363
      vertex -0.038890873 0.31 -0.038890873
      vertex -0.038890873 -0.31 -0.038890873
    endloop
  endfacet
  facet normal -0.63439328 0 -0.77301045
    outer loop
      vertex -0.038890873 -0.31 -0.038890873
      vertex -0.038890873 0.31 -0.038890873
      vertex -0.030556363 0.31 -0.045730829
    endloop
  endfacet
  facet normal -0.63439328 0 -0.77301045
    outer loop
      vertex -0.038890873 -0.31 -0.038890873
      vertex -0.030556363 0.31 -0.045730829
      vertex -0.030556363 -0.31 -0.045730829
    endloop
  endfacet
  facet normal -0.47139674 0 -0.88192126
    outer loop
      vertex -0.030556363 -0.31 -0.045730829
      vertex -0.030556363 0.31 -0.045730829
      vertex -0.021047589 0.31 -0.050813374
    endloop
  endfacet
  facet normal -0.47139674 0 -0.88192126
    outer loop
      vertex -0.030556363 -0.31 -0.045730829
      vertex -0.021047589 0.31 -0.050813374
      vertex -0.021047589 -0.31 -0.050813374
    endloop
  endfacet
  facet normal -0.29028468 0 -0.95694034
    outer loop
      vertex -0.021047589 -0.31 -0.050813374
      vertex -0.021047589 0.31 -0.050813374
      vertex -0.010729968 0.31 -0.05394319
    endloop
  endfacet
  facet normal -0.29028468 0 -0.95694034
    outer loop
      vertex -0.021047589 -0.31 -0.050813374
      vertex -0.010729968 0.31 -0.05394319
      vertex -0.010729968 -0.31 -0.05394319
    endloop
  endfacet
  facet normal -0.09801714 0 -0.99518473
    outer loop
      vertex -0.010729968 -0.31 -0.05394319
      vertex -0.010729968 0.31 -0.05394319
      vertex -1.0103336e-17 0.31 -0.055
    endloop
  endfacet
  facet normal -0.09801714 0 -0.99518473
    outer loop
      vertex -0.010729968 -0.31 -0.05394319
      vertex -1.0103336e-17 0.31 -0.055
      vertex -1.0103336e-17 -0.31 -0.055
    endloop
  endfacet
  facet normal 0.09801714 0 -0.99518473
    outer loop
      vertex -1.0103336e-17 -0.31 -0.055
      vertex -1.0103336e-17 0.31 -0.055
      vertex 0.010729968 0.31 -0.05394319
    endloop
  endfacet
  facet normal 0.09801714 0 -0.99518473
    outer loop
      vertex -1.0103336e-17 -0.31 -0.055
      vertex 0.010729968 0.31 -0.05394319
      vertex 0.010729968 -0.31 -0.05394319
    endloop
  endfacet
  facet normal 0.29028468 0 -0.95694034
    outer loop
      vertex 0.010729968 -0.31 -0.05394319
      vertex 0.010729968 0.31 -0.05394319
      vertex 0.021047589 0.31 -0.050813374
    endloop
  endfacet
  facet normal 0.29028468 0 -0.95694034
    outer loop
      vertex 0.010729968 -0.31 -0.05394319
      vertex 0.021047589 0.31 -0.050813374
      vertex 0.021047589 -0.31 -0.050813374
    endloop
  endfacet
  facet normal 0.47139674 0 -0.88192126
    outer loop
      vertex 0.021047589 -0.31 -0.050813374
      vertex 0.021047589 0.31 -0.050813374
      vertex 0.030556363 0.31 -0.045730829
    endloop
  endfacet
  facet normal 0.47139674 0 -0.88192126
    outer loop
      vertex 0.021047589 -0.31 -0.050813374
      vertex 0.030556363 0.31 -0.045730829
      vertex 0.030556363 -0.31 -0.045730829
    endloop
  endfacet
  facet normal 0.63439328 0 -0.77301045
    outer loop
      vertex 0.030556363 -0.31 -0.045730829
      vertex 0.030556363 0.31 -0.045730829
      vertex 0.038890873 0.31 -0.038890873
    endloop
  endfacet
  facet normal 0.63439328 0 -0.77301045
    outer loop
      vertex 0.030556363 -0.31 -0.045730829
      vertex 0.038890873 0.31 -0.038890873
      vertex 0.038890873 -0.31 -0.038890873
    endloop
  endfacet
  facet normal 0.77301045 0 -0.63439328
    outer loop
      vertex 0.038890873 -0.31 -0.038890873
      vertex 0.038890873 0.31 -0.038890873
      vertex 0.045730829 0.31 -0.030556363
    endloop
  endfacet
  facet normal 0.77301045 0 -0.63439328
    outer loop
      vertex 0.038890873 -0.31 -0.038890873
      vertex 0.045730829 0.31 -0.030556363
      vertex 0.045730829 -0.31 -0.030556363
    endloop
  endfacet
  facet normal 0.88192126 0 -0.47139674
    outer loop
      vertex 0.045730829 -0.31 -0.030556363
      vertex 0.045730829 0.31 -0.030556363
      vertex 0.050813374 0.31 -0.021047589
    endloop
  endfacet
  facet normal 0.88192126 0 -0.47139674
    outer loop
      vertex 0.045730829 -0.31 -0.030556363
      vertex 0.050813374 0.31 -0.021047589
      vertex 0.050813374 -0.31 -0.021047589
    endloop
  endfacet
  facet normal 0.95694034 0 -0.29028468
    outer loop
      vertex 0.050813374 -0.31 -0.021047589
      vertex 0.050813374 0.31 -0.021047589
      vertex 0.05394319 0.31 -0.010729968
    endloop
  endfacet
  facet normal 0.95694034 0 -0.29028468
    outer loop
      vertex 0.050813374 -0.31 -0.021047589
      vertex 0.05394319 0.31 -0.010729968
      vertex 0.05394319 -0.31 -0.010729968
    endloop
  endfacet
  facet normal 0.99518473 0 -0.09801714
    outer loop
      vertex 0.05394319 -0.31 -0.010729968
      vertex 0.05394319 0.31 -0.010729968
      vertex 0.055 0.31 -1.3471115e-17
    endloop
  endfacet
  facet normal 0.99518473 0 -0.09801714
    outer loop
      vertex 0.05394319 -0.31 -0.010729968
      vertex 0.055 0.31 -1.3471115e-17
      vertex 0.055 -0.31 -1.3471115e-17
    endloop
  endfacet
  facet normal -0.99518473 -0.09801714 0
    outer loop
      vertex 0.055 0 -0.31
      vertex 0.055 0 0.31
      vertex 0.05394319 0.010729968 0.31
    endloop
  endfacet
  facet normal -0.99518473 -0.09801714 0
    outer loop
      vertex 0.055 0 -0.31
      vertex 0.05394319 0.010729968 0.31
      vertex 0.05394319 0.010729968 -0.31
    endloop
  endfacet
  facet normal -0.95694034 -0.29028468 0
    outer loop
      vertex 0.05394319 0.010729968 -0.31
      vertex 0.05394319 0.010729968 0.31
      vertex 0.050813374 0.021047589 0.31
    endloop
  endfacet
  facet normal -0.95694034 -0.29028468 0
    outer loop
      vertex 0.05394319 0.010729968 -0.31
      vertex 0.050813374 0.021047589 0.31
      vertex 0.050813374 0.021047589 -0.31
    endloop
  endfacet
  facet normal -0.88192126 -0.47139674 0
    outer loop
      vertex 0.050813374 0.021047589 -0.31
      vertex 0.050813374 0.021047589 0.31
      vertex 0.045730829 0.030556363 0.31
    endloop
  endfacet
  facet normal -0.88192126 -0.47139674 0
    outer loop
      vertex 0.050813374 0.021047589 -0.31
      vertex 0.045730829 0.030556363 0.31
      vertex 0.045730829 0.030556363 -0.31
    endloop
  endfacet
  facet normal -0.77301045 -0.63439328 0
    outer loop
      vertex 0.045730829 0.030556363 -0.31
      vertex 0.045730829 0.030556363 0.31
      vertex 0.038890873 0.038890873 0.31
    endloop
  endfacet
  facet normal -0.77301045 -0.63439328 0
    outer loop
      vertex 0.045730829 0.030556363 -0.31
      vertex 0.038890873 0.038890873 0.31
      vertex 0.038890873 0.038890873 -0.31
    endloop
  endfacet
  facet normal -0.63439328 -0.77301045 0
    outer loop
      vertex 0.038890873 0.038890873 -0.31
      vertex 0.038890873 0.038890873 0.31
      vertex 0.030556363 0.045730829 0.31
    endloop
  endfacet
  facet normal -0.63439328 -0.77301045 0
    outer loop
      vertex 0.038890873 0.038890873 -0.31
      vertex 0.030556363 0.045730829 0.31
      vertex 0.030556363 0.045730829 -0.31
    endloop
  endfacet
  facet normal -0.47139674 -0.88192126 0
    outer loop
      vertex 0.030556363 0.045730829 -0.31
      vertex 0.030556363 0.045730829 0.31
      vertex 0.021047589 0.050813374 0.31
    endloop
  endfacet
  facet normal -0.47139674 -0.88192126 0
    outer loop
      vertex 0.030556363 0.045730829 -0.31
      vertex 0.021047589 0.050813374 0.31
      vertex 0.021047589 0.050813374 -0.31
    endloop
  endfacet
  facet normal -0.29028468 -0.95694034 0
    outer loop
      vertex 0.021047589 0.050813374 -0.31
      vertex 0.021047589 0.050813374 0.31
      vertex 0.010729968 0.05394319 0.31
    endloop
  endfacet
  facet normal -0.29028468 -0.95694034 0
    outer loop
      vertex 0.021047589 0.050813374 -0.31
      vertex 0.010729968 0.05394319 0.31
      vertex 0.010729968 0.05394319 -0.31
    endloop
  endfacet
  facet normal -0.09801714 -0.99518473 0
    outer loop
      vertex 0.010729968 0.05394319 -0.31
      vertex 0.010729968 0.05394319 0.31
      vertex 3.3677787e-18 0.055 0.31
    endloop
  endfacet
  facet normal -0.09801714 -0.99518473 0
    outer loop
      vertex 0.010729968 0.05394319 -0.31
      vertex 3.3677787e-18 0.055 0.31
      vertex 3.3677787e-18 0.055 -0.31
    endloop
  endfacet
  facet normal 0.09801714 -0.99518473 0
    outer loop
      vertex 3.3677787e-18 0.055 -0.31
      vertex 3.3677787e-18 0.055 0.31
      vertex -0.010729968 0.05394319 0.31
    endloop
  endfacet
  facet normal 0.09801714 -0.99518473 0
    outer loop
      vertex 3.3677787e-18 0.055 -0.31
      vertex -0.010729968 0.05394319 0.31
      vertex -0.010729968 0.05394319 -0.31
    endloop
  endfacet
  facet normal 0.29028468 -0.95694034 0
    outer loop
      vertex -0.010729968 0.05394319 -0.31
      vertex -0.010729968 0.05394319 0.31
      vertex -0.021047589 0.050813374 0.31
    endloop
  endfacet
  facet normal 0.29028468 -0.95694034 0
    outer loop
      vertex -0.010729968 0.05394319 -0.31
      vertex -0.021047589 0.050813374 0.31
      vertex -0.021047589 0.050813374 -0.31
    endloop
  endfacet
  facet normal 0.47139674 -0.88192126 0
    outer loop
      vertex -0.021047589 0.050813374 -0.31
      vertex -0.021047589 0.050813374 0.31
      vertex -0.030556363 0.045730829 0.31
    endloop
  endfacet
  facet normal 0.47139674 -0.88192126 0
    outer loop
      vertex -0.021047589 0.050813374 -0.31
      vertex -0.030556363 0.045730829 0.31
      vertex -0.030556363 0.045730829 -0.31
    endloop
  endfacet
  facet normal 0.63439328 -0.77301045 0
    outer loop
      vertex -0.030556363 0.045730829 -0.31
      vertex -0.030556363 0.045730829 0.31
      vertex -0.038890873 0.038890873 0.31
    endloop
  endfacet
  facet normal 0.63439328 -0.77301045 0
    outer loop
      vertex -0.030556363 0.045730829 -0.31
      vertex -0.038890873 0.038890873 0.31
      vertex -0.038890873 0.038890873 -0.31
    endloop
  endfacet
  facet normal 0.77301045 -0.63439328 0
    outer loop
      vertex -0.038890873 0.038890873 -0.31
      vertex -0.038890873 0.038890873 0.31
      vertex -0.045730829 0.030556363 0.31
    endloop
  endfacet
  facet normal 0.77301045 -0.63439328 0
    outer loop
      vertex -0.038890873 0.038890873 -0.31
      vertex -0.045730829 0.030556363 0.31
      vertex -0.045730829 0.030556363 -0.31
    endloop
  endfacet
  facet normal 0.88192126 -0.47139674 0
    outer loop
      vertex -0.045730829 0.030556363 -0.31
      vertex -0.045730829 0.030556363 0.31
      vertex -0.050813374 0.021047589 0.31
    endloop
  endfacet
  facet normal 0.88192126 -0.47139674 0
    outer loop
      vertex -0.045730829 0.030556363 -0.31
      vertex -0.050813374 0.021047589 0.31
      vertex -0.050813374 0.021047589 -0.31
    endloop
  endfacet
  facet normal 0.95694034 -0.29028468 0
    outer loop
      vertex -0.050813374 0.021047589 -0.31
      vertex -0.050813374 0.021047589 0.31
      vertex -0.05394319 0.010729968 0.31
    endloop
  endfacet
  facet normal 0.95694034 -0.29028468 0
    outer loop
      vertex -0.050813374 0.021047589 -0.31
      vertex -0.05394319 0.010729968 0.31
      vertex -0.05394319 0.010729968 -0.31
    endloop
  endfacet
  facet normal 0.99518473 -0.09801714 0
    outer loop
      vertex -0.05394319 0.010729968 -0.31
      vertex -0.05394319 0.010729968 0.31
      vertex -0.055 6.7355574e-18 0.31
    endloop
  endfacet
  facet normal 0.99518473 -0.09801714 0
    outer loop
      vertex -0.05394319 0.010729968 -0.31
      vertex -0.055 6.7355574e-18 0.31
      vertex -0.055 6.7355574e-18 -0.31
    endloop
  endfacet
  facet normal 0.99518473 0.09801714 -0
    outer loop
      vertex -0.055 6.7355574e-18 -0.31
      vertex -0.055 6.7355574e-18 0.31
      vertex -0.05394319 -0.010729968 0.31
    endloop
  endfacet
  facet normal 0.99518473 0.09801714 0
    outer loop
      vertex -0.055 6.7355574e-18 -0.31
      vertex -0.05394319 -0.010729968 0.31
      vertex -0.05394319 -0.010729968 -0.31
    endloop
  endfacet
  facet normal 0.95694034 0.29028468 -0
    outer loop
      vertex -0.05394319 -0.010729968 -0.31
      vertex -0.05394319 -0.010729968 0.31
      vertex -0.050813374 -0.021047589 0.31
    endloop
  endfacet
  facet normal 0.95694034 0.29028468 0
    outer loop
      vertex -0.05394319 -0.010729968 -0.31
      vertex -0.050813374 -0.021047589 0.31
      vertex -0.050813374 -0.021047589 -0.31
    endloop
  endfacet
  facet normal 0.88192126 0.47139674 -0
    outer loop
      vertex -0.050813374 -0.021047589 -0.31
      vertex -0.050813374 -0.021047589 0.31
      vertex -0.045730829 -0.030556363 0.31
    endloop
  endfacet
  facet normal 0.88192126 0.47139674 0
    outer loop
      vertex -0.050813374 -0.021047589 -0.31
      vertex -0.045730829 -0.030556363 0.31
      vertex -0.045730829 -0.030556363 -0.31
    endloop
  endfacet
  facet normal 0.77301045 0.63439328 -0
    outer loop
      vertex -0.045730829 -0.030556363 -0.31
      vertex -0.045730829 -0.030556363 0.31
      vertex -0.038890873 -0.038890873 0.31
    endloop
  endfacet
  facet normal 0.77301045 0.63439328 0
    outer loop
      vertex -0.045730829 -0.030556363 -0.31
      vertex -0.038890873 -0.038890873 0.31
      vertex -0.038890873 -0.038890873 -0.31
    endloop
  endfacet
  facet normal 0.63439328 0.77301045 -0
    outer loop
      vertex -0.038890873 -0.038890873 -0.31
      vertex -0.038890873 -0.038890873 0.31
      vertex -0.030556363 -0.045730829 0.31
    endloop
  endfacet
  facet normal 0.63439328 0.77301045 0
    outer loop
      vertex -0.038890873 -0.038890873 -0.31
      vertex -0.030556363 -0.045730829 0.31
      vertex -0.030556363 -0.045730829 -0.31
    endloop
  endfacet
  facet normal 0.47139674 0.88192126 -0
    outer loop
      vertex -0.030556363 -0.045730829 -0.31
      vertex -0.030556363 -0.045730829 0.31
      vertex -0.021047589 -0.050813374 0.31
    endloop
  endfacet
  facet normal 0.47139674 0.88192126 0
    outer loop
      vertex -0.030556363 -0.045730829 -0.31
      vertex -0.021047589 -0.050813374 0.31
      vertex -0.021047589 -0.050813374 -0.31
    endloop
  endfacet
  facet normal 0.29028468 0.95694034 -0
    outer loop
      vertex -0.021047589 -0.050813374 -0.31
      vertex -0.021047589 -0.050813374 0.31
      vertex -0.010729968 -0.05394319 0.31
    endloop
  endfacet
  facet normal 0.29028468 0.95694034 0
    outer loop
      vertex -0.021047589 -0.050813374 -0.31
      vertex -0.010729968 -0.05394319 0.31
      vertex -0.010729968 -0.05394319 -0.31
    endloop
  endfacet
  facet normal 0.09801714 0.99518473 -0
    outer loop
      vertex -0.010729968 -0.05394319 -0.31
      vertex -0.010729968 -0.05394319 0.31
      vertex -1.0103336e-17 -0.055 0.31
    endloop
  endfacet
  facet normal 0.09801714 0.99518473 0
    outer loop
      vertex -0.010729968 -0.05394319 -0.31
      vertex -1.0103336e-17 -0.055 0.31
      vertex -1.0103336e-17 -0.055 -0.31
    endloop
  endfacet
  facet normal -0.09801714 0.99518473 0
    outer loop
      vertex -1.0103336e-17 -0.055 -0.31
      vertex -1.0103336e-17 -0.055 0.31
      vertex 0.010729968 -0.05394319 0.31
    endloop
  endfacet
  facet normal -0.09801714 0.99518473 0
    outer loop
      vertex -1.0103336e-17 -0.055 -0.31
      vertex 0.010729968 -0.05394319 0.31
      vertex 0.010729968 -0.05394319 -0.31
    endloop
  endfacet
  facet normal -0.29028468 0.95694034 0
    outer loop
      vertex 0.010729968 -0.05394319 -0.31
      vertex 0.010729968 -0.05394319 0.31
      vertex 0.021047589 -0.050813374 0.31
    endloop
  endfacet
  facet normal -0.29028468 0.95694034 0
    outer loop
      vertex 0.010729968 -0.05394319 -0.31
      vertex 0.021047589 -0.050813374 0.31
      vertex 0.021047589 -0.050813374 -0.31
    endloop
  endfacet
  facet normal -0.47139674 0.88192126 0
    outer loop
      vertex 0.021047589 -0.050813374 -0.31
      vertex 0.021047589 -0.050813374 0.31
      vertex 0.030556363 -0.045730829 0.31
    endloop
  endfacet
  facet normal -0.47139674 0.88192126 0
    outer loop
      vertex 0.021047589 -0.050813374 -0.31
      vertex 0.030556363 -0.045730829 0.31
      vertex 0.030556363 -0.045730829 -0.31
    endloop
  endfacet
  facet normal -0.63439328 0.77301045 0
    outer loop
      vertex 0.030556363 -0.045730829 -0.31
      vertex 0.030556363 -0.045730829 0.31
      vertex 0.038890873 -0.038890873 0.31
    endloop
  endfacet
  facet normal -0.63439328 0.77301045 0
    outer loop
      vertex 0.030556363 -0.045730829 -0.31
      vertex 0.038890873 -0.038890873 0.31
      vertex 0.038890873 -0.038890873 -0.31
    endloop
  endfacet
  facet normal -0.77301045 0.63439328 0
    outer loop
      vertex 0.038890873 -0.038890873 -0.31
      vertex 0.038890873 -0.038890873 0.31
      vertex 0.045730829 -0.030556363 0.31
    endloop
  endfacet
  facet normal -0.77301045 0.63439328 0
    outer loop
      vertex 0.038890873 -0.038890873 -0.31
      vertex 0.045730829 -0.030556363 0.31
      vertex 0.045730829 -0.030556363 -0.31
    endloop
  endfacet
  facet normal -0.88192126 0.47139674 0
    outer loop
      vertex 0.045730829 -0.030556363 -0.31
      vertex 0.045730829 -0.030556363 0.31
      vertex 0.050813374 -0.021047589 0.31
    endloop
  endfacet
  facet normal -0.88192126 0.47139674 0
    outer loop
      vertex 0.045730829 -0.030556363 -0.31
      vertex 0.050813374 -0.021047589 0.31
      vertex 0.050813374 -0.021047589 -0.31
    endloop
  endfacet
  facet normal -0.95694034 0.29028468 0
    outer loop
      vertex 0.050813374 -0.021047589 -0.31
      vertex 0.050813374 -0.021047589 0.31
      vertex 0.05394319 -0.010729968 0.31
    endloop
  endfacet
  facet normal -0.95694034 0.29028468 0
    outer loop
      vertex 0.050813374 -0.021047589 -0.31
      vertex 0.05394319 -0.010729968 0.31
      vertex 0.05394319 -0.010729968 -0.31
    endloop
  endfacet
  facet normal -0.99518473 0.09801714 0
    outer loop
      vertex 0.05394319 -0.010729968 -0.31
      vertex 0.05394319 -0.010729968 0.31
      vertex 0.055 -1.3471115e-17 0.31
    endloop
  endfacet
  facet normal -0.99518473 0.09801714 0
    outer loop
      vertex 0.05394319 -0.010729968 -0.31
      vertex 0.055 -1.3471115e-17 0.31
      vertex 0.055 -1.3471115e-17 -0.31
    endloop
  endfacet
  facet normal -0.99518473 -0.09801714 0
    outer loop
      vertex 0.145 0 -0.19
      vertex 0.145 0 0.19
      vertex 0.14413534 0.0087790645 0.19
    endloop
  endfacet
  facet normal -0.99518473 -0.09801714 0
    outer loop
      vertex 0.145 0 -0.19
      vertex 0.14413534 0.0087790645 0.19
      vertex 0.14413534 0.0087790645 -0.19
    endloop
  endfacet
  facet normal -0.95694034 -0.29028468 0
    outer loop
      vertex 0.14413534 0.0087790645 -0.19
      vertex 0.14413534 0.0087790645 0.19
      vertex 0.14157458 0.017220754 0.19
    endloop
  endfacet
  facet normal -0.95694034 -0.29028468 0
    outer loop
      vertex 0.14413534 0.0087790645 -0.19
      vertex 0.14157458 0.017220754 0.19
      vertex 0.14157458 0.017220754 -0.19
    endloop
  endfacet
  facet normal -0.88192126 -0.47139674 0
    outer loop
      vertex 0.14157458 0.017220754 -0.19
      vertex 0.14157458 0.017220754 0.19
      vertex 0.13741613 0.02500066 0.19
    endloop
  endfacet
  facet normal -0.88192126 -0.47139674 0
    outer loop
      vertex 0.14157458 0.017220754 -0.19
      vertex 0.13741613 0.02500066 0.19
      vertex 0.13741613 0.02500066 -0.19
    endloop
  endfacet
  facet normal -0.77301045 -0.63439328 0
    outer loop
      vertex 0.13741613 0.02500066 -0.19
      vertex 0.13741613 0.02500066 0.19
      vertex 0.13181981 0.031819805 0.19
    endloop
  endfacet
  facet normal -0.77301045 -0.63439328 0
    outer loop
      vertex 0.13741613 0.02500066 -0.19
      vertex 0.13181981 0.031819805 0.19
      vertex 0.13181981 0.031819805 -0.19
    endloop
  endfacet
  facet normal -0.63439328 -0.77301045 0
    outer loop
      vertex 0.13181981 0.031819805 -0.19
      vertex 0.13181981 0.031819805 0.19
      vertex 0.12500066 0.037416133 0.19
    endloop
  endfacet
  facet normal -0.63439328 -0.77301045 0
    outer loop
      vertex 0.13181981 0.031819805 -0.19
      vertex 0.12500066 0.037416133 0.19
      vertex 0.12500066 0.037416133 -0.19
    endloop
  endfacet
  facet normal -0.47139674 -0.88192126 0
    outer loop
      vertex 0.12500066 0.037416133 -0.19
      vertex 0.12500066 0.037416133 0.19
      vertex 0.11722075 0.041574579 0.19
    endloop
  endfacet
  facet normal -0.47139674 -0.88192126 0
    outer loop
      vertex 0.12500066 0.037416133 -0.19
      vertex 0.11722075 0.041574579 0.19
      vertex 0.11722075 0.041574579 -0.19
    endloop
  endfacet
  facet normal -0.29028468 -0.95694034 0
    outer loop
      vertex 0.11722075 0.041574579 -0.19
      vertex 0.11722075 0.041574579 0.19
      vertex 0.10877906 0.044135338 0.19
    endloop
  endfacet
  facet normal -0.29028468 -0.95694034 0
    outer loop
      vertex 0.11722075 0.041574579 -0.19
      vertex 0.10877906 0.044135338 0.19
      vertex 0.10877906 0.044135338 -0.19
    endloop
  endfacet
  facet normal -0.09801714 -0.99518473 0
    outer loop
      vertex 0.10877906 0.044135338 -0.19
      vertex 0.10877906 0.044135338 0.19
      vertex 0.1 0.045 0.19
    endloop
  endfacet
  facet normal -0.09801714 -0.99518473 0
    outer loop
      vertex 0.10877906 0.044135338 -0.19
      vertex 0.1 0.045 0.19
      vertex 0.1 0.045 -0.19
    endloop
  endfacet
  facet normal 0.09801714 -0.99518473 0
    outer loop
      vertex 0.1 0.045 -0.19
      vertex 0.1 0.045 0.19
      vertex 0.091220936 0.044135338 0.19
    endloop
  endfacet
  facet normal 0.09801714 -0.99518473 0
    outer loop
      vertex 0.1 0.045 -0.19
      vertex 0.091220936 0.044135338 0.19
      vertex 0.091220936 0.044135338 -0.19
    endloop
  endfacet
  facet normal 0.29028468 -0.95694034 0
    outer loop
      vertex 0.091220936 0.044135338 -0.19
      vertex 0.091220936 0.044135338 0.19
      vertex 0.082779246 0.041574579 0.19
    endloop
  endfacet
  facet normal 0.29028468 -0.95694034 0
    outer loop
      vertex 0.091220936 0.044135338 -0.19
      vertex 0.082779246 0.041574579 0.19
      vertex 0.082779246 0.041574579 -0.19
    endloop
  endfacet
  facet normal 0.47139674 -0.88192126 0
    outer loop
      vertex 0.082779246 0.041574579 -0.19
      vertex 0.082779246 0.041574579 0.19
      vertex 0.07499934 0.037416133 0.19
    endloop
  endfacet
  facet normal 0.47139674 -0.88192126 0
    outer loop
      vertex 0.082779246 0.041574579 -0.19
      vertex 0.07499934 0.037416133 0.19
      vertex 0.07499934 0.037416133 -0.19
    endloop
  endfacet
  facet normal 0.63439328 -0.77301045 0
    outer loop
      vertex 0.07499934 0.037416133 -0.19
      vertex 0.07499934 0.037416133 0.19
      vertex 0.068180195 0.031819805 0.19
    endloop
  endfacet
  facet normal 0.63439328 -0.77301045 0
    outer loop
      vertex 0.07499934 0.037416133 -0.19
      vertex 0.068180195 0.031819805 0.19
      vertex 0.068180195 0.031819805 -0.19
    endloop
  endfacet
  facet normal 0.77301045 -0.63439328 0
    outer loop
      vertex 0.068180195 0.031819805 -0.19
      vertex 0.068180195 0.031819805 0.19
      vertex 0.062583867 0.02500066 0.19
    endloop
  endfacet
  facet normal 0.77301045 -0.63439328 0
    outer loop
      vertex 0.068180195 0.031819805 -0.19
      vertex 0.062583867 0.02500066 0.19
      vertex 0.062583867 0.02500066 -0.19
    endloop
  endfacet
  facet normal 0.88192126 -0.47139674 0
    outer loop
      vertex 0.062583867 0.02500066 -0.19
      vertex 0.062583867 0.02500066 0.19
      vertex 0.058425421 0.017220754 0.19
    endloop
  endfacet
  facet normal 0.88192126 -0.47139674 0
    outer loop
      vertex 0.062583867 0.02500066 -0.19
      vertex 0.058425421 0.017220754 0.19
      vertex 0.058425421 0.017220754 -0.19
    endloop
  endfacet
  facet normal 0.95694034 -0.29028468 0
    outer loop
      vertex 0.058425421 0.017220754 -0.19
      vertex 0.058425421 0.017220754 0.19
      vertex 0.055864662 0.0087790645 0.19
    endloop
  endfacet
  facet normal 0.95694034 -0.29028468 0
    outer loop
      vertex 0.058425421 0.017220754 -0.19
      vertex 0.055864662 0.0087790645 0.19
      vertex 0.055864662 0.0087790645 -0.19
    endloop
  endfacet
  facet normal 0.99518473 -0.09801714 0
    outer loop
      vertex 0.055864662 0.0087790645 -0.19
      vertex 0.055864662 0.0087790645 0.19
      vertex 0.055 5.5109106e-18 0.19
    endloop
  endfacet
  facet normal 0.99518473 -0.09801714 0
    outer loop
      vertex 0.055864662 0.0087790645 -0.19
      vertex 0.055 5.5109106e-18 0.19
      vertex 0.055 5.5109106e-18 -0.19
    endloop
  endfacet
  facet normal 0.99518473 0.09801714 -0
    outer loop
      vertex 0.055 5.5109106e-18 -0.19
      vertex 0.055 5.5109106e-18 0.19
      vertex 0.055864662 -0.0087790645 0.19
    endloop
  endfacet
  facet normal 0.99518473 0.09801714 0
    outer loop
      vertex 0.055 5.5109106e-18 -0.19
      vertex 0.055864662 -0.0087790645 0.19
      vertex 0.055864662 -0.0087790645 -0.19
    endloop
  endfacet
  facet normal 0.95694034 0.29028468 -0
    outer loop
      vertex 0.055864662 -0.0087790645 -0.19
      vertex 0.055864662 -0.0087790645 0.19
      vertex 0.058425421 -0.017220754 0.19
    endloop
  endfacet
  facet normal 0.95694034 0.29028468 0
    outer loop
      vertex 0.055864662 -0.0087790645 -0.19
      vertex 0.058425421 -0.017220754 0.19
      vertex 0.058425421 -0.017220754 -0.19
    endloop
  endfacet
  facet normal 0.88192126 0.47139674 -0
    outer loop
      vertex 0.058425421 -0.017220754 -0.19
      vertex 0.058425421 -0.017220754 0.19
      vertex 0.062583867 -0.02500066 0.19
    endloop
  endfacet
  facet normal 0.88192126 0.47139674 0
    outer loop
      vertex 0.058425421 -0.017220754 -0.19
      vertex 0.062583867 -0.02500066 0.19
      vertex 0.062583867 -0.02500066 -0.19
    endloop
  endfacet
  facet normal 0.77301045 0.63439328 -0
    outer loop
      vertex 0.062583867 -0.02500066 -0.19
      vertex 0.062583867 -0.02500066 0.19
      vertex 0.068180195 -0.031819805 0.19
    endloop
  endfacet
  facet normal 0.77301045 0.63439328 0
    outer loop
      vertex 0.062583867 -0.02500066 -0.19
      vertex 0.068180195 -0.031819805 0.19
      vertex 0.068180195 -0.031819805 -0.19
    endloop
  endfacet
  facet normal 0.63439328 0.77301045 -0
    outer loop
      vertex 0.068180195 -0.031819805 -0.19
      vertex 0.068180195 -0.031819805 0.19
      vertex 0.07499934 -0.037416133 0.19
    endloop
  endfacet
  facet normal 0.63439328 0.77301045 0
    outer loop
      vertex 0.068180195 -0.031819805 -0.19
      vertex 0.07499934 -0.037416133 0.19
      vertex 0.07499934 -0.037416133 -0.19
    endloop
  endfacet
  facet normal 0.47139674 0.88192126 -0
    outer loop
      vertex 0.07499934 -0.037416133 -0.19
      vertex 0.07499934 -0.037416133 0.19
      vertex 0.082779246 -0.041574579 0.19
    endloop
  endfacet
  facet normal 0.47139674 0.88192126 0
    outer loop
      vertex 0.07499934 -0.037416133 -0.19
      vertex 0.082779246 -0.041574579 0.19
      vertex 0.082779246 -0.041574579 -0.19
    endloop
  endfacet
  facet normal 0.29028468 0.95694034 -0
    outer loop
      vertex 0.082779246 -0.041574579 -0.19
      vertex 0.082779246 -0.041574579 0.19
      vertex 0.091220936 -0.044135338 0.19
    endloop
  endfacet
  facet normal 0.29028468 0.95694034 0
    outer loop
      vertex 0.082779246 -0.041574579 -0.19
      vertex 0.091220936 -0.044135338 0.19
      vertex 0.091220936 -0.044135338 -0.19
    endloop
  endfacet
  facet normal 0.09801714 0.99518473 -0
    outer loop
      vertex 0.091220936 -0.044135338 -0.19
      vertex 0.091220936 -0.044135338 0.19
      vertex 0.1 -0.045 0.19
    endloop
  endfacet
  facet normal 0.09801714 0.99518473 0
    outer loop
      vertex 0.091220936 -0.044135338 -0.19
      vertex 0.1 -0.045 0.19
      vertex 0.1 -0.045 -0.19
    endloop
  endfacet
  facet normal -0.09801714 0.99518473 0
    outer loop
      vertex 0.1 -0.045 -0.19
      vertex 0.1 -0.045 0.19
      vertex 0.10877906 -0.044135338 0.19
    endloop
  endfacet
  facet normal -0.09801714 0.99518473 0
    outer loop
      vertex 0.1 -0.045 -0.19
      vertex 0.10877906 -0.044135338 0.19
      vertex 0.10877906 -0.044135338 -0.19
    endloop
  endfacet
  facet normal -0.29028468 0.95694034 0
    outer loop
      vertex 0.10877906 -0.044135338 -0.19
      vertex 0.10877906 -0.044135338 0.19
      vertex 0.11722075 -0.041574579 0.19
    endloop
  endfacet
  facet normal -0.29028468 0.95694034 0
    outer loop
      vertex 0.10877906 -0.044135338 -0.19
      vertex 0.11722075 -0.041574579 0.19
      vertex 0.11722075 -0.041574579 -0.19
    endloop
  endfacet
  facet normal -0.47139674 0.88192126 0
    outer loop
      vertex 0.11722075 -0.041574579 -0.19
      vertex 0.11722075 -0.041574579 0.19
      vertex 0.12500066 -0.037416133 0.19
    endloop
  endfacet
  facet normal -0.47139674 0.88192126 0
    outer loop
      vertex 0.11722075 -0.041574579 -0.19
      vertex 0.12500066 -0.037416133 0.19
      vertex 0.12500066 -0.037416133 -0.19
    endloop
  endfacet
  facet normal -0.63439328 0.77301045 0
    outer loop
      vertex 0.12500066 -0.037416133 -0.19
      vertex 0.12500066 -0.037416133 0.19
      vertex 0.13181981 -0.031819805 0.19
    endloop
  endfacet
  facet normal -0.63439328 0.77301045 0
    outer loop
      vertex 0.12500066 -0.037416133 -0.19
      vertex 0.13181981 -0.031819805 0.19
      vertex 0.13181981 -0.031819805 -0.19
    endloop
  endfacet
  facet normal -0.77301045 0.63439328 0
    outer loop
      vertex 0.13181981 -0.031819805 -0.19
      vertex 0.13181981 -0.031819805 0.19
      vertex 0.13741613 -0.02500066 0.19
    endloop
  endfacet
  facet normal -0.77301045 0.63439328 0
    outer loop
      vertex 0.13181981 -0.031819805 -0.19
      vertex 0.13741613 -0.02500066 0.19
      vertex 0.13741613 -0.02500066 -0.19
    endloop
  endfacet
  facet normal -0.88192126 0.47139674 0
    outer loop
      vertex 0.13741613 -0.02500066 -0.19
      vertex 0.13741613 -0.02500066 0.19
      vertex 0.14157458 -0.017220754 0.19
    endloop
  endfacet
  facet normal -0.88192126 0.47139674 0
    outer loop
      vertex 0.13741613 -0.02500066 -0.19
      vertex 0.14157458 -0.017220754 0.19
      vertex 0.14157458 -0.017220754 -0.19
    endloop
  endfacet
  facet normal -0.95694034 0.29028468 0
    outer loop
      vertex 0.14157458 -0.017220754 -0.19
      vertex 0.14157458 -0.017220754 0.19
      vertex 0.14413534 -0.0087790645 0.19
    endloop
  endfacet
  facet normal -0.95694034 0.29028468 0
    outer loop
      vertex 0.14157458 -0.017220754 -0.19
      vertex 0.14413534 -0.0087790645 0.19
      vertex 0.14413534 -0.0087790645 -0.19
    endloop
  endfacet
  facet normal -0.99518473 0.09801714 0
    outer loop
      vertex 0.14413534 -0.0087790645 -0.19
      vertex 0.14413534 -0.0087790645 0.19
      vertex 0.145 -1.1021821e-17 0.19
    endloop
  endfacet
  facet normal -0.99518473 0.09801714 0
    outer loop
      vertex 0.14413534 -0.0087790645 -0.19
      vertex 0.145 -1.1021821e-17 0.19
      vertex 0.145 -1.1021821e-17 -0.19
    endloop
  endfacet
  facet normal -0.99518473 -0.09801714 0
    outer loop
      vertex -0.055 0 -0.19
      vertex -0.055 0 0.19
      vertex -0.055864662 0.0087790645 0.19
    endloop
  endfacet
  facet normal -0.99518473 -0.09801714 0
    outer loop
      vertex -0.055 0 -0.19
      vertex -0.055864662 0.0087790645 0.19
      vertex -0.055864662 0.0087790645 -0.19
    endloop
  endfacet
  facet normal -0.95694034 -0.29028468 0
    outer loop
      vertex -0.055864662 0.0087790645 -0.19
      vertex -0.055864662 0.0087790645 0.19
      vertex -0.058425421 0.017220754 0.19
    endloop
  endfacet
  facet normal -0.95694034 -0.29028468 0
    outer loop
      vertex -0.055864662 0.0087790645 -0.19
      vertex -0.058425421 0.017220754 0.19
      vertex -0.058425421 0.017220754 -0.19
    endloop
  endfacet
  facet normal -0.88192126 -0.47139674 0
    outer loop
      vertex -0.058425421 0.017220754 -0.19
      vertex -0.058425421 0.017220754 0.19
      vertex -0.062583867 0.02500066 0.19
    endloop
  endfacet
  facet normal -0.88192126 -0.47139674 0
    outer loop
      vertex -0.058425421 0.017220754 -0.19
      vertex -0.062583867 0.02500066 0.19
      vertex -0.062583867 0.02500066 -0.19
    endloop
  endfacet
  facet normal -0.77301045 -0.63439328 0
    outer loop
      vertex -0.062583867 0.02500066 -0.19
      vertex -0.062583867 0.02500066 0.19
      vertex -0.068180195 0.031819805 0.19
    endloop
  endfacet
  facet normal -0.77301045 -0.63439328 0
    outer loop
      vertex -0.062583867 0.02500066 -0.19
      vertex -0.068180195 0.031819805 0.19
      vertex -0.068180195 0.031819805 -0.19
    endloop
  endfacet
  facet normal -0.63439328 -0.77301045 0
    outer loop
      vertex -0.068180195 0.031819805 -0.19
      vertex -0.068180195 0.031819805 0.19
      vertex -0.07499934 0.037416133 0.19
    endloop
  endfacet
  facet normal -0.63439328 -0.77301045 0
    outer loop
      vertex -0.068180195 0.031819805 -0.19
      vertex -0.07499934 0.037416133 0.19
      vertex -0.07499934 0.037416133 -0.19
    endloop
  endfacet
  facet normal -0.47139674 -0.88192126 0
    outer loop
      vertex -0.07499934 0.037416133 -0.19
      vertex -0.07499934 0.037416133 0.19
      vertex -0.082779246 0.041574579 0.19
    endloop
  endfacet
  facet normal -0.47139674 -0.88192126 0
    outer loop
      vertex -0.07499934 0.037416133 -0.19
      vertex -0.082779246 0.041574579 0.19
      vertex -0.082779246 0.041574579 -0.19
    endloop
  endfacet
  facet normal -0.29028468 -0.95694034 0
    outer loop
      vertex -0.082779246 0.041574579 -0.19
      vertex -0.082779246 0.041574579 0.19
      vertex -0.091220936 0.044135338 0.19
    endloop
  endfacet
  facet normal -0.29028468 -0.95694034 0
    outer loop
      vertex -0.082779246 0.041574579 -0.19
      vertex -0.091220936 0.044135338 0.19
      vertex -0.091220936 0.044135338 -0.19
    endloop
  endfacet
  facet normal -0.09801714 -0.99518473 0
    outer loop
      vertex -0.091220936 0.044135338 -0.19
      vertex -0.091220936 0.044135338 0.19
      vertex -0.1 0.045 0.19
    endloop
  endfacet
  facet normal -0.09801714 -0.99518473 0
    outer loop
      vertex -0.091220936 0.044135338 -0.19
      vertex -0.1 0.045 0.19
      vertex -0.1 0.045 -0.19
    endloop
  endfacet
  facet normal 0.09801714 -0.99518473 0
    outer loop
      vertex -0.1 0.045 -0.19
      vertex -0.1 0.045 0.19
      vertex -0.10877906 0.044135338 0.19
    endloop
  endfacet
  facet normal 0.09801714 -0.99518473 0
    outer loop
      vertex -0.1 0.045 -0.19
      vertex -0.10877906 0.044135338 0.19
      vertex -0.10877906 0.044135338 -0.19
    endloop
  endfacet
  facet normal 0.29028468 -0.95694034 0
    outer loop
      vertex -0.10877906 0.044135338 -0.19
      vertex -0.10877906 0.044135338 0.19
      vertex -0.11722075 0.041574579 0.19
    endloop
  endfacet
  facet normal 0.29028468 -0.95694034 0
    outer loop
      vertex -0.10877906 0.044135338 -0.19
      vertex -0.11722075 0.041574579 0.19
      vertex -0.11722075 0.041574579 -0.19
    endloop
  endfacet
  facet normal 0.47139674 -0.88192126 0
    outer loop
      vertex -0.11722075 0.041574579 -0.19
      vertex -0.11722075 0.041574579 0.19
      vertex -0.12500066 0.037416133 0.19
    endloop
  endfacet
  facet normal 0.47139674 -0.88192126 0
    outer loop
      vertex -0.11722075 0.041574579 -0.19
      vertex -0.12500066 0.037416133 0.19
      vertex -0.12500066 0.037416133 -0.19
    endloop
  endfacet
  facet normal 0.63439328 -0.77301045 0
    outer loop
      vertex -0.12500066 0.037416133 -0.19
      vertex -0.12500066 0.037416133 0.19
      vertex -0.13181981 0.031819805 0.19
    endloop
  endfacet
  facet normal 0.63439328 -0.77301045 0
    outer loop
      vertex -0.12500066 0.037416133 -0.19
      vertex -0.13181981 0.031819805 0.19
      vertex -0.13181981 0.031819805 -0.19
    endloop
  endfacet
  facet normal 0.77301045 -0.63439328 0
    outer loop
      vertex -0.13181981 0.031819805 -0.19
      vertex -0.13181981 0.031819805 0.19
      vertex -0.13741613 0.02500066 0.19
    endloop
  endfacet
  facet normal 0.77301045 -0.63439328 0
    outer loop
      vertex -0.13181981 0.031819805 -0.19
      vertex -0.13741613 0.02500066 0.19
      vertex -0.13741613 0.02500066 -0.19
    endloop
  endfacet
  facet normal 0.88192126 -0.47139674 0
    outer loop
      vertex -0.13741613 0.02500066 -0.19
      vertex -0.13741613 0.02500066 0.19
      vertex -0.14157458 0.017220754 0.19
    endloop
  endfacet
  facet normal 0.88192126 -0.47139674 0
    outer loop
      vertex -0.13741613 0.02500066 -0.19
      vertex -0.14157458 0.017220754 0.19
      vertex -0.14157458 0.017220754 -0.19
    endloop
  endfacet
  facet normal 0.95694034 -0.29028468 0
    outer loop
      vertex -0.14157458 0.017220754 -0.19
      vertex -0.14157458 0.017220754 0.19
      vertex -0.14413534 0.0087790645 0.19
    endloop
  endfacet
  facet normal 0.95694034 -0.29028468 0
    outer loop
      vertex -0.14157458 0.017220754 -0.19
      vertex -0.14413534 0.0087790645 0.19
      vertex -0.14413534 0.0087790645 -0.19
    endloop
  endfacet
  facet normal 0.99518473 -0.09801714 0
    outer loop
      vertex -0.14413534 0.0087790645 -0.19
      vertex -0.14413534 0.0087790645 0.19
      vertex -0.145 5.5109106e-18 0.19
    endloop
  endfacet
  facet normal 0.99518473 -0.09801714 0
    outer loop
      vertex -0.14413534 0.0087790645 -0.19
      vertex -0.145 5.5109106e-18 0.19
      vertex -0.145 5.5109106e-18 -0.19
    endloop
  endfacet
  facet normal 0.99518473 0.09801714 -0
    outer loop
      vertex -0.145 5.5109106e-18 -0.19
      vertex -0.145 5.5109106e-18 0.19
      vertex -0.14413534 -0.0087790645 0.19
    endloop
  endfacet
  facet normal 0.99518473 0.09801714 0
    outer loop
      vertex -0.145 5.5109106e-18 -0.19
      vertex -0.14413534 -0.0087790645 0.19
      vertex -0.14413534 -0.0087790645 -0.19
    endloop
  endfacet
  facet normal 0.95694034 0.29028468 -0
    outer loop
      vertex -0.14413534 -0.0087790645 -0.19
      vertex -0.14413534 -0.0087790645 0.19
      vertex -0.14157458 -0.017220754 0.19
    endloop
  endfacet
  facet normal 0.95694034 0.29028468 0
    outer loop
      vertex -0.14413534 -0.0087790645 -0.19
      vertex -0.14157458 -0.017220754 0.19
      vertex -0.14157458 -0.017220754 -0.19
    endloop
  endfacet
  facet normal 0.88192126 0.47139674 -0
    outer loop
      vertex -0.14157458 -0.017220754 -0.19
      vertex -0.14157458 -0.017220754 0.19
      vertex -0.13741613 -0.02500066 0.19
    endloop
  endfacet
  facet normal 0.88192126 0.47139674 0
    outer loop
      vertex -0.14157458 -0.017220754 -0.19
      vertex -0.13741613 -0.02500066 0.19
      vertex -0.13741613 -0.02500066 -0.19
    endloop
  endfacet
  facet normal 0.77301045 0.63439328 -0
    outer loop
      vertex -0.13741613 -0.02500066 -0.19
      vertex -0.13741613 -0.02500066 0.19
      vertex -0.13181981 -0.031819805 0.19
    endloop
  endfacet
  facet normal 0.77301045 0.63439328 0
    outer loop
      vertex -0.13741613 -0.02500066 -0.19
      vertex -0.13181981 -0.031819805 0.19
      vertex -0.13181981 -0.031819805 -0.19
    endloop
  endfacet
  facet normal 0.63439328 0.77301045 -0
    outer loop
      vertex -0.13181981 -0.031819805 -0.19
      vertex -0.13181981 -0.031819805 0.19
      vertex -0.12500066 -0.037416133 0.19
    endloop
  endfacet
  facet normal 0.63439328 0.77301045 0
    outer loop
      vertex -0.13181981 -0.031819805 -0.19
      vertex -0.12500066 -0.037416133 0.19
      vertex -0.12500066 -0.037416133 -0.19
    endloop
  endfacet
  facet normal 0.47139674 0.88192126 -0
    outer loop
      vertex -0.12500066 -0.037416133 -0.19
      vertex -0.12500066 -0.037416133 0.19
      vertex -0.11722075 -0.041574579 0.19
    endloop
  endfacet
  facet normal 0.47139674 0.88192126 0
    outer loop
      vertex -0.12500066 -0.037416133 -0.19
      vertex -0.11722075 -0.041574579 0.19
      vertex -0.11722075 -0.041574579 -0.19
    endloop
  endfacet
  facet normal 0.29028468 0.95694034 -0
    outer loop
      vertex -0.11722075 -0.041574579 -0.19
      vertex -0.11722075 -0.041574579 0.19
      vertex -0.10877906 -0.044135338 0.19
    endloop
  endfacet
  facet normal 0.29028468 0.95694034 0
    outer loop
      vertex -0.11722075 -0.041574579 -0.19
      vertex -0.10877906 -0.044135338 0.19
      vertex -0.10877906 -0.044135338 -0.19
    endloop
  endfacet
  facet normal 0.09801714 0.99518473 -0
    outer loop
      vertex -0.10877906 -0.044135338 -0.19
      vertex -0.10877906 -0.044135338 0.19
      vertex -0.1 -0.045 0.19
    endloop
  endfacet
  facet normal 0.09801714 0.99518473 0
    outer loop
      vertex -0.10877906 -0.044135338 -0.19
      vertex -0.1 -0.045 0.19
      vertex -0.1 -0.045 -0.19
    endloop
  endfacet
  facet normal -0.09801714 0.99518473 0
    outer loop
      vertex -0.1 -0.045 -0.19
      vertex -0.1 -0.045 0.19
      vertex -0.091220936 -0.044135338 0.19
    endloop
  endfacet
  facet normal -0.09801714 0.99518473 0
    outer loop
      vertex -0.1 -0.045 -0.19
      vertex -0.091220936 -0.044135338 0.19
      vertex -0.091220936 -0.044135338 -0.19
    endloop
  endfacet
  facet normal -0.29028468 0.95694034 0
    outer loop
      vertex -0.091220936 -0.044135338 -0.19
      vertex -0.091220936 -0.044135338 0.19
      vertex -0.082779246 -0.041574579 0.19
    endloop
  endfacet
  facet normal -0.29028468 0.95694034 0
    outer loop
      vertex -0.091220936 -0.044135338 -0.19
      vertex -0.082779246 -0.041574579 0.19
      vertex -0.082779246 -0.041574579 -0.19
    endloop
  endfacet
  facet normal -0.47139674 0.88192126 0
    outer loop
      vertex -0.082779246 -0.041574579 -0.19
      vertex -0.082779246 -0.041574579 0.19
      vertex -0.07499934 -0.037416133 0.19
    endloop
  endfacet
  facet normal -0.47139674 0.88192126 0
    outer loop
      vertex -0.082779246 -0.041574579 -0.19
      vertex -0.07499934 -0.037416133 0.19
      vertex -0.07499934 -0.037416133 -0.19
    endloop
  endfacet
  facet normal -0.63439328 0.77301045 0
    outer loop
      vertex -0.07499934 -0.037416133 -0.19
      vertex -0.07499934 -0.037416133 0.19
      vertex -0.068180195 -0.031819805 0.19
    endloop
  endfacet
  facet normal -0.63439328 0.77301045 0
    outer loop
      vertex -0.07499934 -0.037416133 -0.19
      vertex -0.068180195 -0.031819805 0.19
      vertex -0.068180195 -0.031819805 -0.19
    endloop
  endfacet
  facet normal -0.77301045 0.63439328 0
    outer loop
      vertex -0.068180195 -0.031819805 -0.19
      vertex -0.068180195 -0.031819805 0.19
      vertex -0.062583867 -0.02500066 0.19
    endloop
  endfacet
  facet normal -0.77301045 0.63439328 0
    outer loop
      vertex -0.068180195 -0.031819805 -0.19
      vertex -0.062583867 -0.02500066 0.19
      vertex -0.062583867 -0.02500066 -0.19
    endloop
  endfacet
  facet normal -0.88192126 0.47139674 0
    outer loop
      vertex -0.062583867 -0.02500066 -0.19
      vertex -0.062583867 -0.02500066 0.19
      vertex -0.058425421 -0.017220754 0.19
    endloop
  endfacet
  facet normal -0.88192126 0.47139674 0
    outer loop
      vertex -0.062583867 -0.02500066 -0.19
      vertex -0.058425421 -0.017220754 0.19
      vertex -0.058425421 -0.017220754 -0.19
    endloop
  endfacet
  facet normal -0.95694034 0.29028468 0
    outer loop
      vertex -0.058425421 -0.017220754 -0.19
      vertex -0.058425421 -0.017220754 0.19
      vertex -0.055864662 -0.0087790645 0.19
    endloop
  endfacet
  facet normal -0.95694034 0.29028468 0
    outer loop
      vertex -0.058425421 -0.017220754 -0.19
      vertex -0.055864662 -0.0087790645 0.19
      vertex -0.055864662 -0.0087790645 -0.19
    endloop
  endfacet
  facet normal -0.99518473 0.09801714 0
    outer loop
      vertex -0.055864662 -0.0087790645 -0.19
      vertex -0.055864662 -0.0087790645 0.19
      vertex -0.055 -1.1021821e-17 0.19
    endloop
  endfacet
  facet normal -0.99518473 0.09801714 0
    outer loop
      vertex -0.055864662 -0.0087790645 -0.19
      vertex -0.055 -1.1021821e-17 0.19
      vertex -0.055 -1.1021821e-17 -0.19
    endloop
  endfacet
endsolid PILOT-PCCV-TRANSIENT-001
