solid lh2_reconstructed
 facet normal 0.000258165626 8.4514675e-06 -0.00126292668
  outer loop
   vertex 0 0 -0.10145
   vertex 0.138662475973 0.00908841883782 -0.073044
   vertex 0.13896 0 -0.073044
  endloop
 endfacet
 facet normal 0.000257060121 2.5318212e-05 -0.00126292668
  outer loop
   vertex 0 0 -0.10145
   vertex 0.137771177937 0.0181379196709 -0.073044
   vertex 0.138662475973 0.00908841883782 -0.073044
  endloop
 endfacet
 facet normal 0.000254853845 4.20765401e-05 -0.00126292668
  outer loop
   vertex 0 0 -0.10145
   vertex 0.136289922565 0.0271097511474 -0.073044
   vertex 0.137771177937 0.0181379196709 -0.073044
  endloop
 endfacet
 facet normal 0.000251556246 5.86546899e-05 -0.00126292668
  outer loop
   vertex 0 0 -0.10145
   vertex 0.134225052821 0.0359654945074 -0.073044
   vertex 0.136289922565 0.0271097511474 -0.073044
  endloop
 endfacet
 facet normal 0.000247181444 7.49816714e-05 -0.00126292668
  outer loop
   vertex 0 0 -0.10145
   vertex 0.131585410795 0.0446672280985 -0.073044
   vertex 0.134225052821 0.0359654945074 -0.073044
  endloop
 endfacet
 facet normal 0.000241748174 9.09875698e-05 -0.00126292668
  outer loop
   vertex 0 0 -0.10145
   vertex 0.128382299838 0.0531776897615 -0.073044
   vertex 0.131585410795 0.0446672280985 -0.073044
  endloop
 endfacet
 facet normal 0.000235279701 0.000106603846 -0.00126292668
  outer loop
   vertex 0 0 -0.10145
   vertex 0.124629436163 0.0614604363928 -0.073044
   vertex 0.128382299838 0.0531776897615 -0.073044
  endloop
 endfacet
 facet normal 0.000227803724 0.000121763627 -0.00126292668
  outer loop
   vertex 0 0 -0.10145
   vertex 0.12034289011 0.06948 -0.073044
   vertex 0.124629436163 0.0614604363928 -0.073044
  endloop
 endfacet
 facet normal 0.000219352256 0.000136401998 -0.00126292668
  outer loop
   vertex 0 0 -0.10145
   vertex 0.115541017326 0.0772020395804 -0.073044
   vertex 0.12034289011 0.06948 -0.073044
  endloop
 endfacet
 facet normal 0.000209961489 0.000150456275 -0.00126292668
  outer loop
   vertex 0 0 -0.10145
   vertex 0.110244380167 0.0845934881751 -0.073044
   vertex 0.115541017326 0.0772020395804 -0.073044
  endloop
 endfacet
 facet normal 0.000199671634 0.000163866275 -0.00126292668
  outer loop
   vertex 0 0 -0.10145
   vertex 0.104475659647 0.0916226944663 -0.073044
   vertex 0.110244380167 0.0845934881751 -0.073044
  endloop
 endfacet
 facet normal 0.000188526754 0.000176574574 -0.00126292668
  outer loop
   vertex 0 0 -0.10145
   vertex 0.0982595583137 0.0982595583137 -0.073044
   vertex 0.104475659647 0.0916226944663 -0.073044
  endloop
 endfacet
 facet normal 0.000176574574 0.000188526754 -0.00126292668
  outer loop
   vertex 0 0 -0.10145
   vertex 0.0916226944663 0.104475659647 -0.073044
   vertex 0.0982595583137 0.0982595583137 -0.073044
  endloop
 endfacet
 facet normal 0.000163866275 0.000199671634 -0.00126292668
  outer loop
   vertex 0 0 -0.10145
   vertex 0.0845934881751 0.110244380167 -0.073044
   vertex 0.0916226944663 0.104475659647 -0.073044
  endloop
 endfacet
 facet normal 0.000150456275 0.000209961489 -0.00126292668
  outer loop
   vertex 0 0 -0.10145
   vertex 0.0772020395804 0.115541017326 -0.073044
   vertex 0.0845934881751 0.110244380167 -0.073044
  endloop
 endfacet
 facet normal 0.000136401998 0.000219352256 -0.00126292668
  outer loop
   vertex 0 0 -0.10145
   vertex 0.06948 0.12034289011 -0.073044
   vertex 0.0772020395804 0.115541017326 -0.073044
  endloop
 endfacet
 facet normal 0.000121763627 0.000227803724 -0.00126292668
  outer loop
   vertex 0 0 -0.10145
   vertex 0.0614604363928 0.124629436163 -0.073044
   vertex 0.06948 0.12034289011 -0.073044
  endloop
 endfacet
 facet normal 0.000106603846 0.000235279701 -0.00126292668
  outer loop
   vertex 0 0 -0.10145
   vertex 0.0531776897615 0.128382299838 -0.073044
   vertex 0.0614604363928 0.124629436163 -0.073044
  endloop
 endfacet
 facet normal 9.09875698e-05 0.000241748174 -0.00126292668
  outer loop
   vertex 0 0 -0.10145
   vertex 0.0446672280985 0.131585410795 -0.073044
   vertex 0.0531776897615 0.128382299838 -0.073044
  endloop
 endfacet
 facet normal 7.49816714e-05 0.000247181444 -0.00126292668
  outer loop
   vertex 0 0 -0.10145
   vertex 0.0359654945074 0.134225052821 -0.073044
   vertex 0.0446672280985 0.131585410795 -0.073044
  endloop
 endfacet
 facet normal 5.86546899e-05 0.000251556246 -0.00126292668
  outer loop
   vertex 0 0 -0.10145
   vertex 0.0271097511474 0.136289922565 -0.073044
   vertex 0.0359654945074 0.134225052821 -0.073044
  endloop
 endfacet
 facet normal 4.20765401e-05 0.000254853845 -0.00126292668
  outer loop
   vertex 0 0 -0.10145
   vertex 0.0181379196709 0.137771177937 -0.073044
   vertex 0.0271097511474 0.136289922565 -0.073044
  endloop
 endfacet
 facet normal 2.5318212e-05 0.000257060121 -0.00126292668
  outer loop
   vertex 0 0 -0.10145
   vertex 0.00908841883782 0.138662475973 -0.073044
   vertex 0.0181379196709 0.137771177937 -0.073044
  endloop
 endfacet
 facet normal 8.4514675e-06 0.000258165626 -0.00126292668
  outer loop
   vertex 0 0 -0.10145
   vertex 8.50884596048e-18 0.13896 -0.073044
   vertex 0.00908841883782 0.138662475973 -0.073044
  endloop
 endfacet
 facet normal -8.4514675e-06 0.000258165626 -0.00126292668
  outer loop
   vertex 0 0 -0.10145
   vertex -0.00908841883782 0.138662475973 -0.073044
   vertex 8.50884596048e-18 0.13896 -0.073044
  endloop
 endfacet
 facet normal -2.5318212e-05 0.000257060121 -0.00126292668
  outer loop
   vertex 0 0 -0.10145
   vertex -0.0181379196709 0.137771177937 -0.073044
   vertex -0.00908841883782 0.138662475973 -0.073044
  endloop
 endfacet
 facet normal -4.20765401e-05 0.000254853845 -0.00126292668
  outer loop
   vertex 0 0 -0.10145
   vertex -0.0271097511474 0.136289922565 -0.073044
   vertex -0.0181379196709 0.137771177937 -0.073044
  endloop
 endfacet
 facet normal -5.86546899e-05 0.000251556246 -0.00126292668
  outer loop
   vertex 0 0 -0.10145
   vertex -0.0359654945074 0.134225052821 -0.073044
   vertex -0.0271097511474 0.136289922565 -0.073044
  endloop
 endfacet
 facet normal -7.49816714e-05 0.000247181444 -0.00126292668
  outer loop
   vertex 0 0 -0.10145
   vertex -0.0446672280985 0.131585410795 -0.073044
   vertex -0.0359654945074 0.134225052821 -0.073044
  endloop
 endfacet
 facet normal -9.09875698e-05 0.000241748174 -0.00126292668
  outer loop
   vertex 0 0 -0.10145
   vertex -0.0531776897615 0.128382299838 -0.073044
   vertex -0.0446672280985 0.131585410795 -0.073044
  endloop
 endfacet
 facet normal -0.000106603846 0.000235279701 -0.00126292668
  outer loop
   vertex 0 0 -0.10145
   vertex -0.0614604363928 0.124629436163 -0.073044
   vertex -0.0531776897615 0.128382299838 -0.073044
  endloop
 endfacet
 facet normal -0.000121763627 0.000227803724 -0.00126292668
  outer loop
   vertex 0 0 -0.10145
   vertex -0.06948 0.12034289011 -0.073044
   vertex -0.0614604363928 0.124629436163 -0.073044
  endloop
 endfacet
 facet normal -0.000136401998 0.000219352256 -0.00126292668
  outer loop
   vertex 0 0 -0.10145
   vertex -0.0772020395804 0.115541017326 -0.073044
   vertex -0.06948 0.12034289011 -0.073044
  endloop
 endfacet
 facet normal -0.000150456275 0.000209961489 -0.00126292668
  outer loop
   vertex 0 0 -0.10145
   vertex -0.0845934881751 0.110244380167 -0.073044
   vertex -0.0772020395804 0.115541017326 -0.073044
  endloop
 endfacet
 facet normal -0.000163866275 0.000199671634 -0.00126292668
  outer loop
   vertex 0 0 -0.10145
   vertex -0.0916226944663 0.104475659647 -0.073044
   vertex -0.0845934881751 0.110244380167 -0.073044
  endloop
 endfacet
 facet normal -0.000176574574 0.000188526754 -0.00126292668
  outer loop
   vertex 0 0 -0.10145
   vertex -0.0982595583137 0.0982595583137 -0.073044
   vertex -0.0916226944663 0.104475659647 -0.073044
  endloop
 endfacet
 facet normal -0.000188526754 0.000176574574 -0.00126292668
  outer loop
   vertex 0 0 -0.10145
   vertex -0.104475659647 0.0916226944663 -0.073044
   vertex -0.0982595583137 0.0982595583137 -0.073044
  endloop
 endfacet
 facet normal -0.000199671634 0.000163866275 -0.00126292668
  outer loop
   vertex 0 0 -0.10145
   vertex -0.110244380167 0.0845934881751 -0.073044
   vertex -0.104475659647 0.0916226944663 -0.073044
  endloop
 endfacet
 facet normal -0.000209961489 0.000150456275 -0.00126292668
  outer loop
   vertex 0 0 -0.10145
   vertex -0.115541017326 0.0772020395804 -0.073044
   vertex -0.110244380167 0.0845934881751 -0.073044
  endloop
 endfacet
 facet normal -0.000219352256 0.000136401998 -0.00126292668
  outer loop
   vertex 0 0 -0.10145
   vertex -0.12034289011 0.06948 -0.073044
   vertex -0.115541017326 0.0772020395804 -0.073044
  endloop
 endfacet
 facet normal -0.000227803724 0.000121763627 -0.00126292668
  outer loop
   vertex 0 0 -0.10145
   vertex -0.124629436163 0.0614604363928 -0.073044
   vertex -0.12034289011 0.06948 -0.073044
  endloop
 endfacet
 facet normal -0.000235279701 0.000106603846 -0.00126292668
  outer loop
   vertex 0 0 -0.10145
   vertex -0.128382299838 0.0531776897615 -0.073044
   vertex -0.124629436163 0.0614604363928 -0.073044
  endloop
 endfacet
 facet normal -0.000241748174 9.09875698e-05 -0.00126292668
  outer loop
   vertex 0 0 -0.10145
   vertex -0.131585410795 0.0446672280985 -0.073044
   vertex -0.128382299838 0.0531776897615 -0.073044
  endloop
 endfacet
 facet normal -0.000247181444 7.49816714e-05 -0.00126292668
  outer loop
   vertex 0 0 -0.10145
   vertex -0.134225052821 0.0359654945074 -0.073044
   vertex -0.131585410795 0.0446672280985 -0.073044
  endloop
 endfacet
 facet normal -0.000251556246 5.86546899e-05 -0.00126292668
  outer loop
   vertex 0 0 -0.10145
   vertex -0.136289922565 0.0271097511474 -0.073044
   vertex -0.134225052821 0.0359654945074 -0.073044
  endloop
 endfacet
 facet normal -0.000254853845 4.20765401e-05 -0.00126292668
  outer loop
   vertex 0 0 -0.10145
   vertex -0.137771177937 0.0181379196709 -0.073044
   vertex -0.136289922565 0.0271097511474 -0.073044
  endloop
 endfacet
 facet normal -0.000257060121 2.5318212e-05 -0.00126292668
  outer loop
   vertex 0 0 -0.10145
   vertex -0.138662475973 0.00908841883782 -0.073044
   vertex -0.137771177937 0.0181379196709 -0.073044
  endloop
 endfacet
 facet normal -0.000258165626 8.4514675e-06 -0.00126292668
  outer loop
   vertex 0 0 -0.10145
   vertex -0.13896 1.7017691921e-17 -0.073044
   vertex -0.138662475973 0.00908841883782 -0.073044
  endloop
 endfacet
 facet normal -0.000258165626 -8.4514675e-06 -0.00126292668
  outer loop
   vertex 0 0 -0.10145
   vertex -0.138662475973 -0.00908841883782 -0.073044
   vertex -0.13896 1.7017691921e-17 -0.073044
  endloop
 endfacet
 facet normal -0.000257060121 -2.5318212e-05 -0.00126292668
  outer loop
   vertex 0 0 -0.10145
   vertex -0.137771177937 -0.0181379196709 -0.073044
   vertex -0.138662475973 -0.00908841883782 -0.073044
  endloop
 endfacet
 facet normal -0.000254853845 -4.20765401e-05 -0.00126292668
  outer loop
   vertex 0 0 -0.10145
   vertex -0.136289922565 -0.0271097511474 -0.073044
   vertex -0.137771177937 -0.0181379196709 -0.073044
  endloop
 endfacet
 facet normal -0.000251556246 -5.86546899e-05 -0.00126292668
  outer loop
   vertex 0 0 -0.10145
   vertex -0.134225052821 -0.0359654945074 -0.073044
   vertex -0.136289922565 -0.0271097511474 -0.073044
  endloop
 endfacet
 facet normal -0.000247181444 -7.49816714e-05 -0.00126292668
  outer loop
   vertex 0 0 -0.10145
   vertex -0.131585410795 -0.0446672280985 -0.073044
   vertex -0.134225052821 -0.0359654945074 -0.073044
  endloop
 endfacet
 facet normal -0.000241748174 -9.09875698e-05 -0.00126292668
  outer loop
   vertex 0 0 -0.10145
   vertex -0.128382299838 -0.0531776897615 -0.073044
   vertex -0.131585410795 -0.0446672280985 -0.073044
  endloop
 endfacet
 facet normal -0.000235279701 -0.000106603846 -0.00126292668
  outer loop
   vertex 0 0 -0.10145
   vertex -0.124629436163 -0.0614604363928 -0.073044
   vertex -0.128382299838 -0.0531776897615 -0.073044
  endloop
 endfacet
 facet normal -0.000227803724 -0.000121763627 -0.00126292668
  outer loop
   vertex 0 0 -0.10145
   vertex -0.12034289011 -0.06948 -0.073044
   vertex -0.124629436163 -0.0614604363928 -0.073044
  endloop
 endfacet
 facet normal -0.000219352256 -0.000136401998 -0.00126292668
  outer loop
   vertex 0 0 -0.10145
   vertex -0.115541017326 -0.0772020395804 -0.073044
   vertex -0.12034289011 -0.06948 -0.073044
  endloop
 endfacet
 facet normal -0.000209961489 -0.000150456275 -0.00126292668
  outer loop
   vertex 0 0 -0.10145
   vertex -0.110244380167 -0.0845934881751 -0.073044
   vertex -0.115541017326 -0.0772020395804 -0.073044
  endloop
 endfacet
 facet normal -0.000199671634 -0.000163866275 -0.00126292668
  outer loop
   vertex 0 0 -0.10145
   vertex -0.104475659647 -0.0916226944663 -0.073044
   vertex -0.110244380167 -0.0845934881751 -0.073044
  endloop
 endfacet
 facet normal -0.000188526754 -0.000176574574 -0.00126292668
  outer loop
   vertex 0 0 -0.10145
   vertex -0.0982595583137 -0.0982595583137 -0.073044
   vertex -0.104475659647 -0.0916226944663 -0.073044
  endloop
 endfacet
 facet normal -0.000176574574 -0.000188526754 -0.00126292668
  outer loop
   vertex 0 0 -0.10145
   vertex -0.0916226944663 -0.104475659647 -0.073044
   vertex -0.0982595583137 -0.0982595583137 -0.073044
  endloop
 endfacet
 facet normal -0.000163866275 -0.000199671634 -0.00126292668
  outer loop
   vertex 0 0 -0.10145
   vertex -0.0845934881751 -0.110244380167 -0.073044
   vertex -0.0916226944663 -0.104475659647 -0.073044
  endloop
 endfacet
 facet normal -0.000150456275 -0.000209961489 -0.00126292668
  outer loop
   vertex 0 0 -0.10145
   vertex -0.0772020395804 -0.115541017326 -0.073044
   vertex -0.0845934881751 -0.110244380167 -0.073044
  endloop
 endfacet
 facet normal -0.000136401998 -0.000219352256 -0.00126292668
  outer loop
   vertex 0 0 -0.10145
   vertex -0.06948 -0.12034289011 -0.073044
   vertex -0.0772020395804 -0.115541017326 -0.073044
  endloop
 endfacet
 facet normal -0.000121763627 -0.000227803724 -0.00126292668
  outer loop
   vertex 0 0 -0.10145
   vertex -0.0614604363928 -0.124629436163 -0.073044
   vertex -0.06948 -0.12034289011 -0.073044
  endloop
 endfacet
 facet normal -0.000106603846 -0.000235279701 -0.00126292668
  outer loop
   vertex 0 0 -0.10145
   vertex -0.0531776897615 -0.128382299838 -0.073044
   vertex -0.0614604363928 -0.124629436163 -0.073044
  endloop
 endfacet
 facet normal -9.09875698e-05 -0.000241748174 -0.00126292668
  outer loop
   vertex 0 0 -0.10145
   vertex -0.0446672280985 -0.131585410795 -0.073044
   vertex -0.0531776897615 -0.128382299838 -0.073044
  endloop
 endfacet
 facet normal -7.49816714e-05 -0.000247181444 -0.00126292668
  outer loop
   vertex 0 0 -0.10145
   vertex -0.0359654945074 -0.134225052821 -0.073044
   vertex -0.0446672280985 -0.131585410795 -0.073044
  endloop
 endfacet
 facet normal -5.86546899e-05 -0.000251556246 -0.00126292668
  outer loop
   vertex 0 0 -0.10145
   vertex -0.0271097511474 -0.136289922565 -0.073044
   vertex -0.0359654945074 -0.134225052821 -0.073044
  endloop
 endfacet
 facet normal -4.20765401e-05 -0.000254853845 -0.00126292668
  outer loop
   vertex 0 0 -0.10145
   vertex -0.0181379196709 -0.137771177937 -0.073044
   vertex -0.0271097511474 -0.136289922565 -0.073044
  endloop
 endfacet
 facet normal -2.5318212e-05 -0.000257060121 -0.00126292668
  outer loop
   vertex 0 0 -0.10145
   vertex -0.00908841883782 -0.138662475973 -0.073044
   vertex -0.0181379196709 -0.137771177937 -0.073044
  endloop
 endfacet
 facet normal -8.4514675e-06 -0.000258165626 -0.00126292668
  outer loop
   vertex 0 0 -0.10145
   vertex -2.55265378814e-17 -0.13896 -0.073044
   vertex -0.00908841883782 -0.138662475973 -0.073044
  endloop
 endfacet
 facet normal 8.4514675e-06 -0.000258165626 -0.00126292668
  outer loop
   vertex 0 0 -0.10145
   vertex 0.00908841883782 -0.138662475973 -0.073044
   vertex -2.55265378814e-17 -0.13896 -0.073044
  endloop
 endfacet
 facet normal 2.5318212e-05 -0.000257060121 -0.00126292668
  outer loop
   vertex 0 0 -0.10145
   vertex 0.0181379196709 -0.137771177937 -0.073044
   vertex 0.00908841883782 -0.138662475973 -0.073044
  endloop
 endfacet
 facet normal 4.20765401e-05 -0.000254853845 -0.00126292668
  outer loop
   vertex 0 0 -0.10145
   vertex 0.0271097511474 -0.136289922565 -0.073044
   vertex 0.0181379196709 -0.137771177937 -0.073044
  endloop
 endfacet
 facet normal 5.86546899e-05 -0.000251556246 -0.00126292668
  outer loop
   vertex 0 0 -0.10145
   vertex 0.0359654945074 -0.134225052821 -0.073044
   vertex 0.0271097511474 -0.136289922565 -0.073044
  endloop
 endfacet
 facet normal 7.49816714e-05 -0.000247181444 -0.00126292668
  outer loop
   vertex 0 0 -0.10145
   vertex 0.0446672280985 -0.131585410795 -0.073044
   vertex 0.0359654945074 -0.134225052821 -0.073044
  endloop
 endfacet
 facet normal 9.09875698e-05 -0.000241748174 -0.00126292668
  outer loop
   vertex 0 0 -0.10145
   vertex 0.0531776897615 -0.128382299838 -0.073044
   vertex 0.0446672280985 -0.131585410795 -0.073044
  endloop
 endfacet
 facet normal 0.000106603846 -0.000235279701 -0.00126292668
  outer loop
   vertex 0 0 -0.10145
   vertex 0.0614604363928 -0.124629436163 -0.073044
   vertex 0.0531776897615 -0.128382299838 -0.073044
  endloop
 endfacet
 facet normal 0.000121763627 -0.000227803724 -0.00126292668
  outer loop
   vertex 0 0 -0.10145
   vertex 0.06948 -0.12034289011 -0.073044
   vertex 0.0614604363928 -0.124629436163 -0.073044
  endloop
 endfacet
 facet normal 0.000136401998 -0.000219352256 -0.00126292668
  outer loop
   vertex 0 0 -0.10145
   vertex 0.0772020395804 -0.115541017326 -0.073044
   vertex 0.06948 -0.12034289011 -0.073044
  endloop
 endfacet
 facet normal 0.000150456275 -0.000209961489 -0.00126292668
  outer loop
   vertex 0 0 -0.10145
   vertex 0.0845934881751 -0.110244380167 -0.073044
   vertex 0.0772020395804 -0.115541017326 -0.073044
  endloop
 endfacet
 facet normal 0.000163866275 -0.000199671634 -0.00126292668
  outer loop
   vertex 0 0 -0.10145
   vertex 0.0916226944663 -0.104475659647 -0.073044
   vertex 0.0845934881751 -0.110244380167 -0.073044
  endloop
 endfacet
 facet normal 0.000176574574 -0.000188526754 -0.00126292668
  outer loop
   vertex 0 0 -0.10145
   vertex 0.0982595583137 -0.0982595583137 -0.073044
   vertex 0.0916226944663 -0.104475659647 -0.073044
  endloop
 endfacet
 facet normal 0.000188526754 -0.000176574574 -0.00126292668
  outer loop
   vertex 0 0 -0.10145
   vertex 0.104475659647 -0.0916226944663 -0.073044
   vertex 0.0982595583137 -0.0982595583137 -0.073044
  endloop
 endfacet
 facet normal 0.000199671634 -0.000163866275 -0.00126292668
  outer loop
   vertex 0 0 -0.10145
   vertex 0.110244380167 -0.0845934881751 -0.073044
   vertex 0.104475659647 -0.0916226944663 -0.073044
  endloop
 endfacet
 facet normal 0.000209961489 -0.000150456275 -0.00126292668
  outer loop
   vertex 0 0 -0.10145
   vertex 0.115541017326 -0.0772020395804 -0.073044
   vertex 0.110244380167 -0.0845934881751 -0.073044
  endloop
 endfacet
 facet normal 0.000219352256 -0.000136401998 -0.00126292668
  outer loop
   vertex 0 0 -0.10145
   vertex 0.12034289011 -0.06948 -0.073044
   vertex 0.115541017326 -0.0772020395804 -0.073044
  endloop
 endfacet
 facet normal 0.000227803724 -0.000121763627 -0.00126292668
  outer loop
   vertex 0 0 -0.10145
   vertex 0.124629436163 -0.0614604363928 -0.073044
   vertex 0.12034289011 -0.06948 -0.073044
  endloop
 endfacet
 facet normal 0.000235279701 -0.000106603846 -0.00126292668
  outer loop
   vertex 0 0 -0.10145
   vertex 0.128382299838 -0.0531776897615 -0.073044
   vertex 0.124629436163 -0.0614604363928 -0.073044
  endloop
 endfacet
 facet normal 0.000241748174 -9.09875698e-05 -0.00126292668
  outer loop
   vertex 0 0 -0.10145
   vertex 0.131585410795 -0.0446672280985 -0.073044
   vertex 0.128382299838 -0.0531776897615 -0.073044
  endloop
 endfacet
 facet normal 0.000247181444 -7.49816714e-05 -0.00126292668
  outer loop
   vertex 0 0 -0.10145
   vertex 0.134225052821 -0.0359654945074 -0.073044
   vertex 0.131585410795 -0.0446672280985 -0.073044
  endloop
 endfacet
 facet normal 0.000251556246 -5.86546899e-05 -0.00126292668
  outer loop
   vertex 0 0 -0.10145
   vertex 0.136289922565 -0.0271097511474 -0.073044
   vertex 0.134225052821 -0.0359654945074 -0.073044
  endloop
 endfacet
 facet normal 0.000254853845 -4.20765401e-05 -0.00126292668
  outer loop
   vertex 0 0 -0.10145
   vertex 0.137771177937 -0.0181379196709 -0.073044
   vertex 0.136289922565 -0.0271097511474 -0.073044
  endloop
 endfacet
 facet normal 0.000257060121 -2.5318212e-05 -0.00126292668
  outer loop
   vertex 0 0 -0.10145
   vertex 0.138662475973 -0.00908841883782 -0.073044
   vertex 0.137771177937 -0.0181379196709 -0.073044
  endloop
 endfacet
 facet normal 0.000258165626 -8.4514675e-06 -0.00126292668
  outer loop
   vertex 0 0 -0.10145
   vertex 0.13896 -3.40353838419e-17 -0.073044
   vertex 0.138662475973 -0.00908841883782 -0.073044
  endloop
 endfacet
 facet normal -0.0005109528 -1.67268628e-05 0.000532309954
  outer loop
   vertex 0.13896 0 -0.073044
   vertex 0.18335 0 -0.030435
   vertex 0.182957433576 0.0119916637443 -0.030435
  endloop
 endfacet
 facet normal -0.000387248438 -1.26772013e-05 0.000403434912
  outer loop
   vertex 0.13896 0 -0.073044
   vertex 0.182957433576 0.0119916637443 -0.030435
   vertex 0.138662475973 0.00908841883782 -0.073044
  endloop
 endfacet
 facet normal -0.000508764822 -5.01089613e-05 0.000532309954
  outer loop
   vertex 0.138662475973 0.00908841883782 -0.073044
   vertex 0.182957433576 0.0119916637443 -0.030435
   vertex 0.181781415333 0.0239319773435 -0.030435
  endloop
 endfacet
 facet normal -0.000385590181 -3.7977318e-05 0.000403434912
  outer loop
   vertex 0.138662475973 0.00908841883782 -0.073044
   vertex 0.181781415333 0.0239319773435 -0.030435
   vertex 0.137771177937 0.0181379196709 -0.073044
  endloop
 endfacet
 facet normal -0.000504398235 -8.32764856e-05 0.000532309954
  outer loop
   vertex 0.137771177937 0.0181379196709 -0.073044
   vertex 0.181781415333 0.0239319773435 -0.030435
   vertex 0.179826981162 0.0357698105417 -0.030435
  endloop
 endfacet
 facet normal -0.000382280767 -6.31148101e-05 0.000403434912
  outer loop
   vertex 0.137771177937 0.0181379196709 -0.073044
   vertex 0.179826981162 0.0357698105417 -0.030435
   vertex 0.136289922565 0.0271097511474 -0.073044
  endloop
 endfacet
 facet normal -0.000497871737 -0.000116087407 0.000532309954
  outer loop
   vertex 0.136289922565 0.0271097511474 -0.073044
   vertex 0.179826981162 0.0357698105417 -0.030435
   vertex 0.17710250025 0.0474544719195 -0.030435
  endloop
 endfacet
 facet normal -0.000377334369 -8.79820349e-05 0.000403434912
  outer loop
   vertex 0.136289922565 0.0271097511474 -0.073044
   vertex 0.17710250025 0.0474544719195 -0.030435
   vertex 0.134225052821 0.0359654945074 -0.073044
  endloop
 endfacet
 facet normal -0.000489213275 -0.000148401225 0.000532309954
  outer loop
   vertex 0.134225052821 0.0359654945074 -0.073044
   vertex 0.17710250025 0.0474544719195 -0.030435
   vertex 0.173619639243 0.0589359259633 -0.030435
  endloop
 endfacet
 facet normal -0.000370772167 -0.000112472507 0.000403434912
  outer loop
   vertex 0.134225052821 0.0359654945074 -0.073044
   vertex 0.173619639243 0.0589359259633 -0.030435
   vertex 0.131585410795 0.0446672280985 -0.073044
  endloop
 endfacet
 facet normal -0.000478459928 -0.000180079565 0.000532309954
  outer loop
   vertex 0.131585410795 0.0446672280985 -0.073044
   vertex 0.173619639243 0.0589359259633 -0.030435
   vertex 0.169393312286 0.0701650073241 -0.030435
  endloop
 endfacet
 facet normal -0.000362622261 -0.000136481355 0.000403434912
  outer loop
   vertex 0.131585410795 0.0446672280985 -0.073044
   vertex 0.169393312286 0.0701650073241 -0.030435
   vertex 0.128382299838 0.0531776897615 -0.073044
  endloop
 endfacet
 facet normal -0.000465657741 -0.000210986778 0.000532309954
  outer loop
   vertex 0.128382299838 0.0531776897615 -0.073044
   vertex 0.169393312286 0.0701650073241 -0.030435
   vertex 0.16444161716 0.0810936313517 -0.030435
  endloop
 endfacet
 facet normal -0.000352919551 -0.000159905768 0.000403434912
  outer loop
   vertex 0.128382299838 0.0531776897615 -0.073044
   vertex 0.16444161716 0.0810936313517 -0.030435
   vertex 0.124629436163 0.0614604363928 -0.073044
  endloop
 endfacet
 facet normal -0.000450861537 -0.000240990512 0.000532309954
  outer loop
   vertex 0.124629436163 0.0614604363928 -0.073044
   vertex 0.16444161716 0.0810936313517 -0.030435
   vertex 0.158785757784 0.091675 -0.030435
  endloop
 endfacet
 facet normal -0.000341705586 -0.000182645441 0.000403434912
  outer loop
   vertex 0.124629436163 0.0614604363928 -0.073044
   vertex 0.158785757784 0.091675 -0.030435
   vertex 0.12034289011 0.06948 -0.073044
  endloop
 endfacet
 facet normal -0.000434134674 -0.000269962288 0.000532309954
  outer loop
   vertex 0.12034289011 0.06948 -0.073044
   vertex 0.158785757784 0.091675 -0.030435
   vertex 0.152449953416 0.101863802224 -0.030435
  endloop
 endfacet
 facet normal -0.000329028384 -0.000204602997 0.000403434912
  outer loop
   vertex 0.12034289011 0.06948 -0.073044
   vertex 0.152449953416 0.101863802224 -0.030435
   vertex 0.115541017326 0.0772020395804 -0.073044
  endloop
 endfacet
 facet normal -0.00041554878 -0.000297778045 0.000532309954
  outer loop
   vertex 0.115541017326 0.0772020395804 -0.073044
   vertex 0.152449953416 0.101863802224 -0.030435
   vertex 0.145461334942 0.111616408009 -0.030435
  endloop
 endfacet
 facet normal -0.000314942233 -0.000225684413 0.000403434912
  outer loop
   vertex 0.115541017326 0.0772020395804 -0.073044
   vertex 0.145461334942 0.111616408009 -0.030435
   vertex 0.110244380167 0.0845934881751 -0.073044
  endloop
 endfacet
 facet normal -0.000395183442 -0.000324318669 0.000532309954
  outer loop
   vertex 0.110244380167 0.0845934881751 -0.073044
   vertex 0.145461334942 0.111616408009 -0.030435
   vertex 0.137849828701 0.120891055199 -0.030435
  endloop
 endfacet
 facet normal -0.000299507451 -0.000245799413 0.000403434912
  outer loop
   vertex 0.110244380167 0.0845934881751 -0.073044
   vertex 0.137849828701 0.120891055199 -0.030435
   vertex 0.104475659647 0.0916226944663 -0.073044
  endloop
 endfacet
 facet normal -0.000373125868 -0.000349470512 0.000532309954
  outer loop
   vertex 0.104475659647 0.0916226944663 -0.073044
   vertex 0.137849828701 0.120891055199 -0.030435
   vertex 0.129648028331 0.129648028331 -0.030435
  endloop
 endfacet
 facet normal -0.000282790132 -0.000264861862 0.000403434912
  outer loop
   vertex 0.104475659647 0.0916226944663 -0.073044
   vertex 0.129648028331 0.129648028331 -0.030435
   vertex 0.0982595583137 0.0982595583137 -0.073044
  endloop
 endfacet
 facet normal -0.000349470512 -0.000373125868 0.000532309954
  outer loop
   vertex 0.0982595583137 0.0982595583137 -0.073044
   vertex 0.129648028331 0.129648028331 -0.030435
   vertex 0.120891055199 0.137849828701 -0.030435
  endloop
 endfacet
 facet normal -0.000264861862 -0.000282790132 0.000403434912
  outer loop
   vertex 0.0982595583137 0.0982595583137 -0.073044
   vertex 0.120891055199 0.137849828701 -0.030435
   vertex 0.0916226944663 0.104475659647 -0.073044
  endloop
 endfacet
 facet normal -0.000324318669 -0.000395183442 0.000532309954
  outer loop
   vertex 0.0916226944663 0.104475659647 -0.073044
   vertex 0.120891055199 0.137849828701 -0.030435
   vertex 0.111616408009 0.145461334942 -0.030435
  endloop
 endfacet
 facet normal -0.000245799413 -0.000299507451 0.000403434912
  outer loop
   vertex 0.0916226944663 0.104475659647 -0.073044
   vertex 0.111616408009 0.145461334942 -0.030435
   vertex 0.0845934881751 0.110244380167 -0.073044
  endloop
 endfacet
 facet normal -0.000297778045 -0.00041554878 0.000532309954
  outer loop
   vertex 0.0845934881751 0.110244380167 -0.073044
   vertex 0.111616408009 0.145461334942 -0.030435
   vertex 0.101863802224 0.152449953416 -0.030435
  endloop
 endfacet
 facet normal -0.000225684413 -0.000314942233 0.000403434912
  outer loop
   vertex 0.0845934881751 0.110244380167 -0.073044
   vertex 0.101863802224 0.152449953416 -0.030435
   vertex 0.0772020395804 0.115541017326 -0.073044
  endloop
 endfacet
 facet normal -0.000269962288 -0.000434134674 0.000532309954
  outer loop
   vertex 0.0772020395804 0.115541017326 -0.073044
   vertex 0.101863802224 0.152449953416 -0.030435
   vertex 0.091675 0.158785757784 -0.030435
  endloop
 endfacet
 facet normal -0.000204602997 -0.000329028384 0.000403434912
  outer loop
   vertex 0.0772020395804 0.115541017326 -0.073044
   vertex 0.091675 0.158785757784 -0.030435
   vertex 0.06948 0.12034289011 -0.073044
  endloop
 endfacet
 facet normal -0.000240990512 -0.000450861537 0.000532309954
  outer loop
   vertex 0.06948 0.12034289011 -0.073044
   vertex 0.091675 0.158785757784 -0.030435
   vertex 0.0810936313517 0.16444161716 -0.030435
  endloop
 endfacet
 facet normal -0.000182645441 -0.000341705586 0.000403434912
  outer loop
   vertex 0.06948 0.12034289011 -0.073044
   vertex 0.0810936313517 0.16444161716 -0.030435
   vertex 0.0614604363928 0.124629436163 -0.073044
  endloop
 endfacet
 facet normal -0.000210986778 -0.000465657741 0.000532309954
  outer loop
   vertex 0.0614604363928 0.124629436163 -0.073044
   vertex 0.0810936313517 0.16444161716 -0.030435
   vertex 0.0701650073241 0.169393312286 -0.030435
  endloop
 endfacet
 facet normal -0.000159905768 -0.000352919551 0.000403434912
  outer loop
   vertex 0.0614604363928 0.124629436163 -0.073044
   vertex 0.0701650073241 0.169393312286 -0.030435
   vertex 0.0531776897615 0.128382299838 -0.073044
  endloop
 endfacet
 facet normal -0.000180079565 -0.000478459928 0.000532309954
  outer loop
   vertex 0.0531776897615 0.128382299838 -0.073044
   vertex 0.0701650073241 0.169393312286 -0.030435
   vertex 0.0589359259633 0.173619639243 -0.030435
  endloop
 endfacet
 facet normal -0.000136481355 -0.000362622261 0.000403434912
  outer loop
   vertex 0.0531776897615 0.128382299838 -0.073044
   vertex 0.0589359259633 0.173619639243 -0.030435
   vertex 0.0446672280985 0.131585410795 -0.073044
  endloop
 endfacet
 facet normal -0.000148401225 -0.000489213275 0.000532309954
  outer loop
   vertex 0.0446672280985 0.131585410795 -0.073044
   vertex 0.0589359259633 0.173619639243 -0.030435
   vertex 0.0474544719195 0.17710250025 -0.030435
  endloop
 endfacet
 facet normal -0.000112472507 -0.000370772167 0.000403434912
  outer loop
   vertex 0.0446672280985 0.131585410795 -0.073044
   vertex 0.0474544719195 0.17710250025 -0.030435
   vertex 0.0359654945074 0.134225052821 -0.073044
  endloop
 endfacet
 facet normal -0.000116087407 -0.000497871737 0.000532309954
  outer loop
   vertex 0.0359654945074 0.134225052821 -0.073044
   vertex 0.0474544719195 0.17710250025 -0.030435
   vertex 0.0357698105417 0.179826981162 -0.030435
  endloop
 endfacet
 facet normal -8.79820349e-05 -0.000377334369 0.000403434912
  outer loop
   vertex 0.0359654945074 0.134225052821 -0.073044
   vertex 0.0357698105417 0.179826981162 -0.030435
   vertex 0.0271097511474 0.136289922565 -0.073044
  endloop
 endfacet
 facet normal -8.32764856e-05 -0.000504398235 0.000532309954
  outer loop
   vertex 0.0271097511474 0.136289922565 -0.073044
   vertex 0.0357698105417 0.179826981162 -0.030435
   vertex 0.0239319773435 0.181781415333 -0.030435
  endloop
 endfacet
 facet normal -6.31148101e-05 -0.000382280767 0.000403434912
  outer loop
   vertex 0.0271097511474 0.136289922565 -0.073044
   vertex 0.0239319773435 0.181781415333 -0.030435
   vertex 0.0181379196709 0.137771177937 -0.073044
  endloop
 endfacet
 facet normal -5.01089613e-05 -0.000508764822 0.000532309954
  outer loop
   vertex 0.0181379196709 0.137771177937 -0.073044
   vertex 0.0239319773435 0.181781415333 -0.030435
   vertex 0.0119916637443 0.182957433576 -0.030435
  endloop
 endfacet
 facet normal -3.7977318e-05 -0.000385590181 0.000403434912
  outer loop
   vertex 0.0181379196709 0.137771177937 -0.073044
   vertex 0.0119916637443 0.182957433576 -0.030435
   vertex 0.00908841883782 0.138662475973 -0.073044
  endloop
 endfacet
 facet normal -1.67268628e-05 -0.0005109528 0.000532309954
  outer loop
   vertex 0.00908841883782 0.138662475973 -0.073044
   vertex 0.0119916637443 0.182957433576 -0.030435
   vertex 1.12269495312e-17 0.18335 -0.030435
  endloop
 endfacet
 facet normal -1.26772013e-05 -0.000387248438 0.000403434912
  outer loop
   vertex 0.00908841883782 0.138662475973 -0.073044
   vertex 1.12269495312e-17 0.18335 -0.030435
   vertex 8.50884596048e-18 0.13896 -0.073044
  endloop
 endfacet
 facet normal 1.67268628e-05 -0.0005109528 0.000532309954
  outer loop
   vertex 8.50884596048e-18 0.13896 -0.073044
   vertex 1.12269495312e-17 0.18335 -0.030435
   vertex -0.0119916637443 0.182957433576 -0.030435
  endloop
 endfacet
 facet normal 1.26772013e-05 -0.000387248438 0.000403434912
  outer loop
   vertex 8.50884596048e-18 0.13896 -0.073044
   vertex -0.0119916637443 0.182957433576 -0.030435
   vertex -0.00908841883782 0.138662475973 -0.073044
  endloop
 endfacet
 facet normal 5.01089613e-05 -0.000508764822 0.000532309954
  outer loop
   vertex -0.00908841883782 0.138662475973 -0.073044
   vertex -0.0119916637443 0.182957433576 -0.030435
   vertex -0.0239319773435 0.181781415333 -0.030435
  endloop
 endfacet
 facet normal 3.7977318e-05 -0.000385590181 0.000403434912
  outer loop
   vertex -0.00908841883782 0.138662475973 -0.073044
   vertex -0.0239319773435 0.181781415333 -0.030435
   vertex -0.0181379196709 0.137771177937 -0.073044
  endloop
 endfacet
 facet normal 8.32764856e-05 -0.000504398235 0.000532309954
  outer loop
   vertex -0.0181379196709 0.137771177937 -0.073044
   vertex -0.0239319773435 0.181781415333 -0.030435
   vertex -0.0357698105417 0.179826981162 -0.030435
  endloop
 endfacet
 facet normal 6.31148101e-05 -0.000382280767 0.000403434912
  outer loop
   vertex -0.0181379196709 0.137771177937 -0.073044
   vertex -0.0357698105417 0.179826981162 -0.030435
   vertex -0.0271097511474 0.136289922565 -0.073044
  endloop
 endfacet
 facet normal 0.000116087407 -0.000497871737 0.000532309954
  outer loop
   vertex -0.0271097511474 0.136289922565 -0.073044
   vertex -0.0357698105417 0.179826981162 -0.030435
   vertex -0.0474544719195 0.17710250025 -0.030435
  endloop
 endfacet
 facet normal 8.79820349e-05 -0.000377334369 0.000403434912
  outer loop
   vertex -0.0271097511474 0.136289922565 -0.073044
   vertex -0.0474544719195 0.17710250025 -0.030435
   vertex -0.0359654945074 0.134225052821 -0.073044
  endloop
 endfacet
 facet normal 0.000148401225 -0.000489213275 0.000532309954
  outer loop
   vertex -0.0359654945074 0.134225052821 -0.073044
   vertex -0.0474544719195 0.17710250025 -0.030435
   vertex -0.0589359259633 0.173619639243 -0.030435
  endloop
 endfacet
 facet normal 0.000112472507 -0.000370772167 0.000403434912
  outer loop
   vertex -0.0359654945074 0.134225052821 -0.073044
   vertex -0.0589359259633 0.173619639243 -0.030435
   vertex -0.0446672280985 0.131585410795 -0.073044
  endloop
 endfacet
 facet normal 0.000180079565 -0.000478459928 0.000532309954
  outer loop
   vertex -0.0446672280985 0.131585410795 -0.073044
   vertex -0.0589359259633 0.173619639243 -0.030435
   vertex -0.0701650073241 0.169393312286 -0.030435
  endloop
 endfacet
 facet normal 0.000136481355 -0.000362622261 0.000403434912
  outer loop
   vertex -0.0446672280985 0.131585410795 -0.073044
   vertex -0.0701650073241 0.169393312286 -0.030435
   vertex -0.0531776897615 0.128382299838 -0.073044
  endloop
 endfacet
 facet normal 0.000210986778 -0.000465657741 0.000532309954
  outer loop
   vertex -0.0531776897615 0.128382299838 -0.073044
   vertex -0.0701650073241 0.169393312286 -0.030435
   vertex -0.0810936313517 0.16444161716 -0.030435
  endloop
 endfacet
 facet normal 0.000159905768 -0.000352919551 0.000403434912
  outer loop
   vertex -0.0531776897615 0.128382299838 -0.073044
   vertex -0.0810936313517 0.16444161716 -0.030435
   vertex -0.0614604363928 0.124629436163 -0.073044
  endloop
 endfacet
 facet normal 0.000240990512 -0.000450861537 0.000532309954
  outer loop
   vertex -0.0614604363928 0.124629436163 -0.073044
   vertex -0.0810936313517 0.16444161716 -0.030435
   vertex -0.091675 0.158785757784 -0.030435
  endloop
 endfacet
 facet normal 0.000182645441 -0.000341705586 0.000403434912
  outer loop
   vertex -0.0614604363928 0.124629436163 -0.073044
   vertex -0.091675 0.158785757784 -0.030435
   vertex -0.06948 0.12034289011 -0.073044
  endloop
 endfacet
 facet normal 0.000269962288 -0.000434134674 0.000532309954
  outer loop
   vertex -0.06948 0.12034289011 -0.073044
   vertex -0.091675 0.158785757784 -0.030435
   vertex -0.101863802224 0.152449953416 -0.030435
  endloop
 endfacet
 facet normal 0.000204602997 -0.000329028384 0.000403434912
  outer loop
   vertex -0.06948 0.12034289011 -0.073044
   vertex -0.101863802224 0.152449953416 -0.030435
   vertex -0.0772020395804 0.115541017326 -0.073044
  endloop
 endfacet
 facet normal 0.000297778045 -0.00041554878 0.000532309954
  outer loop
   vertex -0.0772020395804 0.115541017326 -0.073044
   vertex -0.101863802224 0.152449953416 -0.030435
   vertex -0.111616408009 0.145461334942 -0.030435
  endloop
 endfacet
 facet normal 0.000225684413 -0.000314942233 0.000403434912
  outer loop
   vertex -0.0772020395804 0.115541017326 -0.073044
   vertex -0.111616408009 0.145461334942 -0.030435
   vertex -0.0845934881751 0.110244380167 -0.073044
  endloop
 endfacet
 facet normal 0.000324318669 -0.000395183442 0.000532309954
  outer loop
   vertex -0.0845934881751 0.110244380167 -0.073044
   vertex -0.111616408009 0.145461334942 -0.030435
   vertex -0.120891055199 0.137849828701 -0.030435
  endloop
 endfacet
 facet normal 0.000245799413 -0.000299507451 0.000403434912
  outer loop
   vertex -0.0845934881751 0.110244380167 -0.073044
   vertex -0.120891055199 0.137849828701 -0.030435
   vertex -0.0916226944663 0.104475659647 -0.073044
  endloop
 endfacet
 facet normal 0.000349470512 -0.000373125868 0.000532309954
  outer loop
   vertex -0.0916226944663 0.104475659647 -0.073044
   vertex -0.120891055199 0.137849828701 -0.030435
   vertex -0.129648028331 0.129648028331 -0.030435
  endloop
 endfacet
 facet normal 0.000264861862 -0.000282790132 0.000403434912
  outer loop
   vertex -0.0916226944663 0.104475659647 -0.073044
   vertex -0.129648028331 0.129648028331 -0.030435
   vertex -0.0982595583137 0.0982595583137 -0.073044
  endloop
 endfacet
 facet normal 0.000373125868 -0.000349470512 0.000532309954
  outer loop
   vertex -0.0982595583137 0.0982595583137 -0.073044
   vertex -0.129648028331 0.129648028331 -0.030435
   vertex -0.137849828701 0.120891055199 -0.030435
  endloop
 endfacet
 facet normal 0.000282790132 -0.000264861862 0.000403434912
  outer loop
   vertex -0.0982595583137 0.0982595583137 -0.073044
   vertex -0.137849828701 0.120891055199 -0.030435
   vertex -0.104475659647 0.0916226944663 -0.073044
  endloop
 endfacet
 facet normal 0.000395183442 -0.000324318669 0.000532309954
  outer loop
   vertex -0.104475659647 0.0916226944663 -0.073044
   vertex -0.137849828701 0.120891055199 -0.030435
   vertex -0.145461334942 0.111616408009 -0.030435
  endloop
 endfacet
 facet normal 0.000299507451 -0.000245799413 0.000403434912
  outer loop
   vertex -0.104475659647 0.0916226944663 -0.073044
   vertex -0.145461334942 0.111616408009 -0.030435
   vertex -0.110244380167 0.0845934881751 -0.073044
  endloop
 endfacet
 facet normal 0.00041554878 -0.000297778045 0.000532309954
  outer loop
   vertex -0.110244380167 0.0845934881751 -0.073044
   vertex -0.145461334942 0.111616408009 -0.030435
   vertex -0.152449953416 0.101863802224 -0.030435
  endloop
 endfacet
 facet normal 0.000314942233 -0.000225684413 0.000403434912
  outer loop
   vertex -0.110244380167 0.0845934881751 -0.073044
   vertex -0.152449953416 0.101863802224 -0.030435
   vertex -0.115541017326 0.0772020395804 -0.073044
  endloop
 endfacet
 facet normal 0.000434134674 -0.000269962288 0.000532309954
  outer loop
   vertex -0.115541017326 0.0772020395804 -0.073044
   vertex -0.152449953416 0.101863802224 -0.030435
   vertex -0.158785757784 0.091675 -0.030435
  endloop
 endfacet
 facet normal 0.000329028384 -0.000204602997 0.000403434912
  outer loop
   vertex -0.115541017326 0.0772020395804 -0.073044
   vertex -0.158785757784 0.091675 -0.030435
   vertex -0.12034289011 0.06948 -0.073044
  endloop
 endfacet
 facet normal 0.000450861537 -0.000240990512 0.000532309954
  outer loop
   vertex -0.12034289011 0.06948 -0.073044
   vertex -0.158785757784 0.091675 -0.030435
   vertex -0.16444161716 0.0810936313517 -0.030435
  endloop
 endfacet
 facet normal 0.000341705586 -0.000182645441 0.000403434912
  outer loop
   vertex -0.12034289011 0.06948 -0.073044
   vertex -0.16444161716 0.0810936313517 -0.030435
   vertex -0.124629436163 0.0614604363928 -0.073044
  endloop
 endfacet
 facet normal 0.000465657741 -0.000210986778 0.000532309954
  outer loop
   vertex -0.124629436163 0.0614604363928 -0.073044
   vertex -0.16444161716 0.0810936313517 -0.030435
   vertex -0.169393312286 0.0701650073241 -0.030435
  endloop
 endfacet
 facet normal 0.000352919551 -0.000159905768 0.000403434912
  outer loop
   vertex -0.124629436163 0.0614604363928 -0.073044
   vertex -0.169393312286 0.0701650073241 -0.030435
   vertex -0.128382299838 0.0531776897615 -0.073044
  endloop
 endfacet
 facet normal 0.000478459928 -0.000180079565 0.000532309954
  outer loop
   vertex -0.128382299838 0.0531776897615 -0.073044
   vertex -0.169393312286 0.0701650073241 -0.030435
   vertex -0.173619639243 0.0589359259633 -0.030435
  endloop
 endfacet
 facet normal 0.000362622261 -0.000136481355 0.000403434912
  outer loop
   vertex -0.128382299838 0.0531776897615 -0.073044
   vertex -0.173619639243 0.0589359259633 -0.030435
   vertex -0.131585410795 0.0446672280985 -0.073044
  endloop
 endfacet
 facet normal 0.000489213275 -0.000148401225 0.000532309954
  outer loop
   vertex -0.131585410795 0.0446672280985 -0.073044
   vertex -0.173619639243 0.0589359259633 -0.030435
   vertex -0.17710250025 0.0474544719195 -0.030435
  endloop
 endfacet
 facet normal 0.000370772167 -0.000112472507 0.000403434912
  outer loop
   vertex -0.131585410795 0.0446672280985 -0.073044
   vertex -0.17710250025 0.0474544719195 -0.030435
   vertex -0.134225052821 0.0359654945074 -0.073044
  endloop
 endfacet
 facet normal 0.000497871737 -0.000116087407 0.000532309954
  outer loop
   vertex -0.134225052821 0.0359654945074 -0.073044
   vertex -0.17710250025 0.0474544719195 -0.030435
   vertex -0.179826981162 0.0357698105417 -0.030435
  endloop
 endfacet
 facet normal 0.000377334369 -8.79820349e-05 0.000403434912
  outer loop
   vertex -0.134225052821 0.0359654945074 -0.073044
   vertex -0.179826981162 0.0357698105417 -0.030435
   vertex -0.136289922565 0.0271097511474 -0.073044
  endloop
 endfacet
 facet normal 0.000504398235 -8.32764856e-05 0.000532309954
  outer loop
   vertex -0.136289922565 0.0271097511474 -0.073044
   vertex -0.179826981162 0.0357698105417 -0.030435
   vertex -0.181781415333 0.0239319773435 -0.030435
  endloop
 endfacet
 facet normal 0.000382280767 -6.31148101e-05 0.000403434912
  outer loop
   vertex -0.136289922565 0.0271097511474 -0.073044
   vertex -0.181781415333 0.0239319773435 -0.030435
   vertex -0.137771177937 0.0181379196709 -0.073044
  endloop
 endfacet
 facet normal 0.000508764822 -5.01089613e-05 0.000532309954
  outer loop
   vertex -0.137771177937 0.0181379196709 -0.073044
   vertex -0.181781415333 0.0239319773435 -0.030435
   vertex -0.182957433576 0.0119916637443 -0.030435
  endloop
 endfacet
 facet normal 0.000385590181 -3.7977318e-05 0.000403434912
  outer loop
   vertex -0.137771177937 0.0181379196709 -0.073044
   vertex -0.182957433576 0.0119916637443 -0.030435
   vertex -0.138662475973 0.00908841883782 -0.073044
  endloop
 endfacet
 facet normal 0.0005109528 -1.67268628e-05 0.000532309954
  outer loop
   vertex -0.138662475973 0.00908841883782 -0.073044
   vertex -0.182957433576 0.0119916637443 -0.030435
   vertex -0.18335 2.24538990624e-17 -0.030435
  endloop
 endfacet
 facet normal 0.000387248438 -1.26772013e-05 0.000403434912
  outer loop
   vertex -0.138662475973 0.00908841883782 -0.073044
   vertex -0.18335 2.24538990624e-17 -0.030435
   vertex -0.13896 1.7017691921e-17 -0.073044
  endloop
 endfacet
 facet normal 0.0005109528 1.67268628e-05 0.000532309954
  outer loop
   vertex -0.13896 1.7017691921e-17 -0.073044
   vertex -0.18335 2.24538990624e-17 -0.030435
   vertex -0.182957433576 -0.0119916637443 -0.030435
  endloop
 endfacet
 facet normal 0.000387248438 1.26772013e-05 0.000403434912
  outer loop
   vertex -0.13896 1.7017691921e-17 -0.073044
   vertex -0.182957433576 -0.0119916637443 -0.030435
   vertex -0.138662475973 -0.00908841883782 -0.073044
  endloop
 endfacet
 facet normal 0.000508764822 5.01089613e-05 0.000532309954
  outer loop
   vertex -0.138662475973 -0.00908841883782 -0.073044
   vertex -0.182957433576 -0.0119916637443 -0.030435
   vertex -0.181781415333 -0.0239319773435 -0.030435
  endloop
 endfacet
 facet normal 0.000385590181 3.7977318e-05 0.000403434912
  outer loop
   vertex -0.138662475973 -0.00908841883782 -0.073044
   vertex -0.181781415333 -0.0239319773435 -0.030435
   vertex -0.137771177937 -0.0181379196709 -0.073044
  endloop
 endfacet
 facet normal 0.000504398235 8.32764856e-05 0.000532309954
  outer loop
   vertex -0.137771177937 -0.0181379196709 -0.073044
   vertex -0.181781415333 -0.0239319773435 -0.030435
   vertex -0.179826981162 -0.0357698105417 -0.030435
  endloop
 endfacet
 facet normal 0.000382280767 6.31148101e-05 0.000403434912
  outer loop
   vertex -0.137771177937 -0.0181379196709 -0.073044
   vertex -0.179826981162 -0.0357698105417 -0.030435
   vertex -0.136289922565 -0.0271097511474 -0.073044
  endloop
 endfacet
 facet normal 0.000497871737 0.000116087407 0.000532309954
  outer loop
   vertex -0.136289922565 -0.0271097511474 -0.073044
   vertex -0.179826981162 -0.0357698105417 -0.030435
   vertex -0.17710250025 -0.0474544719195 -0.030435
  endloop
 endfacet
 facet normal 0.000377334369 8.79820349e-05 0.000403434912
  outer loop
   vertex -0.136289922565 -0.0271097511474 -0.073044
   vertex -0.17710250025 -0.0474544719195 -0.030435
   vertex -0.134225052821 -0.0359654945074 -0.073044
  endloop
 endfacet
 facet normal 0.000489213275 0.000148401225 0.000532309954
  outer loop
   vertex -0.134225052821 -0.0359654945074 -0.073044
   vertex -0.17710250025 -0.0474544719195 -0.030435
   vertex -0.173619639243 -0.0589359259633 -0.030435
  endloop
 endfacet
 facet normal 0.000370772167 0.000112472507 0.000403434912
  outer loop
   vertex -0.134225052821 -0.0359654945074 -0.073044
   vertex -0.173619639243 -0.0589359259633 -0.030435
   vertex -0.131585410795 -0.0446672280985 -0.073044
  endloop
 endfacet
 facet normal 0.000478459928 0.000180079565 0.000532309954
  outer loop
   vertex -0.131585410795 -0.0446672280985 -0.073044
   vertex -0.173619639243 -0.0589359259633 -0.030435
   vertex -0.169393312286 -0.0701650073241 -0.030435
  endloop
 endfacet
 facet normal 0.000362622261 0.000136481355 0.000403434912
  outer loop
   vertex -0.131585410795 -0.0446672280985 -0.073044
   vertex -0.169393312286 -0.0701650073241 -0.030435
   vertex -0.128382299838 -0.0531776897615 -0.073044
  endloop
 endfacet
 facet normal 0.000465657741 0.000210986778 0.000532309954
  outer loop
   vertex -0.128382299838 -0.0531776897615 -0.073044
   vertex -0.169393312286 -0.0701650073241 -0.030435
   vertex -0.16444161716 -0.0810936313517 -0.030435
  endloop
 endfacet
 facet normal 0.000352919551 0.000159905768 0.000403434912
  outer loop
   vertex -0.128382299838 -0.0531776897615 -0.073044
   vertex -0.16444161716 -0.0810936313517 -0.030435
   vertex -0.124629436163 -0.0614604363928 -0.073044
  endloop
 endfacet
 facet normal 0.000450861537 0.000240990512 0.000532309954
  outer loop
   vertex -0.124629436163 -0.0614604363928 -0.073044
   vertex -0.16444161716 -0.0810936313517 -0.030435
   vertex -0.158785757784 -0.091675 -0.030435
  endloop
 endfacet
 facet normal 0.000341705586 0.000182645441 0.000403434912
  outer loop
   vertex -0.124629436163 -0.0614604363928 -0.073044
   vertex -0.158785757784 -0.091675 -0.030435
   vertex -0.12034289011 -0.06948 -0.073044
  endloop
 endfacet
 facet normal 0.000434134674 0.000269962288 0.000532309954
  outer loop
   vertex -0.12034289011 -0.06948 -0.073044
   vertex -0.158785757784 -0.091675 -0.030435
   vertex -0.152449953416 -0.101863802224 -0.030435
  endloop
 endfacet
 facet normal 0.000329028384 0.000204602997 0.000403434912
  outer loop
   vertex -0.12034289011 -0.06948 -0.073044
   vertex -0.152449953416 -0.101863802224 -0.030435
   vertex -0.115541017326 -0.0772020395804 -0.073044
  endloop
 endfacet
 facet normal 0.00041554878 0.000297778045 0.000532309954
  outer loop
   vertex -0.115541017326 -0.0772020395804 -0.073044
   vertex -0.152449953416 -0.101863802224 -0.030435
   vertex -0.145461334942 -0.111616408009 -0.030435
  endloop
 endfacet
 facet normal 0.000314942233 0.000225684413 0.000403434912
  outer loop
   vertex -0.115541017326 -0.0772020395804 -0.073044
   vertex -0.145461334942 -0.111616408009 -0.030435
   vertex -0.110244380167 -0.0845934881751 -0.073044
  endloop
 endfacet
 facet normal 0.000395183442 0.000324318669 0.000532309954
  outer loop
   vertex -0.110244380167 -0.0845934881751 -0.073044
   vertex -0.145461334942 -0.111616408009 -0.030435
   vertex -0.137849828701 -0.120891055199 -0.030435
  endloop
 endfacet
 facet normal 0.000299507451 0.000245799413 0.000403434912
  outer loop
   vertex -0.110244380167 -0.0845934881751 -0.073044
   vertex -0.137849828701 -0.120891055199 -0.030435
   vertex -0.104475659647 -0.0916226944663 -0.073044
  endloop
 endfacet
 facet normal 0.000373125868 0.000349470512 0.000532309954
  outer loop
   vertex -0.104475659647 -0.0916226944663 -0.073044
   vertex -0.137849828701 -0.120891055199 -0.030435
   vertex -0.129648028331 -0.129648028331 -0.030435
  endloop
 endfacet
 facet normal 0.000282790132 0.000264861862 0.000403434912
  outer loop
   vertex -0.104475659647 -0.0916226944663 -0.073044
   vertex -0.129648028331 -0.129648028331 -0.030435
   vertex -0.0982595583137 -0.0982595583137 -0.073044
  endloop
 endfacet
 facet normal 0.000349470512 0.000373125868 0.000532309954
  outer loop
   vertex -0.0982595583137 -0.0982595583137 -0.073044
   vertex -0.129648028331 -0.129648028331 -0.030435
   vertex -0.120891055199 -0.137849828701 -0.030435
  endloop
 endfacet
 facet normal 0.000264861862 0.000282790132 0.000403434912
  outer loop
   vertex -0.0982595583137 -0.0982595583137 -0.073044
   vertex -0.120891055199 -0.137849828701 -0.030435
   vertex -0.0916226944663 -0.104475659647 -0.073044
  endloop
 endfacet
 facet normal 0.000324318669 0.000395183442 0.000532309954
  outer loop
   vertex -0.0916226944663 -0.104475659647 -0.073044
   vertex -0.120891055199 -0.137849828701 -0.030435
   vertex -0.111616408009 -0.145461334942 -0.030435
  endloop
 endfacet
 facet normal 0.000245799413 0.000299507451 0.000403434912
  outer loop
   vertex -0.0916226944663 -0.104475659647 -0.073044
   vertex -0.111616408009 -0.145461334942 -0.030435
   vertex -0.0845934881751 -0.110244380167 -0.073044
  endloop
 endfacet
 facet normal 0.000297778045 0.00041554878 0.000532309954
  outer loop
   vertex -0.0845934881751 -0.110244380167 -0.073044
   vertex -0.111616408009 -0.145461334942 -0.030435
   vertex -0.101863802224 -0.152449953416 -0.030435
  endloop
 endfacet
 facet normal 0.000225684413 0.000314942233 0.000403434912
  outer loop
   vertex -0.0845934881751 -0.110244380167 -0.073044
   vertex -0.101863802224 -0.152449953416 -0.030435
   vertex -0.0772020395804 -0.115541017326 -0.073044
  endloop
 endfacet
 facet normal 0.000269962288 0.000434134674 0.000532309954
  outer loop
   vertex -0.0772020395804 -0.115541017326 -0.073044
   vertex -0.101863802224 -0.152449953416 -0.030435
   vertex -0.091675 -0.158785757784 -0.030435
  endloop
 endfacet
 facet normal 0.000204602997 0.000329028384 0.000403434912
  outer loop
   vertex -0.0772020395804 -0.115541017326 -0.073044
   vertex -0.091675 -0.158785757784 -0.030435
   vertex -0.06948 -0.12034289011 -0.073044
  endloop
 endfacet
 facet normal 0.000240990512 0.000450861537 0.000532309954
  outer loop
   vertex -0.06948 -0.12034289011 -0.073044
   vertex -0.091675 -0.158785757784 -0.030435
   vertex -0.0810936313517 -0.16444161716 -0.030435
  endloop
 endfacet
 facet normal 0.000182645441 0.000341705586 0.000403434912
  outer loop
   vertex -0.06948 -0.12034289011 -0.073044
   vertex -0.0810936313517 -0.16444161716 -0.030435
   vertex -0.0614604363928 -0.124629436163 -0.073044
  endloop
 endfacet
 facet normal 0.000210986778 0.000465657741 0.000532309954
  outer loop
   vertex -0.0614604363928 -0.124629436163 -0.073044
   vertex -0.0810936313517 -0.16444161716 -0.030435
   vertex -0.0701650073241 -0.169393312286 -0.030435
  endloop
 endfacet
 facet normal 0.000159905768 0.000352919551 0.000403434912
  outer loop
   vertex -0.0614604363928 -0.124629436163 -0.073044
   vertex -0.0701650073241 -0.169393312286 -0.030435
   vertex -0.0531776897615 -0.128382299838 -0.073044
  endloop
 endfacet
 facet normal 0.000180079565 0.000478459928 0.000532309954
  outer loop
   vertex -0.0531776897615 -0.128382299838 -0.073044
   vertex -0.0701650073241 -0.169393312286 -0.030435
   vertex -0.0589359259633 -0.173619639243 -0.030435
  endloop
 endfacet
 facet normal 0.000136481355 0.000362622261 0.000403434912
  outer loop
   vertex -0.0531776897615 -0.128382299838 -0.073044
   vertex -0.0589359259633 -0.173619639243 -0.030435
   vertex -0.0446672280985 -0.131585410795 -0.073044
  endloop
 endfacet
 facet normal 0.000148401225 0.000489213275 0.000532309954
  outer loop
   vertex -0.0446672280985 -0.131585410795 -0.073044
   vertex -0.0589359259633 -0.173619639243 -0.030435
   vertex -0.0474544719195 -0.17710250025 -0.030435
  endloop
 endfacet
 facet normal 0.000112472507 0.000370772167 0.000403434912
  outer loop
   vertex -0.0446672280985 -0.131585410795 -0.073044
   vertex -0.0474544719195 -0.17710250025 -0.030435
   vertex -0.0359654945074 -0.134225052821 -0.073044
  endloop
 endfacet
 facet normal 0.000116087407 0.000497871737 0.000532309954
  outer loop
   vertex -0.0359654945074 -0.134225052821 -0.073044
   vertex -0.0474544719195 -0.17710250025 -0.030435
   vertex -0.0357698105417 -0.179826981162 -0.030435
  endloop
 endfacet
 facet normal 8.79820349e-05 0.000377334369 0.000403434912
  outer loop
   vertex -0.0359654945074 -0.134225052821 -0.073044
   vertex -0.0357698105417 -0.179826981162 -0.030435
   vertex -0.0271097511474 -0.136289922565 -0.073044
  endloop
 endfacet
 facet normal 8.32764856e-05 0.000504398235 0.000532309954
  outer loop
   vertex -0.0271097511474 -0.136289922565 -0.073044
   vertex -0.0357698105417 -0.179826981162 -0.030435
   vertex -0.0239319773435 -0.181781415333 -0.030435
  endloop
 endfacet
 facet normal 6.31148101e-05 0.000382280767 0.000403434912
  outer loop
   vertex -0.0271097511474 -0.136289922565 -0.073044
   vertex -0.0239319773435 -0.181781415333 -0.030435
   vertex -0.0181379196709 -0.137771177937 -0.073044
  endloop
 endfacet
 facet normal 5.01089613e-05 0.000508764822 0.000532309954
  outer loop
   vertex -0.0181379196709 -0.137771177937 -0.073044
   vertex -0.0239319773435 -0.181781415333 -0.030435
   vertex -0.0119916637443 -0.182957433576 -0.030435
  endloop
 endfacet
 facet normal 3.7977318e-05 0.000385590181 0.000403434912
  outer loop
   vertex -0.0181379196709 -0.137771177937 -0.073044
   vertex -0.0119916637443 -0.182957433576 -0.030435
   vertex -0.00908841883782 -0.138662475973 -0.073044
  endloop
 endfacet
 facet normal 1.67268628e-05 0.0005109528 0.000532309954
  outer loop
   vertex -0.00908841883782 -0.138662475973 -0.073044
   vertex -0.0119916637443 -0.182957433576 -0.030435
   vertex -3.36808485936e-17 -0.18335 -0.030435
  endloop
 endfacet
 facet normal 1.26772013e-05 0.000387248438 0.000403434912
  outer loop
   vertex -0.00908841883782 -0.138662475973 -0.073044
   vertex -3.36808485936e-17 -0.18335 -0.030435
   vertex -2.55265378814e-17 -0.13896 -0.073044
  endloop
 endfacet
 facet normal -1.67268628e-05 0.0005109528 0.000532309954
  outer loop
   vertex -2.55265378814e-17 -0.13896 -0.073044
   vertex -3.36808485936e-17 -0.18335 -0.030435
   vertex 0.0119916637443 -0.182957433576 -0.030435
  endloop
 endfacet
 facet normal -1.26772013e-05 0.000387248438 0.000403434912
  outer loop
   vertex -2.55265378814e-17 -0.13896 -0.073044
   vertex 0.0119916637443 -0.182957433576 -0.030435
   vertex 0.00908841883782 -0.138662475973 -0.073044
  endloop
 endfacet
 facet normal -5.01089613e-05 0.000508764822 0.000532309954
  outer loop
   vertex 0.00908841883782 -0.138662475973 -0.073044
   vertex 0.0119916637443 -0.182957433576 -0.030435
   vertex 0.0239319773435 -0.181781415333 -0.030435
  endloop
 endfacet
 facet normal -3.7977318e-05 0.000385590181 0.000403434912
  outer loop
   vertex 0.00908841883782 -0.138662475973 -0.073044
   vertex 0.0239319773435 -0.181781415333 -0.030435
   vertex 0.0181379196709 -0.137771177937 -0.073044
  endloop
 endfacet
 facet normal -8.32764856e-05 0.000504398235 0.000532309954
  outer loop
   vertex 0.0181379196709 -0.137771177937 -0.073044
   vertex 0.0239319773435 -0.181781415333 -0.030435
   vertex 0.0357698105417 -0.179826981162 -0.030435
  endloop
 endfacet
 facet normal -6.31148101e-05 0.000382280767 0.000403434912
  outer loop
   vertex 0.0181379196709 -0.137771177937 -0.073044
   vertex 0.0357698105417 -0.179826981162 -0.030435
   vertex 0.0271097511474 -0.136289922565 -0.073044
  endloop
 endfacet
 facet normal -0.000116087407 0.000497871737 0.000532309954
  outer loop
   vertex 0.0271097511474 -0.136289922565 -0.073044
   vertex 0.0357698105417 -0.179826981162 -0.030435
   vertex 0.0474544719195 -0.17710250025 -0.030435
  endloop
 endfacet
 facet normal -8.79820349e-05 0.000377334369 0.000403434912
  outer loop
   vertex 0.0271097511474 -0.136289922565 -0.073044
   vertex 0.0474544719195 -0.17710250025 -0.030435
   vertex 0.0359654945074 -0.134225052821 -0.073044
  endloop
 endfacet
 facet normal -0.000148401225 0.000489213275 0.000532309954
  outer loop
   vertex 0.0359654945074 -0.134225052821 -0.073044
   vertex 0.0474544719195 -0.17710250025 -0.030435
   vertex 0.0589359259633 -0.173619639243 -0.030435
  endloop
 endfacet
 facet normal -0.000112472507 0.000370772167 0.000403434912
  outer loop
   vertex 0.0359654945074 -0.134225052821 -0.073044
   vertex 0.0589359259633 -0.173619639243 -0.030435
   vertex 0.0446672280985 -0.131585410795 -0.073044
  endloop
 endfacet
 facet normal -0.000180079565 0.000478459928 0.000532309954
  outer loop
   vertex 0.0446672280985 -0.131585410795 -0.073044
   vertex 0.0589359259633 -0.173619639243 -0.030435
   vertex 0.0701650073241 -0.169393312286 -0.030435
  endloop
 endfacet
 facet normal -0.000136481355 0.000362622261 0.000403434912
  outer loop
   vertex 0.0446672280985 -0.131585410795 -0.073044
   vertex 0.0701650073241 -0.169393312286 -0.030435
   vertex 0.0531776897615 -0.128382299838 -0.073044
  endloop
 endfacet
 facet normal -0.000210986778 0.000465657741 0.000532309954
  outer loop
   vertex 0.0531776897615 -0.128382299838 -0.073044
   vertex 0.0701650073241 -0.169393312286 -0.030435
   vertex 0.0810936313517 -0.16444161716 -0.030435
  endloop
 endfacet
 facet normal -0.000159905768 0.000352919551 0.000403434912
  outer loop
   vertex 0.0531776897615 -0.128382299838 -0.073044
   vertex 0.0810936313517 -0.16444161716 -0.030435
   vertex 0.0614604363928 -0.124629436163 -0.073044
  endloop
 endfacet
 facet normal -0.000240990512 0.000450861537 0.000532309954
  outer loop
   vertex 0.0614604363928 -0.124629436163 -0.073044
   vertex 0.0810936313517 -0.16444161716 -0.030435
   vertex 0.091675 -0.158785757784 -0.030435
  endloop
 endfacet
 facet normal -0.000182645441 0.000341705586 0.000403434912
  outer loop
   vertex 0.0614604363928 -0.124629436163 -0.073044
   vertex 0.091675 -0.158785757784 -0.030435
   vertex 0.06948 -0.12034289011 -0.073044
  endloop
 endfacet
 facet normal -0.000269962288 0.000434134674 0.000532309954
  outer loop
   vertex 0.06948 -0.12034289011 -0.073044
   vertex 0.091675 -0.158785757784 -0.030435
   vertex 0.101863802224 -0.152449953416 -0.030435
  endloop
 endfacet
 facet normal -0.000204602997 0.000329028384 0.000403434912
  outer loop
   vertex 0.06948 -0.12034289011 -0.073044
   vertex 0.101863802224 -0.152449953416 -0.030435
   vertex 0.0772020395804 -0.115541017326 -0.073044
  endloop
 endfacet
 facet normal -0.000297778045 0.00041554878 0.000532309954
  outer loop
   vertex 0.0772020395804 -0.115541017326 -0.073044
   vertex 0.101863802224 -0.152449953416 -0.030435
   vertex 0.111616408009 -0.145461334942 -0.030435
  endloop
 endfacet
 facet normal -0.000225684413 0.000314942233 0.000403434912
  outer loop
   vertex 0.0772020395804 -0.115541017326 -0.073044
   vertex 0.111616408009 -0.145461334942 -0.030435
   vertex 0.0845934881751 -0.110244380167 -0.073044
  endloop
 endfacet
 facet normal -0.000324318669 0.000395183442 0.000532309954
  outer loop
   vertex 0.0845934881751 -0.110244380167 -0.073044
   vertex 0.111616408009 -0.145461334942 -0.030435
   vertex 0.120891055199 -0.137849828701 -0.030435
  endloop
 endfacet
 facet normal -0.000245799413 0.000299507451 0.000403434912
  outer loop
   vertex 0.0845934881751 -0.110244380167 -0.073044
   vertex 0.120891055199 -0.137849828701 -0.030435
   vertex 0.0916226944663 -0.104475659647 -0.073044
  endloop
 endfacet
 facet normal -0.000349470512 0.000373125868 0.000532309954
  outer loop
   vertex 0.0916226944663 -0.104475659647 -0.073044
   vertex 0.120891055199 -0.137849828701 -0.030435
   vertex 0.129648028331 -0.129648028331 -0.030435
  endloop
 endfacet
 facet normal -0.000264861862 0.000282790132 0.000403434912
  outer loop
   vertex 0.0916226944663 -0.104475659647 -0.073044
   vertex 0.129648028331 -0.129648028331 -0.030435
   vertex 0.0982595583137 -0.0982595583137 -0.073044
  endloop
 endfacet
 facet normal -0.000373125868 0.000349470512 0.000532309954
  outer loop
   vertex 0.0982595583137 -0.0982595583137 -0.073044
   vertex 0.129648028331 -0.129648028331 -0.030435
   vertex 0.137849828701 -0.120891055199 -0.030435
  endloop
 endfacet
 facet normal -0.000282790132 0.000264861862 0.000403434912
  outer loop
   vertex 0.0982595583137 -0.0982595583137 -0.073044
   vertex 0.137849828701 -0.120891055199 -0.030435
   vertex 0.104475659647 -0.0916226944663 -0.073044
  endloop
 endfacet
 facet normal -0.000395183442 0.000324318669 0.000532309954
  outer loop
   vertex 0.104475659647 -0.0916226944663 -0.073044
   vertex 0.137849828701 -0.120891055199 -0.030435
   vertex 0.145461334942 -0.111616408009 -0.030435
  endloop
 endfacet
 facet normal -0.000299507451 0.000245799413 0.000403434912
  outer loop
   vertex 0.104475659647 -0.0916226944663 -0.073044
   vertex 0.145461334942 -0.111616408009 -0.030435
   vertex 0.110244380167 -0.0845934881751 -0.073044
  endloop
 endfacet
 facet normal -0.00041554878 0.000297778045 0.000532309954
  outer loop
   vertex 0.110244380167 -0.0845934881751 -0.073044
   vertex 0.145461334942 -0.111616408009 -0.030435
   vertex 0.152449953416 -0.101863802224 -0.030435
  endloop
 endfacet
 facet normal -0.000314942233 0.000225684413 0.000403434912
  outer loop
   vertex 0.110244380167 -0.0845934881751 -0.073044
   vertex 0.152449953416 -0.101863802224 -0.030435
   vertex 0.115541017326 -0.0772020395804 -0.073044
  endloop
 endfacet
 facet normal -0.000434134674 0.000269962288 0.000532309954
  outer loop
   vertex 0.115541017326 -0.0772020395804 -0.073044
   vertex 0.152449953416 -0.101863802224 -0.030435
   vertex 0.158785757784 -0.091675 -0.030435
  endloop
 endfacet
 facet normal -0.000329028384 0.000204602997 0.000403434912
  outer loop
   vertex 0.115541017326 -0.0772020395804 -0.073044
   vertex 0.158785757784 -0.091675 -0.030435
   vertex 0.12034289011 -0.06948 -0.073044
  endloop
 endfacet
 facet normal -0.000450861537 0.000240990512 0.000532309954
  outer loop
   vertex 0.12034289011 -0.06948 -0.073044
   vertex 0.158785757784 -0.091675 -0.030435
   vertex 0.16444161716 -0.0810936313517 -0.030435
  endloop
 endfacet
 facet normal -0.000341705586 0.000182645441 0.000403434912
  outer loop
   vertex 0.12034289011 -0.06948 -0.073044
   vertex 0.16444161716 -0.0810936313517 -0.030435
   vertex 0.124629436163 -0.0614604363928 -0.073044
  endloop
 endfacet
 facet normal -0.000465657741 0.000210986778 0.000532309954
  outer loop
   vertex 0.124629436163 -0.0614604363928 -0.073044
   vertex 0.16444161716 -0.0810936313517 -0.030435
   vertex 0.169393312286 -0.0701650073241 -0.030435
  endloop
 endfacet
 facet normal -0.000352919551 0.000159905768 0.000403434912
  outer loop
   vertex 0.124629436163 -0.0614604363928 -0.073044
   vertex 0.169393312286 -0.0701650073241 -0.030435
   vertex 0.128382299838 -0.0531776897615 -0.073044
  endloop
 endfacet
 facet normal -0.000478459928 0.000180079565 0.000532309954
  outer loop
   vertex 0.128382299838 -0.0531776897615 -0.073044
   vertex 0.169393312286 -0.0701650073241 -0.030435
   vertex 0.173619639243 -0.0589359259633 -0.030435
  endloop
 endfacet
 facet normal -0.000362622261 0.000136481355 0.000403434912
  outer loop
   vertex 0.128382299838 -0.0531776897615 -0.073044
   vertex 0.173619639243 -0.0589359259633 -0.030435
   vertex 0.131585410795 -0.0446672280985 -0.073044
  endloop
 endfacet
 facet normal -0.000489213275 0.000148401225 0.000532309954
  outer loop
   vertex 0.131585410795 -0.0446672280985 -0.073044
   vertex 0.173619639243 -0.0589359259633 -0.030435
   vertex 0.17710250025 -0.0474544719195 -0.030435
  endloop
 endfacet
 facet normal -0.000370772167 0.000112472507 0.000403434912
  outer loop
   vertex 0.131585410795 -0.0446672280985 -0.073044
   vertex 0.17710250025 -0.0474544719195 -0.030435
   vertex 0.134225052821 -0.0359654945074 -0.073044
  endloop
 endfacet
 facet normal -0.000497871737 0.000116087407 0.000532309954
  outer loop
   vertex 0.134225052821 -0.0359654945074 -0.073044
   vertex 0.17710250025 -0.0474544719195 -0.030435
   vertex 0.179826981162 -0.0357698105417 -0.030435
  endloop
 endfacet
 facet normal -0.000377334369 8.79820349e-05 0.000403434912
  outer loop
   vertex 0.134225052821 -0.0359654945074 -0.073044
   vertex 0.179826981162 -0.0357698105417 -0.030435
   vertex 0.136289922565 -0.0271097511474 -0.073044
  endloop
 endfacet
 facet normal -0.000504398235 8.32764856e-05 0.000532309954
  outer loop
   vertex 0.136289922565 -0.0271097511474 -0.073044
   vertex 0.179826981162 -0.0357698105417 -0.030435
   vertex 0.181781415333 -0.0239319773435 -0.030435
  endloop
 endfacet
 facet normal -0.000382280767 6.31148101e-05 0.000403434912
  outer loop
   vertex 0.136289922565 -0.0271097511474 -0.073044
   vertex 0.181781415333 -0.0239319773435 -0.030435
   vertex 0.137771177937 -0.0181379196709 -0.073044
  endloop
 endfacet
 facet normal -0.000508764822 5.01089613e-05 0.000532309954
  outer loop
   vertex 0.137771177937 -0.0181379196709 -0.073044
   vertex 0.181781415333 -0.0239319773435 -0.030435
   vertex 0.182957433576 -0.0119916637443 -0.030435
  endloop
 endfacet
 facet normal -0.000385590181 3.7977318e-05 0.000403434912
  outer loop
   vertex 0.137771177937 -0.0181379196709 -0.073044
   vertex 0.182957433576 -0.0119916637443 -0.030435
   vertex 0.138662475973 -0.00908841883782 -0.073044
  endloop
 endfacet
 facet normal -0.0005109528 1.67268628e-05 0.000532309954
  outer loop
   vertex 0.138662475973 -0.00908841883782 -0.073044
   vertex 0.182957433576 -0.0119916637443 -0.030435
   vertex 0.18335 -4.49077981247e-17 -0.030435
  endloop
 endfacet
 facet normal -0.000387248438 1.26772013e-05 0.000403434912
  outer loop
   vertex 0.138662475973 -0.00908841883782 -0.073044
   vertex 0.18335 -4.49077981247e-17 -0.030435
   vertex 0.13896 -3.40353838419e-17 -0.073044
  endloop
 endfacet
 facet normal -0.000384175038 -1.25765885e-05 0.000121810058
  outer loop
   vertex 0.18335 0 -0.030435
   vertex 0.193 0 0
   vertex 0.192586772185 0.0126228039414 0
  endloop
 endfacet
 facet normal -0.000364966286 -1.19477591e-05 0.000115719555
  outer loop
   vertex 0.18335 0 -0.030435
   vertex 0.192586772185 0.0126228039414 0
   vertex 0.182957433576 0.0119916637443 -0.030435
  endloop
 endfacet
 facet normal -0.000382529941 -3.76759108e-05 0.000121810058
  outer loop
   vertex 0.182957433576 0.0119916637443 -0.030435
   vertex 0.192586772185 0.0126228039414 0
   vertex 0.191348858245 0.0251915550985 0
  endloop
 endfacet
 facet normal -0.000363403444 -3.57921152e-05 0.000115719555
  outer loop
   vertex 0.182957433576 0.0119916637443 -0.030435
   vertex 0.191348858245 0.0251915550985 0
   vertex 0.181781415333 0.0239319773435 -0.030435
  endloop
 endfacet
 facet normal -0.000379246793 -6.26138989e-05 0.000121810058
  outer loop
   vertex 0.181781415333 0.0239319773435 -0.030435
   vertex 0.191348858245 0.0251915550985 0
   vertex 0.189291559118 0.0376524321491 0
  endloop
 endfacet
 facet normal -0.000360284453 -5.9483204e-05 0.000115719555
  outer loop
   vertex 0.181781415333 0.0239319773435 -0.030435
   vertex 0.189291559118 0.0376524321491 0
   vertex 0.179826981162 0.0357698105417 -0.030435
  endloop
 endfacet
 facet normal -0.000374339652 -8.72837648e-05 0.000121810058
  outer loop
   vertex 0.179826981162 0.0357698105417 -0.030435
   vertex 0.189291559118 0.0376524321491 0
   vertex 0.186423684474 0.0499520757048 0
  endloop
 endfacet
 facet normal -0.000355622669 -8.29195766e-05 0.000115719555
  outer loop
   vertex 0.179826981162 0.0357698105417 -0.030435
   vertex 0.186423684474 0.0499520757048 0
   vertex 0.17710250025 0.0474544719195 -0.030435
  endloop
 endfacet
 facet normal -0.00036782953 -0.000111579868 0.000121810058
  outer loop
   vertex 0.17710250025 0.0474544719195 -0.030435
   vertex 0.186423684474 0.0499520757048 0
   vertex 0.182757514993 0.0620378168035 0
  endloop
 endfacet
 facet normal -0.000349438054 -0.000106000875 0.000115719555
  outer loop
   vertex 0.17710250025 0.0474544719195 -0.030435
   vertex 0.182757514993 0.0620378168035 0
   vertex 0.173619639243 0.0589359259633 -0.030435
  endloop
 endfacet
 facet normal -0.000359744307 -0.000135398169 0.000121810058
  outer loop
   vertex 0.173619639243 0.0589359259633 -0.030435
   vertex 0.182757514993 0.0620378168035 0
   vertex 0.178308749775 0.0738579024465 0
  endloop
 endfacet
 facet normal -0.000341757091 -0.000128628261 0.000115719555
  outer loop
   vertex 0.173619639243 0.0589359259633 -0.030435
   vertex 0.178308749775 0.0738579024465 0
   vertex 0.169393312286 0.0701650073241 -0.030435
  endloop
 endfacet
 facet normal -0.000350118602 -0.000158636675 0.000121810058
  outer loop
   vertex 0.169393312286 0.0701650073241 -0.030435
   vertex 0.178308749775 0.0738579024465 0
   vertex 0.173096439116 0.0853617172123 0
  endloop
 endfacet
 facet normal -0.000332612672 -0.000150704841 0.000115719555
  outer loop
   vertex 0.169393312286 0.0701650073241 -0.030435
   vertex 0.173096439116 0.0853617172123 0
   vertex 0.16444161716 0.0810936313517 -0.030435
  endloop
 endfacet
 facet normal -0.000338993637 -0.000181195874 0.000121810058
  outer loop
   vertex 0.16444161716 0.0810936313517 -0.030435
   vertex 0.173096439116 0.0853617172123 0
   vertex 0.16714290293 0.0965 0
  endloop
 endfacet
 facet normal -0.000322043955 -0.00017213608 0.000115719555
  outer loop
   vertex 0.16444161716 0.0810936313517 -0.030435
   vertex 0.16714290293 0.0965 0
   vertex 0.158785757784 0.091675 -0.030435
  endloop
 endfacet
 facet normal -0.000326417048 -0.000202979164 0.000121810058
  outer loop
   vertex 0.158785757784 0.091675 -0.030435
   vertex 0.16714290293 0.0965 0
   vertex 0.160473635174 0.107225054973 0
  endloop
 endfacet
 facet normal -0.000310096196 -0.000192830206 0.000115719555
  outer loop
   vertex 0.158785757784 0.091675 -0.030435
   vertex 0.160473635174 0.107225054973 0
   vertex 0.152449953416 0.101863802224 -0.030435
  endloop
 endfacet
 facet normal -0.000312442692 -0.000223893267 0.000121810058
  outer loop
   vertex 0.152449953416 0.101863802224 -0.030435
   vertex 0.160473635174 0.107225054973 0
   vertex 0.153117194676 0.117490955799 0
  endloop
 endfacet
 facet normal -0.000296820557 -0.000212698603 0.000115719555
  outer loop
   vertex 0.152449953416 0.101863802224 -0.030435
   vertex 0.153117194676 0.117490955799 0
   vertex 0.145461334942 0.111616408009 -0.030435
  endloop
 endfacet
 facet normal -0.000297130408 -0.000243848624 0.000121810058
  outer loop
   vertex 0.145461334942 0.111616408009 -0.030435
   vertex 0.153117194676 0.117490955799 0
   vertex 0.145105082843 0.127253742314 0
  endloop
 endfacet
 facet normal -0.000282273887 -0.000231656192 0.000115719555
  outer loop
   vertex 0.145461334942 0.111616408009 -0.030435
   vertex 0.145105082843 0.127253742314 0
   vertex 0.137849828701 0.120891055199 -0.030435
  endloop
 endfacet
 facet normal -0.000280545766 -0.000262759783 0.000121810058
  outer loop
   vertex 0.137849828701 0.120891055199 -0.030435
   vertex 0.145105082843 0.127253742314 0
   vertex 0.136471608769 0.136471608769 0
  endloop
 endfacet
 facet normal -0.000266518477 -0.000249621794 0.000115719555
  outer loop
   vertex 0.137849828701 0.120891055199 -0.030435
   vertex 0.136471608769 0.136471608769 0
   vertex 0.129648028331 0.129648028331 -0.030435
  endloop
 endfacet
 facet normal -0.000262759783 -0.000280545766 0.000121810058
  outer loop
   vertex 0.129648028331 0.129648028331 -0.030435
   vertex 0.136471608769 0.136471608769 0
   vertex 0.127253742314 0.145105082843 0
  endloop
 endfacet
 facet normal -0.000249621794 -0.000266518477 0.000115719555
  outer loop
   vertex 0.129648028331 0.129648028331 -0.030435
   vertex 0.127253742314 0.145105082843 0
   vertex 0.120891055199 0.137849828701 -0.030435
  endloop
 endfacet
 facet normal -0.000243848624 -0.000297130408 0.000121810058
  outer loop
   vertex 0.120891055199 0.137849828701 -0.030435
   vertex 0.127253742314 0.145105082843 0
   vertex 0.117490955799 0.153117194676 0
  endloop
 endfacet
 facet normal -0.000231656192 -0.000282273887 0.000115719555
  outer loop
   vertex 0.120891055199 0.137849828701 -0.030435
   vertex 0.117490955799 0.153117194676 0
   vertex 0.111616408009 0.145461334942 -0.030435
  endloop
 endfacet
 facet normal -0.000223893267 -0.000312442692 0.000121810058
  outer loop
   vertex 0.111616408009 0.145461334942 -0.030435
   vertex 0.117490955799 0.153117194676 0
   vertex 0.107225054973 0.160473635174 0
  endloop
 endfacet
 facet normal -0.000212698603 -0.000296820557 0.000115719555
  outer loop
   vertex 0.111616408009 0.145461334942 -0.030435
   vertex 0.107225054973 0.160473635174 0
   vertex 0.101863802224 0.152449953416 -0.030435
  endloop
 endfacet
 facet normal -0.000202979164 -0.000326417048 0.000121810058
  outer loop
   vertex 0.101863802224 0.152449953416 -0.030435
   vertex 0.107225054973 0.160473635174 0
   vertex 0.0965 0.16714290293 0
  endloop
 endfacet
 facet normal -0.000192830206 -0.000310096196 0.000115719555
  outer loop
   vertex 0.101863802224 0.152449953416 -0.030435
   vertex 0.0965 0.16714290293 0
   vertex 0.091675 0.158785757784 -0.030435
  endloop
 endfacet
 facet normal -0.000181195874 -0.000338993637 0.000121810058
  outer loop
   vertex 0.091675 0.158785757784 -0.030435
   vertex 0.0965 0.16714290293 0
   vertex 0.0853617172123 0.173096439116 0
  endloop
 endfacet
 facet normal -0.00017213608 -0.000322043955 0.000115719555
  outer loop
   vertex 0.091675 0.158785757784 -0.030435
   vertex 0.0853617172123 0.173096439116 0
   vertex 0.0810936313517 0.16444161716 -0.030435
  endloop
 endfacet
 facet normal -0.000158636675 -0.000350118602 0.000121810058
  outer loop
   vertex 0.0810936313517 0.16444161716 -0.030435
   vertex 0.0853617172123 0.173096439116 0
   vertex 0.0738579024465 0.178308749775 0
  endloop
 endfacet
 facet normal -0.000150704841 -0.000332612672 0.000115719555
  outer loop
   vertex 0.0810936313517 0.16444161716 -0.030435
   vertex 0.0738579024465 0.178308749775 0
   vertex 0.0701650073241 0.169393312286 -0.030435
  endloop
 endfacet
 facet normal -0.000135398169 -0.000359744307 0.000121810058
  outer loop
   vertex 0.0701650073241 0.169393312286 -0.030435
   vertex 0.0738579024465 0.178308749775 0
   vertex 0.0620378168035 0.182757514993 0
  endloop
 endfacet
 facet normal -0.000128628261 -0.000341757091 0.000115719555
  outer loop
   vertex 0.0701650073241 0.169393312286 -0.030435
   vertex 0.0620378168035 0.182757514993 0
   vertex 0.0589359259633 0.173619639243 -0.030435
  endloop
 endfacet
 facet normal -0.000111579868 -0.00036782953 0.000121810058
  outer loop
   vertex 0.0589359259633 0.173619639243 -0.030435
   vertex 0.0620378168035 0.182757514993 0
   vertex 0.0499520757048 0.186423684474 0
  endloop
 endfacet
 facet normal -0.000106000875 -0.000349438054 0.000115719555
  outer loop
   vertex 0.0589359259633 0.173619639243 -0.030435
   vertex 0.0499520757048 0.186423684474 0
   vertex 0.0474544719195 0.17710250025 -0.030435
  endloop
 endfacet
 facet normal -8.72837648e-05 -0.000374339652 0.000121810058
  outer loop
   vertex 0.0474544719195 0.17710250025 -0.030435
   vertex 0.0499520757048 0.186423684474 0
   vertex 0.0376524321491 0.189291559118 0
  endloop
 endfacet
 facet normal -8.29195766e-05 -0.000355622669 0.000115719555
  outer loop
   vertex 0.0474544719195 0.17710250025 -0.030435
   vertex 0.0376524321491 0.189291559118 0
   vertex 0.0357698105417 0.179826981162 -0.030435
  endloop
 endfacet
 facet normal -6.26138989e-05 -0.000379246793 0.000121810058
  outer loop
   vertex 0.0357698105417 0.179826981162 -0.030435
   vertex 0.0376524321491 0.189291559118 0
   vertex 0.0251915550985 0.191348858245 0
  endloop
 endfacet
 facet normal -5.9483204e-05 -0.000360284453 0.000115719555
  outer loop
   vertex 0.0357698105417 0.179826981162 -0.030435
   vertex 0.0251915550985 0.191348858245 0
   vertex 0.0239319773435 0.181781415333 -0.030435
  endloop
 endfacet
 facet normal -3.76759108e-05 -0.000382529941 0.000121810058
  outer loop
   vertex 0.0239319773435 0.181781415333 -0.030435
   vertex 0.0251915550985 0.191348858245 0
   vertex 0.0126228039414 0.192586772185 0
  endloop
 endfacet
 facet normal -3.57921152e-05 -0.000363403444 0.000115719555
  outer loop
   vertex 0.0239319773435 0.181781415333 -0.030435
   vertex 0.0126228039414 0.192586772185 0
   vertex 0.0119916637443 0.182957433576 -0.030435
  endloop
 endfacet
 facet normal -1.25765885e-05 -0.000384175038 0.000121810058
  outer loop
   vertex 0.0119916637443 0.182957433576 -0.030435
   vertex 0.0126228039414 0.192586772185 0
   vertex 1.18178416118e-17 0.193 0
  endloop
 endfacet
 facet normal -1.19477591e-05 -0.000364966286 0.000115719555
  outer loop
   vertex 0.0119916637443 0.182957433576 -0.030435
   vertex 1.18178416118e-17 0.193 0
   vertex 1.12269495312e-17 0.18335 -0.030435
  endloop
 endfacet
 facet normal 1.25765885e-05 -0.000384175038 0.000121810058
  outer loop
   vertex 1.12269495312e-17 0.18335 -0.030435
   vertex 1.18178416118e-17 0.193 0
   vertex -0.0126228039414 0.192586772185 0
  endloop
 endfacet
 facet normal 1.19477591e-05 -0.000364966286 0.000115719555
  outer loop
   vertex 1.12269495312e-17 0.18335 -0.030435
   vertex -0.0126228039414 0.192586772185 0
   vertex -0.0119916637443 0.182957433576 -0.030435
  endloop
 endfacet
 facet normal 3.76759108e-05 -0.000382529941 0.000121810058
  outer loop
   vertex -0.0119916637443 0.182957433576 -0.030435
   vertex -0.0126228039414 0.192586772185 0
   vertex -0.0251915550985 0.191348858245 0
  endloop
 endfacet
 facet normal 3.57921152e-05 -0.000363403444 0.000115719555
  outer loop
   vertex -0.0119916637443 0.182957433576 -0.030435
   vertex -0.0251915550985 0.191348858245 0
   vertex -0.0239319773435 0.181781415333 -0.030435
  endloop
 endfacet
 facet normal 6.26138989e-05 -0.000379246793 0.000121810058
  outer loop
   vertex -0.0239319773435 0.181781415333 -0.030435
   vertex -0.0251915550985 0.191348858245 0
   vertex -0.0376524321491 0.189291559118 0
  endloop
 endfacet
 facet normal 5.9483204e-05 -0.000360284453 0.000115719555
  outer loop
   vertex -0.0239319773435 0.181781415333 -0.030435
   vertex -0.0376524321491 0.189291559118 0
   vertex -0.0357698105417 0.179826981162 -0.030435
  endloop
 endfacet
 facet normal 8.72837648e-05 -0.000374339652 0.000121810058
  outer loop
   vertex -0.0357698105417 0.179826981162 -0.030435
   vertex -0.0376524321491 0.189291559118 0
   vertex -0.0499520757048 0.186423684474 0
  endloop
 endfacet
 facet normal 8.29195766e-05 -0.000355622669 0.000115719555
  outer loop
   vertex -0.0357698105417 0.179826981162 -0.030435
   vertex -0.0499520757048 0.186423684474 0
   vertex -0.0474544719195 0.17710250025 -0.030435
  endloop
 endfacet
 facet normal 0.000111579868 -0.00036782953 0.000121810058
  outer loop
   vertex -0.0474544719195 0.17710250025 -0.030435
   vertex -0.0499520757048 0.186423684474 0
   vertex -0.0620378168035 0.182757514993 0
  endloop
 endfacet
 facet normal 0.000106000875 -0.000349438054 0.000115719555
  outer loop
   vertex -0.0474544719195 0.17710250025 -0.030435
   vertex -0.0620378168035 0.182757514993 0
   vertex -0.0589359259633 0.173619639243 -0.030435
  endloop
 endfacet
 facet normal 0.000135398169 -0.000359744307 0.000121810058
  outer loop
   vertex -0.0589359259633 0.173619639243 -0.030435
   vertex -0.0620378168035 0.182757514993 0
   vertex -0.0738579024465 0.178308749775 0
  endloop
 endfacet
 facet normal 0.000128628261 -0.000341757091 0.000115719555
  outer loop
   vertex -0.0589359259633 0.173619639243 -0.030435
   vertex -0.0738579024465 0.178308749775 0
   vertex -0.0701650073241 0.169393312286 -0.030435
  endloop
 endfacet
 facet normal 0.000158636675 -0.000350118602 0.000121810058
  outer loop
   vertex -0.0701650073241 0.169393312286 -0.030435
   vertex -0.0738579024465 0.178308749775 0
   vertex -0.0853617172123 0.173096439116 0
  endloop
 endfacet
 facet normal 0.000150704841 -0.000332612672 0.000115719555
  outer loop
   vertex -0.0701650073241 0.169393312286 -0.030435
   vertex -0.0853617172123 0.173096439116 0
   vertex -0.0810936313517 0.16444161716 -0.030435
  endloop
 endfacet
 facet normal 0.000181195874 -0.000338993637 0.000121810058
  outer loop
   vertex -0.0810936313517 0.16444161716 -0.030435
   vertex -0.0853617172123 0.173096439116 0
   vertex -0.0965 0.16714290293 0
  endloop
 endfacet
 facet normal 0.00017213608 -0.000322043955 0.000115719555
  outer loop
   vertex -0.0810936313517 0.16444161716 -0.030435
   vertex -0.0965 0.16714290293 0
   vertex -0.091675 0.158785757784 -0.030435
  endloop
 endfacet
 facet normal 0.000202979164 -0.000326417048 0.000121810058
  outer loop
   vertex -0.091675 0.158785757784 -0.030435
   vertex -0.0965 0.16714290293 0
   vertex -0.107225054973 0.160473635174 0
  endloop
 endfacet
 facet normal 0.000192830206 -0.000310096196 0.000115719555
  outer loop
   vertex -0.091675 0.158785757784 -0.030435
   vertex -0.107225054973 0.160473635174 0
   vertex -0.101863802224 0.152449953416 -0.030435
  endloop
 endfacet
 facet normal 0.000223893267 -0.000312442692 0.000121810058
  outer loop
   vertex -0.101863802224 0.152449953416 -0.030435
   vertex -0.107225054973 0.160473635174 0
   vertex -0.117490955799 0.153117194676 0
  endloop
 endfacet
 facet normal 0.000212698603 -0.000296820557 0.000115719555
  outer loop
   vertex -0.101863802224 0.152449953416 -0.030435
   vertex -0.117490955799 0.153117194676 0
   vertex -0.111616408009 0.145461334942 -0.030435
  endloop
 endfacet
 facet normal 0.000243848624 -0.000297130408 0.000121810058
  outer loop
   vertex -0.111616408009 0.145461334942 -0.030435
   vertex -0.117490955799 0.153117194676 0
   vertex -0.127253742314 0.145105082843 0
  endloop
 endfacet
 facet normal 0.000231656192 -0.000282273887 0.000115719555
  outer loop
   vertex -0.111616408009 0.145461334942 -0.030435
   vertex -0.127253742314 0.145105082843 0
   vertex -0.120891055199 0.137849828701 -0.030435
  endloop
 endfacet
 facet normal 0.000262759783 -0.000280545766 0.000121810058
  outer loop
   vertex -0.120891055199 0.137849828701 -0.030435
   vertex -0.127253742314 0.145105082843 0
   vertex -0.136471608769 0.136471608769 0
  endloop
 endfacet
 facet normal 0.000249621794 -0.000266518477 0.000115719555
  outer loop
   vertex -0.120891055199 0.137849828701 -0.030435
   vertex -0.136471608769 0.136471608769 0
   vertex -0.129648028331 0.129648028331 -0.030435
  endloop
 endfacet
 facet normal 0.000280545766 -0.000262759783 0.000121810058
  outer loop
   vertex -0.129648028331 0.129648028331 -0.030435
   vertex -0.136471608769 0.136471608769 0
   vertex -0.145105082843 0.127253742314 0
  endloop
 endfacet
 facet normal 0.000266518477 -0.000249621794 0.000115719555
  outer loop
   vertex -0.129648028331 0.129648028331 -0.030435
   vertex -0.145105082843 0.127253742314 0
   vertex -0.137849828701 0.120891055199 -0.030435
  endloop
 endfacet
 facet normal 0.000297130408 -0.000243848624 0.000121810058
  outer loop
   vertex -0.137849828701 0.120891055199 -0.030435
   vertex -0.145105082843 0.127253742314 0
   vertex -0.153117194676 0.117490955799 0
  endloop
 endfacet
 facet normal 0.000282273887 -0.000231656192 0.000115719555
  outer loop
   vertex -0.137849828701 0.120891055199 -0.030435
   vertex -0.153117194676 0.117490955799 0
   vertex -0.145461334942 0.111616408009 -0.030435
  endloop
 endfacet
 facet normal 0.000312442692 -0.000223893267 0.000121810058
  outer loop
   vertex -0.145461334942 0.111616408009 -0.030435
   vertex -0.153117194676 0.117490955799 0
   vertex -0.160473635174 0.107225054973 0
  endloop
 endfacet
 facet normal 0.000296820557 -0.000212698603 0.000115719555
  outer loop
   vertex -0.145461334942 0.111616408009 -0.030435
   vertex -0.160473635174 0.107225054973 0
   vertex -0.152449953416 0.101863802224 -0.030435
  endloop
 endfacet
 facet normal 0.000326417048 -0.000202979164 0.000121810058
  outer loop
   vertex -0.152449953416 0.101863802224 -0.030435
   vertex -0.160473635174 0.107225054973 0
   vertex -0.16714290293 0.0965 0
  endloop
 endfacet
 facet normal 0.000310096196 -0.000192830206 0.000115719555
  outer loop
   vertex -0.152449953416 0.101863802224 -0.030435
   vertex -0.16714290293 0.0965 0
   vertex -0.158785757784 0.091675 -0.030435
  endloop
 endfacet
 facet normal 0.000338993637 -0.000181195874 0.000121810058
  outer loop
   vertex -0.158785757784 0.091675 -0.030435
   vertex -0.16714290293 0.0965 0
   vertex -0.173096439116 0.0853617172123 0
  endloop
 endfacet
 facet normal 0.000322043955 -0.00017213608 0.000115719555
  outer loop
   vertex -0.158785757784 0.091675 -0.030435
   vertex -0.173096439116 0.0853617172123 0
   vertex -0.16444161716 0.0810936313517 -0.030435
  endloop
 endfacet
 facet normal 0.000350118602 -0.000158636675 0.000121810058
  outer loop
   vertex -0.16444161716 0.0810936313517 -0.030435
   vertex -0.173096439116 0.0853617172123 0
   vertex -0.178308749775 0.0738579024465 0
  endloop
 endfacet
 facet normal 0.000332612672 -0.000150704841 0.000115719555
  outer loop
   vertex -0.16444161716 0.0810936313517 -0.030435
   vertex -0.178308749775 0.0738579024465 0
   vertex -0.169393312286 0.0701650073241 -0.030435
  endloop
 endfacet
 facet normal 0.000359744307 -0.000135398169 0.000121810058
  outer loop
   vertex -0.169393312286 0.0701650073241 -0.030435
   vertex -0.178308749775 0.0738579024465 0
   vertex -0.182757514993 0.0620378168035 0
  endloop
 endfacet
 facet normal 0.000341757091 -0.000128628261 0.000115719555
  outer loop
   vertex -0.169393312286 0.0701650073241 -0.030435
   vertex -0.182757514993 0.0620378168035 0
   vertex -0.173619639243 0.0589359259633 -0.030435
  endloop
 endfacet
 facet normal 0.00036782953 -0.000111579868 0.000121810058
  outer loop
   vertex -0.173619639243 0.0589359259633 -0.030435
   vertex -0.182757514993 0.0620378168035 0
   vertex -0.186423684474 0.0499520757048 0
  endloop
 endfacet
 facet normal 0.000349438054 -0.000106000875 0.000115719555
  outer loop
   vertex -0.173619639243 0.0589359259633 -0.030435
   vertex -0.186423684474 0.0499520757048 0
   vertex -0.17710250025 0.0474544719195 -0.030435
  endloop
 endfacet
 facet normal 0.000374339652 -8.72837648e-05 0.000121810058
  outer loop
   vertex -0.17710250025 0.0474544719195 -0.030435
   vertex -0.186423684474 0.0499520757048 0
   vertex -0.189291559118 0.0376524321491 0
  endloop
 endfacet
 facet normal 0.000355622669 -8.29195766e-05 0.000115719555
  outer loop
   vertex -0.17710250025 0.0474544719195 -0.030435
   vertex -0.189291559118 0.0376524321491 0
   vertex -0.179826981162 0.0357698105417 -0.030435
  endloop
 endfacet
 facet normal 0.000379246793 -6.26138989e-05 0.000121810058
  outer loop
   vertex -0.179826981162 0.0357698105417 -0.030435
   vertex -0.189291559118 0.0376524321491 0
   vertex -0.191348858245 0.0251915550985 0
  endloop
 endfacet
 facet normal 0.000360284453 -5.9483204e-05 0.000115719555
  outer loop
   vertex -0.179826981162 0.0357698105417 -0.030435
   vertex -0.191348858245 0.0251915550985 0
   vertex -0.181781415333 0.0239319773435 -0.030435
  endloop
 endfacet
 facet normal 0.000382529941 -3.76759108e-05 0.000121810058
  outer loop
   vertex -0.181781415333 0.0239319773435 -0.030435
   vertex -0.191348858245 0.0251915550985 0
   vertex -0.192586772185 0.0126228039414 0
  endloop
 endfacet
 facet normal 0.000363403444 -3.57921152e-05 0.000115719555
  outer loop
   vertex -0.181781415333 0.0239319773435 -0.030435
   vertex -0.192586772185 0.0126228039414 0
   vertex -0.182957433576 0.0119916637443 -0.030435
  endloop
 endfacet
 facet normal 0.000384175038 -1.25765885e-05 0.000121810058
  outer loop
   vertex -0.182957433576 0.0119916637443 -0.030435
   vertex -0.192586772185 0.0126228039414 0
   vertex -0.193 2.36356832235e-17 0
  endloop
 endfacet
 facet normal 0.000364966286 -1.19477591e-05 0.000115719555
  outer loop
   vertex -0.182957433576 0.0119916637443 -0.030435
   vertex -0.193 2.36356832235e-17 0
   vertex -0.18335 2.24538990624e-17 -0.030435
  endloop
 endfacet
 facet normal 0.000384175038 1.25765885e-05 0.000121810058
  outer loop
   vertex -0.18335 2.24538990624e-17 -0.030435
   vertex -0.193 2.36356832235e-17 0
   vertex -0.192586772185 -0.0126228039414 0
  endloop
 endfacet
 facet normal 0.000364966286 1.19477591e-05 0.000115719555
  outer loop
   vertex -0.18335 2.24538990624e-17 -0.030435
   vertex -0.192586772185 -0.0126228039414 0
   vertex -0.182957433576 -0.0119916637443 -0.030435
  endloop
 endfacet
 facet normal 0.000382529941 3.76759108e-05 0.000121810058
  outer loop
   vertex -0.182957433576 -0.0119916637443 -0.030435
   vertex -0.192586772185 -0.0126228039414 0
   vertex -0.191348858245 -0.0251915550985 0
  endloop
 endfacet
 facet normal 0.000363403444 3.57921152e-05 0.000115719555
  outer loop
   vertex -0.182957433576 -0.0119916637443 -0.030435
   vertex -0.191348858245 -0.0251915550985 0
   vertex -0.181781415333 -0.0239319773435 -0.030435
  endloop
 endfacet
 facet normal 0.000379246793 6.26138989e-05 0.000121810058
  outer loop
   vertex -0.181781415333 -0.0239319773435 -0.030435
   vertex -0.191348858245 -0.0251915550985 0
   vertex -0.189291559118 -0.0376524321491 0
  endloop
 endfacet
 facet normal 0.000360284453 5.9483204e-05 0.000115719555
  outer loop
   vertex -0.181781415333 -0.0239319773435 -0.030435
   vertex -0.189291559118 -0.0376524321491 0
   vertex -0.179826981162 -0.0357698105417 -0.030435
  endloop
 endfacet
 facet normal 0.000374339652 8.72837648e-05 0.000121810058
  outer loop
   vertex -0.179826981162 -0.0357698105417 -0.030435
   vertex -0.189291559118 -0.0376524321491 0
   vertex -0.186423684474 -0.0499520757048 0
  endloop
 endfacet
 facet normal 0.000355622669 8.29195766e-05 0.000115719555
  outer loop
   vertex -0.179826981162 -0.0357698105417 -0.030435
   vertex -0.186423684474 -0.0499520757048 0
   vertex -0.17710250025 -0.0474544719195 -0.030435
  endloop
 endfacet
 facet normal 0.00036782953 0.000111579868 0.000121810058
  outer loop
   vertex -0.17710250025 -0.0474544719195 -0.030435
   vertex -0.186423684474 -0.0499520757048 0
   vertex -0.182757514993 -0.0620378168035 0
  endloop
 endfacet
 facet normal 0.000349438054 0.000106000875 0.000115719555
  outer loop
   vertex -0.17710250025 -0.0474544719195 -0.030435
   vertex -0.182757514993 -0.0620378168035 0
   vertex -0.173619639243 -0.0589359259633 -0.030435
  endloop
 endfacet
 facet normal 0.000359744307 0.000135398169 0.000121810058
  outer loop
   vertex -0.173619639243 -0.0589359259633 -0.030435
   vertex -0.182757514993 -0.0620378168035 0
   vertex -0.178308749775 -0.0738579024465 0
  endloop
 endfacet
 facet normal 0.000341757091 0.000128628261 0.000115719555
  outer loop
   vertex -0.173619639243 -0.0589359259633 -0.030435
   vertex -0.178308749775 -0.0738579024465 0
   vertex -0.169393312286 -0.0701650073241 -0.030435
  endloop
 endfacet
 facet normal 0.000350118602 0.000158636675 0.000121810058
  outer loop
   vertex -0.169393312286 -0.0701650073241 -0.030435
   vertex -0.178308749775 -0.0738579024465 0
   vertex -0.173096439116 -0.0853617172123 0
  endloop
 endfacet
 facet normal 0.000332612672 0.000150704841 0.000115719555
  outer loop
   vertex -0.169393312286 -0.0701650073241 -0.030435
   vertex -0.173096439116 -0.0853617172123 0
   vertex -0.16444161716 -0.0810936313517 -0.030435
  endloop
 endfacet
 facet normal 0.000338993637 0.000181195874 0.000121810058
  outer loop
   vertex -0.16444161716 -0.0810936313517 -0.030435
   vertex -0.173096439116 -0.0853617172123 0
   vertex -0.16714290293 -0.0965 0
  endloop
 endfacet
 facet normal 0.000322043955 0.00017213608 0.000115719555
  outer loop
   vertex -0.16444161716 -0.0810936313517 -0.030435
   vertex -0.16714290293 -0.0965 0
   vertex -0.158785757784 -0.091675 -0.030435
  endloop
 endfacet
 facet normal 0.000326417048 0.000202979164 0.000121810058
  outer loop
   vertex -0.158785757784 -0.091675 -0.030435
   vertex -0.16714290293 -0.0965 0
   vertex -0.160473635174 -0.107225054973 0
  endloop
 endfacet
 facet normal 0.000310096196 0.000192830206 0.000115719555
  outer loop
   vertex -0.158785757784 -0.091675 -0.030435
   vertex -0.160473635174 -0.107225054973 0
   vertex -0.152449953416 -0.101863802224 -0.030435
  endloop
 endfacet
 facet normal 0.000312442692 0.000223893267 0.000121810058
  outer loop
   vertex -0.152449953416 -0.101863802224 -0.030435
   vertex -0.160473635174 -0.107225054973 0
   vertex -0.153117194676 -0.117490955799 0
  endloop
 endfacet
 facet normal 0.000296820557 0.000212698603 0.000115719555
  outer loop
   vertex -0.152449953416 -0.101863802224 -0.030435
   vertex -0.153117194676 -0.117490955799 0
   vertex -0.145461334942 -0.111616408009 -0.030435
  endloop
 endfacet
 facet normal 0.000297130408 0.000243848624 0.000121810058
  outer loop
   vertex -0.145461334942 -0.111616408009 -0.030435
   vertex -0.153117194676 -0.117490955799 0
   vertex -0.145105082843 -0.127253742314 0
  endloop
 endfacet
 facet normal 0.000282273887 0.000231656192 0.000115719555
  outer loop
   vertex -0.145461334942 -0.111616408009 -0.030435
   vertex -0.145105082843 -0.127253742314 0
   vertex -0.137849828701 -0.120891055199 -0.030435
  endloop
 endfacet
 facet normal 0.000280545766 0.000262759783 0.000121810058
  outer loop
   vertex -0.137849828701 -0.120891055199 -0.030435
   vertex -0.145105082843 -0.127253742314 0
   vertex -0.136471608769 -0.136471608769 0
  endloop
 endfacet
 facet normal 0.000266518477 0.000249621794 0.000115719555
  outer loop
   vertex -0.137849828701 -0.120891055199 -0.030435
   vertex -0.136471608769 -0.136471608769 0
   vertex -0.129648028331 -0.129648028331 -0.030435
  endloop
 endfacet
 facet normal 0.000262759783 0.000280545766 0.000121810058
  outer loop
   vertex -0.129648028331 -0.129648028331 -0.030435
   vertex -0.136471608769 -0.136471608769 0
   vertex -0.127253742314 -0.145105082843 0
  endloop
 endfacet
 facet normal 0.000249621794 0.000266518477 0.000115719555
  outer loop
   vertex -0.129648028331 -0.129648028331 -0.030435
   vertex -0.127253742314 -0.145105082843 0
   vertex -0.120891055199 -0.137849828701 -0.030435
  endloop
 endfacet
 facet normal 0.000243848624 0.000297130408 0.000121810058
  outer loop
   vertex -0.120891055199 -0.137849828701 -0.030435
   vertex -0.127253742314 -0.145105082843 0
   vertex -0.117490955799 -0.153117194676 0
  endloop
 endfacet
 facet normal 0.000231656192 0.000282273887 0.000115719555
  outer loop
   vertex -0.120891055199 -0.137849828701 -0.030435
   vertex -0.117490955799 -0.153117194676 0
   vertex -0.111616408009 -0.145461334942 -0.030435
  endloop
 endfacet
 facet normal 0.000223893267 0.000312442692 0.000121810058
  outer loop
   vertex -0.111616408009 -0.145461334942 -0.030435
   vertex -0.117490955799 -0.153117194676 0
   vertex -0.107225054973 -0.160473635174 0
  endloop
 endfacet
 facet normal 0.000212698603 0.000296820557 0.000115719555
  outer loop
   vertex -0.111616408009 -0.145461334942 -0.030435
   vertex -0.107225054973 -0.160473635174 0
   vertex -0.101863802224 -0.152449953416 -0.030435
  endloop
 endfacet
 facet normal 0.000202979164 0.000326417048 0.000121810058
  outer loop
   vertex -0.101863802224 -0.152449953416 -0.030435
   vertex -0.107225054973 -0.160473635174 0
   vertex -0.0965 -0.16714290293 0
  endloop
 endfacet
 facet normal 0.000192830206 0.000310096196 0.000115719555
  outer loop
   vertex -0.101863802224 -0.152449953416 -0.030435
   vertex -0.0965 -0.16714290293 0
   vertex -0.091675 -0.158785757784 -0.030435
  endloop
 endfacet
 facet normal 0.000181195874 0.000338993637 0.000121810058
  outer loop
   vertex -0.091675 -0.158785757784 -0.030435
   vertex -0.0965 -0.16714290293 0
   vertex -0.0853617172123 -0.173096439116 0
  endloop
 endfacet
 facet normal 0.00017213608 0.000322043955 0.000115719555
  outer loop
   vertex -0.091675 -0.158785757784 -0.030435
   vertex -0.0853617172123 -0.173096439116 0
   vertex -0.0810936313517 -0.16444161716 -0.030435
  endloop
 endfacet
 facet normal 0.000158636675 0.000350118602 0.000121810058
  outer loop
   vertex -0.0810936313517 -0.16444161716 -0.030435
   vertex -0.0853617172123 -0.173096439116 0
   vertex -0.0738579024465 -0.178308749775 0
  endloop
 endfacet
 facet normal 0.000150704841 0.000332612672 0.000115719555
  outer loop
   vertex -0.0810936313517 -0.16444161716 -0.030435
   vertex -0.0738579024465 -0.178308749775 0
   vertex -0.0701650073241 -0.169393312286 -0.030435
  endloop
 endfacet
 facet normal 0.000135398169 0.000359744307 0.000121810058
  outer loop
   vertex -0.0701650073241 -0.169393312286 -0.030435
   vertex -0.0738579024465 -0.178308749775 0
   vertex -0.0620378168035 -0.182757514993 0
  endloop
 endfacet
 facet normal 0.000128628261 0.000341757091 0.000115719555
  outer loop
   vertex -0.0701650073241 -0.169393312286 -0.030435
   vertex -0.0620378168035 -0.182757514993 0
   vertex -0.0589359259633 -0.173619639243 -0.030435
  endloop
 endfacet
 facet normal 0.000111579868 0.00036782953 0.000121810058
  outer loop
   vertex -0.0589359259633 -0.173619639243 -0.030435
   vertex -0.0620378168035 -0.182757514993 0
   vertex -0.0499520757048 -0.186423684474 0
  endloop
 endfacet
 facet normal 0.000106000875 0.000349438054 0.000115719555
  outer loop
   vertex -0.0589359259633 -0.173619639243 -0.030435
   vertex -0.0499520757048 -0.186423684474 0
   vertex -0.0474544719195 -0.17710250025 -0.030435
  endloop
 endfacet
 facet normal 8.72837648e-05 0.000374339652 0.000121810058
  outer loop
   vertex -0.0474544719195 -0.17710250025 -0.030435
   vertex -0.0499520757048 -0.186423684474 0
   vertex -0.0376524321491 -0.189291559118 0
  endloop
 endfacet
 facet normal 8.29195766e-05 0.000355622669 0.000115719555
  outer loop
   vertex -0.0474544719195 -0.17710250025 -0.030435
   vertex -0.0376524321491 -0.189291559118 0
   vertex -0.0357698105417 -0.179826981162 -0.030435
  endloop
 endfacet
 facet normal 6.26138989e-05 0.000379246793 0.000121810058
  outer loop
   vertex -0.0357698105417 -0.179826981162 -0.030435
   vertex -0.0376524321491 -0.189291559118 0
   vertex -0.0251915550985 -0.191348858245 0
  endloop
 endfacet
 facet normal 5.9483204e-05 0.000360284453 0.000115719555
  outer loop
   vertex -0.0357698105417 -0.179826981162 -0.030435
   vertex -0.0251915550985 -0.191348858245 0
   vertex -0.0239319773435 -0.181781415333 -0.030435
  endloop
 endfacet
 facet normal 3.76759108e-05 0.000382529941 0.000121810058
  outer loop
   vertex -0.0239319773435 -0.181781415333 -0.030435
   vertex -0.0251915550985 -0.191348858245 0
   vertex -0.0126228039414 -0.192586772185 0
  endloop
 endfacet
 facet normal 3.57921152e-05 0.000363403444 0.000115719555
  outer loop
   vertex -0.0239319773435 -0.181781415333 -0.030435
   vertex -0.0126228039414 -0.192586772185 0
   vertex -0.0119916637443 -0.182957433576 -0.030435
  endloop
 endfacet
 facet normal 1.25765885e-05 0.000384175038 0.000121810058
  outer loop
   vertex -0.0119916637443 -0.182957433576 -0.030435
   vertex -0.0126228039414 -0.192586772185 0
   vertex -3.54535248353e-17 -0.193 0
  endloop
 endfacet
 facet normal 1.19477591e-05 0.000364966286 0.000115719555
  outer loop
   vertex -0.0119916637443 -0.182957433576 -0.030435
   vertex -3.54535248353e-17 -0.193 0
   vertex -3.36808485936e-17 -0.18335 -0.030435
  endloop
 endfacet
 facet normal -1.25765885e-05 0.000384175038 0.000121810058
  outer loop
   vertex -3.36808485936e-17 -0.18335 -0.030435
   vertex -3.54535248353e-17 -0.193 0
   vertex 0.0126228039414 -0.192586772185 0
  endloop
 endfacet
 facet normal -1.19477591e-05 0.000364966286 0.000115719555
  outer loop
   vertex -3.36808485936e-17 -0.18335 -0.030435
   vertex 0.0126228039414 -0.192586772185 0
   vertex 0.0119916637443 -0.182957433576 -0.030435
  endloop
 endfacet
 facet normal -3.76759108e-05 0.000382529941 0.000121810058
  outer loop
   vertex 0.0119916637443 -0.182957433576 -0.030435
   vertex 0.0126228039414 -0.192586772185 0
   vertex 0.0251915550985 -0.191348858245 0
  endloop
 endfacet
 facet normal -3.57921152e-05 0.000363403444 0.000115719555
  outer loop
   vertex 0.0119916637443 -0.182957433576 -0.030435
   vertex 0.0251915550985 -0.191348858245 0
   vertex 0.0239319773435 -0.181781415333 -0.030435
  endloop
 endfacet
 facet normal -6.26138989e-05 0.000379246793 0.000121810058
  outer loop
   vertex 0.0239319773435 -0.181781415333 -0.030435
   vertex 0.0251915550985 -0.191348858245 0
   vertex 0.0376524321491 -0.189291559118 0
  endloop
 endfacet
 facet normal -5.9483204e-05 0.000360284453 0.000115719555
  outer loop
   vertex 0.0239319773435 -0.181781415333 -0.030435
   vertex 0.0376524321491 -0.189291559118 0
   vertex 0.0357698105417 -0.179826981162 -0.030435
  endloop
 endfacet
 facet normal -8.72837648e-05 0.000374339652 0.000121810058
  outer loop
   vertex 0.0357698105417 -0.179826981162 -0.030435
   vertex 0.0376524321491 -0.189291559118 0
   vertex 0.0499520757048 -0.186423684474 0
  endloop
 endfacet
 facet normal -8.29195766e-05 0.000355622669 0.000115719555
  outer loop
   vertex 0.0357698105417 -0.179826981162 -0.030435
   vertex 0.0499520757048 -0.186423684474 0
   vertex 0.0474544719195 -0.17710250025 -0.030435
  endloop
 endfacet
 facet normal -0.000111579868 0.00036782953 0.000121810058
  outer loop
   vertex 0.0474544719195 -0.17710250025 -0.030435
   vertex 0.0499520757048 -0.186423684474 0
   vertex 0.0620378168035 -0.182757514993 0
  endloop
 endfacet
 facet normal -0.000106000875 0.000349438054 0.000115719555
  outer loop
   vertex 0.0474544719195 -0.17710250025 -0.030435
   vertex 0.0620378168035 -0.182757514993 0
   vertex 0.0589359259633 -0.173619639243 -0.030435
  endloop
 endfacet
 facet normal -0.000135398169 0.000359744307 0.000121810058
  outer loop
   vertex 0.0589359259633 -0.173619639243 -0.030435
   vertex 0.0620378168035 -0.182757514993 0
   vertex 0.0738579024465 -0.178308749775 0
  endloop
 endfacet
 facet normal -0.000128628261 0.000341757091 0.000115719555
  outer loop
   vertex 0.0589359259633 -0.173619639243 -0.030435
   vertex 0.0738579024465 -0.178308749775 0
   vertex 0.0701650073241 -0.169393312286 -0.030435
  endloop
 endfacet
 facet normal -0.000158636675 0.000350118602 0.000121810058
  outer loop
   vertex 0.0701650073241 -0.169393312286 -0.030435
   vertex 0.0738579024465 -0.178308749775 0
   vertex 0.0853617172123 -0.173096439116 0
  endloop
 endfacet
 facet normal -0.000150704841 0.000332612672 0.000115719555
  outer loop
   vertex 0.0701650073241 -0.169393312286 -0.030435
   vertex 0.0853617172123 -0.173096439116 0
   vertex 0.0810936313517 -0.16444161716 -0.030435
  endloop
 endfacet
 facet normal -0.000181195874 0.000338993637 0.000121810058
  outer loop
   vertex 0.0810936313517 -0.16444161716 -0.030435
   vertex 0.0853617172123 -0.173096439116 0
   vertex 0.0965 -0.16714290293 0
  endloop
 endfacet
 facet normal -0.00017213608 0.000322043955 0.000115719555
  outer loop
   vertex 0.0810936313517 -0.16444161716 -0.030435
   vertex 0.0965 -0.16714290293 0
   vertex 0.091675 -0.158785757784 -0.030435
  endloop
 endfacet
 facet normal -0.000202979164 0.000326417048 0.000121810058
  outer loop
   vertex 0.091675 -0.158785757784 -0.030435
   vertex 0.0965 -0.16714290293 0
   vertex 0.107225054973 -0.160473635174 0
  endloop
 endfacet
 facet normal -0.000192830206 0.000310096196 0.000115719555
  outer loop
   vertex 0.091675 -0.158785757784 -0.030435
   vertex 0.107225054973 -0.160473635174 0
   vertex 0.101863802224 -0.152449953416 -0.030435
  endloop
 endfacet
 facet normal -0.000223893267 0.000312442692 0.000121810058
  outer loop
   vertex 0.101863802224 -0.152449953416 -0.030435
   vertex 0.107225054973 -0.160473635174 0
   vertex 0.117490955799 -0.153117194676 0
  endloop
 endfacet
 facet normal -0.000212698603 0.000296820557 0.000115719555
  outer loop
   vertex 0.101863802224 -0.152449953416 -0.030435
   vertex 0.117490955799 -0.153117194676 0
   vertex 0.111616408009 -0.145461334942 -0.030435
  endloop
 endfacet
 facet normal -0.000243848624 0.000297130408 0.000121810058
  outer loop
   vertex 0.111616408009 -0.145461334942 -0.030435
   vertex 0.117490955799 -0.153117194676 0
   vertex 0.127253742314 -0.145105082843 0
  endloop
 endfacet
 facet normal -0.000231656192 0.000282273887 0.000115719555
  outer loop
   vertex 0.111616408009 -0.145461334942 -0.030435
   vertex 0.127253742314 -0.145105082843 0
   vertex 0.120891055199 -0.137849828701 -0.030435
  endloop
 endfacet
 facet normal -0.000262759783 0.000280545766 0.000121810058
  outer loop
   vertex 0.120891055199 -0.137849828701 -0.030435
   vertex 0.127253742314 -0.145105082843 0
   vertex 0.136471608769 -0.136471608769 0
  endloop
 endfacet
 facet normal -0.000249621794 0.000266518477 0.000115719555
  outer loop
   vertex 0.120891055199 -0.137849828701 -0.030435
   vertex 0.136471608769 -0.136471608769 0
   vertex 0.129648028331 -0.129648028331 -0.030435
  endloop
 endfacet
 facet normal -0.000280545766 0.000262759783 0.000121810058
  outer loop
   vertex 0.129648028331 -0.129648028331 -0.030435
   vertex 0.136471608769 -0.136471608769 0
   vertex 0.145105082843 -0.127253742314 0
  endloop
 endfacet
 facet normal -0.000266518477 0.000249621794 0.000115719555
  outer loop
   vertex 0.129648028331 -0.129648028331 -0.030435
   vertex 0.145105082843 -0.127253742314 0
   vertex 0.137849828701 -0.120891055199 -0.030435
  endloop
 endfacet
 facet normal -0.000297130408 0.000243848624 0.000121810058
  outer loop
   vertex 0.137849828701 -0.120891055199 -0.030435
   vertex 0.145105082843 -0.127253742314 0
   vertex 0.153117194676 -0.117490955799 0
  endloop
 endfacet
 facet normal -0.000282273887 0.000231656192 0.000115719555
  outer loop
   vertex 0.137849828701 -0.120891055199 -0.030435
   vertex 0.153117194676 -0.117490955799 0
   vertex 0.145461334942 -0.111616408009 -0.030435
  endloop
 endfacet
 facet normal -0.000312442692 0.000223893267 0.000121810058
  outer loop
   vertex 0.145461334942 -0.111616408009 -0.030435
   vertex 0.153117194676 -0.117490955799 0
   vertex 0.160473635174 -0.107225054973 0
  endloop
 endfacet
 facet normal -0.000296820557 0.000212698603 0.000115719555
  outer loop
   vertex 0.145461334942 -0.111616408009 -0.030435
   vertex 0.160473635174 -0.107225054973 0
   vertex 0.152449953416 -0.101863802224 -0.030435
  endloop
 endfacet
 facet normal -0.000326417048 0.000202979164 0.000121810058
  outer loop
   vertex 0.152449953416 -0.101863802224 -0.030435
   vertex 0.160473635174 -0.107225054973 0
   vertex 0.16714290293 -0.0965 0
  endloop
 endfacet
 facet normal -0.000310096196 0.000192830206 0.000115719555
  outer loop
   vertex 0.152449953416 -0.101863802224 -0.030435
   vertex 0.16714290293 -0.0965 0
   vertex 0.158785757784 -0.091675 -0.030435
  endloop
 endfacet
 facet normal -0.000338993637 0.000181195874 0.000121810058
  outer loop
   vertex 0.158785757784 -0.091675 -0.030435
   vertex 0.16714290293 -0.0965 0
   vertex 0.173096439116 -0.0853617172123 0
  endloop
 endfacet
 facet normal -0.000322043955 0.00017213608 0.000115719555
  outer loop
   vertex 0.158785757784 -0.091675 -0.030435
   vertex 0.173096439116 -0.0853617172123 0
   vertex 0.16444161716 -0.0810936313517 -0.030435
  endloop
 endfacet
 facet normal -0.000350118602 0.000158636675 0.000121810058
  outer loop
   vertex 0.16444161716 -0.0810936313517 -0.030435
   vertex 0.173096439116 -0.0853617172123 0
   vertex 0.178308749775 -0.0738579024465 0
  endloop
 endfacet
 facet normal -0.000332612672 0.000150704841 0.000115719555
  outer loop
   vertex 0.16444161716 -0.0810936313517 -0.030435
   vertex 0.178308749775 -0.0738579024465 0
   vertex 0.169393312286 -0.0701650073241 -0.030435
  endloop
 endfacet
 facet normal -0.000359744307 0.000135398169 0.000121810058
  outer loop
   vertex 0.169393312286 -0.0701650073241 -0.030435
   vertex 0.178308749775 -0.0738579024465 0
   vertex 0.182757514993 -0.0620378168035 0
  endloop
 endfacet
 facet normal -0.000341757091 0.000128628261 0.000115719555
  outer loop
   vertex 0.169393312286 -0.0701650073241 -0.030435
   vertex 0.182757514993 -0.0620378168035 0
   vertex 0.173619639243 -0.0589359259633 -0.030435
  endloop
 endfacet
 facet normal -0.00036782953 0.000111579868 0.000121810058
  outer loop
   vertex 0.173619639243 -0.0589359259633 -0.030435
   vertex 0.182757514993 -0.0620378168035 0
   vertex 0.186423684474 -0.0499520757048 0
  endloop
 endfacet
 facet normal -0.000349438054 0.000106000875 0.000115719555
  outer loop
   vertex 0.173619639243 -0.0589359259633 -0.030435
   vertex 0.186423684474 -0.0499520757048 0
   vertex 0.17710250025 -0.0474544719195 -0.030435
  endloop
 endfacet
 facet normal -0.000374339652 8.72837648e-05 0.000121810058
  outer loop
   vertex 0.17710250025 -0.0474544719195 -0.030435
   vertex 0.186423684474 -0.0499520757048 0
   vertex 0.189291559118 -0.0376524321491 0
  endloop
 endfacet
 facet normal -0.000355622669 8.29195766e-05 0.000115719555
  outer loop
   vertex 0.17710250025 -0.0474544719195 -0.030435
   vertex 0.189291559118 -0.0376524321491 0
   vertex 0.179826981162 -0.0357698105417 -0.030435
  endloop
 endfacet
 facet normal -0.000379246793 6.26138989e-05 0.000121810058
  outer loop
   vertex 0.179826981162 -0.0357698105417 -0.030435
   vertex 0.189291559118 -0.0376524321491 0
   vertex 0.191348858245 -0.0251915550985 0
  endloop
 endfacet
 facet normal -0.000360284453 5.9483204e-05 0.000115719555
  outer loop
   vertex 0.179826981162 -0.0357698105417 -0.030435
   vertex 0.191348858245 -0.0251915550985 0
   vertex 0.181781415333 -0.0239319773435 -0.030435
  endloop
 endfacet
 facet normal -0.000382529941 3.76759108e-05 0.000121810058
  outer loop
   vertex 0.181781415333 -0.0239319773435 -0.030435
   vertex 0.191348858245 -0.0251915550985 0
   vertex 0.192586772185 -0.0126228039414 0
  endloop
 endfacet
 facet normal -0.000363403444 3.57921152e-05 0.000115719555
  outer loop
   vertex 0.181781415333 -0.0239319773435 -0.030435
   vertex 0.192586772185 -0.0126228039414 0
   vertex 0.182957433576 -0.0119916637443 -0.030435
  endloop
 endfacet
 facet normal -0.000384175038 1.25765885e-05 0.000121810058
  outer loop
   vertex 0.182957433576 -0.0119916637443 -0.030435
   vertex 0.192586772185 -0.0126228039414 0
   vertex 0.193 -4.72713664471e-17 0
  endloop
 endfacet
 facet normal -0.000364966286 1.19477591e-05 0.000115719555
  outer loop
   vertex 0.182957433576 -0.0119916637443 -0.030435
   vertex 0.193 -4.72713664471e-17 0
   vertex 0.18335 -4.49077981247e-17 -0.030435
  endloop
 endfacet
 facet normal -0.00693118164 -0.000226903393 0
  outer loop
   vertex 0.193 0 0
   vertex 0.193 0 0.5491
   vertex 0.192586772185 0.0126228039414 0.5491
  endloop
 endfacet
 facet normal -0.00693118164 -0.000226903393 0
  outer loop
   vertex 0.193 0 0
   vertex 0.192586772185 0.0126228039414 0.5491
   vertex 0.192586772185 0.0126228039414 0
  endloop
 endfacet
 facet normal -0.00690150126 -0.000679738544 0
  outer loop
   vertex 0.192586772185 0.0126228039414 0
   vertex 0.192586772185 0.0126228039414 0.5491
   vertex 0.191348858245 0.0251915550985 0.5491
  endloop
 endfacet
 facet normal -0.00690150126 -0.000679738544 0
  outer loop
   vertex 0.192586772185 0.0126228039414 0
   vertex 0.191348858245 0.0251915550985 0.5491
   vertex 0.191348858245 0.0251915550985 0
  endloop
 endfacet
 facet normal -0.00684226759 -0.00112966295 0
  outer loop
   vertex 0.191348858245 0.0251915550985 0
   vertex 0.191348858245 0.0251915550985 0.5491
   vertex 0.189291559118 0.0376524321491 0.5491
  endloop
 endfacet
 facet normal -0.00684226759 -0.00112966295 0
  outer loop
   vertex 0.191348858245 0.0251915550985 0
   vertex 0.189291559118 0.0376524321491 0.5491
   vertex 0.189291559118 0.0376524321491 0
  endloop
 endfacet
 facet normal -0.00675373428 -0.00157474997 0
  outer loop
   vertex 0.189291559118 0.0376524321491 0
   vertex 0.189291559118 0.0376524321491 0.5491
   vertex 0.186423684474 0.0499520757048 0.5491
  endloop
 endfacet
 facet normal -0.00675373428 -0.00157474997 0
  outer loop
   vertex 0.189291559118 0.0376524321491 0
   vertex 0.186423684474 0.0499520757048 0.5491
   vertex 0.186423684474 0.0499520757048 0
  endloop
 endfacet
 facet normal -0.00663628044 -0.00201309366 0
  outer loop
   vertex 0.186423684474 0.0499520757048 0
   vertex 0.186423684474 0.0499520757048 0.5491
   vertex 0.182757514993 0.0620378168035 0.5491
  endloop
 endfacet
 facet normal -0.00663628044 -0.00201309366 0
  outer loop
   vertex 0.186423684474 0.0499520757048 0
   vertex 0.182757514993 0.0620378168035 0.5491
   vertex 0.182757514993 0.0620378168035 0
  endloop
 endfacet
 facet normal -0.00649040903 -0.00244281698 0
  outer loop
   vertex 0.182757514993 0.0620378168035 0
   vertex 0.182757514993 0.0620378168035 0.5491
   vertex 0.178308749775 0.0738579024465 0.5491
  endloop
 endfacet
 facet normal -0.00649040903 -0.00244281698 0
  outer loop
   vertex 0.182757514993 0.0620378168035 0
   vertex 0.178308749775 0.0738579024465 0.5491
   vertex 0.178308749775 0.0738579024465 0
  endloop
 endfacet
 facet normal -0.00631674469 -0.00286207978 0
  outer loop
   vertex 0.178308749775 0.0738579024465 0
   vertex 0.178308749775 0.0738579024465 0.5491
   vertex 0.173096439116 0.0853617172123 0.5491
  endloop
 endfacet
 facet normal -0.00631674469 -0.00286207978 0
  outer loop
   vertex 0.178308749775 0.0738579024465 0
   vertex 0.173096439116 0.0853617172123 0.5491
   vertex 0.173096439116 0.0853617172123 0
  endloop
 endfacet
 facet normal -0.00611603108 -0.00326908672 0
  outer loop
   vertex 0.173096439116 0.0853617172123 0
   vertex 0.173096439116 0.0853617172123 0.5491
   vertex 0.16714290293 0.0965 0.5491
  endloop
 endfacet
 facet normal -0.00611603108 -0.00326908672 0
  outer loop
   vertex 0.173096439116 0.0853617172123 0
   vertex 0.16714290293 0.0965 0.5491
   vertex 0.16714290293 0.0965 0
  endloop
 endfacet
 facet normal -0.00588912769 -0.00366209492 0
  outer loop
   vertex 0.16714290293 0.0965 0
   vertex 0.16714290293 0.0965 0.5491
   vertex 0.160473635174 0.107225054973 0.5491
  endloop
 endfacet
 facet normal -0.00588912769 -0.00366209492 0
  outer loop
   vertex 0.16714290293 0.0965 0
   vertex 0.160473635174 0.107225054973 0.5491
   vertex 0.160473635174 0.107225054973 0
  endloop
 endfacet
 facet normal -0.00563700614 -0.00403942148 0
  outer loop
   vertex 0.160473635174 0.107225054973 0
   vertex 0.160473635174 0.107225054973 0.5491
   vertex 0.153117194676 0.117490955799 0.5491
  endloop
 endfacet
 facet normal -0.00563700614 -0.00403942148 0
  outer loop
   vertex 0.160473635174 0.107225054973 0
   vertex 0.153117194676 0.117490955799 0.5491
   vertex 0.153117194676 0.117490955799 0
  endloop
 endfacet
 facet normal -0.00536074608 -0.00439945061 0
  outer loop
   vertex 0.153117194676 0.117490955799 0
   vertex 0.153117194676 0.117490955799 0.5491
   vertex 0.145105082843 0.127253742314 0.5491
  endloop
 endfacet
 facet normal -0.00536074608 -0.00439945061 0
  outer loop
   vertex 0.153117194676 0.117490955799 0
   vertex 0.145105082843 0.127253742314 0.5491
   vertex 0.145105082843 0.127253742314 0
  endloop
 endfacet
 facet normal -0.00506153047 -0.00474064061 0
  outer loop
   vertex 0.145105082843 0.127253742314 0
   vertex 0.145105082843 0.127253742314 0.5491
   vertex 0.136471608769 0.136471608769 0.5491
  endloop
 endfacet
 facet normal -0.00506153047 -0.00474064061 0
  outer loop
   vertex 0.145105082843 0.127253742314 0
   vertex 0.136471608769 0.136471608769 0.5491
   vertex 0.136471608769 0.136471608769 0
  endloop
 endfacet
 facet normal -0.00474064061 -0.00506153047 0
  outer loop
   vertex 0.136471608769 0.136471608769 0
   vertex 0.136471608769 0.136471608769 0.5491
   vertex 0.127253742314 0.145105082843 0.5491
  endloop
 endfacet
 facet normal -0.00474064061 -0.00506153047 0
  outer loop
   vertex 0.136471608769 0.136471608769 0
   vertex 0.127253742314 0.145105082843 0.5491
   vertex 0.127253742314 0.145105082843 0
  endloop
 endfacet
 facet normal -0.00439945061 -0.00536074608 0
  outer loop
   vertex 0.127253742314 0.145105082843 0
   vertex 0.127253742314 0.145105082843 0.5491
   vertex 0.117490955799 0.153117194676 0.5491
  endloop
 endfacet
 facet normal -0.00439945061 -0.00536074608 0
  outer loop
   vertex 0.127253742314 0.145105082843 0
   vertex 0.117490955799 0.153117194676 0.5491
   vertex 0.117490955799 0.153117194676 0
  endloop
 endfacet
 facet normal -0.00403942148 -0.00563700614 0
  outer loop
   vertex 0.117490955799 0.153117194676 0
   vertex 0.117490955799 0.153117194676 0.5491
   vertex 0.107225054973 0.160473635174 0.5491
  endloop
 endfacet
 facet normal -0.00403942148 -0.00563700614 0
  outer loop
   vertex 0.117490955799 0.153117194676 0
   vertex 0.107225054973 0.160473635174 0.5491
   vertex 0.107225054973 0.160473635174 0
  endloop
 endfacet
 facet normal -0.00366209492 -0.00588912769 0
  outer loop
   vertex 0.107225054973 0.160473635174 0
   vertex 0.107225054973 0.160473635174 0.5491
   vertex 0.0965 0.16714290293 0.5491
  endloop
 endfacet
 facet normal -0.00366209492 -0.00588912769 0
  outer loop
   vertex 0.107225054973 0.160473635174 0
   vertex 0.0965 0.16714290293 0.5491
   vertex 0.0965 0.16714290293 0
  endloop
 endfacet
 facet normal -0.00326908672 -0.00611603108 0
  outer loop
   vertex 0.0965 0.16714290293 0
   vertex 0.0965 0.16714290293 0.5491
   vertex 0.0853617172123 0.173096439116 0.5491
  endloop
 endfacet
 facet normal -0.00326908672 -0.00611603108 0
  outer loop
   vertex 0.0965 0.16714290293 0
   vertex 0.0853617172123 0.173096439116 0.5491
   vertex 0.0853617172123 0.173096439116 0
  endloop
 endfacet
 facet normal -0.00286207978 -0.00631674469 0
  outer loop
   vertex 0.0853617172123 0.173096439116 0
   vertex 0.0853617172123 0.173096439116 0.5491
   vertex 0.0738579024465 0.178308749775 0.5491
  endloop
 endfacet
 facet normal -0.00286207978 -0.00631674469 0
  outer loop
   vertex 0.0853617172123 0.173096439116 0
   vertex 0.0738579024465 0.178308749775 0.5491
   vertex 0.0738579024465 0.178308749775 0
  endloop
 endfacet
 facet normal -0.00244281698 -0.00649040903 0
  outer loop
   vertex 0.0738579024465 0.178308749775 0
   vertex 0.0738579024465 0.178308749775 0.5491
   vertex 0.0620378168035 0.182757514993 0.5491
  endloop
 endfacet
 facet normal -0.00244281698 -0.00649040903 0
  outer loop
   vertex 0.0738579024465 0.178308749775 0
   vertex 0.0620378168035 0.182757514993 0.5491
   vertex 0.0620378168035 0.182757514993 0
  endloop
 endfacet
 facet normal -0.00201309366 -0.00663628044 0
  outer loop
   vertex 0.0620378168035 0.182757514993 0
   vertex 0.0620378168035 0.182757514993 0.5491
   vertex 0.0499520757048 0.186423684474 0.5491
  endloop
 endfacet
 facet normal -0.00201309366 -0.00663628044 0
  outer loop
   vertex 0.0620378168035 0.182757514993 0
   vertex 0.0499520757048 0.186423684474 0.5491
   vertex 0.0499520757048 0.186423684474 0
  endloop
 endfacet
 facet normal -0.00157474997 -0.00675373428 0
  outer loop
   vertex 0.0499520757048 0.186423684474 0
   vertex 0.0499520757048 0.186423684474 0.5491
   vertex 0.0376524321491 0.189291559118 0.5491
  endloop
 endfacet
 facet normal -0.00157474997 -0.00675373428 0
  outer loop
   vertex 0.0499520757048 0.186423684474 0
   vertex 0.0376524321491 0.189291559118 0.5491
   vertex 0.0376524321491 0.189291559118 0
  endloop
 endfacet
 facet normal -0.00112966295 -0.00684226759 0
  outer loop
   vertex 0.0376524321491 0.189291559118 0
   vertex 0.0376524321491 0.189291559118 0.5491
   vertex 0.0251915550985 0.191348858245 0.5491
  endloop
 endfacet
 facet normal -0.00112966295 -0.00684226759 0
  outer loop
   vertex 0.0376524321491 0.189291559118 0
   vertex 0.0251915550985 0.191348858245 0.5491
   vertex 0.0251915550985 0.191348858245 0
  endloop
 endfacet
 facet normal -0.000679738544 -0.00690150126 0
  outer loop
   vertex 0.0251915550985 0.191348858245 0
   vertex 0.0251915550985 0.191348858245 0.5491
   vertex 0.0126228039414 0.192586772185 0.5491
  endloop
 endfacet
 facet normal -0.000679738544 -0.00690150126 0
  outer loop
   vertex 0.0251915550985 0.191348858245 0
   vertex 0.0126228039414 0.192586772185 0.5491
   vertex 0.0126228039414 0.192586772185 0
  endloop
 endfacet
 facet normal -0.000226903393 -0.00693118164 0
  outer loop
   vertex 0.0126228039414 0.192586772185 0
   vertex 0.0126228039414 0.192586772185 0.5491
   vertex 1.18178416118e-17 0.193 0.5491
  endloop
 endfacet
 facet normal -0.000226903393 -0.00693118164 0
  outer loop
   vertex 0.0126228039414 0.192586772185 0
   vertex 1.18178416118e-17 0.193 0.5491
   vertex 1.18178416118e-17 0.193 0
  endloop
 endfacet
 facet normal 0.000226903393 -0.00693118164 0
  outer loop
   vertex 1.18178416118e-17 0.193 0
   vertex 1.18178416118e-17 0.193 0.5491
   vertex -0.0126228039414 0.192586772185 0.5491
  endloop
 endfacet
 facet normal 0.000226903393 -0.00693118164 0
  outer loop
   vertex 1.18178416118e-17 0.193 0
   vertex -0.0126228039414 0.192586772185 0.5491
   vertex -0.0126228039414 0.192586772185 0
  endloop
 endfacet
 facet normal 0.000679738544 -0.00690150126 0
  outer loop
   vertex -0.0126228039414 0.192586772185 0
   vertex -0.0126228039414 0.192586772185 0.5491
   vertex -0.0251915550985 0.191348858245 0.5491
  endloop
 endfacet
 facet normal 0.000679738544 -0.00690150126 0
  outer loop
   vertex -0.0126228039414 0.192586772185 0
   vertex -0.0251915550985 0.191348858245 0.5491
   vertex -0.0251915550985 0.191348858245 0
  endloop
 endfacet
 facet normal 0.00112966295 -0.00684226759 0
  outer loop
   vertex -0.0251915550985 0.191348858245 0
   vertex -0.0251915550985 0.191348858245 0.5491
   vertex -0.0376524321491 0.189291559118 0.5491
  endloop
 endfacet
 facet normal 0.00112966295 -0.00684226759 0
  outer loop
   vertex -0.0251915550985 0.191348858245 0
   vertex -0.0376524321491 0.189291559118 0.5491
   vertex -0.0376524321491 0.189291559118 0
  endloop
 endfacet
 facet normal 0.00157474997 -0.00675373428 0
  outer loop
   vertex -0.0376524321491 0.189291559118 0
   vertex -0.0376524321491 0.189291559118 0.5491
   vertex -0.0499520757048 0.186423684474 0.5491
  endloop
 endfacet
 facet normal 0.00157474997 -0.00675373428 0
  outer loop
   vertex -0.0376524321491 0.189291559118 0
   vertex -0.0499520757048 0.186423684474 0.5491
   vertex -0.0499520757048 0.186423684474 0
  endloop
 endfacet
 facet normal 0.00201309366 -0.00663628044 0
  outer loop
   vertex -0.0499520757048 0.186423684474 0
   vertex -0.0499520757048 0.186423684474 0.5491
   vertex -0.0620378168035 0.182757514993 0.5491
  endloop
 endfacet
 facet normal 0.00201309366 -0.00663628044 0
  outer loop
   vertex -0.0499520757048 0.186423684474 0
   vertex -0.0620378168035 0.182757514993 0.5491
   vertex -0.0620378168035 0.182757514993 0
  endloop
 endfacet
 facet normal 0.00244281698 -0.00649040903 0
  outer loop
   vertex -0.0620378168035 0.182757514993 0
   vertex -0.0620378168035 0.182757514993 0.5491
   vertex -0.0738579024465 0.178308749775 0.5491
  endloop
 endfacet
 facet normal 0.00244281698 -0.00649040903 0
  outer loop
   vertex -0.0620378168035 0.182757514993 0
   vertex -0.0738579024465 0.178308749775 0.5491
   vertex -0.0738579024465 0.178308749775 0
  endloop
 endfacet
 facet normal 0.00286207978 -0.00631674469 0
  outer loop
   vertex -0.0738579024465 0.178308749775 0
   vertex -0.0738579024465 0.178308749775 0.5491
   vertex -0.0853617172123 0.173096439116 0.5491
  endloop
 endfacet
 facet normal 0.00286207978 -0.00631674469 0
  outer loop
   vertex -0.0738579024465 0.178308749775 0
   vertex -0.0853617172123 0.173096439116 0.5491
   vertex -0.0853617172123 0.173096439116 0
  endloop
 endfacet
 facet normal 0.00326908672 -0.00611603108 0
  outer loop
   vertex -0.0853617172123 0.173096439116 0
   vertex -0.0853617172123 0.173096439116 0.5491
   vertex -0.0965 0.16714290293 0.5491
  endloop
 endfacet
 facet normal 0.00326908672 -0.00611603108 0
  outer loop
   vertex -0.0853617172123 0.173096439116 0
   vertex -0.0965 0.16714290293 0.5491
   vertex -0.0965 0.16714290293 0
  endloop
 endfacet
 facet normal 0.00366209492 -0.00588912769 0
  outer loop
   vertex -0.0965 0.16714290293 0
   vertex -0.0965 0.16714290293 0.5491
   vertex -0.107225054973 0.160473635174 0.5491
  endloop
 endfacet
 facet normal 0.00366209492 -0.00588912769 0
  outer loop
   vertex -0.0965 0.16714290293 0
   vertex -0.107225054973 0.160473635174 0.5491
   vertex -0.107225054973 0.160473635174 0
  endloop
 endfacet
 facet normal 0.00403942148 -0.00563700614 0
  outer loop
   vertex -0.107225054973 0.160473635174 0
   vertex -0.107225054973 0.160473635174 0.5491
   vertex -0.117490955799 0.153117194676 0.5491
  endloop
 endfacet
 facet normal 0.00403942148 -0.00563700614 0
  outer loop
   vertex -0.107225054973 0.160473635174 0
   vertex -0.117490955799 0.153117194676 0.5491
   vertex -0.117490955799 0.153117194676 0
  endloop
 endfacet
 facet normal 0.00439945061 -0.00536074608 0
  outer loop
   vertex -0.117490955799 0.153117194676 0
   vertex -0.117490955799 0.153117194676 0.5491
   vertex -0.127253742314 0.145105082843 0.5491
  endloop
 endfacet
 facet normal 0.00439945061 -0.00536074608 0
  outer loop
   vertex -0.117490955799 0.153117194676 0
   vertex -0.127253742314 0.145105082843 0.5491
   vertex -0.127253742314 0.145105082843 0
  endloop
 endfacet
 facet normal 0.00474064061 -0.00506153047 0
  outer loop
   vertex -0.127253742314 0.145105082843 0
   vertex -0.127253742314 0.145105082843 0.5491
   vertex -0.136471608769 0.136471608769 0.5491
  endloop
 endfacet
 facet normal 0.00474064061 -0.00506153047 0
  outer loop
   vertex -0.127253742314 0.145105082843 0
   vertex -0.136471608769 0.136471608769 0.5491
   vertex -0.136471608769 0.136471608769 0
  endloop
 endfacet
 facet normal 0.00506153047 -0.00474064061 0
  outer loop
   vertex -0.136471608769 0.136471608769 0
   vertex -0.136471608769 0.136471608769 0.5491
   vertex -0.145105082843 0.127253742314 0.5491
  endloop
 endfacet
 facet normal 0.00506153047 -0.00474064061 0
  outer loop
   vertex -0.136471608769 0.136471608769 0
   vertex -0.145105082843 0.127253742314 0.5491
   vertex -0.145105082843 0.127253742314 0
  endloop
 endfacet
 facet normal 0.00536074608 -0.00439945061 0
  outer loop
   vertex -0.145105082843 0.127253742314 0
   vertex -0.145105082843 0.127253742314 0.5491
   vertex -0.153117194676 0.117490955799 0.5491
  endloop
 endfacet
 facet normal 0.00536074608 -0.00439945061 0
  outer loop
   vertex -0.145105082843 0.127253742314 0
   vertex -0.153117194676 0.117490955799 0.5491
   vertex -0.153117194676 0.117490955799 0
  endloop
 endfacet
 facet normal 0.00563700614 -0.00403942148 0
  outer loop
   vertex -0.153117194676 0.117490955799 0
   vertex -0.153117194676 0.117490955799 0.5491
   vertex -0.160473635174 0.107225054973 0.5491
  endloop
 endfacet
 facet normal 0.00563700614 -0.00403942148 0
  outer loop
   vertex -0.153117194676 0.117490955799 0
   vertex -0.160473635174 0.107225054973 0.5491
   vertex -0.160473635174 0.107225054973 0
  endloop
 endfacet
 facet normal 0.00588912769 -0.00366209492 0
  outer loop
   vertex -0.160473635174 0.107225054973 0
   vertex -0.160473635174 0.107225054973 0.5491
   vertex -0.16714290293 0.0965 0.5491
  endloop
 endfacet
 facet normal 0.00588912769 -0.00366209492 0
  outer loop
   vertex -0.160473635174 0.107225054973 0
   vertex -0.16714290293 0.0965 0.5491
   vertex -0.16714290293 0.0965 0
  endloop
 endfacet
 facet normal 0.00611603108 -0.00326908672 0
  outer loop
   vertex -0.16714290293 0.0965 0
   vertex -0.16714290293 0.0965 0.5491
   vertex -0.173096439116 0.0853617172123 0.5491
  endloop
 endfacet
 facet normal 0.00611603108 -0.00326908672 0
  outer loop
   vertex -0.16714290293 0.0965 0
   vertex -0.173096439116 0.0853617172123 0.5491
   vertex -0.173096439116 0.0853617172123 0
  endloop
 endfacet
 facet normal 0.00631674469 -0.00286207978 0
  outer loop
   vertex -0.173096439116 0.0853617172123 0
   vertex -0.173096439116 0.0853617172123 0.5491
   vertex -0.178308749775 0.0738579024465 0.5491
  endloop
 endfacet
 facet normal 0.00631674469 -0.00286207978 0
  outer loop
   vertex -0.173096439116 0.0853617172123 0
   vertex -0.178308749775 0.0738579024465 0.5491
   vertex -0.178308749775 0.0738579024465 0
  endloop
 endfacet
 facet normal 0.00649040903 -0.00244281698 0
  outer loop
   vertex -0.178308749775 0.0738579024465 0
   vertex -0.178308749775 0.0738579024465 0.5491
   vertex -0.182757514993 0.0620378168035 0.5491
  endloop
 endfacet
 facet normal 0.00649040903 -0.00244281698 0
  outer loop
   vertex -0.178308749775 0.0738579024465 0
   vertex -0.182757514993 0.0620378168035 0.5491
   vertex -0.182757514993 0.0620378168035 0
  endloop
 endfacet
 facet normal 0.00663628044 -0.00201309366 0
  outer loop
   vertex -0.182757514993 0.0620378168035 0
   vertex -0.182757514993 0.0620378168035 0.5491
   vertex -0.186423684474 0.0499520757048 0.5491
  endloop
 endfacet
 facet normal 0.00663628044 -0.00201309366 0
  outer loop
   vertex -0.182757514993 0.0620378168035 0
   vertex -0.186423684474 0.0499520757048 0.5491
   vertex -0.186423684474 0.0499520757048 0
  endloop
 endfacet
 facet normal 0.00675373428 -0.00157474997 0
  outer loop
   vertex -0.186423684474 0.0499520757048 0
   vertex -0.186423684474 0.0499520757048 0.5491
   vertex -0.189291559118 0.0376524321491 0.5491
  endloop
 endfacet
 facet normal 0.00675373428 -0.00157474997 0
  outer loop
   vertex -0.186423684474 0.0499520757048 0
   vertex -0.189291559118 0.0376524321491 0.5491
   vertex -0.189291559118 0.0376524321491 0
  endloop
 endfacet
 facet normal 0.00684226759 -0.00112966295 0
  outer loop
   vertex -0.189291559118 0.0376524321491 0
   vertex -0.189291559118 0.0376524321491 0.5491
   vertex -0.191348858245 0.0251915550985 0.5491
  endloop
 endfacet
 facet normal 0.00684226759 -0.00112966295 0
  outer loop
   vertex -0.189291559118 0.0376524321491 0
   vertex -0.191348858245 0.0251915550985 0.5491
   vertex -0.191348858245 0.0251915550985 0
  endloop
 endfacet
 facet normal 0.00690150126 -0.000679738544 0
  outer loop
   vertex -0.191348858245 0.0251915550985 0
   vertex -0.191348858245 0.0251915550985 0.5491
   vertex -0.192586772185 0.0126228039414 0.5491
  endloop
 endfacet
 facet normal 0.00690150126 -0.000679738544 0
  outer loop
   vertex -0.191348858245 0.0251915550985 0
   vertex -0.192586772185 0.0126228039414 0.5491
   vertex -0.192586772185 0.0126228039414 0
  endloop
 endfacet
 facet normal 0.00693118164 -0.000226903393 0
  outer loop
   vertex -0.192586772185 0.0126228039414 0
   vertex -0.192586772185 0.0126228039414 0.5491
   vertex -0.193 2.36356832235e-17 0.5491
  endloop
 endfacet
 facet normal 0.00693118164 -0.000226903393 0
  outer loop
   vertex -0.192586772185 0.0126228039414 0
   vertex -0.193 2.36356832235e-17 0.5491
   vertex -0.193 2.36356832235e-17 0
  endloop
 endfacet
 facet normal 0.00693118164 0.000226903393 -0
  outer loop
   vertex -0.193 2.36356832235e-17 0
   vertex -0.193 2.36356832235e-17 0.5491
   vertex -0.192586772185 -0.0126228039414 0.5491
  endloop
 endfacet
 facet normal 0.00693118164 0.000226903393 0
  outer loop
   vertex -0.193 2.36356832235e-17 0
   vertex -0.192586772185 -0.0126228039414 0.5491
   vertex -0.192586772185 -0.0126228039414 0
  endloop
 endfacet
 facet normal 0.00690150126 0.000679738544 -0
  outer loop
   vertex -0.192586772185 -0.0126228039414 0
   vertex -0.192586772185 -0.0126228039414 0.5491
   vertex -0.191348858245 -0.0251915550985 0.5491
  endloop
 endfacet
 facet normal 0.00690150126 0.000679738544 0
  outer loop
   vertex -0.192586772185 -0.0126228039414 0
   vertex -0.191348858245 -0.0251915550985 0.5491
   vertex -0.191348858245 -0.0251915550985 0
  endloop
 endfacet
 facet normal 0.00684226759 0.00112966295 -0
  outer loop
   vertex -0.191348858245 -0.0251915550985 0
   vertex -0.191348858245 -0.0251915550985 0.5491
   vertex -0.189291559118 -0.0376524321491 0.5491
  endloop
 endfacet
 facet normal 0.00684226759 0.00112966295 0
  outer loop
   vertex -0.191348858245 -0.0251915550985 0
   vertex -0.189291559118 -0.0376524321491 0.5491
   vertex -0.189291559118 -0.0376524321491 0
  endloop
 endfacet
 facet normal 0.00675373428 0.00157474997 -0
  outer loop
   vertex -0.189291559118 -0.0376524321491 0
   vertex -0.189291559118 -0.0376524321491 0.5491
   vertex -0.186423684474 -0.0499520757048 0.5491
  endloop
 endfacet
 facet normal 0.00675373428 0.00157474997 0
  outer loop
   vertex -0.189291559118 -0.0376524321491 0
   vertex -0.186423684474 -0.0499520757048 0.5491
   vertex -0.186423684474 -0.0499520757048 0
  endloop
 endfacet
 facet normal 0.00663628044 0.00201309366 -0
  outer loop
   vertex -0.186423684474 -0.0499520757048 0
   vertex -0.186423684474 -0.0499520757048 0.5491
   vertex -0.182757514993 -0.0620378168035 0.5491
  endloop
 endfacet
 facet normal 0.00663628044 0.00201309366 0
  outer loop
   vertex -0.186423684474 -0.0499520757048 0
   vertex -0.182757514993 -0.0620378168035 0.5491
   vertex -0.182757514993 -0.0620378168035 0
  endloop
 endfacet
 facet normal 0.00649040903 0.00244281698 -0
  outer loop
   vertex -0.182757514993 -0.0620378168035 0
   vertex -0.182757514993 -0.0620378168035 0.5491
   vertex -0.178308749775 -0.0738579024465 0.5491
  endloop
 endfacet
 facet normal 0.00649040903 0.00244281698 0
  outer loop
   vertex -0.182757514993 -0.0620378168035 0
   vertex -0.178308749775 -0.0738579024465 0.5491
   vertex -0.178308749775 -0.0738579024465 0
  endloop
 endfacet
 facet normal 0.00631674469 0.00286207978 -0
  outer loop
   vertex -0.178308749775 -0.0738579024465 0
   vertex -0.178308749775 -0.0738579024465 0.5491
   vertex -0.173096439116 -0.0853617172123 0.5491
  endloop
 endfacet
 facet normal 0.00631674469 0.00286207978 0
  outer loop
   vertex -0.178308749775 -0.0738579024465 0
   vertex -0.173096439116 -0.0853617172123 0.5491
   vertex -0.173096439116 -0.0853617172123 0
  endloop
 endfacet
 facet normal 0.00611603108 0.00326908672 -0
  outer loop
   vertex -0.173096439116 -0.0853617172123 0
   vertex -0.173096439116 -0.0853617172123 0.5491
   vertex -0.16714290293 -0.0965 0.5491
  endloop
 endfacet
 facet normal 0.00611603108 0.00326908672 0
  outer loop
   vertex -0.173096439116 -0.0853617172123 0
   vertex -0.16714290293 -0.0965 0.5491
   vertex -0.16714290293 -0.0965 0
  endloop
 endfacet
 facet normal 0.00588912769 0.00366209492 -0
  outer loop
   vertex -0.16714290293 -0.0965 0
   vertex -0.16714290293 -0.0965 0.5491
   vertex -0.160473635174 -0.107225054973 0.5491
  endloop
 endfacet
 facet normal 0.00588912769 0.00366209492 0
  outer loop
   vertex -0.16714290293 -0.0965 0
   vertex -0.160473635174 -0.107225054973 0.5491
   vertex -0.160473635174 -0.107225054973 0
  endloop
 endfacet
 facet normal 0.00563700614 0.00403942148 -0
  outer loop
   vertex -0.160473635174 -0.107225054973 0
   vertex -0.160473635174 -0.107225054973 0.5491
   vertex -0.153117194676 -0.117490955799 0.5491
  endloop
 endfacet
 facet normal 0.00563700614 0.00403942148 0
  outer loop
   vertex -0.160473635174 -0.107225054973 0
   vertex -0.153117194676 -0.117490955799 0.5491
   vertex -0.153117194676 -0.117490955799 0
  endloop
 endfacet
 facet normal 0.00536074608 0.00439945061 -0
  outer loop
   vertex -0.153117194676 -0.117490955799 0
   vertex -0.153117194676 -0.117490955799 0.5491
   vertex -0.145105082843 -0.127253742314 0.5491
  endloop
 endfacet
 facet normal 0.00536074608 0.00439945061 0
  outer loop
   vertex -0.153117194676 -0.117490955799 0
   vertex -0.145105082843 -0.127253742314 0.5491
   vertex -0.145105082843 -0.127253742314 0
  endloop
 endfacet
 facet normal 0.00506153047 0.00474064061 -0
  outer loop
   vertex -0.145105082843 -0.127253742314 0
   vertex -0.145105082843 -0.127253742314 0.5491
   vertex -0.136471608769 -0.136471608769 0.5491
  endloop
 endfacet
 facet normal 0.00506153047 0.00474064061 0
  outer loop
   vertex -0.145105082843 -0.127253742314 0
   vertex -0.136471608769 -0.136471608769 0.5491
   vertex -0.136471608769 -0.136471608769 0
  endloop
 endfacet
 facet normal 0.00474064061 0.00506153047 -0
  outer loop
   vertex -0.136471608769 -0.136471608769 0
   vertex -0.136471608769 -0.136471608769 0.5491
   vertex -0.127253742314 -0.145105082843 0.5491
  endloop
 endfacet
 facet normal 0.00474064061 0.00506153047 0
  outer loop
   vertex -0.136471608769 -0.136471608769 0
   vertex -0.127253742314 -0.145105082843 0.5491
   vertex -0.127253742314 -0.145105082843 0
  endloop
 endfacet
 facet normal 0.00439945061 0.00536074608 -0
  outer loop
   vertex -0.127253742314 -0.145105082843 0
   vertex -0.127253742314 -0.145105082843 0.5491
   vertex -0.117490955799 -0.153117194676 0.5491
  endloop
 endfacet
 facet normal 0.00439945061 0.00536074608 0
  outer loop
   vertex -0.127253742314 -0.145105082843 0
   vertex -0.117490955799 -0.153117194676 0.5491
   vertex -0.117490955799 -0.153117194676 0
  endloop
 endfacet
 facet normal 0.00403942148 0.00563700614 -0
  outer loop
   vertex -0.117490955799 -0.153117194676 0
   vertex -0.117490955799 -0.153117194676 0.5491
   vertex -0.107225054973 -0.160473635174 0.5491
  endloop
 endfacet
 facet normal 0.00403942148 0.00563700614 0
  outer loop
   vertex -0.117490955799 -0.153117194676 0
   vertex -0.107225054973 -0.160473635174 0.5491
   vertex -0.107225054973 -0.160473635174 0
  endloop
 endfacet
 facet normal 0.00366209492 0.00588912769 -0
  outer loop
   vertex -0.107225054973 -0.160473635174 0
   vertex -0.107225054973 -0.160473635174 0.5491
   vertex -0.0965 -0.16714290293 0.5491
  endloop
 endfacet
 facet normal 0.00366209492 0.00588912769 0
  outer loop
   vertex -0.107225054973 -0.160473635174 0
   vertex -0.0965 -0.16714290293 0.5491
   vertex -0.0965 -0.16714290293 0
  endloop
 endfacet
 facet normal 0.00326908672 0.00611603108 -0
  outer loop
   vertex -0.0965 -0.16714290293 0
   vertex -0.0965 -0.16714290293 0.5491
   vertex -0.0853617172123 -0.173096439116 0.5491
  endloop
 endfacet
 facet normal 0.00326908672 0.00611603108 0
  outer loop
   vertex -0.0965 -0.16714290293 0
   vertex -0.0853617172123 -0.173096439116 0.5491
   vertex -0.0853617172123 -0.173096439116 0
  endloop
 endfacet
 facet normal 0.00286207978 0.00631674469 -0
  outer loop
   vertex -0.0853617172123 -0.173096439116 0
   vertex -0.0853617172123 -0.173096439116 0.5491
   vertex -0.0738579024465 -0.178308749775 0.5491
  endloop
 endfacet
 facet normal 0.00286207978 0.00631674469 0
  outer loop
   vertex -0.0853617172123 -0.173096439116 0
   vertex -0.0738579024465 -0.178308749775 0.5491
   vertex -0.0738579024465 -0.178308749775 0
  endloop
 endfacet
 facet normal 0.00244281698 0.00649040903 -0
  outer loop
   vertex -0.0738579024465 -0.178308749775 0
   vertex -0.0738579024465 -0.178308749775 0.5491
   vertex -0.0620378168035 -0.182757514993 0.5491
  endloop
 endfacet
 facet normal 0.00244281698 0.00649040903 0
  outer loop
   vertex -0.0738579024465 -0.178308749775 0
   vertex -0.0620378168035 -0.182757514993 0.5491
   vertex -0.0620378168035 -0.182757514993 0
  endloop
 endfacet
 facet normal 0.00201309366 0.00663628044 -0
  outer loop
   vertex -0.0620378168035 -0.182757514993 0
   vertex -0.0620378168035 -0.182757514993 0.5491
   vertex -0.0499520757048 -0.186423684474 0.5491
  endloop
 endfacet
 facet normal 0.00201309366 0.00663628044 0
  outer loop
   vertex -0.0620378168035 -0.182757514993 0
   vertex -0.0499520757048 -0.186423684474 0.5491
   vertex -0.0499520757048 -0.186423684474 0
  endloop
 endfacet
 facet normal 0.00157474997 0.00675373428 -0
  outer loop
   vertex -0.0499520757048 -0.186423684474 0
   vertex -0.0499520757048 -0.186423684474 0.5491
   vertex -0.0376524321491 -0.189291559118 0.5491
  endloop
 endfacet
 facet normal 0.00157474997 0.00675373428 0
  outer loop
   vertex -0.0499520757048 -0.186423684474 0
   vertex -0.0376524321491 -0.189291559118 0.5491
   vertex -0.0376524321491 -0.189291559118 0
  endloop
 endfacet
 facet normal 0.00112966295 0.00684226759 -0
  outer loop
   vertex -0.0376524321491 -0.189291559118 0
   vertex -0.0376524321491 -0.189291559118 0.5491
   vertex -0.0251915550985 -0.191348858245 0.5491
  endloop
 endfacet
 facet normal 0.00112966295 0.00684226759 0
  outer loop
   vertex -0.0376524321491 -0.189291559118 0
   vertex -0.0251915550985 -0.191348858245 0.5491
   vertex -0.0251915550985 -0.191348858245 0
  endloop
 endfacet
 facet normal 0.000679738544 0.00690150126 -0
  outer loop
   vertex -0.0251915550985 -0.191348858245 0
   vertex -0.0251915550985 -0.191348858245 0.5491
   vertex -0.0126228039414 -0.192586772185 0.5491
  endloop
 endfacet
 facet normal 0.000679738544 0.00690150126 0
  outer loop
   vertex -0.0251915550985 -0.191348858245 0
   vertex -0.0126228039414 -0.192586772185 0.5491
   vertex -0.0126228039414 -0.192586772185 0
  endloop
 endfacet
 facet normal 0.000226903393 0.00693118164 -0
  outer loop
   vertex -0.0126228039414 -0.192586772185 0
   vertex -0.0126228039414 -0.192586772185 0.5491
   vertex -3.54535248353e-17 -0.193 0.5491
  endloop
 endfacet
 facet normal 0.000226903393 0.00693118164 0
  outer loop
   vertex -0.0126228039414 -0.192586772185 0
   vertex -3.54535248353e-17 -0.193 0.5491
   vertex -3.54535248353e-17 -0.193 0
  endloop
 endfacet
 facet normal -0.000226903393 0.00693118164 0
  outer loop
   vertex -3.54535248353e-17 -0.193 0
   vertex -3.54535248353e-17 -0.193 0.5491
   vertex 0.0126228039414 -0.192586772185 0.5491
  endloop
 endfacet
 facet normal -0.000226903393 0.00693118164 0
  outer loop
   vertex -3.54535248353e-17 -0.193 0
   vertex 0.0126228039414 -0.192586772185 0.5491
   vertex 0.0126228039414 -0.192586772185 0
  endloop
 endfacet
 facet normal -0.000679738544 0.00690150126 0
  outer loop
   vertex 0.0126228039414 -0.192586772185 0
   vertex 0.0126228039414 -0.192586772185 0.5491
   vertex 0.0251915550985 -0.191348858245 0.5491
  endloop
 endfacet
 facet normal -0.000679738544 0.00690150126 0
  outer loop
   vertex 0.0126228039414 -0.192586772185 0
   vertex 0.0251915550985 -0.191348858245 0.5491
   vertex 0.0251915550985 -0.191348858245 0
  endloop
 endfacet
 facet normal -0.00112966295 0.00684226759 0
  outer loop
   vertex 0.0251915550985 -0.191348858245 0
   vertex 0.0251915550985 -0.191348858245 0.5491
   vertex 0.0376524321491 -0.189291559118 0.5491
  endloop
 endfacet
 facet normal -0.00112966295 0.00684226759 0
  outer loop
   vertex 0.0251915550985 -0.191348858245 0
   vertex 0.0376524321491 -0.189291559118 0.5491
   vertex 0.0376524321491 -0.189291559118 0
  endloop
 endfacet
 facet normal -0.00157474997 0.00675373428 0
  outer loop
   vertex 0.0376524321491 -0.189291559118 0
   vertex 0.0376524321491 -0.189291559118 0.5491
   vertex 0.0499520757048 -0.186423684474 0.5491
  endloop
 endfacet
 facet normal -0.00157474997 0.00675373428 0
  outer loop
   vertex 0.0376524321491 -0.189291559118 0
   vertex 0.0499520757048 -0.186423684474 0.5491
   vertex 0.0499520757048 -0.186423684474 0
  endloop
 endfacet
 facet normal -0.00201309366 0.00663628044 0
  outer loop
   vertex 0.0499520757048 -0.186423684474 0
   vertex 0.0499520757048 -0.186423684474 0.5491
   vertex 0.0620378168035 -0.182757514993 0.5491
  endloop
 endfacet
 facet normal -0.00201309366 0.00663628044 0
  outer loop
   vertex 0.0499520757048 -0.186423684474 0
   vertex 0.0620378168035 -0.182757514993 0.5491
   vertex 0.0620378168035 -0.182757514993 0
  endloop
 endfacet
 facet normal -0.00244281698 0.00649040903 0
  outer loop
   vertex 0.0620378168035 -0.182757514993 0
   vertex 0.0620378168035 -0.182757514993 0.5491
   vertex 0.0738579024465 -0.178308749775 0.5491
  endloop
 endfacet
 facet normal -0.00244281698 0.00649040903 0
  outer loop
   vertex 0.0620378168035 -0.182757514993 0
   vertex 0.0738579024465 -0.178308749775 0.5491
   vertex 0.0738579024465 -0.178308749775 0
  endloop
 endfacet
 facet normal -0.00286207978 0.00631674469 0
  outer loop
   vertex 0.0738579024465 -0.178308749775 0
   vertex 0.0738579024465 -0.178308749775 0.5491
   vertex 0.0853617172123 -0.173096439116 0.5491
  endloop
 endfacet
 facet normal -0.00286207978 0.00631674469 0
  outer loop
   vertex 0.0738579024465 -0.178308749775 0
   vertex 0.0853617172123 -0.173096439116 0.5491
   vertex 0.0853617172123 -0.173096439116 0
  endloop
 endfacet
 facet normal -0.00326908672 0.00611603108 0
  outer loop
   vertex 0.0853617172123 -0.173096439116 0
   vertex 0.0853617172123 -0.173096439116 0.5491
   vertex 0.0965 -0.16714290293 0.5491
  endloop
 endfacet
 facet normal -0.00326908672 0.00611603108 0
  outer loop
   vertex 0.0853617172123 -0.173096439116 0
   vertex 0.0965 -0.16714290293 0.5491
   vertex 0.0965 -0.16714290293 0
  endloop
 endfacet
 facet normal -0.00366209492 0.00588912769 0
  outer loop
   vertex 0.0965 -0.16714290293 0
   vertex 0.0965 -0.16714290293 0.5491
   vertex 0.107225054973 -0.160473635174 0.5491
  endloop
 endfacet
 facet normal -0.00366209492 0.00588912769 0
  outer loop
   vertex 0.0965 -0.16714290293 0
   vertex 0.107225054973 -0.160473635174 0.5491
   vertex 0.107225054973 -0.160473635174 0
  endloop
 endfacet
 facet normal -0.00403942148 0.00563700614 0
  outer loop
   vertex 0.107225054973 -0.160473635174 0
   vertex 0.107225054973 -0.160473635174 0.5491
   vertex 0.117490955799 -0.153117194676 0.5491
  endloop
 endfacet
 facet normal -0.00403942148 0.00563700614 0
  outer loop
   vertex 0.107225054973 -0.160473635174 0
   vertex 0.117490955799 -0.153117194676 0.5491
   vertex 0.117490955799 -0.153117194676 0
  endloop
 endfacet
 facet normal -0.00439945061 0.00536074608 0
  outer loop
   vertex 0.117490955799 -0.153117194676 0
   vertex 0.117490955799 -0.153117194676 0.5491
   vertex 0.127253742314 -0.145105082843 0.5491
  endloop
 endfacet
 facet normal -0.00439945061 0.00536074608 0
  outer loop
   vertex 0.117490955799 -0.153117194676 0
   vertex 0.127253742314 -0.145105082843 0.5491
   vertex 0.127253742314 -0.145105082843 0
  endloop
 endfacet
 facet normal -0.00474064061 0.00506153047 0
  outer loop
   vertex 0.127253742314 -0.145105082843 0
   vertex 0.127253742314 -0.145105082843 0.5491
   vertex 0.136471608769 -0.136471608769 0.5491
  endloop
 endfacet
 facet normal -0.00474064061 0.00506153047 0
  outer loop
   vertex 0.127253742314 -0.145105082843 0
   vertex 0.136471608769 -0.136471608769 0.5491
   vertex 0.136471608769 -0.136471608769 0
  endloop
 endfacet
 facet normal -0.00506153047 0.00474064061 0
  outer loop
   vertex 0.136471608769 -0.136471608769 0
   vertex 0.136471608769 -0.136471608769 0.5491
   vertex 0.145105082843 -0.127253742314 0.5491
  endloop
 endfacet
 facet normal -0.00506153047 0.00474064061 0
  outer loop
   vertex 0.136471608769 -0.136471608769 0
   vertex 0.145105082843 -0.127253742314 0.5491
   vertex 0.145105082843 -0.127253742314 0
  endloop
 endfacet
 facet normal -0.00536074608 0.00439945061 0
  outer loop
   vertex 0.145105082843 -0.127253742314 0
   vertex 0.145105082843 -0.127253742314 0.5491
   vertex 0.153117194676 -0.117490955799 0.5491
  endloop
 endfacet
 facet normal -0.00536074608 0.00439945061 0
  outer loop
   vertex 0.145105082843 -0.127253742314 0
   vertex 0.153117194676 -0.117490955799 0.5491
   vertex 0.153117194676 -0.117490955799 0
  endloop
 endfacet
 facet normal -0.00563700614 0.00403942148 0
  outer loop
   vertex 0.153117194676 -0.117490955799 0
   vertex 0.153117194676 -0.117490955799 0.5491
   vertex 0.160473635174 -0.107225054973 0.5491
  endloop
 endfacet
 facet normal -0.00563700614 0.00403942148 0
  outer loop
   vertex 0.153117194676 -0.117490955799 0
   vertex 0.160473635174 -0.107225054973 0.5491
   vertex 0.160473635174 -0.107225054973 0
  endloop
 endfacet
 facet normal -0.00588912769 0.00366209492 0
  outer loop
   vertex 0.160473635174 -0.107225054973 0
   vertex 0.160473635174 -0.107225054973 0.5491
   vertex 0.16714290293 -0.0965 0.5491
  endloop
 endfacet
 facet normal -0.00588912769 0.00366209492 0
  outer loop
   vertex 0.160473635174 -0.107225054973 0
   vertex 0.16714290293 -0.0965 0.5491
   vertex 0.16714290293 -0.0965 0
  endloop
 endfacet
 facet normal -0.00611603108 0.00326908672 0
  outer loop
   vertex 0.16714290293 -0.0965 0
   vertex 0.16714290293 -0.0965 0.5491
   vertex 0.173096439116 -0.0853617172123 0.5491
  endloop
 endfacet
 facet normal -0.00611603108 0.00326908672 0
  outer loop
   vertex 0.16714290293 -0.0965 0
   vertex 0.173096439116 -0.0853617172123 0.5491
   vertex 0.173096439116 -0.0853617172123 0
  endloop
 endfacet
 facet normal -0.00631674469 0.00286207978 0
  outer loop
   vertex 0.173096439116 -0.0853617172123 0
   vertex 0.173096439116 -0.0853617172123 0.5491
   vertex 0.178308749775 -0.0738579024465 0.5491
  endloop
 endfacet
 facet normal -0.00631674469 0.00286207978 0
  outer loop
   vertex 0.173096439116 -0.0853617172123 0
   vertex 0.178308749775 -0.0738579024465 0.5491
   vertex 0.178308749775 -0.0738579024465 0
  endloop
 endfacet
 facet normal -0.00649040903 0.00244281698 0
  outer loop
   vertex 0.178308749775 -0.0738579024465 0
   vertex 0.178308749775 -0.0738579024465 0.5491
   vertex 0.182757514993 -0.0620378168035 0.5491
  endloop
 endfacet
 facet normal -0.00649040903 0.00244281698 0
  outer loop
   vertex 0.178308749775 -0.0738579024465 0
   vertex 0.182757514993 -0.0620378168035 0.5491
   vertex 0.182757514993 -0.0620378168035 0
  endloop
 endfacet
 facet normal -0.00663628044 0.00201309366 0
  outer loop
   vertex 0.182757514993 -0.0620378168035 0
   vertex 0.182757514993 -0.0620378168035 0.5491
   vertex 0.186423684474 -0.0499520757048 0.5491
  endloop
 endfacet
 facet normal -0.00663628044 0.00201309366 0
  outer loop
   vertex 0.182757514993 -0.0620378168035 0
   vertex 0.186423684474 -0.0499520757048 0.5491
   vertex 0.186423684474 -0.0499520757048 0
  endloop
 endfacet
 facet normal -0.00675373428 0.00157474997 0
  outer loop
   vertex 0.186423684474 -0.0499520757048 0
   vertex 0.186423684474 -0.0499520757048 0.5491
   vertex 0.189291559118 -0.0376524321491 0.5491
  endloop
 endfacet
 facet normal -0.00675373428 0.00157474997 0
  outer loop
   vertex 0.186423684474 -0.0499520757048 0
   vertex 0.189291559118 -0.0376524321491 0.5491
   vertex 0.189291559118 -0.0376524321491 0
  endloop
 endfacet
 facet normal -0.00684226759 0.00112966295 0
  outer loop
   vertex 0.189291559118 -0.0376524321491 0
   vertex 0.189291559118 -0.0376524321491 0.5491
   vertex 0.191348858245 -0.0251915550985 0.5491
  endloop
 endfacet
 facet normal -0.00684226759 0.00112966295 0
  outer loop
   vertex 0.189291559118 -0.0376524321491 0
   vertex 0.191348858245 -0.0251915550985 0.5491
   vertex 0.191348858245 -0.0251915550985 0
  endloop
 endfacet
 facet normal -0.00690150126 0.000679738544 0
  outer loop
   vertex 0.191348858245 -0.0251915550985 0
   vertex 0.191348858245 -0.0251915550985 0.5491
   vertex 0.192586772185 -0.0126228039414 0.5491
  endloop
 endfacet
 facet normal -0.00690150126 0.000679738544 0
  outer loop
   vertex 0.191348858245 -0.0251915550985 0
   vertex 0.192586772185 -0.0126228039414 0.5491
   vertex 0.192586772185 -0.0126228039414 0
  endloop
 endfacet
 facet normal -0.00693118164 0.000226903393 0
  outer loop
   vertex 0.192586772185 -0.0126228039414 0
   vertex 0.192586772185 -0.0126228039414 0.5491
   vertex 0.193 -4.72713664471e-17 0.5491
  endloop
 endfacet
 facet normal -0.00693118164 0.000226903393 0
  outer loop
   vertex 0.192586772185 -0.0126228039414 0
   vertex 0.193 -4.72713664471e-17 0.5491
   vertex 0.193 -4.72713664471e-17 0
  endloop
 endfacet
 facet normal -0.000356512163 -1.16709998e-05 -0.000115719555
  outer loop
   vertex 0.193 0 0.5491
   vertex 0.18335 0 0.57883
   vertex 0.182957433576 0.0119916637443 0.57883
  endloop
 endfacet
 facet normal -0.000375275961 -1.22852629e-05 -0.000121810058
  outer loop
   vertex 0.193 0 0.5491
   vertex 0.182957433576 0.0119916637443 0.57883
   vertex 0.192586772185 0.0126228039414 0.5491
  endloop
 endfacet
 facet normal -0.000354985523 -3.49630224e-05 -0.000115719555
  outer loop
   vertex 0.192586772185 0.0126228039414 0.5491
   vertex 0.182957433576 0.0119916637443 0.57883
   vertex 0.181781415333 0.0239319773435 0.57883
  endloop
 endfacet
 facet normal -0.000373668972 -3.68031814e-05 -0.000121810058
  outer loop
   vertex 0.192586772185 0.0126228039414 0.5491
   vertex 0.181781415333 0.0239319773435 0.57883
   vertex 0.191348858245 0.0251915550985 0.5491
  endloop
 endfacet
 facet normal -0.000351938781 -5.81053279e-05 -0.000115719555
  outer loop
   vertex 0.191348858245 0.0251915550985 0.5491
   vertex 0.181781415333 0.0239319773435 0.57883
   vertex 0.179826981162 0.0357698105417 0.57883
  endloop
 endfacet
 facet normal -0.000370461875 -6.11635031e-05 -0.000121810058
  outer loop
   vertex 0.191348858245 0.0251915550985 0.5491
   vertex 0.179826981162 0.0357698105417 0.57883
   vertex 0.189291559118 0.0376524321491 0.5491
  endloop
 endfacet
 facet normal -0.000347384983 -8.09988175e-05 -0.000115719555
  outer loop
   vertex 0.189291559118 0.0376524321491 0.5491
   vertex 0.179826981162 0.0357698105417 0.57883
   vertex 0.17710250025 0.0474544719195 0.57883
  endloop
 endfacet
 facet normal -0.000365668403 -8.52619132e-05 -0.000121810058
  outer loop
   vertex 0.189291559118 0.0376524321491 0.5491
   vertex 0.17710250025 0.0474544719195 0.57883
   vertex 0.186423684474 0.0499520757048 0.5491
  endloop
 endfacet
 facet normal -0.000341343629 -0.000103545458 -0.000115719555
  outer loop
   vertex 0.186423684474 0.0499520757048 0.5491
   vertex 0.17710250025 0.0474544719195 0.57883
   vertex 0.173619639243 0.0589359259633 0.57883
  endloop
 endfacet
 facet normal -0.000359309083 -0.000108995219 -0.000121810058
  outer loop
   vertex 0.186423684474 0.0499520757048 0.5491
   vertex 0.173619639243 0.0589359259633 0.57883
   vertex 0.182757514993 0.0620378168035 0.5491
  endloop
 endfacet
 facet normal -0.000333840589 -0.0001256487 -0.000115719555
  outer loop
   vertex 0.182757514993 0.0620378168035 0.5491
   vertex 0.173619639243 0.0589359259633 0.57883
   vertex 0.169393312286 0.0701650073241 0.57883
  endloop
 endfacet
 facet normal -0.000351411146 -0.00013226179 -0.000121810058
  outer loop
   vertex 0.182757514993 0.0620378168035 0.5491
   vertex 0.169393312286 0.0701650073241 0.57883
   vertex 0.178308749775 0.0738579024465 0.5491
  endloop
 endfacet
 facet normal -0.000324907992 -0.000147213896 -0.000115719555
  outer loop
   vertex 0.178308749775 0.0738579024465 0.5491
   vertex 0.169393312286 0.0701650073241 0.57883
   vertex 0.16444161716 0.0810936313517 0.57883
  endloop
 endfacet
 facet normal -0.000342008413 -0.000154961996 -0.000121810058
  outer loop
   vertex 0.178308749775 0.0738579024465 0.5491
   vertex 0.16444161716 0.0810936313517 0.57883
   vertex 0.173096439116 0.0853617172123 0.5491
  endloop
 endfacet
 facet normal -0.00031458409 -0.000168148699 -0.000115719555
  outer loop
   vertex 0.173096439116 0.0853617172123 0.5491
   vertex 0.16444161716 0.0810936313517 0.57883
   vertex 0.158785757784 0.091675 0.57883
  endloop
 endfacet
 facet normal -0.000331141147 -0.000176998631 -0.000121810058
  outer loop
   vertex 0.173096439116 0.0853617172123 0.5491
   vertex 0.158785757784 0.091675 0.57883
   vertex 0.16714290293 0.0965 0.5491
  endloop
 endfacet
 facet normal -0.00030291309 -0.000188363464 -0.000115719555
  outer loop
   vertex 0.16714290293 0.0965 0.5491
   vertex 0.158785757784 0.091675 0.57883
   vertex 0.152449953416 0.101863802224 0.57883
  endloop
 endfacet
 facet normal -0.000318855884 -0.00019827733 -0.000121810058
  outer loop
   vertex 0.16714290293 0.0965 0.5491
   vertex 0.152449953416 0.101863802224 0.57883
   vertex 0.160473635174 0.107225054973 0.5491
  endloop
 endfacet
 facet normal -0.00028994497 -0.000207771627 -0.000115719555
  outer loop
   vertex 0.160473635174 0.107225054973 0.5491
   vertex 0.152449953416 0.101863802224 0.57883
   vertex 0.145461334942 0.111616408009 0.57883
  endloop
 endfacet
 facet normal -0.000305205232 -0.000218706976 -0.000121810058
  outer loop
   vertex 0.160473635174 0.107225054973 0.5491
   vertex 0.145461334942 0.111616408009 0.57883
   vertex 0.153117194676 0.117490955799 0.5491
  endloop
 endfacet
 facet normal -0.000275735261 -0.000226290081 -0.000115719555
  outer loop
   vertex 0.153117194676 0.117490955799 0.5491
   vertex 0.145461334942 0.111616408009 0.57883
   vertex 0.137849828701 0.120891055199 0.57883
  endloop
 endfacet
 facet normal -0.000290247643 -0.000238200085 -0.000121810058
  outer loop
   vertex 0.153117194676 0.117490955799 0.5491
   vertex 0.137849828701 0.120891055199 0.57883
   vertex 0.145105082843 0.127253742314 0.5491
  endloop
 endfacet
 facet normal -0.000260344811 -0.000243839525 -0.000115719555
  outer loop
   vertex 0.145105082843 0.127253742314 0.5491
   vertex 0.137849828701 0.120891055199 0.57883
   vertex 0.129648028331 0.129648028331 0.57883
  endloop
 endfacet
 facet normal -0.00027404717 -0.000256673184 -0.000121810058
  outer loop
   vertex 0.145105082843 0.127253742314 0.5491
   vertex 0.129648028331 0.129648028331 0.57883
   vertex 0.136471608769 0.136471608769 0.5491
  endloop
 endfacet
 facet normal -0.000243839525 -0.000260344811 -0.000115719555
  outer loop
   vertex 0.136471608769 0.136471608769 0.5491
   vertex 0.129648028331 0.129648028331 0.57883
   vertex 0.120891055199 0.137849828701 0.57883
  endloop
 endfacet
 facet normal -0.000256673184 -0.00027404717 -0.000121810058
  outer loop
   vertex 0.136471608769 0.136471608769 0.5491
   vertex 0.120891055199 0.137849828701 0.57883
   vertex 0.127253742314 0.145105082843 0.5491
  endloop
 endfacet
 facet normal -0.000226290081 -0.000275735261 -0.000115719555
  outer loop
   vertex 0.127253742314 0.145105082843 0.5491
   vertex 0.120891055199 0.137849828701 0.57883
   vertex 0.111616408009 0.145461334942 0.57883
  endloop
 endfacet
 facet normal -0.000238200085 -0.000290247643 -0.000121810058
  outer loop
   vertex 0.127253742314 0.145105082843 0.5491
   vertex 0.111616408009 0.145461334942 0.57883
   vertex 0.117490955799 0.153117194676 0.5491
  endloop
 endfacet
 facet normal -0.000207771627 -0.00028994497 -0.000115719555
  outer loop
   vertex 0.117490955799 0.153117194676 0.5491
   vertex 0.111616408009 0.145461334942 0.57883
   vertex 0.101863802224 0.152449953416 0.57883
  endloop
 endfacet
 facet normal -0.000218706976 -0.000305205232 -0.000121810058
  outer loop
   vertex 0.117490955799 0.153117194676 0.5491
   vertex 0.101863802224 0.152449953416 0.57883
   vertex 0.107225054973 0.160473635174 0.5491
  endloop
 endfacet
 facet normal -0.000188363464 -0.00030291309 -0.000115719555
  outer loop
   vertex 0.107225054973 0.160473635174 0.5491
   vertex 0.101863802224 0.152449953416 0.57883
   vertex 0.091675 0.158785757784 0.57883
  endloop
 endfacet
 facet normal -0.00019827733 -0.000318855884 -0.000121810058
  outer loop
   vertex 0.107225054973 0.160473635174 0.5491
   vertex 0.091675 0.158785757784 0.57883
   vertex 0.0965 0.16714290293 0.5491
  endloop
 endfacet
 facet normal -0.000168148699 -0.00031458409 -0.000115719555
  outer loop
   vertex 0.0965 0.16714290293 0.5491
   vertex 0.091675 0.158785757784 0.57883
   vertex 0.0810936313517 0.16444161716 0.57883
  endloop
 endfacet
 facet normal -0.000176998631 -0.000331141147 -0.000121810058
  outer loop
   vertex 0.0965 0.16714290293 0.5491
   vertex 0.0810936313517 0.16444161716 0.57883
   vertex 0.0853617172123 0.173096439116 0.5491
  endloop
 endfacet
 facet normal -0.000147213896 -0.000324907992 -0.000115719555
  outer loop
   vertex 0.0853617172123 0.173096439116 0.5491
   vertex 0.0810936313517 0.16444161716 0.57883
   vertex 0.0701650073241 0.169393312286 0.57883
  endloop
 endfacet
 facet normal -0.000154961996 -0.000342008413 -0.000121810058
  outer loop
   vertex 0.0853617172123 0.173096439116 0.5491
   vertex 0.0701650073241 0.169393312286 0.57883
   vertex 0.0738579024465 0.178308749775 0.5491
  endloop
 endfacet
 facet normal -0.0001256487 -0.000333840589 -0.000115719555
  outer loop
   vertex 0.0738579024465 0.178308749775 0.5491
   vertex 0.0701650073241 0.169393312286 0.57883
   vertex 0.0589359259633 0.173619639243 0.57883
  endloop
 endfacet
 facet normal -0.00013226179 -0.000351411146 -0.000121810058
  outer loop
   vertex 0.0738579024465 0.178308749775 0.5491
   vertex 0.0589359259633 0.173619639243 0.57883
   vertex 0.0620378168035 0.182757514993 0.5491
  endloop
 endfacet
 facet normal -0.000103545458 -0.000341343629 -0.000115719555
  outer loop
   vertex 0.0620378168035 0.182757514993 0.5491
   vertex 0.0589359259633 0.173619639243 0.57883
   vertex 0.0474544719195 0.17710250025 0.57883
  endloop
 endfacet
 facet normal -0.000108995219 -0.000359309083 -0.000121810058
  outer loop
   vertex 0.0620378168035 0.182757514993 0.5491
   vertex 0.0474544719195 0.17710250025 0.57883
   vertex 0.0499520757048 0.186423684474 0.5491
  endloop
 endfacet
 facet normal -8.09988175e-05 -0.000347384983 -0.000115719555
  outer loop
   vertex 0.0499520757048 0.186423684474 0.5491
   vertex 0.0474544719195 0.17710250025 0.57883
   vertex 0.0357698105417 0.179826981162 0.57883
  endloop
 endfacet
 facet normal -8.52619132e-05 -0.000365668403 -0.000121810058
  outer loop
   vertex 0.0499520757048 0.186423684474 0.5491
   vertex 0.0357698105417 0.179826981162 0.57883
   vertex 0.0376524321491 0.189291559118 0.5491
  endloop
 endfacet
 facet normal -5.81053279e-05 -0.000351938781 -0.000115719555
  outer loop
   vertex 0.0376524321491 0.189291559118 0.5491
   vertex 0.0357698105417 0.179826981162 0.57883
   vertex 0.0239319773435 0.181781415333 0.57883
  endloop
 endfacet
 facet normal -6.11635031e-05 -0.000370461875 -0.000121810058
  outer loop
   vertex 0.0376524321491 0.189291559118 0.5491
   vertex 0.0239319773435 0.181781415333 0.57883
   vertex 0.0251915550985 0.191348858245 0.5491
  endloop
 endfacet
 facet normal -3.49630224e-05 -0.000354985523 -0.000115719555
  outer loop
   vertex 0.0251915550985 0.191348858245 0.5491
   vertex 0.0239319773435 0.181781415333 0.57883
   vertex 0.0119916637443 0.182957433576 0.57883
  endloop
 endfacet
 facet normal -3.68031814e-05 -0.000373668972 -0.000121810058
  outer loop
   vertex 0.0251915550985 0.191348858245 0.5491
   vertex 0.0119916637443 0.182957433576 0.57883
   vertex 0.0126228039414 0.192586772185 0.5491
  endloop
 endfacet
 facet normal -1.16709998e-05 -0.000356512163 -0.000115719555
  outer loop
   vertex 0.0126228039414 0.192586772185 0.5491
   vertex 0.0119916637443 0.182957433576 0.57883
   vertex 1.12269495312e-17 0.18335 0.57883
  endloop
 endfacet
 facet normal -1.22852629e-05 -0.000375275961 -0.000121810058
  outer loop
   vertex 0.0126228039414 0.192586772185 0.5491
   vertex 1.12269495312e-17 0.18335 0.57883
   vertex 1.18178416118e-17 0.193 0.5491
  endloop
 endfacet
 facet normal 1.16709998e-05 -0.000356512163 -0.000115719555
  outer loop
   vertex 1.18178416118e-17 0.193 0.5491
   vertex 1.12269495312e-17 0.18335 0.57883
   vertex -0.0119916637443 0.182957433576 0.57883
  endloop
 endfacet
 facet normal 1.22852629e-05 -0.000375275961 -0.000121810058
  outer loop
   vertex 1.18178416118e-17 0.193 0.5491
   vertex -0.0119916637443 0.182957433576 0.57883
   vertex -0.0126228039414 0.192586772185 0.5491
  endloop
 endfacet
 facet normal 3.49630224e-05 -0.000354985523 -0.000115719555
  outer loop
   vertex -0.0126228039414 0.192586772185 0.5491
   vertex -0.0119916637443 0.182957433576 0.57883
   vertex -0.0239319773435 0.181781415333 0.57883
  endloop
 endfacet
 facet normal 3.68031814e-05 -0.000373668972 -0.000121810058
  outer loop
   vertex -0.0126228039414 0.192586772185 0.5491
   vertex -0.0239319773435 0.181781415333 0.57883
   vertex -0.0251915550985 0.191348858245 0.5491
  endloop
 endfacet
 facet normal 5.81053279e-05 -0.000351938781 -0.000115719555
  outer loop
   vertex -0.0251915550985 0.191348858245 0.5491
   vertex -0.0239319773435 0.181781415333 0.57883
   vertex -0.0357698105417 0.179826981162 0.57883
  endloop
 endfacet
 facet normal 6.11635031e-05 -0.000370461875 -0.000121810058
  outer loop
   vertex -0.0251915550985 0.191348858245 0.5491
   vertex -0.0357698105417 0.179826981162 0.57883
   vertex -0.0376524321491 0.189291559118 0.5491
  endloop
 endfacet
 facet normal 8.09988175e-05 -0.000347384983 -0.000115719555
  outer loop
   vertex -0.0376524321491 0.189291559118 0.5491
   vertex -0.0357698105417 0.179826981162 0.57883
   vertex -0.0474544719195 0.17710250025 0.57883
  endloop
 endfacet
 facet normal 8.52619132e-05 -0.000365668403 -0.000121810058
  outer loop
   vertex -0.0376524321491 0.189291559118 0.5491
   vertex -0.0474544719195 0.17710250025 0.57883
   vertex -0.0499520757048 0.186423684474 0.5491
  endloop
 endfacet
 facet normal 0.000103545458 -0.000341343629 -0.000115719555
  outer loop
   vertex -0.0499520757048 0.186423684474 0.5491
   vertex -0.0474544719195 0.17710250025 0.57883
   vertex -0.0589359259633 0.173619639243 0.57883
  endloop
 endfacet
 facet normal 0.000108995219 -0.000359309083 -0.000121810058
  outer loop
   vertex -0.0499520757048 0.186423684474 0.5491
   vertex -0.0589359259633 0.173619639243 0.57883
   vertex -0.0620378168035 0.182757514993 0.5491
  endloop
 endfacet
 facet normal 0.0001256487 -0.000333840589 -0.000115719555
  outer loop
   vertex -0.0620378168035 0.182757514993 0.5491
   vertex -0.0589359259633 0.173619639243 0.57883
   vertex -0.0701650073241 0.169393312286 0.57883
  endloop
 endfacet
 facet normal 0.00013226179 -0.000351411146 -0.000121810058
  outer loop
   vertex -0.0620378168035 0.182757514993 0.5491
   vertex -0.0701650073241 0.169393312286 0.57883
   vertex -0.0738579024465 0.178308749775 0.5491
  endloop
 endfacet
 facet normal 0.000147213896 -0.000324907992 -0.000115719555
  outer loop
   vertex -0.0738579024465 0.178308749775 0.5491
   vertex -0.0701650073241 0.169393312286 0.57883
   vertex -0.0810936313517 0.16444161716 0.57883
  endloop
 endfacet
 facet normal 0.000154961996 -0.000342008413 -0.000121810058
  outer loop
   vertex -0.0738579024465 0.178308749775 0.5491
   vertex -0.0810936313517 0.16444161716 0.57883
   vertex -0.0853617172123 0.173096439116 0.5491
  endloop
 endfacet
 facet normal 0.000168148699 -0.00031458409 -0.000115719555
  outer loop
   vertex -0.0853617172123 0.173096439116 0.5491
   vertex -0.0810936313517 0.16444161716 0.57883
   vertex -0.091675 0.158785757784 0.57883
  endloop
 endfacet
 facet normal 0.000176998631 -0.000331141147 -0.000121810058
  outer loop
   vertex -0.0853617172123 0.173096439116 0.5491
   vertex -0.091675 0.158785757784 0.57883
   vertex -0.0965 0.16714290293 0.5491
  endloop
 endfacet
 facet normal 0.000188363464 -0.00030291309 -0.000115719555
  outer loop
   vertex -0.0965 0.16714290293 0.5491
   vertex -0.091675 0.158785757784 0.57883
   vertex -0.101863802224 0.152449953416 0.57883
  endloop
 endfacet
 facet normal 0.00019827733 -0.000318855884 -0.000121810058
  outer loop
   vertex -0.0965 0.16714290293 0.5491
   vertex -0.101863802224 0.152449953416 0.57883
   vertex -0.107225054973 0.160473635174 0.5491
  endloop
 endfacet
 facet normal 0.000207771627 -0.00028994497 -0.000115719555
  outer loop
   vertex -0.107225054973 0.160473635174 0.5491
   vertex -0.101863802224 0.152449953416 0.57883
   vertex -0.111616408009 0.145461334942 0.57883
  endloop
 endfacet
 facet normal 0.000218706976 -0.000305205232 -0.000121810058
  outer loop
   vertex -0.107225054973 0.160473635174 0.5491
   vertex -0.111616408009 0.145461334942 0.57883
   vertex -0.117490955799 0.153117194676 0.5491
  endloop
 endfacet
 facet normal 0.000226290081 -0.000275735261 -0.000115719555
  outer loop
   vertex -0.117490955799 0.153117194676 0.5491
   vertex -0.111616408009 0.145461334942 0.57883
   vertex -0.120891055199 0.137849828701 0.57883
  endloop
 endfacet
 facet normal 0.000238200085 -0.000290247643 -0.000121810058
  outer loop
   vertex -0.117490955799 0.153117194676 0.5491
   vertex -0.120891055199 0.137849828701 0.57883
   vertex -0.127253742314 0.145105082843 0.5491
  endloop
 endfacet
 facet normal 0.000243839525 -0.000260344811 -0.000115719555
  outer loop
   vertex -0.127253742314 0.145105082843 0.5491
   vertex -0.120891055199 0.137849828701 0.57883
   vertex -0.129648028331 0.129648028331 0.57883
  endloop
 endfacet
 facet normal 0.000256673184 -0.00027404717 -0.000121810058
  outer loop
   vertex -0.127253742314 0.145105082843 0.5491
   vertex -0.129648028331 0.129648028331 0.57883
   vertex -0.136471608769 0.136471608769 0.5491
  endloop
 endfacet
 facet normal 0.000260344811 -0.000243839525 -0.000115719555
  outer loop
   vertex -0.136471608769 0.136471608769 0.5491
   vertex -0.129648028331 0.129648028331 0.57883
   vertex -0.137849828701 0.120891055199 0.57883
  endloop
 endfacet
 facet normal 0.00027404717 -0.000256673184 -0.000121810058
  outer loop
   vertex -0.136471608769 0.136471608769 0.5491
   vertex -0.137849828701 0.120891055199 0.57883
   vertex -0.145105082843 0.127253742314 0.5491
  endloop
 endfacet
 facet normal 0.000275735261 -0.000226290081 -0.000115719555
  outer loop
   vertex -0.145105082843 0.127253742314 0.5491
   vertex -0.137849828701 0.120891055199 0.57883
   vertex -0.145461334942 0.111616408009 0.57883
  endloop
 endfacet
 facet normal 0.000290247643 -0.000238200085 -0.000121810058
  outer loop
   vertex -0.145105082843 0.127253742314 0.5491
   vertex -0.145461334942 0.111616408009 0.57883
   vertex -0.153117194676 0.117490955799 0.5491
  endloop
 endfacet
 facet normal 0.00028994497 -0.000207771627 -0.000115719555
  outer loop
   vertex -0.153117194676 0.117490955799 0.5491
   vertex -0.145461334942 0.111616408009 0.57883
   vertex -0.152449953416 0.101863802224 0.57883
  endloop
 endfacet
 facet normal 0.000305205232 -0.000218706976 -0.000121810058
  outer loop
   vertex -0.153117194676 0.117490955799 0.5491
   vertex -0.152449953416 0.101863802224 0.57883
   vertex -0.160473635174 0.107225054973 0.5491
  endloop
 endfacet
 facet normal 0.00030291309 -0.000188363464 -0.000115719555
  outer loop
   vertex -0.160473635174 0.107225054973 0.5491
   vertex -0.152449953416 0.101863802224 0.57883
   vertex -0.158785757784 0.091675 0.57883
  endloop
 endfacet
 facet normal 0.000318855884 -0.00019827733 -0.000121810058
  outer loop
   vertex -0.160473635174 0.107225054973 0.5491
   vertex -0.158785757784 0.091675 0.57883
   vertex -0.16714290293 0.0965 0.5491
  endloop
 endfacet
 facet normal 0.00031458409 -0.000168148699 -0.000115719555
  outer loop
   vertex -0.16714290293 0.0965 0.5491
   vertex -0.158785757784 0.091675 0.57883
   vertex -0.16444161716 0.0810936313517 0.57883
  endloop
 endfacet
 facet normal 0.000331141147 -0.000176998631 -0.000121810058
  outer loop
   vertex -0.16714290293 0.0965 0.5491
   vertex -0.16444161716 0.0810936313517 0.57883
   vertex -0.173096439116 0.0853617172123 0.5491
  endloop
 endfacet
 facet normal 0.000324907992 -0.000147213896 -0.000115719555
  outer loop
   vertex -0.173096439116 0.0853617172123 0.5491
   vertex -0.16444161716 0.0810936313517 0.57883
   vertex -0.169393312286 0.0701650073241 0.57883
  endloop
 endfacet
 facet normal 0.000342008413 -0.000154961996 -0.000121810058
  outer loop
   vertex -0.173096439116 0.0853617172123 0.5491
   vertex -0.169393312286 0.0701650073241 0.57883
   vertex -0.178308749775 0.0738579024465 0.5491
  endloop
 endfacet
 facet normal 0.000333840589 -0.0001256487 -0.000115719555
  outer loop
   vertex -0.178308749775 0.0738579024465 0.5491
   vertex -0.169393312286 0.0701650073241 0.57883
   vertex -0.173619639243 0.0589359259633 0.57883
  endloop
 endfacet
 facet normal 0.000351411146 -0.00013226179 -0.000121810058
  outer loop
   vertex -0.178308749775 0.0738579024465 0.5491
   vertex -0.173619639243 0.0589359259633 0.57883
   vertex -0.182757514993 0.0620378168035 0.5491
  endloop
 endfacet
 facet normal 0.000341343629 -0.000103545458 -0.000115719555
  outer loop
   vertex -0.182757514993 0.0620378168035 0.5491
   vertex -0.173619639243 0.0589359259633 0.57883
   vertex -0.17710250025 0.0474544719195 0.57883
  endloop
 endfacet
 facet normal 0.000359309083 -0.000108995219 -0.000121810058
  outer loop
   vertex -0.182757514993 0.0620378168035 0.5491
   vertex -0.17710250025 0.0474544719195 0.57883
   vertex -0.186423684474 0.0499520757048 0.5491
  endloop
 endfacet
 facet normal 0.000347384983 -8.09988175e-05 -0.000115719555
  outer loop
   vertex -0.186423684474 0.0499520757048 0.5491
   vertex -0.17710250025 0.0474544719195 0.57883
   vertex -0.179826981162 0.0357698105417 0.57883
  endloop
 endfacet
 facet normal 0.000365668403 -8.52619132e-05 -0.000121810058
  outer loop
   vertex -0.186423684474 0.0499520757048 0.5491
   vertex -0.179826981162 0.0357698105417 0.57883
   vertex -0.189291559118 0.0376524321491 0.5491
  endloop
 endfacet
 facet normal 0.000351938781 -5.81053279e-05 -0.000115719555
  outer loop
   vertex -0.189291559118 0.0376524321491 0.5491
   vertex -0.179826981162 0.0357698105417 0.57883
   vertex -0.181781415333 0.0239319773435 0.57883
  endloop
 endfacet
 facet normal 0.000370461875 -6.11635031e-05 -0.000121810058
  outer loop
   vertex -0.189291559118 0.0376524321491 0.5491
   vertex -0.181781415333 0.0239319773435 0.57883
   vertex -0.191348858245 0.0251915550985 0.5491
  endloop
 endfacet
 facet normal 0.000354985523 -3.49630224e-05 -0.000115719555
  outer loop
   vertex -0.191348858245 0.0251915550985 0.5491
   vertex -0.181781415333 0.0239319773435 0.57883
   vertex -0.182957433576 0.0119916637443 0.57883
  endloop
 endfacet
 facet normal 0.000373668972 -3.68031814e-05 -0.000121810058
  outer loop
   vertex -0.191348858245 0.0251915550985 0.5491
   vertex -0.182957433576 0.0119916637443 0.57883
   vertex -0.192586772185 0.0126228039414 0.5491
  endloop
 endfacet
 facet normal 0.000356512163 -1.16709998e-05 -0.000115719555
  outer loop
   vertex -0.192586772185 0.0126228039414 0.5491
   vertex -0.182957433576 0.0119916637443 0.57883
   vertex -0.18335 2.24538990624e-17 0.57883
  endloop
 endfacet
 facet normal 0.000375275961 -1.22852629e-05 -0.000121810058
  outer loop
   vertex -0.192586772185 0.0126228039414 0.5491
   vertex -0.18335 2.24538990624e-17 0.57883
   vertex -0.193 2.36356832235e-17 0.5491
  endloop
 endfacet
 facet normal 0.000356512163 1.16709998e-05 -0.000115719555
  outer loop
   vertex -0.193 2.36356832235e-17 0.5491
   vertex -0.18335 2.24538990624e-17 0.57883
   vertex -0.182957433576 -0.0119916637443 0.57883
  endloop
 endfacet
 facet normal 0.000375275961 1.22852629e-05 -0.000121810058
  outer loop
   vertex -0.193 2.36356832235e-17 0.5491
   vertex -0.182957433576 -0.0119916637443 0.57883
   vertex -0.192586772185 -0.0126228039414 0.5491
  endloop
 endfacet
 facet normal 0.000354985523 3.49630224e-05 -0.000115719555
  outer loop
   vertex -0.192586772185 -0.0126228039414 0.5491
   vertex -0.182957433576 -0.0119916637443 0.57883
   vertex -0.181781415333 -0.0239319773435 0.57883
  endloop
 endfacet
 facet normal 0.000373668972 3.68031814e-05 -0.000121810058
  outer loop
   vertex -0.192586772185 -0.0126228039414 0.5491
   vertex -0.181781415333 -0.0239319773435 0.57883
   vertex -0.191348858245 -0.0251915550985 0.5491
  endloop
 endfacet
 facet normal 0.000351938781 5.81053279e-05 -0.000115719555
  outer loop
   vertex -0.191348858245 -0.0251915550985 0.5491
   vertex -0.181781415333 -0.0239319773435 0.57883
   vertex -0.179826981162 -0.0357698105417 0.57883
  endloop
 endfacet
 facet normal 0.000370461875 6.11635031e-05 -0.000121810058
  outer loop
   vertex -0.191348858245 -0.0251915550985 0.5491
   vertex -0.179826981162 -0.0357698105417 0.57883
   vertex -0.189291559118 -0.0376524321491 0.5491
  endloop
 endfacet
 facet normal 0.000347384983 8.09988175e-05 -0.000115719555
  outer loop
   vertex -0.189291559118 -0.0376524321491 0.5491
   vertex -0.179826981162 -0.0357698105417 0.57883
   vertex -0.17710250025 -0.0474544719195 0.57883
  endloop
 endfacet
 facet normal 0.000365668403 8.52619132e-05 -0.000121810058
  outer loop
   vertex -0.189291559118 -0.0376524321491 0.5491
   vertex -0.17710250025 -0.0474544719195 0.57883
   vertex -0.186423684474 -0.0499520757048 0.5491
  endloop
 endfacet
 facet normal 0.000341343629 0.000103545458 -0.000115719555
  outer loop
   vertex -0.186423684474 -0.0499520757048 0.5491
   vertex -0.17710250025 -0.0474544719195 0.57883
   vertex -0.173619639243 -0.0589359259633 0.57883
  endloop
 endfacet
 facet normal 0.000359309083 0.000108995219 -0.000121810058
  outer loop
   vertex -0.186423684474 -0.0499520757048 0.5491
   vertex -0.173619639243 -0.0589359259633 0.57883
   vertex -0.182757514993 -0.0620378168035 0.5491
  endloop
 endfacet
 facet normal 0.000333840589 0.0001256487 -0.000115719555
  outer loop
   vertex -0.182757514993 -0.0620378168035 0.5491
   vertex -0.173619639243 -0.0589359259633 0.57883
   vertex -0.169393312286 -0.0701650073241 0.57883
  endloop
 endfacet
 facet normal 0.000351411146 0.00013226179 -0.000121810058
  outer loop
   vertex -0.182757514993 -0.0620378168035 0.5491
   vertex -0.169393312286 -0.0701650073241 0.57883
   vertex -0.178308749775 -0.0738579024465 0.5491
  endloop
 endfacet
 facet normal 0.000324907992 0.000147213896 -0.000115719555
  outer loop
   vertex -0.178308749775 -0.0738579024465 0.5491
   vertex -0.169393312286 -0.0701650073241 0.57883
   vertex -0.16444161716 -0.0810936313517 0.57883
  endloop
 endfacet
 facet normal 0.000342008413 0.000154961996 -0.000121810058
  outer loop
   vertex -0.178308749775 -0.0738579024465 0.5491
   vertex -0.16444161716 -0.0810936313517 0.57883
   vertex -0.173096439116 -0.0853617172123 0.5491
  endloop
 endfacet
 facet normal 0.00031458409 0.000168148699 -0.000115719555
  outer loop
   vertex -0.173096439116 -0.0853617172123 0.5491
   vertex -0.16444161716 -0.0810936313517 0.57883
   vertex -0.158785757784 -0.091675 0.57883
  endloop
 endfacet
 facet normal 0.000331141147 0.000176998631 -0.000121810058
  outer loop
   vertex -0.173096439116 -0.0853617172123 0.5491
   vertex -0.158785757784 -0.091675 0.57883
   vertex -0.16714290293 -0.0965 0.5491
  endloop
 endfacet
 facet normal 0.00030291309 0.000188363464 -0.000115719555
  outer loop
   vertex -0.16714290293 -0.0965 0.5491
   vertex -0.158785757784 -0.091675 0.57883
   vertex -0.152449953416 -0.101863802224 0.57883
  endloop
 endfacet
 facet normal 0.000318855884 0.00019827733 -0.000121810058
  outer loop
   vertex -0.16714290293 -0.0965 0.5491
   vertex -0.152449953416 -0.101863802224 0.57883
   vertex -0.160473635174 -0.107225054973 0.5491
  endloop
 endfacet
 facet normal 0.00028994497 0.000207771627 -0.000115719555
  outer loop
   vertex -0.160473635174 -0.107225054973 0.5491
   vertex -0.152449953416 -0.101863802224 0.57883
   vertex -0.145461334942 -0.111616408009 0.57883
  endloop
 endfacet
 facet normal 0.000305205232 0.000218706976 -0.000121810058
  outer loop
   vertex -0.160473635174 -0.107225054973 0.5491
   vertex -0.145461334942 -0.111616408009 0.57883
   vertex -0.153117194676 -0.117490955799 0.5491
  endloop
 endfacet
 facet normal 0.000275735261 0.000226290081 -0.000115719555
  outer loop
   vertex -0.153117194676 -0.117490955799 0.5491
   vertex -0.145461334942 -0.111616408009 0.57883
   vertex -0.137849828701 -0.120891055199 0.57883
  endloop
 endfacet
 facet normal 0.000290247643 0.000238200085 -0.000121810058
  outer loop
   vertex -0.153117194676 -0.117490955799 0.5491
   vertex -0.137849828701 -0.120891055199 0.57883
   vertex -0.145105082843 -0.127253742314 0.5491
  endloop
 endfacet
 facet normal 0.000260344811 0.000243839525 -0.000115719555
  outer loop
   vertex -0.145105082843 -0.127253742314 0.5491
   vertex -0.137849828701 -0.120891055199 0.57883
   vertex -0.129648028331 -0.129648028331 0.57883
  endloop
 endfacet
 facet normal 0.00027404717 0.000256673184 -0.000121810058
  outer loop
   vertex -0.145105082843 -0.127253742314 0.5491
   vertex -0.129648028331 -0.129648028331 0.57883
   vertex -0.136471608769 -0.136471608769 0.5491
  endloop
 endfacet
 facet normal 0.000243839525 0.000260344811 -0.000115719555
  outer loop
   vertex -0.136471608769 -0.136471608769 0.5491
   vertex -0.129648028331 -0.129648028331 0.57883
   vertex -0.120891055199 -0.137849828701 0.57883
  endloop
 endfacet
 facet normal 0.000256673184 0.00027404717 -0.000121810058
  outer loop
   vertex -0.136471608769 -0.136471608769 0.5491
   vertex -0.120891055199 -0.137849828701 0.57883
   vertex -0.127253742314 -0.145105082843 0.5491
  endloop
 endfacet
 facet normal 0.000226290081 0.000275735261 -0.000115719555
  outer loop
   vertex -0.127253742314 -0.145105082843 0.5491
   vertex -0.120891055199 -0.137849828701 0.57883
   vertex -0.111616408009 -0.145461334942 0.57883
  endloop
 endfacet
 facet normal 0.000238200085 0.000290247643 -0.000121810058
  outer loop
   vertex -0.127253742314 -0.145105082843 0.5491
   vertex -0.111616408009 -0.145461334942 0.57883
   vertex -0.117490955799 -0.153117194676 0.5491
  endloop
 endfacet
 facet normal 0.000207771627 0.00028994497 -0.000115719555
  outer loop
   vertex -0.117490955799 -0.153117194676 0.5491
   vertex -0.111616408009 -0.145461334942 0.57883
   vertex -0.101863802224 -0.152449953416 0.57883
  endloop
 endfacet
 facet normal 0.000218706976 0.000305205232 -0.000121810058
  outer loop
   vertex -0.117490955799 -0.153117194676 0.5491
   vertex -0.101863802224 -0.152449953416 0.57883
   vertex -0.107225054973 -0.160473635174 0.5491
  endloop
 endfacet
 facet normal 0.000188363464 0.00030291309 -0.000115719555
  outer loop
   vertex -0.107225054973 -0.160473635174 0.5491
   vertex -0.101863802224 -0.152449953416 0.57883
   vertex -0.091675 -0.158785757784 0.57883
  endloop
 endfacet
 facet normal 0.00019827733 0.000318855884 -0.000121810058
  outer loop
   vertex -0.107225054973 -0.160473635174 0.5491
   vertex -0.091675 -0.158785757784 0.57883
   vertex -0.0965 -0.16714290293 0.5491
  endloop
 endfacet
 facet normal 0.000168148699 0.00031458409 -0.000115719555
  outer loop
   vertex -0.0965 -0.16714290293 0.5491
   vertex -0.091675 -0.158785757784 0.57883
   vertex -0.0810936313517 -0.16444161716 0.57883
  endloop
 endfacet
 facet normal 0.000176998631 0.000331141147 -0.000121810058
  outer loop
   vertex -0.0965 -0.16714290293 0.5491
   vertex -0.0810936313517 -0.16444161716 0.57883
   vertex -0.0853617172123 -0.173096439116 0.5491
  endloop
 endfacet
 facet normal 0.000147213896 0.000324907992 -0.000115719555
  outer loop
   vertex -0.0853617172123 -0.173096439116 0.5491
   vertex -0.0810936313517 -0.16444161716 0.57883
   vertex -0.0701650073241 -0.169393312286 0.57883
  endloop
 endfacet
 facet normal 0.000154961996 0.000342008413 -0.000121810058
  outer loop
   vertex -0.0853617172123 -0.173096439116 0.5491
   vertex -0.0701650073241 -0.169393312286 0.57883
   vertex -0.0738579024465 -0.178308749775 0.5491
  endloop
 endfacet
 facet normal 0.0001256487 0.000333840589 -0.000115719555
  outer loop
   vertex -0.0738579024465 -0.178308749775 0.5491
   vertex -0.0701650073241 -0.169393312286 0.57883
   vertex -0.0589359259633 -0.173619639243 0.57883
  endloop
 endfacet
 facet normal 0.00013226179 0.000351411146 -0.000121810058
  outer loop
   vertex -0.0738579024465 -0.178308749775 0.5491
   vertex -0.0589359259633 -0.173619639243 0.57883
   vertex -0.0620378168035 -0.182757514993 0.5491
  endloop
 endfacet
 facet normal 0.000103545458 0.000341343629 -0.000115719555
  outer loop
   vertex -0.0620378168035 -0.182757514993 0.5491
   vertex -0.0589359259633 -0.173619639243 0.57883
   vertex -0.0474544719195 -0.17710250025 0.57883
  endloop
 endfacet
 facet normal 0.000108995219 0.000359309083 -0.000121810058
  outer loop
   vertex -0.0620378168035 -0.182757514993 0.5491
   vertex -0.0474544719195 -0.17710250025 0.57883
   vertex -0.0499520757048 -0.186423684474 0.5491
  endloop
 endfacet
 facet normal 8.09988175e-05 0.000347384983 -0.000115719555
  outer loop
   vertex -0.0499520757048 -0.186423684474 0.5491
   vertex -0.0474544719195 -0.17710250025 0.57883
   vertex -0.0357698105417 -0.179826981162 0.57883
  endloop
 endfacet
 facet normal 8.52619132e-05 0.000365668403 -0.000121810058
  outer loop
   vertex -0.0499520757048 -0.186423684474 0.5491
   vertex -0.0357698105417 -0.179826981162 0.57883
   vertex -0.0376524321491 -0.189291559118 0.5491
  endloop
 endfacet
 facet normal 5.81053279e-05 0.000351938781 -0.000115719555
  outer loop
   vertex -0.0376524321491 -0.189291559118 0.5491
   vertex -0.0357698105417 -0.179826981162 0.57883
   vertex -0.0239319773435 -0.181781415333 0.57883
  endloop
 endfacet
 facet normal 6.11635031e-05 0.000370461875 -0.000121810058
  outer loop
   vertex -0.0376524321491 -0.189291559118 0.5491
   vertex -0.0239319773435 -0.181781415333 0.57883
   vertex -0.0251915550985 -0.191348858245 0.5491
  endloop
 endfacet
 facet normal 3.49630224e-05 0.000354985523 -0.000115719555
  outer loop
   vertex -0.0251915550985 -0.191348858245 0.5491
   vertex -0.0239319773435 -0.181781415333 0.57883
   vertex -0.0119916637443 -0.182957433576 0.57883
  endloop
 endfacet
 facet normal 3.68031814e-05 0.000373668972 -0.000121810058
  outer loop
   vertex -0.0251915550985 -0.191348858245 0.5491
   vertex -0.0119916637443 -0.182957433576 0.57883
   vertex -0.0126228039414 -0.192586772185 0.5491
  endloop
 endfacet
 facet normal 1.16709998e-05 0.000356512163 -0.000115719555
  outer loop
   vertex -0.0126228039414 -0.192586772185 0.5491
   vertex -0.0119916637443 -0.182957433576 0.57883
   vertex -3.36808485936e-17 -0.18335 0.57883
  endloop
 endfacet
 facet normal 1.22852629e-05 0.000375275961 -0.000121810058
  outer loop
   vertex -0.0126228039414 -0.192586772185 0.5491
   vertex -3.36808485936e-17 -0.18335 0.57883
   vertex -3.54535248353e-17 -0.193 0.5491
  endloop
 endfacet
 facet normal -1.16709998e-05 0.000356512163 -0.000115719555
  outer loop
   vertex -3.54535248353e-17 -0.193 0.5491
   vertex -3.36808485936e-17 -0.18335 0.57883
   vertex 0.0119916637443 -0.182957433576 0.57883
  endloop
 endfacet
 facet normal -1.22852629e-05 0.000375275961 -0.000121810058
  outer loop
   vertex -3.54535248353e-17 -0.193 0.5491
   vertex 0.0119916637443 -0.182957433576 0.57883
   vertex 0.0126228039414 -0.192586772185 0.5491
  endloop
 endfacet
 facet normal -3.49630224e-05 0.000354985523 -0.000115719555
  outer loop
   vertex 0.0126228039414 -0.192586772185 0.5491
   vertex 0.0119916637443 -0.182957433576 0.57883
   vertex 0.0239319773435 -0.181781415333 0.57883
  endloop
 endfacet
 facet normal -3.68031814e-05 0.000373668972 -0.000121810058
  outer loop
   vertex 0.0126228039414 -0.192586772185 0.5491
   vertex 0.0239319773435 -0.181781415333 0.57883
   vertex 0.0251915550985 -0.191348858245 0.5491
  endloop
 endfacet
 facet normal -5.81053279e-05 0.000351938781 -0.000115719555
  outer loop
   vertex 0.0251915550985 -0.191348858245 0.5491
   vertex 0.0239319773435 -0.181781415333 0.57883
   vertex 0.0357698105417 -0.179826981162 0.57883
  endloop
 endfacet
 facet normal -6.11635031e-05 0.000370461875 -0.000121810058
  outer loop
   vertex 0.0251915550985 -0.191348858245 0.5491
   vertex 0.0357698105417 -0.179826981162 0.57883
   vertex 0.0376524321491 -0.189291559118 0.5491
  endloop
 endfacet
 facet normal -8.09988175e-05 0.000347384983 -0.000115719555
  outer loop
   vertex 0.0376524321491 -0.189291559118 0.5491
   vertex 0.0357698105417 -0.179826981162 0.57883
   vertex 0.0474544719195 -0.17710250025 0.57883
  endloop
 endfacet
 facet normal -8.52619132e-05 0.000365668403 -0.000121810058
  outer loop
   vertex 0.0376524321491 -0.189291559118 0.5491
   vertex 0.0474544719195 -0.17710250025 0.57883
   vertex 0.0499520757048 -0.186423684474 0.5491
  endloop
 endfacet
 facet normal -0.000103545458 0.000341343629 -0.000115719555
  outer loop
   vertex 0.0499520757048 -0.186423684474 0.5491
   vertex 0.0474544719195 -0.17710250025 0.57883
   vertex 0.0589359259633 -0.173619639243 0.57883
  endloop
 endfacet
 facet normal -0.000108995219 0.000359309083 -0.000121810058
  outer loop
   vertex 0.0499520757048 -0.186423684474 0.5491
   vertex 0.0589359259633 -0.173619639243 0.57883
   vertex 0.0620378168035 -0.182757514993 0.5491
  endloop
 endfacet
 facet normal -0.0001256487 0.000333840589 -0.000115719555
  outer loop
   vertex 0.0620378168035 -0.182757514993 0.5491
   vertex 0.0589359259633 -0.173619639243 0.57883
   vertex 0.0701650073241 -0.169393312286 0.57883
  endloop
 endfacet
 facet normal -0.00013226179 0.000351411146 -0.000121810058
  outer loop
   vertex 0.0620378168035 -0.182757514993 0.5491
   vertex 0.0701650073241 -0.169393312286 0.57883
   vertex 0.0738579024465 -0.178308749775 0.5491
  endloop
 endfacet
 facet normal -0.000147213896 0.000324907992 -0.000115719555
  outer loop
   vertex 0.0738579024465 -0.178308749775 0.5491
   vertex 0.0701650073241 -0.169393312286 0.57883
   vertex 0.0810936313517 -0.16444161716 0.57883
  endloop
 endfacet
 facet normal -0.000154961996 0.000342008413 -0.000121810058
  outer loop
   vertex 0.0738579024465 -0.178308749775 0.5491
   vertex 0.0810936313517 -0.16444161716 0.57883
   vertex 0.0853617172123 -0.173096439116 0.5491
  endloop
 endfacet
 facet normal -0.000168148699 0.00031458409 -0.000115719555
  outer loop
   vertex 0.0853617172123 -0.173096439116 0.5491
   vertex 0.0810936313517 -0.16444161716 0.57883
   vertex 0.091675 -0.158785757784 0.57883
  endloop
 endfacet
 facet normal -0.000176998631 0.000331141147 -0.000121810058
  outer loop
   vertex 0.0853617172123 -0.173096439116 0.5491
   vertex 0.091675 -0.158785757784 0.57883
   vertex 0.0965 -0.16714290293 0.5491
  endloop
 endfacet
 facet normal -0.000188363464 0.00030291309 -0.000115719555
  outer loop
   vertex 0.0965 -0.16714290293 0.5491
   vertex 0.091675 -0.158785757784 0.57883
   vertex 0.101863802224 -0.152449953416 0.57883
  endloop
 endfacet
 facet normal -0.00019827733 0.000318855884 -0.000121810058
  outer loop
   vertex 0.0965 -0.16714290293 0.5491
   vertex 0.101863802224 -0.152449953416 0.57883
   vertex 0.107225054973 -0.160473635174 0.5491
  endloop
 endfacet
 facet normal -0.000207771627 0.00028994497 -0.000115719555
  outer loop
   vertex 0.107225054973 -0.160473635174 0.5491
   vertex 0.101863802224 -0.152449953416 0.57883
   vertex 0.111616408009 -0.145461334942 0.57883
  endloop
 endfacet
 facet normal -0.000218706976 0.000305205232 -0.000121810058
  outer loop
   vertex 0.107225054973 -0.160473635174 0.5491
   vertex 0.111616408009 -0.145461334942 0.57883
   vertex 0.117490955799 -0.153117194676 0.5491
  endloop
 endfacet
 facet normal -0.000226290081 0.000275735261 -0.000115719555
  outer loop
   vertex 0.117490955799 -0.153117194676 0.5491
   vertex 0.111616408009 -0.145461334942 0.57883
   vertex 0.120891055199 -0.137849828701 0.57883
  endloop
 endfacet
 facet normal -0.000238200085 0.000290247643 -0.000121810058
  outer loop
   vertex 0.117490955799 -0.153117194676 0.5491
   vertex 0.120891055199 -0.137849828701 0.57883
   vertex 0.127253742314 -0.145105082843 0.5491
  endloop
 endfacet
 facet normal -0.000243839525 0.000260344811 -0.000115719555
  outer loop
   vertex 0.127253742314 -0.145105082843 0.5491
   vertex 0.120891055199 -0.137849828701 0.57883
   vertex 0.129648028331 -0.129648028331 0.57883
  endloop
 endfacet
 facet normal -0.000256673184 0.00027404717 -0.000121810058
  outer loop
   vertex 0.127253742314 -0.145105082843 0.5491
   vertex 0.129648028331 -0.129648028331 0.57883
   vertex 0.136471608769 -0.136471608769 0.5491
  endloop
 endfacet
 facet normal -0.000260344811 0.000243839525 -0.000115719555
  outer loop
   vertex 0.136471608769 -0.136471608769 0.5491
   vertex 0.129648028331 -0.129648028331 0.57883
   vertex 0.137849828701 -0.120891055199 0.57883
  endloop
 endfacet
 facet normal -0.00027404717 0.000256673184 -0.000121810058
  outer loop
   vertex 0.136471608769 -0.136471608769 0.5491
   vertex 0.137849828701 -0.120891055199 0.57883
   vertex 0.145105082843 -0.127253742314 0.5491
  endloop
 endfacet
 facet normal -0.000275735261 0.000226290081 -0.000115719555
  outer loop
   vertex 0.145105082843 -0.127253742314 0.5491
   vertex 0.137849828701 -0.120891055199 0.57883
   vertex 0.145461334942 -0.111616408009 0.57883
  endloop
 endfacet
 facet normal -0.000290247643 0.000238200085 -0.000121810058
  outer loop
   vertex 0.145105082843 -0.127253742314 0.5491
   vertex 0.145461334942 -0.111616408009 0.57883
   vertex 0.153117194676 -0.117490955799 0.5491
  endloop
 endfacet
 facet normal -0.00028994497 0.000207771627 -0.000115719555
  outer loop
   vertex 0.153117194676 -0.117490955799 0.5491
   vertex 0.145461334942 -0.111616408009 0.57883
   vertex 0.152449953416 -0.101863802224 0.57883
  endloop
 endfacet
 facet normal -0.000305205232 0.000218706976 -0.000121810058
  outer loop
   vertex 0.153117194676 -0.117490955799 0.5491
   vertex 0.152449953416 -0.101863802224 0.57883
   vertex 0.160473635174 -0.107225054973 0.5491
  endloop
 endfacet
 facet normal -0.00030291309 0.000188363464 -0.000115719555
  outer loop
   vertex 0.160473635174 -0.107225054973 0.5491
   vertex 0.152449953416 -0.101863802224 0.57883
   vertex 0.158785757784 -0.091675 0.57883
  endloop
 endfacet
 facet normal -0.000318855884 0.00019827733 -0.000121810058
  outer loop
   vertex 0.160473635174 -0.107225054973 0.5491
   vertex 0.158785757784 -0.091675 0.57883
   vertex 0.16714290293 -0.0965 0.5491
  endloop
 endfacet
 facet normal -0.00031458409 0.000168148699 -0.000115719555
  outer loop
   vertex 0.16714290293 -0.0965 0.5491
   vertex 0.158785757784 -0.091675 0.57883
   vertex 0.16444161716 -0.0810936313517 0.57883
  endloop
 endfacet
 facet normal -0.000331141147 0.000176998631 -0.000121810058
  outer loop
   vertex 0.16714290293 -0.0965 0.5491
   vertex 0.16444161716 -0.0810936313517 0.57883
   vertex 0.173096439116 -0.0853617172123 0.5491
  endloop
 endfacet
 facet normal -0.000324907992 0.000147213896 -0.000115719555
  outer loop
   vertex 0.173096439116 -0.0853617172123 0.5491
   vertex 0.16444161716 -0.0810936313517 0.57883
   vertex 0.169393312286 -0.0701650073241 0.57883
  endloop
 endfacet
 facet normal -0.000342008413 0.000154961996 -0.000121810058
  outer loop
   vertex 0.173096439116 -0.0853617172123 0.5491
   vertex 0.169393312286 -0.0701650073241 0.57883
   vertex 0.178308749775 -0.0738579024465 0.5491
  endloop
 endfacet
 facet normal -0.000333840589 0.0001256487 -0.000115719555
  outer loop
   vertex 0.178308749775 -0.0738579024465 0.5491
   vertex 0.169393312286 -0.0701650073241 0.57883
   vertex 0.173619639243 -0.0589359259633 0.57883
  endloop
 endfacet
 facet normal -0.000351411146 0.00013226179 -0.000121810058
  outer loop
   vertex 0.178308749775 -0.0738579024465 0.5491
   vertex 0.173619639243 -0.0589359259633 0.57883
   vertex 0.182757514993 -0.0620378168035 0.5491
  endloop
 endfacet
 facet normal -0.000341343629 0.000103545458 -0.000115719555
  outer loop
   vertex 0.182757514993 -0.0620378168035 0.5491
   vertex 0.173619639243 -0.0589359259633 0.57883
   vertex 0.17710250025 -0.0474544719195 0.57883
  endloop
 endfacet
 facet normal -0.000359309083 0.000108995219 -0.000121810058
  outer loop
   vertex 0.182757514993 -0.0620378168035 0.5491
   vertex 0.17710250025 -0.0474544719195 0.57883
   vertex 0.186423684474 -0.0499520757048 0.5491
  endloop
 endfacet
 facet normal -0.000347384983 8.09988175e-05 -0.000115719555
  outer loop
   vertex 0.186423684474 -0.0499520757048 0.5491
   vertex 0.17710250025 -0.0474544719195 0.57883
   vertex 0.179826981162 -0.0357698105417 0.57883
  endloop
 endfacet
 facet normal -0.000365668403 8.52619132e-05 -0.000121810058
  outer loop
   vertex 0.186423684474 -0.0499520757048 0.5491
   vertex 0.179826981162 -0.0357698105417 0.57883
   vertex 0.189291559118 -0.0376524321491 0.5491
  endloop
 endfacet
 facet normal -0.000351938781 5.81053279e-05 -0.000115719555
  outer loop
   vertex 0.189291559118 -0.0376524321491 0.5491
   vertex 0.179826981162 -0.0357698105417 0.57883
   vertex 0.181781415333 -0.0239319773435 0.57883
  endloop
 endfacet
 facet normal -0.000370461875 6.11635031e-05 -0.000121810058
  outer loop
   vertex 0.189291559118 -0.0376524321491 0.5491
   vertex 0.181781415333 -0.0239319773435 0.57883
   vertex 0.191348858245 -0.0251915550985 0.5491
  endloop
 endfacet
 facet normal -0.000354985523 3.49630224e-05 -0.000115719555
  outer loop
   vertex 0.191348858245 -0.0251915550985 0.5491
   vertex 0.181781415333 -0.0239319773435 0.57883
   vertex 0.182957433576 -0.0119916637443 0.57883
  endloop
 endfacet
 facet normal -0.000373668972 3.68031814e-05 -0.000121810058
  outer loop
   vertex 0.191348858245 -0.0251915550985 0.5491
   vertex 0.182957433576 -0.0119916637443 0.57883
   vertex 0.192586772185 -0.0126228039414 0.5491
  endloop
 endfacet
 facet normal -0.000356512163 1.16709998e-05 -0.000115719555
  outer loop
   vertex 0.192586772185 -0.0126228039414 0.5491
   vertex 0.182957433576 -0.0119916637443 0.57883
   vertex 0.18335 -4.49077981247e-17 0.57883
  endloop
 endfacet
 facet normal -0.000375275961 1.22852629e-05 -0.000121810058
  outer loop
   vertex 0.192586772185 -0.0126228039414 0.5491
   vertex 0.18335 -4.49077981247e-17 0.57883
   vertex 0.193 -4.72713664471e-17 0.5491
  endloop
 endfacet
 facet normal -0.000378278169 -1.2383545e-05 -0.000403434912
  outer loop
   vertex 0.18335 0 0.57883
   vertex 0.13896 0 0.620452
   vertex 0.138662475973 0.00908841883782 0.620452
  endloop
 endfacet
 facet normal -0.000499117028 -1.63393997e-05 -0.000532309954
  outer loop
   vertex 0.18335 0 0.57883
   vertex 0.138662475973 0.00908841883782 0.620452
   vertex 0.182957433576 0.0119916637443 0.57883
  endloop
 endfacet
 facet normal -0.000376658324 -3.70976069e-05 -0.000403434912
  outer loop
   vertex 0.182957433576 0.0119916637443 0.57883
   vertex 0.138662475973 0.00908841883782 0.620452
   vertex 0.137771177937 0.0181379196709 0.620452
  endloop
 endfacet
 facet normal -0.000496979733 -4.89482313e-05 -0.000532309954
  outer loop
   vertex 0.182957433576 0.0119916637443 0.57883
   vertex 0.137771177937 0.0181379196709 0.620452
   vertex 0.181781415333 0.0239319773435 0.57883
  endloop
 endfacet
 facet normal -0.00037342557 -6.16528111e-05 -0.000403434912
  outer loop
   vertex 0.181781415333 0.0239319773435 0.57883
   vertex 0.137771177937 0.0181379196709 0.620452
   vertex 0.136289922565 0.0271097511474 0.620452
  endloop
 endfacet
 facet normal -0.000492714293 -8.13474591e-05 -0.000532309954
  outer loop
   vertex 0.181781415333 0.0239319773435 0.57883
   vertex 0.136289922565 0.0271097511474 0.620452
   vertex 0.179826981162 0.0357698105417 0.57883
  endloop
 endfacet
 facet normal -0.00036859375 -8.59440085e-05 -0.000403434912
  outer loop
   vertex 0.179826981162 0.0357698105417 0.57883
   vertex 0.136289922565 0.0271097511474 0.620452
   vertex 0.134225052821 0.0359654945074 0.620452
  endloop
 endfacet
 facet normal -0.000486338976 -0.000113398345 -0.000532309954
  outer loop
   vertex 0.179826981162 0.0357698105417 0.57883
   vertex 0.134225052821 0.0359654945074 0.620452
   vertex 0.17710250025 0.0474544719195 0.57883
  endloop
 endfacet
 facet normal -0.000362183556 -0.00010986718 -0.000403434912
  outer loop
   vertex 0.17710250025 0.0474544719195 0.57883
   vertex 0.134225052821 0.0359654945074 0.620452
   vertex 0.131585410795 0.0446672280985 0.620452
  endloop
 endfacet
 facet normal -0.00047788108 -0.000144963641 -0.000532309954
  outer loop
   vertex 0.17710250025 0.0474544719195 0.57883
   vertex 0.131585410795 0.0446672280985 0.620452
   vertex 0.173619639243 0.0589359259633 0.57883
  endloop
 endfacet
 facet normal -0.000354222435 -0.000133319884 -0.000403434912
  outer loop
   vertex 0.173619639243 0.0589359259633 0.57883
   vertex 0.131585410795 0.0446672280985 0.620452
   vertex 0.128382299838 0.0531776897615 0.620452
  endloop
 endfacet
 facet normal -0.000467376824 -0.000175908181 -0.000532309954
  outer loop
   vertex 0.173619639243 0.0589359259633 0.57883
   vertex 0.128382299838 0.0531776897615 0.620452
   vertex 0.169393312286 0.0701650073241 0.57883
  endloop
 endfacet
 facet normal -0.00034474448 -0.000156201692 -0.000403434912
  outer loop
   vertex 0.169393312286 0.0701650073241 0.57883
   vertex 0.128382299838 0.0531776897615 0.620452
   vertex 0.124629436163 0.0614604363928 0.620452
  endloop
 endfacet
 facet normal -0.000454871189 -0.000206099455 -0.000532309954
  outer loop
   vertex 0.169393312286 0.0701650073241 0.57883
   vertex 0.124629436163 0.0614604363928 0.620452
   vertex 0.16444161716 0.0810936313517 0.57883
  endloop
 endfacet
 facet normal -0.000333790276 -0.00017841462 -0.000403434912
  outer loop
   vertex 0.16444161716 0.0810936313517 0.57883
   vertex 0.124629436163 0.0614604363928 0.620452
   vertex 0.12034289011 0.06948 0.620452
  endloop
 endfacet
 facet normal -0.000440417726 -0.000235408179 -0.000532309954
  outer loop
   vertex 0.16444161716 0.0810936313517 0.57883
   vertex 0.12034289011 0.06948 0.620452
   vertex 0.158785757784 0.091675 0.57883
  endloop
 endfacet
 facet normal -0.000321406731 -0.000199863549 -0.000403434912
  outer loop
   vertex 0.158785757784 0.091675 0.57883
   vertex 0.12034289011 0.06948 0.620452
   vertex 0.115541017326 0.0772020395804 0.620452
  endloop
 endfacet
 facet normal -0.000424078326 -0.000263708849 -0.000532309954
  outer loop
   vertex 0.158785757784 0.091675 0.57883
   vertex 0.115541017326 0.0772020395804 0.620452
   vertex 0.152449953416 0.101863802224 0.57883
  endloop
 endfacet
 facet normal -0.000307646873 -0.000220456632 -0.000403434912
  outer loop
   vertex 0.152449953416 0.101863802224 0.57883
   vertex 0.115541017326 0.0772020395804 0.620452
   vertex 0.110244380167 0.0845934881751 0.620452
  endloop
 endfacet
 facet normal -0.000405922958 -0.000290880278 -0.000532309954
  outer loop
   vertex 0.152449953416 0.101863802224 0.57883
   vertex 0.110244380167 0.0845934881751 0.620452
   vertex 0.145461334942 0.111616408009 0.57883
  endloop
 endfacet
 facet normal -0.000292569624 -0.000240105685 -0.000403434912
  outer loop
   vertex 0.145461334942 0.111616408009 0.57883
   vertex 0.110244380167 0.0845934881751 0.620452
   vertex 0.104475659647 0.0916226944663 0.620452
  endloop
 endfacet
 facet normal -0.000386029365 -0.000316806113 -0.000532309954
  outer loop
   vertex 0.145461334942 0.111616408009 0.57883
   vertex 0.104475659647 0.0916226944663 0.620452
   vertex 0.137849828701 0.120891055199 0.57883
  endloop
 endfacet
 facet normal -0.000276239547 -0.00025872657 -0.000403434912
  outer loop
   vertex 0.137849828701 0.120891055199 0.57883
   vertex 0.104475659647 0.0916226944663 0.620452
   vertex 0.0982595583137 0.0982595583137 0.620452
  endloop
 endfacet
 facet normal -0.000364482736 -0.000341375335 -0.000532309954
  outer loop
   vertex 0.137849828701 0.120891055199 0.57883
   vertex 0.0982595583137 0.0982595583137 0.620452
   vertex 0.129648028331 0.129648028331 0.57883
  endloop
 endfacet
 facet normal -0.00025872657 -0.000276239547 -0.000403434912
  outer loop
   vertex 0.129648028331 0.129648028331 0.57883
   vertex 0.0982595583137 0.0982595583137 0.620452
   vertex 0.0916226944663 0.104475659647 0.620452
  endloop
 endfacet
 facet normal -0.000341375335 -0.000364482736 -0.000532309954
  outer loop
   vertex 0.129648028331 0.129648028331 0.57883
   vertex 0.0916226944663 0.104475659647 0.620452
   vertex 0.120891055199 0.137849828701 0.57883
  endloop
 endfacet
 facet normal -0.000240105685 -0.000292569624 -0.000403434912
  outer loop
   vertex 0.120891055199 0.137849828701 0.57883
   vertex 0.0916226944663 0.104475659647 0.620452
   vertex 0.0845934881751 0.110244380167 0.620452
  endloop
 endfacet
 facet normal -0.000316806113 -0.000386029365 -0.000532309954
  outer loop
   vertex 0.120891055199 0.137849828701 0.57883
   vertex 0.0845934881751 0.110244380167 0.620452
   vertex 0.111616408009 0.145461334942 0.57883
  endloop
 endfacet
 facet normal -0.000220456632 -0.000307646873 -0.000403434912
  outer loop
   vertex 0.111616408009 0.145461334942 0.57883
   vertex 0.0845934881751 0.110244380167 0.620452
   vertex 0.0772020395804 0.115541017326 0.620452
  endloop
 endfacet
 facet normal -0.000290880278 -0.000405922958 -0.000532309954
  outer loop
   vertex 0.111616408009 0.145461334942 0.57883
   vertex 0.0772020395804 0.115541017326 0.620452
   vertex 0.101863802224 0.152449953416 0.57883
  endloop
 endfacet
 facet normal -0.000199863549 -0.000321406731 -0.000403434912
  outer loop
   vertex 0.101863802224 0.152449953416 0.57883
   vertex 0.0772020395804 0.115541017326 0.620452
   vertex 0.06948 0.12034289011 0.620452
  endloop
 endfacet
 facet normal -0.000263708849 -0.000424078326 -0.000532309954
  outer loop
   vertex 0.101863802224 0.152449953416 0.57883
   vertex 0.06948 0.12034289011 0.620452
   vertex 0.091675 0.158785757784 0.57883
  endloop
 endfacet
 facet normal -0.00017841462 -0.000333790276 -0.000403434912
  outer loop
   vertex 0.091675 0.158785757784 0.57883
   vertex 0.06948 0.12034289011 0.620452
   vertex 0.0614604363928 0.124629436163 0.620452
  endloop
 endfacet
 facet normal -0.000235408179 -0.000440417726 -0.000532309954
  outer loop
   vertex 0.091675 0.158785757784 0.57883
   vertex 0.0614604363928 0.124629436163 0.620452
   vertex 0.0810936313517 0.16444161716 0.57883
  endloop
 endfacet
 facet normal -0.000156201692 -0.00034474448 -0.000403434912
  outer loop
   vertex 0.0810936313517 0.16444161716 0.57883
   vertex 0.0614604363928 0.124629436163 0.620452
   vertex 0.0531776897615 0.128382299838 0.620452
  endloop
 endfacet
 facet normal -0.000206099455 -0.000454871189 -0.000532309954
  outer loop
   vertex 0.0810936313517 0.16444161716 0.57883
   vertex 0.0531776897615 0.128382299838 0.620452
   vertex 0.0701650073241 0.169393312286 0.57883
  endloop
 endfacet
 facet normal -0.000133319884 -0.000354222435 -0.000403434912
  outer loop
   vertex 0.0701650073241 0.169393312286 0.57883
   vertex 0.0531776897615 0.128382299838 0.620452
   vertex 0.0446672280985 0.131585410795 0.620452
  endloop
 endfacet
 facet normal -0.000175908181 -0.000467376824 -0.000532309954
  outer loop
   vertex 0.0701650073241 0.169393312286 0.57883
   vertex 0.0446672280985 0.131585410795 0.620452
   vertex 0.0589359259633 0.173619639243 0.57883
  endloop
 endfacet
 facet normal -0.00010986718 -0.000362183556 -0.000403434912
  outer loop
   vertex 0.0589359259633 0.173619639243 0.57883
   vertex 0.0446672280985 0.131585410795 0.620452
   vertex 0.0359654945074 0.134225052821 0.620452
  endloop
 endfacet
 facet normal -0.000144963641 -0.00047788108 -0.000532309954
  outer loop
   vertex 0.0589359259633 0.173619639243 0.57883
   vertex 0.0359654945074 0.134225052821 0.620452
   vertex 0.0474544719195 0.17710250025 0.57883
  endloop
 endfacet
 facet normal -8.59440085e-05 -0.00036859375 -0.000403434912
  outer loop
   vertex 0.0474544719195 0.17710250025 0.57883
   vertex 0.0359654945074 0.134225052821 0.620452
   vertex 0.0271097511474 0.136289922565 0.620452
  endloop
 endfacet
 facet normal -0.000113398345 -0.000486338976 -0.000532309954
  outer loop
   vertex 0.0474544719195 0.17710250025 0.57883
   vertex 0.0271097511474 0.136289922565 0.620452
   vertex 0.0357698105417 0.179826981162 0.57883
  endloop
 endfacet
 facet normal -6.16528111e-05 -0.00037342557 -0.000403434912
  outer loop
   vertex 0.0357698105417 0.179826981162 0.57883
   vertex 0.0271097511474 0.136289922565 0.620452
   vertex 0.0181379196709 0.137771177937 0.620452
  endloop
 endfacet
 facet normal -8.13474591e-05 -0.000492714293 -0.000532309954
  outer loop
   vertex 0.0357698105417 0.179826981162 0.57883
   vertex 0.0181379196709 0.137771177937 0.620452
   vertex 0.0239319773435 0.181781415333 0.57883
  endloop
 endfacet
 facet normal -3.70976069e-05 -0.000376658324 -0.000403434912
  outer loop
   vertex 0.0239319773435 0.181781415333 0.57883
   vertex 0.0181379196709 0.137771177937 0.620452
   vertex 0.00908841883782 0.138662475973 0.620452
  endloop
 endfacet
 facet normal -4.89482313e-05 -0.000496979733 -0.000532309954
  outer loop
   vertex 0.0239319773435 0.181781415333 0.57883
   vertex 0.00908841883782 0.138662475973 0.620452
   vertex 0.0119916637443 0.182957433576 0.57883
  endloop
 endfacet
 facet normal -1.2383545e-05 -0.000378278169 -0.000403434912
  outer loop
   vertex 0.0119916637443 0.182957433576 0.57883
   vertex 0.00908841883782 0.138662475973 0.620452
   vertex 8.50884596048e-18 0.13896 0.620452
  endloop
 endfacet
 facet normal -1.63393997e-05 -0.000499117028 -0.000532309954
  outer loop
   vertex 0.0119916637443 0.182957433576 0.57883
   vertex 8.50884596048e-18 0.13896 0.620452
   vertex 1.12269495312e-17 0.18335 0.57883
  endloop
 endfacet
 facet normal 1.2383545e-05 -0.000378278169 -0.000403434912
  outer loop
   vertex 1.12269495312e-17 0.18335 0.57883
   vertex 8.50884596048e-18 0.13896 0.620452
   vertex -0.00908841883782 0.138662475973 0.620452
  endloop
 endfacet
 facet normal 1.63393997e-05 -0.000499117028 -0.000532309954
  outer loop
   vertex 1.12269495312e-17 0.18335 0.57883
   vertex -0.00908841883782 0.138662475973 0.620452
   vertex -0.0119916637443 0.182957433576 0.57883
  endloop
 endfacet
 facet normal 3.70976069e-05 -0.000376658324 -0.000403434912
  outer loop
   vertex -0.0119916637443 0.182957433576 0.57883
   vertex -0.00908841883782 0.138662475973 0.620452
   vertex -0.0181379196709 0.137771177937 0.620452
  endloop
 endfacet
 facet normal 4.89482313e-05 -0.000496979733 -0.000532309954
  outer loop
   vertex -0.0119916637443 0.182957433576 0.57883
   vertex -0.0181379196709 0.137771177937 0.620452
   vertex -0.0239319773435 0.181781415333 0.57883
  endloop
 endfacet
 facet normal 6.16528111e-05 -0.00037342557 -0.000403434912
  outer loop
   vertex -0.0239319773435 0.181781415333 0.57883
   vertex -0.0181379196709 0.137771177937 0.620452
   vertex -0.0271097511474 0.136289922565 0.620452
  endloop
 endfacet
 facet normal 8.13474591e-05 -0.000492714293 -0.000532309954
  outer loop
   vertex -0.0239319773435 0.181781415333 0.57883
   vertex -0.0271097511474 0.136289922565 0.620452
   vertex -0.0357698105417 0.179826981162 0.57883
  endloop
 endfacet
 facet normal 8.59440085e-05 -0.00036859375 -0.000403434912
  outer loop
   vertex -0.0357698105417 0.179826981162 0.57883
   vertex -0.0271097511474 0.136289922565 0.620452
   vertex -0.0359654945074 0.134225052821 0.620452
  endloop
 endfacet
 facet normal 0.000113398345 -0.000486338976 -0.000532309954
  outer loop
   vertex -0.0357698105417 0.179826981162 0.57883
   vertex -0.0359654945074 0.134225052821 0.620452
   vertex -0.0474544719195 0.17710250025 0.57883
  endloop
 endfacet
 facet normal 0.00010986718 -0.000362183556 -0.000403434912
  outer loop
   vertex -0.0474544719195 0.17710250025 0.57883
   vertex -0.0359654945074 0.134225052821 0.620452
   vertex -0.0446672280985 0.131585410795 0.620452
  endloop
 endfacet
 facet normal 0.000144963641 -0.00047788108 -0.000532309954
  outer loop
   vertex -0.0474544719195 0.17710250025 0.57883
   vertex -0.0446672280985 0.131585410795 0.620452
   vertex -0.0589359259633 0.173619639243 0.57883
  endloop
 endfacet
 facet normal 0.000133319884 -0.000354222435 -0.000403434912
  outer loop
   vertex -0.0589359259633 0.173619639243 0.57883
   vertex -0.0446672280985 0.131585410795 0.620452
   vertex -0.0531776897615 0.128382299838 0.620452
  endloop
 endfacet
 facet normal 0.000175908181 -0.000467376824 -0.000532309954
  outer loop
   vertex -0.0589359259633 0.173619639243 0.57883
   vertex -0.0531776897615 0.128382299838 0.620452
   vertex -0.0701650073241 0.169393312286 0.57883
  endloop
 endfacet
 facet normal 0.000156201692 -0.00034474448 -0.000403434912
  outer loop
   vertex -0.0701650073241 0.169393312286 0.57883
   vertex -0.0531776897615 0.128382299838 0.620452
   vertex -0.0614604363928 0.124629436163 0.620452
  endloop
 endfacet
 facet normal 0.000206099455 -0.000454871189 -0.000532309954
  outer loop
   vertex -0.0701650073241 0.169393312286 0.57883
   vertex -0.0614604363928 0.124629436163 0.620452
   vertex -0.0810936313517 0.16444161716 0.57883
  endloop
 endfacet
 facet normal 0.00017841462 -0.000333790276 -0.000403434912
  outer loop
   vertex -0.0810936313517 0.16444161716 0.57883
   vertex -0.0614604363928 0.124629436163 0.620452
   vertex -0.06948 0.12034289011 0.620452
  endloop
 endfacet
 facet normal 0.000235408179 -0.000440417726 -0.000532309954
  outer loop
   vertex -0.0810936313517 0.16444161716 0.57883
   vertex -0.06948 0.12034289011 0.620452
   vertex -0.091675 0.158785757784 0.57883
  endloop
 endfacet
 facet normal 0.000199863549 -0.000321406731 -0.000403434912
  outer loop
   vertex -0.091675 0.158785757784 0.57883
   vertex -0.06948 0.12034289011 0.620452
   vertex -0.0772020395804 0.115541017326 0.620452
  endloop
 endfacet
 facet normal 0.000263708849 -0.000424078326 -0.000532309954
  outer loop
   vertex -0.091675 0.158785757784 0.57883
   vertex -0.0772020395804 0.115541017326 0.620452
   vertex -0.101863802224 0.152449953416 0.57883
  endloop
 endfacet
 facet normal 0.000220456632 -0.000307646873 -0.000403434912
  outer loop
   vertex -0.101863802224 0.152449953416 0.57883
   vertex -0.0772020395804 0.115541017326 0.620452
   vertex -0.0845934881751 0.110244380167 0.620452
  endloop
 endfacet
 facet normal 0.000290880278 -0.000405922958 -0.000532309954
  outer loop
   vertex -0.101863802224 0.152449953416 0.57883
   vertex -0.0845934881751 0.110244380167 0.620452
   vertex -0.111616408009 0.145461334942 0.57883
  endloop
 endfacet
 facet normal 0.000240105685 -0.000292569624 -0.000403434912
  outer loop
   vertex -0.111616408009 0.145461334942 0.57883
   vertex -0.0845934881751 0.110244380167 0.620452
   vertex -0.0916226944663 0.104475659647 0.620452
  endloop
 endfacet
 facet normal 0.000316806113 -0.000386029365 -0.000532309954
  outer loop
   vertex -0.111616408009 0.145461334942 0.57883
   vertex -0.0916226944663 0.104475659647 0.620452
   vertex -0.120891055199 0.137849828701 0.57883
  endloop
 endfacet
 facet normal 0.00025872657 -0.000276239547 -0.000403434912
  outer loop
   vertex -0.120891055199 0.137849828701 0.57883
   vertex -0.0916226944663 0.104475659647 0.620452
   vertex -0.0982595583137 0.0982595583137 0.620452
  endloop
 endfacet
 facet normal 0.000341375335 -0.000364482736 -0.000532309954
  outer loop
   vertex -0.120891055199 0.137849828701 0.57883
   vertex -0.0982595583137 0.0982595583137 0.620452
   vertex -0.129648028331 0.129648028331 0.57883
  endloop
 endfacet
 facet normal 0.000276239547 -0.00025872657 -0.000403434912
  outer loop
   vertex -0.129648028331 0.129648028331 0.57883
   vertex -0.0982595583137 0.0982595583137 0.620452
   vertex -0.104475659647 0.0916226944663 0.620452
  endloop
 endfacet
 facet normal 0.000364482736 -0.000341375335 -0.000532309954
  outer loop
   vertex -0.129648028331 0.129648028331 0.57883
   vertex -0.104475659647 0.0916226944663 0.620452
   vertex -0.137849828701 0.120891055199 0.57883
  endloop
 endfacet
 facet normal 0.000292569624 -0.000240105685 -0.000403434912
  outer loop
   vertex -0.137849828701 0.120891055199 0.57883
   vertex -0.104475659647 0.0916226944663 0.620452
   vertex -0.110244380167 0.0845934881751 0.620452
  endloop
 endfacet
 facet normal 0.000386029365 -0.000316806113 -0.000532309954
  outer loop
   vertex -0.137849828701 0.120891055199 0.57883
   vertex -0.110244380167 0.0845934881751 0.620452
   vertex -0.145461334942 0.111616408009 0.57883
  endloop
 endfacet
 facet normal 0.000307646873 -0.000220456632 -0.000403434912
  outer loop
   vertex -0.145461334942 0.111616408009 0.57883
   vertex -0.110244380167 0.0845934881751 0.620452
   vertex -0.115541017326 0.0772020395804 0.620452
  endloop
 endfacet
 facet normal 0.000405922958 -0.000290880278 -0.000532309954
  outer loop
   vertex -0.145461334942 0.111616408009 0.57883
   vertex -0.115541017326 0.0772020395804 0.620452
   vertex -0.152449953416 0.101863802224 0.57883
  endloop
 endfacet
 facet normal 0.000321406731 -0.000199863549 -0.000403434912
  outer loop
   vertex -0.152449953416 0.101863802224 0.57883
   vertex -0.115541017326 0.0772020395804 0.620452
   vertex -0.12034289011 0.06948 0.620452
  endloop
 endfacet
 facet normal 0.000424078326 -0.000263708849 -0.000532309954
  outer loop
   vertex -0.152449953416 0.101863802224 0.57883
   vertex -0.12034289011 0.06948 0.620452
   vertex -0.158785757784 0.091675 0.57883
  endloop
 endfacet
 facet normal 0.000333790276 -0.00017841462 -0.000403434912
  outer loop
   vertex -0.158785757784 0.091675 0.57883
   vertex -0.12034289011 0.06948 0.620452
   vertex -0.124629436163 0.0614604363928 0.620452
  endloop
 endfacet
 facet normal 0.000440417726 -0.000235408179 -0.000532309954
  outer loop
   vertex -0.158785757784 0.091675 0.57883
   vertex -0.124629436163 0.0614604363928 0.620452
   vertex -0.16444161716 0.0810936313517 0.57883
  endloop
 endfacet
 facet normal 0.00034474448 -0.000156201692 -0.000403434912
  outer loop
   vertex -0.16444161716 0.0810936313517 0.57883
   vertex -0.124629436163 0.0614604363928 0.620452
   vertex -0.128382299838 0.0531776897615 0.620452
  endloop
 endfacet
 facet normal 0.000454871189 -0.000206099455 -0.000532309954
  outer loop
   vertex -0.16444161716 0.0810936313517 0.57883
   vertex -0.128382299838 0.0531776897615 0.620452
   vertex -0.169393312286 0.0701650073241 0.57883
  endloop
 endfacet
 facet normal 0.000354222435 -0.000133319884 -0.000403434912
  outer loop
   vertex -0.169393312286 0.0701650073241 0.57883
   vertex -0.128382299838 0.0531776897615 0.620452
   vertex -0.131585410795 0.0446672280985 0.620452
  endloop
 endfacet
 facet normal 0.000467376824 -0.000175908181 -0.000532309954
  outer loop
   vertex -0.169393312286 0.0701650073241 0.57883
   vertex -0.131585410795 0.0446672280985 0.620452
   vertex -0.173619639243 0.0589359259633 0.57883
  endloop
 endfacet
 facet normal 0.000362183556 -0.00010986718 -0.000403434912
  outer loop
   vertex -0.173619639243 0.0589359259633 0.57883
   vertex -0.131585410795 0.0446672280985 0.620452
   vertex -0.134225052821 0.0359654945074 0.620452
  endloop
 endfacet
 facet normal 0.00047788108 -0.000144963641 -0.000532309954
  outer loop
   vertex -0.173619639243 0.0589359259633 0.57883
   vertex -0.134225052821 0.0359654945074 0.620452
   vertex -0.17710250025 0.0474544719195 0.57883
  endloop
 endfacet
 facet normal 0.00036859375 -8.59440085e-05 -0.000403434912
  outer loop
   vertex -0.17710250025 0.0474544719195 0.57883
   vertex -0.134225052821 0.0359654945074 0.620452
   vertex -0.136289922565 0.0271097511474 0.620452
  endloop
 endfacet
 facet normal 0.000486338976 -0.000113398345 -0.000532309954
  outer loop
   vertex -0.17710250025 0.0474544719195 0.57883
   vertex -0.136289922565 0.0271097511474 0.620452
   vertex -0.179826981162 0.0357698105417 0.57883
  endloop
 endfacet
 facet normal 0.00037342557 -6.16528111e-05 -0.000403434912
  outer loop
   vertex -0.179826981162 0.0357698105417 0.57883
   vertex -0.136289922565 0.0271097511474 0.620452
   vertex -0.137771177937 0.0181379196709 0.620452
  endloop
 endfacet
 facet normal 0.000492714293 -8.13474591e-05 -0.000532309954
  outer loop
   vertex -0.179826981162 0.0357698105417 0.57883
   vertex -0.137771177937 0.0181379196709 0.620452
   vertex -0.181781415333 0.0239319773435 0.57883
  endloop
 endfacet
 facet normal 0.000376658324 -3.70976069e-05 -0.000403434912
  outer loop
   vertex -0.181781415333 0.0239319773435 0.57883
   vertex -0.137771177937 0.0181379196709 0.620452
   vertex -0.138662475973 0.00908841883782 0.620452
  endloop
 endfacet
 facet normal 0.000496979733 -4.89482313e-05 -0.000532309954
  outer loop
   vertex -0.181781415333 0.0239319773435 0.57883
   vertex -0.138662475973 0.00908841883782 0.620452
   vertex -0.182957433576 0.0119916637443 0.57883
  endloop
 endfacet
 facet normal 0.000378278169 -1.2383545e-05 -0.000403434912
  outer loop
   vertex -0.182957433576 0.0119916637443 0.57883
   vertex -0.138662475973 0.00908841883782 0.620452
   vertex -0.13896 1.7017691921e-17 0.620452
  endloop
 endfacet
 facet normal 0.000499117028 -1.63393997e-05 -0.000532309954
  outer loop
   vertex -0.182957433576 0.0119916637443 0.57883
   vertex -0.13896 1.7017691921e-17 0.620452
   vertex -0.18335 2.24538990624e-17 0.57883
  endloop
 endfacet
 facet normal 0.000378278169 1.2383545e-05 -0.000403434912
  outer loop
   vertex -0.18335 2.24538990624e-17 0.57883
   vertex -0.13896 1.7017691921e-17 0.620452
   vertex -0.138662475973 -0.00908841883782 0.620452
  endloop
 endfacet
 facet normal 0.000499117028 1.63393997e-05 -0.000532309954
  outer loop
   vertex -0.18335 2.24538990624e-17 0.57883
   vertex -0.138662475973 -0.00908841883782 0.620452
   vertex -0.182957433576 -0.0119916637443 0.57883
  endloop
 endfacet
 facet normal 0.000376658324 3.70976069e-05 -0.000403434912
  outer loop
   vertex -0.182957433576 -0.0119916637443 0.57883
   vertex -0.138662475973 -0.00908841883782 0.620452
   vertex -0.137771177937 -0.0181379196709 0.620452
  endloop
 endfacet
 facet normal 0.000496979733 4.89482313e-05 -0.000532309954
  outer loop
   vertex -0.182957433576 -0.0119916637443 0.57883
   vertex -0.137771177937 -0.0181379196709 0.620452
   vertex -0.181781415333 -0.0239319773435 0.57883
  endloop
 endfacet
 facet normal 0.00037342557 6.16528111e-05 -0.000403434912
  outer loop
   vertex -0.181781415333 -0.0239319773435 0.57883
   vertex -0.137771177937 -0.0181379196709 0.620452
   vertex -0.136289922565 -0.0271097511474 0.620452
  endloop
 endfacet
 facet normal 0.000492714293 8.13474591e-05 -0.000532309954
  outer loop
   vertex -0.181781415333 -0.0239319773435 0.57883
   vertex -0.136289922565 -0.0271097511474 0.620452
   vertex -0.179826981162 -0.0357698105417 0.57883
  endloop
 endfacet
 facet normal 0.00036859375 8.59440085e-05 -0.000403434912
  outer loop
   vertex -0.179826981162 -0.0357698105417 0.57883
   vertex -0.136289922565 -0.0271097511474 0.620452
   vertex -0.134225052821 -0.0359654945074 0.620452
  endloop
 endfacet
 facet normal 0.000486338976 0.000113398345 -0.000532309954
  outer loop
   vertex -0.179826981162 -0.0357698105417 0.57883
   vertex -0.134225052821 -0.0359654945074 0.620452
   vertex -0.17710250025 -0.0474544719195 0.57883
  endloop
 endfacet
 facet normal 0.000362183556 0.00010986718 -0.000403434912
  outer loop
   vertex -0.17710250025 -0.0474544719195 0.57883
   vertex -0.134225052821 -0.0359654945074 0.620452
   vertex -0.131585410795 -0.0446672280985 0.620452
  endloop
 endfacet
 facet normal 0.00047788108 0.000144963641 -0.000532309954
  outer loop
   vertex -0.17710250025 -0.0474544719195 0.57883
   vertex -0.131585410795 -0.0446672280985 0.620452
   vertex -0.173619639243 -0.0589359259633 0.57883
  endloop
 endfacet
 facet normal 0.000354222435 0.000133319884 -0.000403434912
  outer loop
   vertex -0.173619639243 -0.0589359259633 0.57883
   vertex -0.131585410795 -0.0446672280985 0.620452
   vertex -0.128382299838 -0.0531776897615 0.620452
  endloop
 endfacet
 facet normal 0.000467376824 0.000175908181 -0.000532309954
  outer loop
   vertex -0.173619639243 -0.0589359259633 0.57883
   vertex -0.128382299838 -0.0531776897615 0.620452
   vertex -0.169393312286 -0.0701650073241 0.57883
  endloop
 endfacet
 facet normal 0.00034474448 0.000156201692 -0.000403434912
  outer loop
   vertex -0.169393312286 -0.0701650073241 0.57883
   vertex -0.128382299838 -0.0531776897615 0.620452
   vertex -0.124629436163 -0.0614604363928 0.620452
  endloop
 endfacet
 facet normal 0.000454871189 0.000206099455 -0.000532309954
  outer loop
   vertex -0.169393312286 -0.0701650073241 0.57883
   vertex -0.124629436163 -0.0614604363928 0.620452
   vertex -0.16444161716 -0.0810936313517 0.57883
  endloop
 endfacet
 facet normal 0.000333790276 0.00017841462 -0.000403434912
  outer loop
   vertex -0.16444161716 -0.0810936313517 0.57883
   vertex -0.124629436163 -0.0614604363928 0.620452
   vertex -0.12034289011 -0.06948 0.620452
  endloop
 endfacet
 facet normal 0.000440417726 0.000235408179 -0.000532309954
  outer loop
   vertex -0.16444161716 -0.0810936313517 0.57883
   vertex -0.12034289011 -0.06948 0.620452
   vertex -0.158785757784 -0.091675 0.57883
  endloop
 endfacet
 facet normal 0.000321406731 0.000199863549 -0.000403434912
  outer loop
   vertex -0.158785757784 -0.091675 0.57883
   vertex -0.12034289011 -0.06948 0.620452
   vertex -0.115541017326 -0.0772020395804 0.620452
  endloop
 endfacet
 facet normal 0.000424078326 0.000263708849 -0.000532309954
  outer loop
   vertex -0.158785757784 -0.091675 0.57883
   vertex -0.115541017326 -0.0772020395804 0.620452
   vertex -0.152449953416 -0.101863802224 0.57883
  endloop
 endfacet
 facet normal 0.000307646873 0.000220456632 -0.000403434912
  outer loop
   vertex -0.152449953416 -0.101863802224 0.57883
   vertex -0.115541017326 -0.0772020395804 0.620452
   vertex -0.110244380167 -0.0845934881751 0.620452
  endloop
 endfacet
 facet normal 0.000405922958 0.000290880278 -0.000532309954
  outer loop
   vertex -0.152449953416 -0.101863802224 0.57883
   vertex -0.110244380167 -0.0845934881751 0.620452
   vertex -0.145461334942 -0.111616408009 0.57883
  endloop
 endfacet
 facet normal 0.000292569624 0.000240105685 -0.000403434912
  outer loop
   vertex -0.145461334942 -0.111616408009 0.57883
   vertex -0.110244380167 -0.0845934881751 0.620452
   vertex -0.104475659647 -0.0916226944663 0.620452
  endloop
 endfacet
 facet normal 0.000386029365 0.000316806113 -0.000532309954
  outer loop
   vertex -0.145461334942 -0.111616408009 0.57883
   vertex -0.104475659647 -0.0916226944663 0.620452
   vertex -0.137849828701 -0.120891055199 0.57883
  endloop
 endfacet
 facet normal 0.000276239547 0.00025872657 -0.000403434912
  outer loop
   vertex -0.137849828701 -0.120891055199 0.57883
   vertex -0.104475659647 -0.0916226944663 0.620452
   vertex -0.0982595583137 -0.0982595583137 0.620452
  endloop
 endfacet
 facet normal 0.000364482736 0.000341375335 -0.000532309954
  outer loop
   vertex -0.137849828701 -0.120891055199 0.57883
   vertex -0.0982595583137 -0.0982595583137 0.620452
   vertex -0.129648028331 -0.129648028331 0.57883
  endloop
 endfacet
 facet normal 0.00025872657 0.000276239547 -0.000403434912
  outer loop
   vertex -0.129648028331 -0.129648028331 0.57883
   vertex -0.0982595583137 -0.0982595583137 0.620452
   vertex -0.0916226944663 -0.104475659647 0.620452
  endloop
 endfacet
 facet normal 0.000341375335 0.000364482736 -0.000532309954
  outer loop
   vertex -0.129648028331 -0.129648028331 0.57883
   vertex -0.0916226944663 -0.104475659647 0.620452
   vertex -0.120891055199 -0.137849828701 0.57883
  endloop
 endfacet
 facet normal 0.000240105685 0.000292569624 -0.000403434912
  outer loop
   vertex -0.120891055199 -0.137849828701 0.57883
   vertex -0.0916226944663 -0.104475659647 0.620452
   vertex -0.0845934881751 -0.110244380167 0.620452
  endloop
 endfacet
 facet normal 0.000316806113 0.000386029365 -0.000532309954
  outer loop
   vertex -0.120891055199 -0.137849828701 0.57883
   vertex -0.0845934881751 -0.110244380167 0.620452
   vertex -0.111616408009 -0.145461334942 0.57883
  endloop
 endfacet
 facet normal 0.000220456632 0.000307646873 -0.000403434912
  outer loop
   vertex -0.111616408009 -0.145461334942 0.57883
   vertex -0.0845934881751 -0.110244380167 0.620452
   vertex -0.0772020395804 -0.115541017326 0.620452
  endloop
 endfacet
 facet normal 0.000290880278 0.000405922958 -0.000532309954
  outer loop
   vertex -0.111616408009 -0.145461334942 0.57883
   vertex -0.0772020395804 -0.115541017326 0.620452
   vertex -0.101863802224 -0.152449953416 0.57883
  endloop
 endfacet
 facet normal 0.000199863549 0.000321406731 -0.000403434912
  outer loop
   vertex -0.101863802224 -0.152449953416 0.57883
   vertex -0.0772020395804 -0.115541017326 0.620452
   vertex -0.06948 -0.12034289011 0.620452
  endloop
 endfacet
 facet normal 0.000263708849 0.000424078326 -0.000532309954
  outer loop
   vertex -0.101863802224 -0.152449953416 0.57883
   vertex -0.06948 -0.12034289011 0.620452
   vertex -0.091675 -0.158785757784 0.57883
  endloop
 endfacet
 facet normal 0.00017841462 0.000333790276 -0.000403434912
  outer loop
   vertex -0.091675 -0.158785757784 0.57883
   vertex -0.06948 -0.12034289011 0.620452
   vertex -0.0614604363928 -0.124629436163 0.620452
  endloop
 endfacet
 facet normal 0.000235408179 0.000440417726 -0.000532309954
  outer loop
   vertex -0.091675 -0.158785757784 0.57883
   vertex -0.0614604363928 -0.124629436163 0.620452
   vertex -0.0810936313517 -0.16444161716 0.57883
  endloop
 endfacet
 facet normal 0.000156201692 0.00034474448 -0.000403434912
  outer loop
   vertex -0.0810936313517 -0.16444161716 0.57883
   vertex -0.0614604363928 -0.124629436163 0.620452
   vertex -0.0531776897615 -0.128382299838 0.620452
  endloop
 endfacet
 facet normal 0.000206099455 0.000454871189 -0.000532309954
  outer loop
   vertex -0.0810936313517 -0.16444161716 0.57883
   vertex -0.0531776897615 -0.128382299838 0.620452
   vertex -0.0701650073241 -0.169393312286 0.57883
  endloop
 endfacet
 facet normal 0.000133319884 0.000354222435 -0.000403434912
  outer loop
   vertex -0.0701650073241 -0.169393312286 0.57883
   vertex -0.0531776897615 -0.128382299838 0.620452
   vertex -0.0446672280985 -0.131585410795 0.620452
  endloop
 endfacet
 facet normal 0.000175908181 0.000467376824 -0.000532309954
  outer loop
   vertex -0.0701650073241 -0.169393312286 0.57883
   vertex -0.0446672280985 -0.131585410795 0.620452
   vertex -0.0589359259633 -0.173619639243 0.57883
  endloop
 endfacet
 facet normal 0.00010986718 0.000362183556 -0.000403434912
  outer loop
   vertex -0.0589359259633 -0.173619639243 0.57883
   vertex -0.0446672280985 -0.131585410795 0.620452
   vertex -0.0359654945074 -0.134225052821 0.620452
  endloop
 endfacet
 facet normal 0.000144963641 0.00047788108 -0.000532309954
  outer loop
   vertex -0.0589359259633 -0.173619639243 0.57883
   vertex -0.0359654945074 -0.134225052821 0.620452
   vertex -0.0474544719195 -0.17710250025 0.57883
  endloop
 endfacet
 facet normal 8.59440085e-05 0.00036859375 -0.000403434912
  outer loop
   vertex -0.0474544719195 -0.17710250025 0.57883
   vertex -0.0359654945074 -0.134225052821 0.620452
   vertex -0.0271097511474 -0.136289922565 0.620452
  endloop
 endfacet
 facet normal 0.000113398345 0.000486338976 -0.000532309954
  outer loop
   vertex -0.0474544719195 -0.17710250025 0.57883
   vertex -0.0271097511474 -0.136289922565 0.620452
   vertex -0.0357698105417 -0.179826981162 0.57883
  endloop
 endfacet
 facet normal 6.16528111e-05 0.00037342557 -0.000403434912
  outer loop
   vertex -0.0357698105417 -0.179826981162 0.57883
   vertex -0.0271097511474 -0.136289922565 0.620452
   vertex -0.0181379196709 -0.137771177937 0.620452
  endloop
 endfacet
 facet normal 8.13474591e-05 0.000492714293 -0.000532309954
  outer loop
   vertex -0.0357698105417 -0.179826981162 0.57883
   vertex -0.0181379196709 -0.137771177937 0.620452
   vertex -0.0239319773435 -0.181781415333 0.57883
  endloop
 endfacet
 facet normal 3.70976069e-05 0.000376658324 -0.000403434912
  outer loop
   vertex -0.0239319773435 -0.181781415333 0.57883
   vertex -0.0181379196709 -0.137771177937 0.620452
   vertex -0.00908841883782 -0.138662475973 0.620452
  endloop
 endfacet
 facet normal 4.89482313e-05 0.000496979733 -0.000532309954
  outer loop
   vertex -0.0239319773435 -0.181781415333 0.57883
   vertex -0.00908841883782 -0.138662475973 0.620452
   vertex -0.0119916637443 -0.182957433576 0.57883
  endloop
 endfacet
 facet normal 1.2383545e-05 0.000378278169 -0.000403434912
  outer loop
   vertex -0.0119916637443 -0.182957433576 0.57883
   vertex -0.00908841883782 -0.138662475973 0.620452
   vertex -2.55265378814e-17 -0.13896 0.620452
  endloop
 endfacet
 facet normal 1.63393997e-05 0.000499117028 -0.000532309954
  outer loop
   vertex -0.0119916637443 -0.182957433576 0.57883
   vertex -2.55265378814e-17 -0.13896 0.620452
   vertex -3.36808485936e-17 -0.18335 0.57883
  endloop
 endfacet
 facet normal -1.2383545e-05 0.000378278169 -0.000403434912
  outer loop
   vertex -3.36808485936e-17 -0.18335 0.57883
   vertex -2.55265378814e-17 -0.13896 0.620452
   vertex 0.00908841883782 -0.138662475973 0.620452
  endloop
 endfacet
 facet normal -1.63393997e-05 0.000499117028 -0.000532309954
  outer loop
   vertex -3.36808485936e-17 -0.18335 0.57883
   vertex 0.00908841883782 -0.138662475973 0.620452
   vertex 0.0119916637443 -0.182957433576 0.57883
  endloop
 endfacet
 facet normal -3.70976069e-05 0.000376658324 -0.000403434912
  outer loop
   vertex 0.0119916637443 -0.182957433576 0.57883
   vertex 0.00908841883782 -0.138662475973 0.620452
   vertex 0.0181379196709 -0.137771177937 0.620452
  endloop
 endfacet
 facet normal -4.89482313e-05 0.000496979733 -0.000532309954
  outer loop
   vertex 0.0119916637443 -0.182957433576 0.57883
   vertex 0.0181379196709 -0.137771177937 0.620452
   vertex 0.0239319773435 -0.181781415333 0.57883
  endloop
 endfacet
 facet normal -6.16528111e-05 0.00037342557 -0.000403434912
  outer loop
   vertex 0.0239319773435 -0.181781415333 0.57883
   vertex 0.0181379196709 -0.137771177937 0.620452
   vertex 0.0271097511474 -0.136289922565 0.620452
  endloop
 endfacet
 facet normal -8.13474591e-05 0.000492714293 -0.000532309954
  outer loop
   vertex 0.0239319773435 -0.181781415333 0.57883
   vertex 0.0271097511474 -0.136289922565 0.620452
   vertex 0.0357698105417 -0.179826981162 0.57883
  endloop
 endfacet
 facet normal -8.59440085e-05 0.00036859375 -0.000403434912
  outer loop
   vertex 0.0357698105417 -0.179826981162 0.57883
   vertex 0.0271097511474 -0.136289922565 0.620452
   vertex 0.0359654945074 -0.134225052821 0.620452
  endloop
 endfacet
 facet normal -0.000113398345 0.000486338976 -0.000532309954
  outer loop
   vertex 0.0357698105417 -0.179826981162 0.57883
   vertex 0.0359654945074 -0.134225052821 0.620452
   vertex 0.0474544719195 -0.17710250025 0.57883
  endloop
 endfacet
 facet normal -0.00010986718 0.000362183556 -0.000403434912
  outer loop
   vertex 0.0474544719195 -0.17710250025 0.57883
   vertex 0.0359654945074 -0.134225052821 0.620452
   vertex 0.0446672280985 -0.131585410795 0.620452
  endloop
 endfacet
 facet normal -0.000144963641 0.00047788108 -0.000532309954
  outer loop
   vertex 0.0474544719195 -0.17710250025 0.57883
   vertex 0.0446672280985 -0.131585410795 0.620452
   vertex 0.0589359259633 -0.173619639243 0.57883
  endloop
 endfacet
 facet normal -0.000133319884 0.000354222435 -0.000403434912
  outer loop
   vertex 0.0589359259633 -0.173619639243 0.57883
   vertex 0.0446672280985 -0.131585410795 0.620452
   vertex 0.0531776897615 -0.128382299838 0.620452
  endloop
 endfacet
 facet normal -0.000175908181 0.000467376824 -0.000532309954
  outer loop
   vertex 0.0589359259633 -0.173619639243 0.57883
   vertex 0.0531776897615 -0.128382299838 0.620452
   vertex 0.0701650073241 -0.169393312286 0.57883
  endloop
 endfacet
 facet normal -0.000156201692 0.00034474448 -0.000403434912
  outer loop
   vertex 0.0701650073241 -0.169393312286 0.57883
   vertex 0.0531776897615 -0.128382299838 0.620452
   vertex 0.0614604363928 -0.124629436163 0.620452
  endloop
 endfacet
 facet normal -0.000206099455 0.000454871189 -0.000532309954
  outer loop
   vertex 0.0701650073241 -0.169393312286 0.57883
   vertex 0.0614604363928 -0.124629436163 0.620452
   vertex 0.0810936313517 -0.16444161716 0.57883
  endloop
 endfacet
 facet normal -0.00017841462 0.000333790276 -0.000403434912
  outer loop
   vertex 0.0810936313517 -0.16444161716 0.57883
   vertex 0.0614604363928 -0.124629436163 0.620452
   vertex 0.06948 -0.12034289011 0.620452
  endloop
 endfacet
 facet normal -0.000235408179 0.000440417726 -0.000532309954
  outer loop
   vertex 0.0810936313517 -0.16444161716 0.57883
   vertex 0.06948 -0.12034289011 0.620452
   vertex 0.091675 -0.158785757784 0.57883
  endloop
 endfacet
 facet normal -0.000199863549 0.000321406731 -0.000403434912
  outer loop
   vertex 0.091675 -0.158785757784 0.57883
   vertex 0.06948 -0.12034289011 0.620452
   vertex 0.0772020395804 -0.115541017326 0.620452
  endloop
 endfacet
 facet normal -0.000263708849 0.000424078326 -0.000532309954
  outer loop
   vertex 0.091675 -0.158785757784 0.57883
   vertex 0.0772020395804 -0.115541017326 0.620452
   vertex 0.101863802224 -0.152449953416 0.57883
  endloop
 endfacet
 facet normal -0.000220456632 0.000307646873 -0.000403434912
  outer loop
   vertex 0.101863802224 -0.152449953416 0.57883
   vertex 0.0772020395804 -0.115541017326 0.620452
   vertex 0.0845934881751 -0.110244380167 0.620452
  endloop
 endfacet
 facet normal -0.000290880278 0.000405922958 -0.000532309954
  outer loop
   vertex 0.101863802224 -0.152449953416 0.57883
   vertex 0.0845934881751 -0.110244380167 0.620452
   vertex 0.111616408009 -0.145461334942 0.57883
  endloop
 endfacet
 facet normal -0.000240105685 0.000292569624 -0.000403434912
  outer loop
   vertex 0.111616408009 -0.145461334942 0.57883
   vertex 0.0845934881751 -0.110244380167 0.620452
   vertex 0.0916226944663 -0.104475659647 0.620452
  endloop
 endfacet
 facet normal -0.000316806113 0.000386029365 -0.000532309954
  outer loop
   vertex 0.111616408009 -0.145461334942 0.57883
   vertex 0.0916226944663 -0.104475659647 0.620452
   vertex 0.120891055199 -0.137849828701 0.57883
  endloop
 endfacet
 facet normal -0.00025872657 0.000276239547 -0.000403434912
  outer loop
   vertex 0.120891055199 -0.137849828701 0.57883
   vertex 0.0916226944663 -0.104475659647 0.620452
   vertex 0.0982595583137 -0.0982595583137 0.620452
  endloop
 endfacet
 facet normal -0.000341375335 0.000364482736 -0.000532309954
  outer loop
   vertex 0.120891055199 -0.137849828701 0.57883
   vertex 0.0982595583137 -0.0982595583137 0.620452
   vertex 0.129648028331 -0.129648028331 0.57883
  endloop
 endfacet
 facet normal -0.000276239547 0.00025872657 -0.000403434912
  outer loop
   vertex 0.129648028331 -0.129648028331 0.57883
   vertex 0.0982595583137 -0.0982595583137 0.620452
   vertex 0.104475659647 -0.0916226944663 0.620452
  endloop
 endfacet
 facet normal -0.000364482736 0.000341375335 -0.000532309954
  outer loop
   vertex 0.129648028331 -0.129648028331 0.57883
   vertex 0.104475659647 -0.0916226944663 0.620452
   vertex 0.137849828701 -0.120891055199 0.57883
  endloop
 endfacet
 facet normal -0.000292569624 0.000240105685 -0.000403434912
  outer loop
   vertex 0.137849828701 -0.120891055199 0.57883
   vertex 0.104475659647 -0.0916226944663 0.620452
   vertex 0.110244380167 -0.0845934881751 0.620452
  endloop
 endfacet
 facet normal -0.000386029365 0.000316806113 -0.000532309954
  outer loop
   vertex 0.137849828701 -0.120891055199 0.57883
   vertex 0.110244380167 -0.0845934881751 0.620452
   vertex 0.145461334942 -0.111616408009 0.57883
  endloop
 endfacet
 facet normal -0.000307646873 0.000220456632 -0.000403434912
  outer loop
   vertex 0.145461334942 -0.111616408009 0.57883
   vertex 0.110244380167 -0.0845934881751 0.620452
   vertex 0.115541017326 -0.0772020395804 0.620452
  endloop
 endfacet
 facet normal -0.000405922958 0.000290880278 -0.000532309954
  outer loop
   vertex 0.145461334942 -0.111616408009 0.57883
   vertex 0.115541017326 -0.0772020395804 0.620452
   vertex 0.152449953416 -0.101863802224 0.57883
  endloop
 endfacet
 facet normal -0.000321406731 0.000199863549 -0.000403434912
  outer loop
   vertex 0.152449953416 -0.101863802224 0.57883
   vertex 0.115541017326 -0.0772020395804 0.620452
   vertex 0.12034289011 -0.06948 0.620452
  endloop
 endfacet
 facet normal -0.000424078326 0.000263708849 -0.000532309954
  outer loop
   vertex 0.152449953416 -0.101863802224 0.57883
   vertex 0.12034289011 -0.06948 0.620452
   vertex 0.158785757784 -0.091675 0.57883
  endloop
 endfacet
 facet normal -0.000333790276 0.00017841462 -0.000403434912
  outer loop
   vertex 0.158785757784 -0.091675 0.57883
   vertex 0.12034289011 -0.06948 0.620452
   vertex 0.124629436163 -0.0614604363928 0.620452
  endloop
 endfacet
 facet normal -0.000440417726 0.000235408179 -0.000532309954
  outer loop
   vertex 0.158785757784 -0.091675 0.57883
   vertex 0.124629436163 -0.0614604363928 0.620452
   vertex 0.16444161716 -0.0810936313517 0.57883
  endloop
 endfacet
 facet normal -0.00034474448 0.000156201692 -0.000403434912
  outer loop
   vertex 0.16444161716 -0.0810936313517 0.57883
   vertex 0.124629436163 -0.0614604363928 0.620452
   vertex 0.128382299838 -0.0531776897615 0.620452
  endloop
 endfacet
 facet normal -0.000454871189 0.000206099455 -0.000532309954
  outer loop
   vertex 0.16444161716 -0.0810936313517 0.57883
   vertex 0.128382299838 -0.0531776897615 0.620452
   vertex 0.169393312286 -0.0701650073241 0.57883
  endloop
 endfacet
 facet normal -0.000354222435 0.000133319884 -0.000403434912
  outer loop
   vertex 0.169393312286 -0.0701650073241 0.57883
   vertex 0.128382299838 -0.0531776897615 0.620452
   vertex 0.131585410795 -0.0446672280985 0.620452
  endloop
 endfacet
 facet normal -0.000467376824 0.000175908181 -0.000532309954
  outer loop
   vertex 0.169393312286 -0.0701650073241 0.57883
   vertex 0.131585410795 -0.0446672280985 0.620452
   vertex 0.173619639243 -0.0589359259633 0.57883
  endloop
 endfacet
 facet normal -0.000362183556 0.00010986718 -0.000403434912
  outer loop
   vertex 0.173619639243 -0.0589359259633 0.57883
   vertex 0.131585410795 -0.0446672280985 0.620452
   vertex 0.134225052821 -0.0359654945074 0.620452
  endloop
 endfacet
 facet normal -0.00047788108 0.000144963641 -0.000532309954
  outer loop
   vertex 0.173619639243 -0.0589359259633 0.57883
   vertex 0.134225052821 -0.0359654945074 0.620452
   vertex 0.17710250025 -0.0474544719195 0.57883
  endloop
 endfacet
 facet normal -0.00036859375 8.59440085e-05 -0.000403434912
  outer loop
   vertex 0.17710250025 -0.0474544719195 0.57883
   vertex 0.134225052821 -0.0359654945074 0.620452
   vertex 0.136289922565 -0.0271097511474 0.620452
  endloop
 endfacet
 facet normal -0.000486338976 0.000113398345 -0.000532309954
  outer loop
   vertex 0.17710250025 -0.0474544719195 0.57883
   vertex 0.136289922565 -0.0271097511474 0.620452
   vertex 0.179826981162 -0.0357698105417 0.57883
  endloop
 endfacet
 facet normal -0.00037342557 6.16528111e-05 -0.000403434912
  outer loop
   vertex 0.179826981162 -0.0357698105417 0.57883
   vertex 0.136289922565 -0.0271097511474 0.620452
   vertex 0.137771177937 -0.0181379196709 0.620452
  endloop
 endfacet
 facet normal -0.000492714293 8.13474591e-05 -0.000532309954
  outer loop
   vertex 0.179826981162 -0.0357698105417 0.57883
   vertex 0.137771177937 -0.0181379196709 0.620452
   vertex 0.181781415333 -0.0239319773435 0.57883
  endloop
 endfacet
 facet normal -0.000376658324 3.70976069e-05 -0.000403434912
  outer loop
   vertex 0.181781415333 -0.0239319773435 0.57883
   vertex 0.137771177937 -0.0181379196709 0.620452
   vertex 0.138662475973 -0.00908841883782 0.620452
  endloop
 endfacet
 facet normal -0.000496979733 4.89482313e-05 -0.000532309954
  outer loop
   vertex 0.181781415333 -0.0239319773435 0.57883
   vertex 0.138662475973 -0.00908841883782 0.620452
   vertex 0.182957433576 -0.0119916637443 0.57883
  endloop
 endfacet
 facet normal -0.000378278169 1.2383545e-05 -0.000403434912
  outer loop
   vertex 0.182957433576 -0.0119916637443 0.57883
   vertex 0.138662475973 -0.00908841883782 0.620452
   vertex 0.13896 -3.40353838419e-17 0.620452
  endloop
 endfacet
 facet normal -0.000499117028 1.63393997e-05 -0.000532309954
  outer loop
   vertex 0.182957433576 -0.0119916637443 0.57883
   vertex 0.13896 -3.40353838419e-17 0.620452
   vertex 0.18335 -4.49077981247e-17 0.57883
  endloop
 endfacet
 facet normal -0.000648476861 -2.12289344e-05 0.00126292668
  outer loop
   vertex 0 0 0.5491
   vertex 0.13896 0 0.620452
   vertex 0.138662475973 0.00908841883782 0.620452
  endloop
 endfacet
 facet normal -0.000645699983 -6.35958975e-05 0.00126292668
  outer loop
   vertex 0 0 0.5491
   vertex 0.138662475973 0.00908841883782 0.620452
   vertex 0.137771177937 0.0181379196709 0.620452
  endloop
 endfacet
 facet normal -0.00064015812 -0.000105690533 0.00126292668
  outer loop
   vertex 0 0 0.5491
   vertex 0.137771177937 0.0181379196709 0.620452
   vertex 0.136289922565 0.0271097511474 0.620452
  endloop
 endfacet
 facet normal -0.000631875 -0.000147332586 0.00126292668
  outer loop
   vertex 0 0 0.5491
   vertex 0.136289922565 0.0271097511474 0.620452
   vertex 0.134225052821 0.0359654945074 0.620452
  endloop
 endfacet
 facet normal -0.000620886095 -0.000188343738 0.00126292668
  outer loop
   vertex 0 0 0.5491
   vertex 0.134225052821 0.0359654945074 0.620452
   vertex 0.131585410795 0.0446672280985 0.620452
  endloop
 endfacet
 facet normal -0.000607238461 -0.000228548373 0.00126292668
  outer loop
   vertex 0 0 0.5491
   vertex 0.131585410795 0.0446672280985 0.620452
   vertex 0.128382299838 0.0531776897615 0.620452
  endloop
 endfacet
 facet normal -0.000590990538 -0.000267774329 0.00126292668
  outer loop
   vertex 0 0 0.5491
   vertex 0.128382299838 0.0531776897615 0.620452
   vertex 0.124629436163 0.0614604363928 0.620452
  endloop
 endfacet
 facet normal -0.000572211902 -0.000305853634 0.00126292668
  outer loop
   vertex 0 0 0.5491
   vertex 0.124629436163 0.0614604363928 0.620452
   vertex 0.12034289011 0.06948 0.620452
  endloop
 endfacet
 facet normal -0.000550982968 -0.000342623227 0.00126292668
  outer loop
   vertex 0 0 0.5491
   vertex 0.12034289011 0.06948 0.620452
   vertex 0.115541017326 0.0772020395804 0.620452
  endloop
 endfacet
 facet normal -0.00052739464 -0.000377925655 0.00126292668
  outer loop
   vertex 0 0 0.5491
   vertex 0.115541017326 0.0772020395804 0.620452
   vertex 0.110244380167 0.0845934881751 0.620452
  endloop
 endfacet
 facet normal -0.000501547927 -0.000411609747 0.00126292668
  outer loop
   vertex 0 0 0.5491
   vertex 0.110244380167 0.0845934881751 0.620452
   vertex 0.104475659647 0.0916226944663 0.620452
  endloop
 endfacet
 facet normal -0.000473553509 -0.000443531262 0.00126292668
  outer loop
   vertex 0 0 0.5491
   vertex 0.104475659647 0.0916226944663 0.620452
   vertex 0.0982595583137 0.0982595583137 0.620452
  endloop
 endfacet
 facet normal -0.000443531262 -0.000473553509 0.00126292668
  outer loop
   vertex 0 0 0.5491
   vertex 0.0982595583137 0.0982595583137 0.620452
   vertex 0.0916226944663 0.104475659647 0.620452
  endloop
 endfacet
 facet normal -0.000411609747 -0.000501547927 0.00126292668
  outer loop
   vertex 0 0 0.5491
   vertex 0.0916226944663 0.104475659647 0.620452
   vertex 0.0845934881751 0.110244380167 0.620452
  endloop
 endfacet
 facet normal -0.000377925655 -0.00052739464 0.00126292668
  outer loop
   vertex 0 0 0.5491
   vertex 0.0845934881751 0.110244380167 0.620452
   vertex 0.0772020395804 0.115541017326 0.620452
  endloop
 endfacet
 facet normal -0.000342623227 -0.000550982968 0.00126292668
  outer loop
   vertex 0 0 0.5491
   vertex 0.0772020395804 0.115541017326 0.620452
   vertex 0.06948 0.12034289011 0.620452
  endloop
 endfacet
 facet normal -0.000305853634 -0.000572211902 0.00126292668
  outer loop
   vertex 0 0 0.5491
   vertex 0.06948 0.12034289011 0.620452
   vertex 0.0614604363928 0.124629436163 0.620452
  endloop
 endfacet
 facet normal -0.000267774329 -0.000590990538 0.00126292668
  outer loop
   vertex 0 0 0.5491
   vertex 0.0614604363928 0.124629436163 0.620452
   vertex 0.0531776897615 0.128382299838 0.620452
  endloop
 endfacet
 facet normal -0.000228548373 -0.000607238461 0.00126292668
  outer loop
   vertex 0 0 0.5491
   vertex 0.0531776897615 0.128382299838 0.620452
   vertex 0.0446672280985 0.131585410795 0.620452
  endloop
 endfacet
 facet normal -0.000188343738 -0.000620886095 0.00126292668
  outer loop
   vertex 0 0 0.5491
   vertex 0.0446672280985 0.131585410795 0.620452
   vertex 0.0359654945074 0.134225052821 0.620452
  endloop
 endfacet
 facet normal -0.000147332586 -0.000631875 0.00126292668
  outer loop
   vertex 0 0 0.5491
   vertex 0.0359654945074 0.134225052821 0.620452
   vertex 0.0271097511474 0.136289922565 0.620452
  endloop
 endfacet
 facet normal -0.000105690533 -0.00064015812 0.00126292668
  outer loop
   vertex 0 0 0.5491
   vertex 0.0271097511474 0.136289922565 0.620452
   vertex 0.0181379196709 0.137771177937 0.620452
  endloop
 endfacet
 facet normal -6.35958975e-05 -0.000645699983 0.00126292668
  outer loop
   vertex 0 0 0.5491
   vertex 0.0181379196709 0.137771177937 0.620452
   vertex 0.00908841883782 0.138662475973 0.620452
  endloop
 endfacet
 facet normal -2.12289344e-05 -0.000648476861 0.00126292668
  outer loop
   vertex 0 0 0.5491
   vertex 0.00908841883782 0.138662475973 0.620452
   vertex 8.50884596048e-18 0.13896 0.620452
  endloop
 endfacet
 facet normal 2.12289344e-05 -0.000648476861 0.00126292668
  outer loop
   vertex 0 0 0.5491
   vertex 8.50884596048e-18 0.13896 0.620452
   vertex -0.00908841883782 0.138662475973 0.620452
  endloop
 endfacet
 facet normal 6.35958975e-05 -0.000645699983 0.00126292668
  outer loop
   vertex 0 0 0.5491
   vertex -0.00908841883782 0.138662475973 0.620452
   vertex -0.0181379196709 0.137771177937 0.620452
  endloop
 endfacet
 facet normal 0.000105690533 -0.00064015812 0.00126292668
  outer loop
   vertex 0 0 0.5491
   vertex -0.0181379196709 0.137771177937 0.620452
   vertex -0.0271097511474 0.136289922565 0.620452
  endloop
 endfacet
 facet normal 0.000147332586 -0.000631875 0.00126292668
  outer loop
   vertex 0 0 0.5491
   vertex -0.0271097511474 0.136289922565 0.620452
   vertex -0.0359654945074 0.134225052821 0.620452
  endloop
 endfacet
 facet normal 0.000188343738 -0.000620886095 0.00126292668
  outer loop
   vertex 0 0 0.5491
   vertex -0.0359654945074 0.134225052821 0.620452
   vertex -0.0446672280985 0.131585410795 0.620452
  endloop
 endfacet
 facet normal 0.000228548373 -0.000607238461 0.00126292668
  outer loop
   vertex 0 0 0.5491
   vertex -0.0446672280985 0.131585410795 0.620452
   vertex -0.0531776897615 0.128382299838 0.620452
  endloop
 endfacet
 facet normal 0.000267774329 -0.000590990538 0.00126292668
  outer loop
   vertex 0 0 0.5491
   vertex -0.0531776897615 0.128382299838 0.620452
   vertex -0.0614604363928 0.124629436163 0.620452
  endloop
 endfacet
 facet normal 0.000305853634 -0.000572211902 0.00126292668
  outer loop
   vertex 0 0 0.5491
   vertex -0.0614604363928 0.124629436163 0.620452
   vertex -0.06948 0.12034289011 0.620452
  endloop
 endfacet
 facet normal 0.000342623227 -0.000550982968 0.00126292668
  outer loop
   vertex 0 0 0.5491
   vertex -0.06948 0.12034289011 0.620452
   vertex -0.0772020395804 0.115541017326 0.620452
  endloop
 endfacet
 facet normal 0.000377925655 -0.00052739464 0.00126292668
  outer loop
   vertex 0 0 0.5491
   vertex -0.0772020395804 0.115541017326 0.620452
   vertex -0.0845934881751 0.110244380167 0.620452
  endloop
 endfacet
 facet normal 0.000411609747 -0.000501547927 0.00126292668
  outer loop
   vertex 0 0 0.5491
   vertex -0.0845934881751 0.110244380167 0.620452
   vertex -0.0916226944663 0.104475659647 0.620452
  endloop
 endfacet
 facet normal 0.000443531262 -0.000473553509 0.00126292668
  outer loop
   vertex 0 0 0.5491
   vertex -0.0916226944663 0.104475659647 0.620452
   vertex -0.0982595583137 0.0982595583137 0.620452
  endloop
 endfacet
 facet normal 0.000473553509 -0.000443531262 0.00126292668
  outer loop
   vertex 0 0 0.5491
   vertex -0.0982595583137 0.0982595583137 0.620452
   vertex -0.104475659647 0.0916226944663 0.620452
  endloop
 endfacet
 facet normal 0.000501547927 -0.000411609747 0.00126292668
  outer loop
   vertex 0 0 0.5491
   vertex -0.104475659647 0.0916226944663 0.620452
   vertex -0.110244380167 0.0845934881751 0.620452
  endloop
 endfacet
 facet normal 0.00052739464 -0.000377925655 0.00126292668
  outer loop
   vertex 0 0 0.5491
   vertex -0.110244380167 0.0845934881751 0.620452
   vertex -0.115541017326 0.0772020395804 0.620452
  endloop
 endfacet
 facet normal 0.000550982968 -0.000342623227 0.00126292668
  outer loop
   vertex 0 0 0.5491
   vertex -0.115541017326 0.0772020395804 0.620452
   vertex -0.12034289011 0.06948 0.620452
  endloop
 endfacet
 facet normal 0.000572211902 -0.000305853634 0.00126292668
  outer loop
   vertex 0 0 0.5491
   vertex -0.12034289011 0.06948 0.620452
   vertex -0.124629436163 0.0614604363928 0.620452
  endloop
 endfacet
 facet normal 0.000590990538 -0.000267774329 0.00126292668
  outer loop
   vertex 0 0 0.5491
   vertex -0.124629436163 0.0614604363928 0.620452
   vertex -0.128382299838 0.0531776897615 0.620452
  endloop
 endfacet
 facet normal 0.000607238461 -0.000228548373 0.00126292668
  outer loop
   vertex 0 0 0.5491
   vertex -0.128382299838 0.0531776897615 0.620452
   vertex -0.131585410795 0.0446672280985 0.620452
  endloop
 endfacet
 facet normal 0.000620886095 -0.000188343738 0.00126292668
  outer loop
   vertex 0 0 0.5491
   vertex -0.131585410795 0.0446672280985 0.620452
   vertex -0.134225052821 0.0359654945074 0.620452
  endloop
 endfacet
 facet normal 0.000631875 -0.000147332586 0.00126292668
  outer loop
   vertex 0 0 0.5491
   vertex -0.134225052821 0.0359654945074 0.620452
   vertex -0.136289922565 0.0271097511474 0.620452
  endloop
 endfacet
 facet normal 0.00064015812 -0.000105690533 0.00126292668
  outer loop
   vertex 0 0 0.5491
   vertex -0.136289922565 0.0271097511474 0.620452
   vertex -0.137771177937 0.0181379196709 0.620452
  endloop
 endfacet
 facet normal 0.000645699983 -6.35958975e-05 0.00126292668
  outer loop
   vertex 0 0 0.5491
   vertex -0.137771177937 0.0181379196709 0.620452
   vertex -0.138662475973 0.00908841883782 0.620452
  endloop
 endfacet
 facet normal 0.000648476861 -2.12289344e-05 0.00126292668
  outer loop
   vertex 0 0 0.5491
   vertex -0.138662475973 0.00908841883782 0.620452
   vertex -0.13896 1.7017691921e-17 0.620452
  endloop
 endfacet
 facet normal 0.000648476861 2.12289344e-05 0.00126292668
  outer loop
   vertex 0 0 0.5491
   vertex -0.13896 1.7017691921e-17 0.620452
   vertex -0.138662475973 -0.00908841883782 0.620452
  endloop
 endfacet
 facet normal 0.000645699983 6.35958975e-05 0.00126292668
  outer loop
   vertex 0 0 0.5491
   vertex -0.138662475973 -0.00908841883782 0.620452
   vertex -0.137771177937 -0.0181379196709 0.620452
  endloop
 endfacet
 facet normal 0.00064015812 0.000105690533 0.00126292668
  outer loop
   vertex 0 0 0.5491
   vertex -0.137771177937 -0.0181379196709 0.620452
   vertex -0.136289922565 -0.0271097511474 0.620452
  endloop
 endfacet
 facet normal 0.000631875 0.000147332586 0.00126292668
  outer loop
   vertex 0 0 0.5491
   vertex -0.136289922565 -0.0271097511474 0.620452
   vertex -0.134225052821 -0.0359654945074 0.620452
  endloop
 endfacet
 facet normal 0.000620886095 0.000188343738 0.00126292668
  outer loop
   vertex 0 0 0.5491
   vertex -0.134225052821 -0.0359654945074 0.620452
   vertex -0.131585410795 -0.0446672280985 0.620452
  endloop
 endfacet
 facet normal 0.000607238461 0.000228548373 0.00126292668
  outer loop
   vertex 0 0 0.5491
   vertex -0.131585410795 -0.0446672280985 0.620452
   vertex -0.128382299838 -0.0531776897615 0.620452
  endloop
 endfacet
 facet normal 0.000590990538 0.000267774329 0.00126292668
  outer loop
   vertex 0 0 0.5491
   vertex -0.128382299838 -0.0531776897615 0.620452
   vertex -0.124629436163 -0.0614604363928 0.620452
  endloop
 endfacet
 facet normal 0.000572211902 0.000305853634 0.00126292668
  outer loop
   vertex 0 0 0.5491
   vertex -0.124629436163 -0.0614604363928 0.620452
   vertex -0.12034289011 -0.06948 0.620452
  endloop
 endfacet
 facet normal 0.000550982968 0.000342623227 0.00126292668
  outer loop
   vertex 0 0 0.5491
   vertex -0.12034289011 -0.06948 0.620452
   vertex -0.115541017326 -0.0772020395804 0.620452
  endloop
 endfacet
 facet normal 0.00052739464 0.000377925655 0.00126292668
  outer loop
   vertex 0 0 0.5491
   vertex -0.115541017326 -0.0772020395804 0.620452
   vertex -0.110244380167 -0.0845934881751 0.620452
  endloop
 endfacet
 facet normal 0.000501547927 0.000411609747 0.00126292668
  outer loop
   vertex 0 0 0.5491
   vertex -0.110244380167 -0.0845934881751 0.620452
   vertex -0.104475659647 -0.0916226944663 0.620452
  endloop
 endfacet
 facet normal 0.000473553509 0.000443531262 0.00126292668
  outer loop
   vertex 0 0 0.5491
   vertex -0.104475659647 -0.0916226944663 0.620452
   vertex -0.0982595583137 -0.0982595583137 0.620452
  endloop
 endfacet
 facet normal 0.000443531262 0.000473553509 0.00126292668
  outer loop
   vertex 0 0 0.5491
   vertex -0.0982595583137 -0.0982595583137 0.620452
   vertex -0.0916226944663 -0.104475659647 0.620452
  endloop
 endfacet
 facet normal 0.000411609747 0.000501547927 0.00126292668
  outer loop
   vertex 0 0 0.5491
   vertex -0.0916226944663 -0.104475659647 0.620452
   vertex -0.0845934881751 -0.110244380167 0.620452
  endloop
 endfacet
 facet normal 0.000377925655 0.00052739464 0.00126292668
  outer loop
   vertex 0 0 0.5491
   vertex -0.0845934881751 -0.110244380167 0.620452
   vertex -0.0772020395804 -0.115541017326 0.620452
  endloop
 endfacet
 facet normal 0.000342623227 0.000550982968 0.00126292668
  outer loop
   vertex 0 0 0.5491
   vertex -0.0772020395804 -0.115541017326 0.620452
   vertex -0.06948 -0.12034289011 0.620452
  endloop
 endfacet
 facet normal 0.000305853634 0.000572211902 0.00126292668
  outer loop
   vertex 0 0 0.5491
   vertex -0.06948 -0.12034289011 0.620452
   vertex -0.0614604363928 -0.124629436163 0.620452
  endloop
 endfacet
 facet normal 0.000267774329 0.000590990538 0.00126292668
  outer loop
   vertex 0 0 0.5491
   vertex -0.0614604363928 -0.124629436163 0.620452
   vertex -0.0531776897615 -0.128382299838 0.620452
  endloop
 endfacet
 facet normal 0.000228548373 0.000607238461 0.00126292668
  outer loop
   vertex 0 0 0.5491
   vertex -0.0531776897615 -0.128382299838 0.620452
   vertex -0.0446672280985 -0.131585410795 0.620452
  endloop
 endfacet
 facet normal 0.000188343738 0.000620886095 0.00126292668
  outer loop
   vertex 0 0 0.5491
   vertex -0.0446672280985 -0.131585410795 0.620452
   vertex -0.0359654945074 -0.134225052821 0.620452
  endloop
 endfacet
 facet normal 0.000147332586 0.000631875 0.00126292668
  outer loop
   vertex 0 0 0.5491
   vertex -0.0359654945074 -0.134225052821 0.620452
   vertex -0.0271097511474 -0.136289922565 0.620452
  endloop
 endfacet
 facet normal 0.000105690533 0.00064015812 0.00126292668
  outer loop
   vertex 0 0 0.5491
   vertex -0.0271097511474 -0.136289922565 0.620452
   vertex -0.0181379196709 -0.137771177937 0.620452
  endloop
 endfacet
 facet normal 6.35958975e-05 0.000645699983 0.00126292668
  outer loop
   vertex 0 0 0.5491
   vertex -0.0181379196709 -0.137771177937 0.620452
   vertex -0.00908841883782 -0.138662475973 0.620452
  endloop
 endfacet
 facet normal 2.12289344e-05 0.000648476861 0.00126292668
  outer loop
   vertex 0 0 0.5491
   vertex -0.00908841883782 -0.138662475973 0.620452
   vertex -2.55265378814e-17 -0.13896 0.620452
  endloop
 endfacet
 facet normal -2.12289344e-05 0.000648476861 0.00126292668
  outer loop
   vertex 0 0 0.5491
   vertex -2.55265378814e-17 -0.13896 0.620452
   vertex 0.00908841883782 -0.138662475973 0.620452
  endloop
 endfacet
 facet normal -6.35958975e-05 0.000645699983 0.00126292668
  outer loop
   vertex 0 0 0.5491
   vertex 0.00908841883782 -0.138662475973 0.620452
   vertex 0.0181379196709 -0.137771177937 0.620452
  endloop
 endfacet
 facet normal -0.000105690533 0.00064015812 0.00126292668
  outer loop
   vertex 0 0 0.5491
   vertex 0.0181379196709 -0.137771177937 0.620452
   vertex 0.0271097511474 -0.136289922565 0.620452
  endloop
 endfacet
 facet normal -0.000147332586 0.000631875 0.00126292668
  outer loop
   vertex 0 0 0.5491
   vertex 0.0271097511474 -0.136289922565 0.620452
   vertex 0.0359654945074 -0.134225052821 0.620452
  endloop
 endfacet
 facet normal -0.000188343738 0.000620886095 0.00126292668
  outer loop
   vertex 0 0 0.5491
   vertex 0.0359654945074 -0.134225052821 0.620452
   vertex 0.0446672280985 -0.131585410795 0.620452
  endloop
 endfacet
 facet normal -0.000228548373 0.000607238461 0.00126292668
  outer loop
   vertex 0 0 0.5491
   vertex 0.0446672280985 -0.131585410795 0.620452
   vertex 0.0531776897615 -0.128382299838 0.620452
  endloop
 endfacet
 facet normal -0.000267774329 0.000590990538 0.00126292668
  outer loop
   vertex 0 0 0.5491
   vertex 0.0531776897615 -0.128382299838 0.620452
   vertex 0.0614604363928 -0.124629436163 0.620452
  endloop
 endfacet
 facet normal -0.000305853634 0.000572211902 0.00126292668
  outer loop
   vertex 0 0 0.5491
   vertex 0.0614604363928 -0.124629436163 0.620452
   vertex 0.06948 -0.12034289011 0.620452
  endloop
 endfacet
 facet normal -0.000342623227 0.000550982968 0.00126292668
  outer loop
   vertex 0 0 0.5491
   vertex 0.06948 -0.12034289011 0.620452
   vertex 0.0772020395804 -0.115541017326 0.620452
  endloop
 endfacet
 facet normal -0.000377925655 0.00052739464 0.00126292668
  outer loop
   vertex 0 0 0.5491
   vertex 0.0772020395804 -0.115541017326 0.620452
   vertex 0.0845934881751 -0.110244380167 0.620452
  endloop
 endfacet
 facet normal -0.000411609747 0.000501547927 0.00126292668
  outer loop
   vertex 0 0 0.5491
   vertex 0.0845934881751 -0.110244380167 0.620452
   vertex 0.0916226944663 -0.104475659647 0.620452
  endloop
 endfacet
 facet normal -0.000443531262 0.000473553509 0.00126292668
  outer loop
   vertex 0 0 0.5491
   vertex 0.0916226944663 -0.104475659647 0.620452
   vertex 0.0982595583137 -0.0982595583137 0.620452
  endloop
 endfacet
 facet normal -0.000473553509 0.000443531262 0.00126292668
  outer loop
   vertex 0 0 0.5491
   vertex 0.0982595583137 -0.0982595583137 0.620452
   vertex 0.104475659647 -0.0916226944663 0.620452
  endloop
 endfacet
 facet normal -0.000501547927 0.000411609747 0.00126292668
  outer loop
   vertex 0 0 0.5491
   vertex 0.104475659647 -0.0916226944663 0.620452
   vertex 0.110244380167 -0.0845934881751 0.620452
  endloop
 endfacet
 facet normal -0.00052739464 0.000377925655 0.00126292668
  outer loop
   vertex 0 0 0.5491
   vertex 0.110244380167 -0.0845934881751 0.620452
   vertex 0.115541017326 -0.0772020395804 0.620452
  endloop
 endfacet
 facet normal -0.000550982968 0.000342623227 0.00126292668
  outer loop
   vertex 0 0 0.5491
   vertex 0.115541017326 -0.0772020395804 0.620452
   vertex 0.12034289011 -0.06948 0.620452
  endloop
 endfacet
 facet normal -0.000572211902 0.000305853634 0.00126292668
  outer loop
   vertex 0 0 0.5491
   vertex 0.12034289011 -0.06948 0.620452
   vertex 0.124629436163 -0.0614604363928 0.620452
  endloop
 endfacet
 facet normal -0.000590990538 0.000267774329 0.00126292668
  outer loop
   vertex 0 0 0.5491
   vertex 0.124629436163 -0.0614604363928 0.620452
   vertex 0.128382299838 -0.0531776897615 0.620452
  endloop
 endfacet
 facet normal -0.000607238461 0.000228548373 0.00126292668
  outer loop
   vertex 0 0 0.5491
   vertex 0.128382299838 -0.0531776897615 0.620452
   vertex 0.131585410795 -0.0446672280985 0.620452
  endloop
 endfacet
 facet normal -0.000620886095 0.000188343738 0.00126292668
  outer loop
   vertex 0 0 0.5491
   vertex 0.131585410795 -0.0446672280985 0.620452
   vertex 0.134225052821 -0.0359654945074 0.620452
  endloop
 endfacet
 facet normal -0.000631875 0.000147332586 0.00126292668
  outer loop
   vertex 0 0 0.5491
   vertex 0.134225052821 -0.0359654945074 0.620452
   vertex 0.136289922565 -0.0271097511474 0.620452
  endloop
 endfacet
 facet normal -0.00064015812 0.000105690533 0.00126292668
  outer loop
   vertex 0 0 0.5491
   vertex 0.136289922565 -0.0271097511474 0.620452
   vertex 0.137771177937 -0.0181379196709 0.620452
  endloop
 endfacet
 facet normal -0.000645699983 6.35958975e-05 0.00126292668
  outer loop
   vertex 0 0 0.5491
   vertex 0.137771177937 -0.0181379196709 0.620452
   vertex 0.138662475973 -0.00908841883782 0.620452
  endloop
 endfacet
 facet normal -0.000648476861 2.12289344e-05 0.00126292668
  outer loop
   vertex 0 0 0.5491
   vertex 0.138662475973 -0.00908841883782 0.620452
   vertex 0.13896 -3.40353838419e-17 0.620452
  endloop
 endfacet
endsolid lh2_reconstructed
